timestamp_local,mission_elapsed_s,telemetry_age_s,session_id,estado_codigo,estado,progreso_pct,px4_conectado,armado,modo_vuelo_codigo,modo_vuelo,yaw_real_deg,yaw_ref_deg,yaw_error_deg,angulo_bin_reportado_deg,measurement_active,sweep_mode_active,sweep_index,sweep_kind,segment_index,forward_distance_m,max_distance_status_m,source_lat_status_deg,source_lon_status_deg,source_reason_status,altura_relativa_m,local_norte_m,local_este_m,local_down_m,lat_deg,lon_deg,lat_inicio_mision_deg,lon_inicio_mision_deg,lat_inicio_barrido_deg,lon_inicio_barrido_deg,aoa_enviado_deg,health_local,health_global,health_home,landed_state_codigo,landed_state,ultimo_cmd_codigo,ultimo_cmd,exec_cmd_id,error_codigo,rssi_dbm,rssi_filtrado_dbm,pattern_angle_bin_deg,pattern_valid_sample,pattern_skip_reason,mission_mode_cfg,height_cfg_m,yaw_rate_cfg_deg_s,rotations_cfg,step_cfg_deg,hold_cfg_s,peak_candidates_cfg,peak_neighbors_per_side_cfg,max_distance_cfg_m,total_sweeps_cfg,segment_distance_cfg_m,forward_speed_cfg_mps,rssi_source_threshold_cfg_dbm,semi_neighbors_cfg,semi_step_cfg_deg,semi_yaw_rate_cfg_deg_s,semi_opening_cfg_deg,source_lat_final_deg,source_lon_final_deg,source_reason_final,aoa_selection_method,aoa_1_deg,aoa_1_rssi_dbm,aoa_1_media_vecinal_dbm,aoa_2_deg,aoa_2_rssi_dbm,aoa_2_media_vecinal_dbm,aoa_3_deg,aoa_3_rssi_dbm,aoa_3_media_vecinal_dbm,aoa_4_deg,aoa_4_rssi_dbm,aoa_4_media_vecinal_dbm,aoa_5_deg,aoa_5_rssi_dbm,aoa_5_media_vecinal_dbm
2026-08-20T10:36:37.841,0.034,0.125,9361,I,ESPERA,0.0,1,0,P,POSITION,359.8,,,,0,,0,,0,0.0,40,,,,0.6,-0.03,0.07,-0.53,19.5124284,-99.1293366,19.5124284,-99.1293366,,,,1,1,1,G,EN TIERRA,N,ninguno,0,,-76.0,-76.0,,0,ma0,D,8,45,1,15,2,3,1,40,3,10,0.5,-35,3,5,22.5,15,19.5125837,-99.1295635,rssi_avg20_ge_-35dbm (-34.951 dBm),,,,,,,,,,,,,,,,
2026-08-20T10:36:38.017,0.21,0.297,9361,I,ESPERA,0.0,1,0,P,POSITION,359.8,,,,0,,0,,0,0.0,40,,,,0.6,-0.03,0.07,-0.53,19.5124284,-99.1293366,19.5124284,-99.1293366,,,,1,1,1,G,EN TIERRA,N,ninguno,0,,-76.0,-76.0,,0,ma0,D,8,45,1,15,2,3,1,40,3,10,0.5,-35,3,5,22.5,15,19.5125837,-99.1295635,rssi_avg20_ge_-35dbm (-34.951 dBm),,,,,,,,,,,,,,,,
2026-08-20T10:36:38.140,0.333,0.11,9361,I,ESPERA,0.0,1,0,P,POSITION,359.8,,,,0,,0,,0,0.0,40,,,,0.6,-0.02,0.07,-0.54,19.5124284,-99.1293366,19.5124284,-99.1293366,,,,1,1,1,G,EN TIERRA,N,ninguno,0,,-76.0,-76.0,,0,ma0,D,8,45,1,15,2,3,1,40,3,10,0.5,-35,3,5,22.5,15,19.5125837,-99.1295635,rssi_avg20_ge_-35dbm (-34.951 dBm),,,,,,,,,,,,,,,,
2026-08-20T10:36:38.296,0.489,0.266,9361,I,ESPERA,0.0,1,0,P,POSITION,359.8,,,,0,,0,,0,0.0,40,,,,0.6,-0.02,0.07,-0.54,19.5124284,-99.1293366,19.5124284,-99.1293366,,,,1,1,1,G,EN TIERRA,N,ninguno,0,,-76.0,-76.0,,0,ma0,D,8,45,1,15,2,3,1,40,3,10,0.5,-35,3,5,22.5,15,19.5125837,-99.1295635,rssi_avg20_ge_-35dbm (-34.951 dBm),,,,,,,,,,,,,,,,
2026-08-20T10:36:38.474,0.667,0.188,9361,I,ESPERA,0.0,1,0,P,POSITION,359.8,,,,0,,0,,0,0.0,40,,,,0.6,-0.02,0.06,-0.55,19.5124285,-99.1293366,19.5124284,-99.1293366,,,,1,1,1,G,EN TIERRA,N,ninguno,0,,-76.0,-76.0,,0,ma0,D,8,45,1,15,2,3,1,40,3,10,0.5,-35,3,5,22.5,15,19.5125837,-99.1295635,rssi_avg20_ge_-35dbm (-34.951 dBm),,,,,,,,,,,,,,,,
2026-08-20T10:36:38.635,0.827,0.344,9361,I,ESPERA,0.0,1,0,P,POSITION,359.8,,,,0,,0,,0,0.0,40,,,,0.6,-0.02,0.06,-0.55,19.5124285,-99.1293366,19.5124284,-99.1293366,,,,1,1,1,G,EN TIERRA,N,ninguno,0,,-76.0,-76.0,,0,ma0,D,8,45,1,15,2,3,1,40,3,10,0.5,-35,3,5,22.5,15,19.5125837,-99.1295635,rssi_avg20_ge_-35dbm (-34.951 dBm),,,,,,,,,,,,,,,,
2026-08-20T10:36:38.926,1.119,0.188,9361,I,ESPERA,0.0,1,0,P,POSITION,359.8,,,,0,,0,,0,0.0,40,,,,0.6,-0.01,0.06,-0.55,19.5124286,-99.1293367,19.5124284,-99.1293366,,,,1,1,1,G,EN TIERRA,N,ninguno,0,,-76.0,-76.0,,0,ma0,D,8,45,1,15,2,3,1,40,3,10,0.5,-35,3,5,22.5,15,19.5125837,-99.1295635,rssi_avg20_ge_-35dbm (-34.951 dBm),,,,,,,,,,,,,,,,
2026-08-20T10:36:38.926,1.119,0.188,9361,I,ESPERA,0.0,1,0,P,POSITION,359.8,,,,0,,0,,0,0.0,40,,,,0.6,-0.01,0.06,-0.55,19.5124286,-99.1293367,19.5124284,-99.1293366,,,,1,1,1,G,EN TIERRA,N,ninguno,0,,-76.0,-76.0,,0,ma0,D,8,45,1,15,2,3,1,40,3,10,0.5,-35,3,5,22.5,15,19.5125837,-99.1295635,rssi_avg20_ge_-35dbm (-34.951 dBm),,,,,,,,,,,,,,,,
2026-08-20T10:36:39.021,1.214,0.281,9361,I,ESPERA,0.0,1,0,P,POSITION,359.8,,,,0,,0,,0,0.0,40,,,,0.6,-0.01,0.06,-0.55,19.5124286,-99.1293367,19.5124284,-99.1293366,,,,1,1,1,G,EN TIERRA,N,ninguno,0,,-76.0,-76.0,,0,ma0,D,8,45,1,15,2,3,1,40,3,10,0.5,-35,3,5,22.5,15,19.5125837,-99.1295635,rssi_avg20_ge_-35dbm (-34.951 dBm),,,,,,,,,,,,,,,,
2026-08-20T10:36:39.193,1.385,0.093,9361,TK,DESPEGANDO,2.8,1,0,P,POSITION,359.8,,,,0,D,0,,0,0.0,40,,,,0.6,0.0,0.06,-0.55,19.5124286,-99.1293367,19.5124284,-99.1293366,,,,1,1,1,G,EN TIERRA,S,comenzar_barrido,1,,-76.0,-76.0,,0,ma0,D,8,45,1,15,2,3,1,40,3,10,0.5,-35,3,5,22.5,15,19.5125837,-99.1295635,rssi_avg20_ge_-35dbm (-34.951 dBm),,,,,,,,,,,,,,,,
2026-08-20T10:36:39.319,1.512,0.109,9361,TK,DESPEGANDO,2.0,1,1,T,TAKEOFF,359.8,,,,0,D,0,,0,0.0,40,,,,0.0,0.0,0.06,-0.54,19.5124287,-99.1293367,19.5124284,-99.1293366,,,,1,1,1,G,EN TIERRA,S,comenzar_barrido,1,,-76.0,-76.0,,0,ma0,D,8,45,1,15,2,3,1,40,3,10,0.5,-35,3,5,22.5,15,19.5125837,-99.1295635,rssi_avg20_ge_-35dbm (-34.951 dBm),,,,,,,,,,,,,,,,
2026-08-20T10:36:39.488,1.681,0.281,9361,TK,DESPEGANDO,2.0,1,1,T,TAKEOFF,359.8,,,,0,D,0,,0,0.0,40,,,,0.0,0.0,0.06,-0.54,19.5124287,-99.1293367,19.5124284,-99.1293366,,,,1,1,1,G,EN TIERRA,S,comenzar_barrido,1,,-76.0,-76.0,,0,ma0,D,8,45,1,15,2,3,1,40,3,10,0.5,-35,3,5,22.5,15,19.5125837,-99.1295635,rssi_avg20_ge_-35dbm (-34.951 dBm),,,,,,,,,,,,,,,,
2026-08-20T10:36:39.597,1.79,0.391,9361,TK,DESPEGANDO,2.0,1,1,T,TAKEOFF,359.8,,,,0,D,0,,0,0.0,40,,,,0.0,0.0,0.06,-0.54,19.5124287,-99.1293367,19.5124284,-99.1293366,,,,1,1,1,G,EN TIERRA,S,comenzar_barrido,1,,-76.0,-76.0,,0,ma0,D,8,45,1,15,2,3,1,40,3,10,0.5,-35,3,5,22.5,15,19.5125837,-99.1295635,rssi_avg20_ge_-35dbm (-34.951 dBm),,,,,,,,,,,,,,,,
2026-08-20T10:36:39.749,1.942,0.531,9361,TK,DESPEGANDO,2.0,1,1,T,TAKEOFF,359.8,,,,0,D,0,,0,0.0,40,,,,0.0,0.0,0.06,-0.54,19.5124287,-99.1293367,19.5124284,-99.1293366,,,,1,1,1,G,EN TIERRA,S,comenzar_barrido,1,,-76.0,-76.0,,0,ma0,D,8,45,1,15,2,3,1,40,3,10,0.5,-35,3,5,22.5,15,19.5125837,-99.1295635,rssi_avg20_ge_-35dbm (-34.951 dBm),,,,,,,,,,,,,,,,
2026-08-20T10:36:39.855,2.048,0.11,9361,TK,DESPEGANDO,2.0,1,1,T,TAKEOFF,359.8,,,,0,D,0,,0,0.0,40,,,,0.0,0.0,0.06,-0.54,19.5124287,-99.1293367,19.5124284,-99.1293366,,,,1,1,1,G,EN TIERRA,S,comenzar_barrido,1,,-76.0,-76.0,,0,ma0,D,8,45,1,15,2,3,1,40,3,10,0.5,-35,3,5,22.5,15,19.5125837,-99.1295635,rssi_avg20_ge_-35dbm (-34.951 dBm),,,,,,,,,,,,,,,,
2026-08-20T10:36:40.140,2.332,0.125,9361,TK,DESPEGANDO,2.0,1,1,T,TAKEOFF,359.9,,,,0,D,0,,0,0.0,40,,,,0.0,0.01,0.05,-0.52,19.5124287,-99.1293368,19.5124284,-99.1293366,,,,1,1,1,G,EN TIERRA,S,comenzar_barrido,1,,-76.0,-76.0,,0,ma0,D,8,45,1,15,2,3,1,40,3,10,0.5,-35,3,5,22.5,15,19.5125837,-99.1295635,rssi_avg20_ge_-35dbm (-34.951 dBm),,,,,,,,,,,,,,,,
2026-08-20T10:36:40.307,2.499,0.297,9361,TK,DESPEGANDO,2.0,1,1,T,TAKEOFF,359.9,,,,0,D,0,,0,0.0,40,,,,0.0,0.01,0.05,-0.52,19.5124287,-99.1293368,19.5124284,-99.1293366,,,,1,1,1,G,EN TIERRA,S,comenzar_barrido,1,,-76.0,-76.0,,0,ma0,D,8,45,1,15,2,3,1,40,3,10,0.5,-35,3,5,22.5,15,19.5125837,-99.1295635,rssi_avg20_ge_-35dbm (-34.951 dBm),,,,,,,,,,,,,,,,
2026-08-20T10:36:40.414,2.606,0.109,9361,TK,DESPEGANDO,2.0,1,1,T,TAKEOFF,359.9,,,,0,D,0,,0,0.0,40,,,,0.0,0.01,0.05,-0.52,19.5124287,-99.1293368,19.5124284,-99.1293366,,,,1,1,1,G,EN TIERRA,S,comenzar_barrido,1,,-76.0,-76.0,,0,ma0,D,8,45,1,15,2,3,1,40,3,10,0.5,-35,3,5,22.5,15,19.5125837,-99.1295635,rssi_avg20_ge_-35dbm (-34.951 dBm),,,,,,,,,,,,,,,,
2026-08-20T10:36:40.561,2.754,0.25,9361,TK,DESPEGANDO,2.0,1,1,T,TAKEOFF,359.9,,,,0,D,0,,0,0.0,40,,,,0.0,0.01,0.05,-0.52,19.5124287,-99.1293368,19.5124284,-99.1293366,,,,1,1,1,G,EN TIERRA,S,comenzar_barrido,1,,-76.0,-76.0,,0,ma0,D,8,45,1,15,2,3,1,40,3,10,0.5,-35,3,5,22.5,15,19.5125837,-99.1295635,rssi_avg20_ge_-35dbm (-34.951 dBm),,,,,,,,,,,,,,,,
2026-08-20T10:36:40.646,2.839,0.093,9361,TK,DESPEGANDO,2.0,1,1,T,TAKEOFF,359.9,,,,0,D,0,,0,0.0,40,,,,0.0,0.01,0.05,-0.52,19.5124287,-99.1293368,19.5124284,-99.1293366,,,,1,1,1,G,EN TIERRA,S,comenzar_barrido,1,,-75.0,-75.9,,0,ma0,D,8,45,1,15,2,3,1,40,3,10,0.5,-35,3,5,22.5,15,19.5125837,-99.1295635,rssi_avg20_ge_-35dbm (-34.951 dBm),,,,,,,,,,,,,,,,
2026-08-20T10:36:40.814,3.007,0.25,9361,TK,DESPEGANDO,2.0,1,1,T,TAKEOFF,359.9,,,,0,D,0,,0,0.0,40,,,,0.0,0.01,0.05,-0.52,19.5124287,-99.1293368,19.5124284,-99.1293366,,,,1,1,1,G,EN TIERRA,S,comenzar_barrido,1,,-76.0,-75.91,,0,ma0,D,8,45,1,15,2,3,1,40,3,10,0.5,-35,3,5,22.5,15,19.5125837,-99.1295635,rssi_avg20_ge_-35dbm (-34.951 dBm),,,,,,,,,,,,,,,,
2026-08-20T10:36:40.995,3.188,0.437,9361,TK,DESPEGANDO,2.0,1,1,T,TAKEOFF,359.9,,,,0,D,0,,0,0.0,40,,,,0.0,0.01,0.05,-0.52,19.5124287,-99.1293368,19.5124284,-99.1293366,,,,1,1,1,G,EN TIERRA,S,comenzar_barrido,1,,-77.0,-76.019,,0,ma0,D,8,45,1,15,2,3,1,40,3,10,0.5,-35,3,5,22.5,15,19.5125837,-99.1295635,rssi_avg20_ge_-35dbm (-34.951 dBm),,,,,,,,,,,,,,,,
2026-08-20T10:36:41.075,3.267,0.515,9361,TK,DESPEGANDO,2.0,1,1,T,TAKEOFF,359.9,,,,0,D,0,,0,0.0,40,,,,0.0,0.01,0.05,-0.52,19.5124287,-99.1293368,19.5124284,-99.1293366,,,,1,1,1,G,EN TIERRA,S,comenzar_barrido,1,,-77.0,-76.117,,0,ma0,D,8,45,1,15,2,3,1,40,3,10,0.5,-35,3,5,22.5,15,19.5125837,-99.1295635,rssi_avg20_ge_-35dbm (-34.951 dBm),,,,,,,,,,,,,,,,
2026-08-20T10:36:41.217,3.41,0.109,9361,TK,DESPEGANDO,2.0,1,1,T,TAKEOFF,359.9,,,,0,D,0,,0,0.0,40,,,,0.0,0.01,0.05,-0.53,19.5124288,-99.1293368,19.5124284,-99.1293366,,,,1,1,1,G,EN TIERRA,S,comenzar_barrido,1,,-78.0,-76.305,,0,ma0,D,8,45,1,15,2,3,1,40,3,10,0.5,-35,3,5,22.5,15,19.5125837,-99.1295635,rssi_avg20_ge_-35dbm (-34.951 dBm),,,,,,,,,,,,,,,,
2026-08-20T10:36:41.375,3.568,0.265,9361,TK,DESPEGANDO,2.0,1,1,T,TAKEOFF,359.9,,,,0,D,0,,0,0.0,40,,,,0.0,0.01,0.05,-0.53,19.5124288,-99.1293368,19.5124284,-99.1293366,,,,1,1,1,G,EN TIERRA,S,comenzar_barrido,1,,-76.0,-76.275,,0,ma0,D,8,45,1,15,2,3,1,40,3,10,0.5,-35,3,5,22.5,15,19.5125837,-99.1295635,rssi_avg20_ge_-35dbm (-34.951 dBm),,,,,,,,,,,,,,,,
2026-08-20T10:36:41.498,3.691,0.125,9361,TK,DESPEGANDO,2.0,1,1,T,TAKEOFF,359.9,,,,0,D,0,,0,0.0,40,,,,0.0,0.01,0.04,-0.52,19.5124288,-99.1293368,19.5124284,-99.1293366,,,,1,1,1,G,EN TIERRA,S,comenzar_barrido,1,,-76.0,-76.247,,0,ma0,D,8,45,1,15,2,3,1,40,3,10,0.5,-35,3,5,22.5,15,19.5125837,-99.1295635,rssi_avg20_ge_-35dbm (-34.951 dBm),,,,,,,,,,,,,,,,
2026-08-20T10:36:41.663,3.855,0.297,9361,TK,DESPEGANDO,2.0,1,1,T,TAKEOFF,359.9,,,,0,D,0,,0,0.0,40,,,,0.0,0.01,0.04,-0.52,19.5124288,-99.1293368,19.5124284,-99.1293366,,,,1,1,1,G,EN TIERRA,S,comenzar_barrido,1,,-76.0,-76.223,,0,ma0,D,8,45,1,15,2,3,1,40,3,10,0.5,-35,3,5,22.5,15,19.5125837,-99.1295635,rssi_avg20_ge_-35dbm (-34.951 dBm),,,,,,,,,,,,,,,,
2026-08-20T10:36:41.776,3.968,0.406,9361,TK,DESPEGANDO,2.0,1,1,T,TAKEOFF,359.9,,,,0,D,0,,0,0.0,40,,,,0.0,0.01,0.04,-0.52,19.5124288,-99.1293368,19.5124284,-99.1293366,,,,1,1,1,G,EN TIERRA,S,comenzar_barrido,1,,-76.0,-76.2,,0,ma0,D,8,45,1,15,2,3,1,40,3,10,0.5,-35,3,5,22.5,15,19.5125837,-99.1295635,rssi_avg20_ge_-35dbm (-34.951 dBm),,,,,,,,,,,,,,,,
2026-08-20T10:36:41.938,4.13,0.563,9361,TK,DESPEGANDO,2.0,1,1,T,TAKEOFF,359.9,,,,0,D,0,,0,0.0,40,,,,0.0,0.01,0.04,-0.52,19.5124288,-99.1293368,19.5124284,-99.1293366,,,,1,1,1,G,EN TIERRA,S,comenzar_barrido,1,,-76.0,-76.18,,0,ma0,D,8,45,1,15,2,3,1,40,3,10,0.5,-35,3,5,22.5,15,19.5125837,-99.1295635,rssi_avg20_ge_-35dbm (-34.951 dBm),,,,,,,,,,,,,,,,
2026-08-20T10:36:42.040,4.233,0.672,9361,TK,DESPEGANDO,2.0,1,1,T,TAKEOFF,359.9,,,,0,D,0,,0,0.0,40,,,,0.0,0.01,0.04,-0.52,19.5124288,-99.1293368,19.5124284,-99.1293366,,,,1,1,1,G,EN TIERRA,S,comenzar_barrido,1,,-76.0,-76.162,,0,ma0,D,8,45,1,15,2,3,1,40,3,10,0.5,-35,3,5,22.5,15,19.5125837,-99.1295635,rssi_avg20_ge_-35dbm (-34.951 dBm),,,,,,,,,,,,,,,,
2026-08-20T10:36:42.211,4.404,0.172,9361,TK,DESPEGANDO,2.0,1,1,T,TAKEOFF,359.8,,,,0,D,0,,0,0.0,40,,,,0.0,0.02,0.04,-0.51,19.5124288,-99.1293368,19.5124284,-99.1293366,,,,1,1,1,G,EN TIERRA,S,comenzar_barrido,1,,-76.0,-76.146,,0,ma0,D,8,45,1,15,2,3,1,40,3,10,0.5,-35,3,5,22.5,15,19.5125837,-99.1295635,rssi_avg20_ge_-35dbm (-34.951 dBm),,,,,,,,,,,,,,,,
2026-08-20T10:36:42.336,4.528,0.125,9361,TK,DESPEGANDO,2.0,1,1,T,TAKEOFF,359.9,,,,0,D,0,,0,0.0,40,,,,0.0,0.02,0.05,-0.51,19.5124288,-99.1293368,19.5124284,-99.1293366,,,,1,1,1,G,EN TIERRA,S,comenzar_barrido,1,,-76.0,-76.131,,0,ma0,D,8,45,1,15,2,3,1,40,3,10,0.5,-35,3,5,22.5,15,19.5125837,-99.1295635,rssi_avg20_ge_-35dbm (-34.951 dBm),,,,,,,,,,,,,,,,
2026-08-20T10:36:42.507,4.7,0.172,9361,TK,DESPEGANDO,2.0,1,1,T,TAKEOFF,359.8,,,,0,D,0,,0,0.0,40,,,,0.0,0.02,0.05,-0.51,19.5124289,-99.1293368,19.5124284,-99.1293366,,,,1,1,1,G,EN TIERRA,S,comenzar_barrido,1,,-76.0,-76.118,,0,ma0,D,8,45,1,15,2,3,1,40,3,10,0.5,-35,3,5,22.5,15,19.5125837,-99.1295635,rssi_avg20_ge_-35dbm (-34.951 dBm),,,,,,,,,,,,,,,,
2026-08-20T10:36:42.598,4.79,0.266,9361,TK,DESPEGANDO,2.0,1,1,T,TAKEOFF,359.8,,,,0,D,0,,0,0.0,40,,,,0.0,0.02,0.05,-0.51,19.5124289,-99.1293368,19.5124284,-99.1293366,,,,1,1,1,G,EN TIERRA,S,comenzar_barrido,1,,-76.0,-76.106,,0,ma0,D,8,45,1,15,2,3,1,40,3,10,0.5,-35,3,5,22.5,15,19.5125837,-99.1295635,rssi_avg20_ge_-35dbm (-34.951 dBm),,,,,,,,,,,,,,,,
2026-08-20T10:36:42.760,4.953,0.078,9361,TK,DESPEGANDO,2.0,1,1,T,TAKEOFF,359.8,,,,0,D,0,,0,0.0,40,,,,0.0,0.02,0.05,-0.51,19.5124289,-99.1293368,19.5124284,-99.1293366,,,,1,1,1,G,EN TIERRA,S,comenzar_barrido,1,,-76.0,-76.096,,0,ma0,D,8,45,1,15,2,3,1,40,3,10,0.5,-35,3,5,22.5,15,19.5125837,-99.1295635,rssi_avg20_ge_-35dbm (-34.951 dBm),,,,,,,,,,,,,,,,
2026-08-20T10:36:42.878,5.071,0.203,9361,TK,DESPEGANDO,2.0,1,1,T,TAKEOFF,359.8,,,,0,D,0,,0,0.0,40,,,,0.0,0.02,0.05,-0.51,19.5124289,-99.1293368,19.5124284,-99.1293366,,,,1,1,1,G,EN TIERRA,S,comenzar_barrido,1,,-76.0,-76.086,,0,ma0,D,8,45,1,15,2,3,1,40,3,10,0.5,-35,3,5,22.5,15,19.5125837,-99.1295635,rssi_avg20_ge_-35dbm (-34.951 dBm),,,,,,,,,,,,,,,,
2026-08-20T10:36:43.311,5.503,0.078,9361,TK,DESPEGANDO,2.0,1,1,T,TAKEOFF,359.5,,,,0,D,0,,0,0.0,40,,,,0.0,0.03,0.05,-0.5,19.5124289,-99.1293368,19.5124284,-99.1293366,,,,1,1,1,G,EN TIERRA,S,comenzar_barrido,1,,-74.0,-75.878,,0,ma0,D,8,45,1,15,2,3,1,40,3,10,0.5,-35,3,5,22.5,15,19.5125837,-99.1295635,rssi_avg20_ge_-35dbm (-34.951 dBm),,,,,,,,,,,,,,,,
2026-08-20T10:36:43.498,5.691,0.0,9361,TK,DESPEGANDO,2.0,1,1,T,TAKEOFF,0.7,,,,0,D,0,,0,0.0,40,,,,0.0,0.03,0.03,-0.55,19.5124289,-99.1293369,19.5124284,-99.1293366,,,,1,1,1,G,EN TIERRA,S,comenzar_barrido,1,,-72.0,-75.49,,0,ma0,D,8,45,1,15,2,3,1,40,3,10,0.5,-35,3,5,22.5,15,19.5125837,-99.1295635,rssi_avg20_ge_-35dbm (-34.951 dBm),,,,,,,,,,,,,,,,
2026-08-20T10:36:43.585,5.778,0.094,9361,TK,DESPEGANDO,2.0,1,1,T,TAKEOFF,0.7,,,,0,D,0,,0,0.0,40,,,,0.0,0.03,0.03,-0.55,19.5124289,-99.1293369,19.5124284,-99.1293366,,,,1,1,1,G,EN TIERRA,S,comenzar_barrido,1,,-73.0,-75.241,,0,ma0,D,8,45,1,15,2,3,1,40,3,10,0.5,-35,3,5,22.5,15,19.5125837,-99.1295635,rssi_avg20_ge_-35dbm (-34.951 dBm),,,,,,,,,,,,,,,,
2026-08-20T10:36:43.714,5.906,0.109,9361,TK,DESPEGANDO,2.0,1,1,T,TAKEOFF,1.2,,,,0,D,0,,0,0.0,40,,,,0.2,0.01,0.0,-0.66,19.5124287,-99.1293373,19.5124284,-99.1293366,,,,1,1,1,G,EN TIERRA,S,comenzar_barrido,1,,-74.0,-75.117,,0,ma0,D,8,45,1,15,2,3,1,40,3,10,0.5,-35,3,5,22.5,15,19.5125837,-99.1295635,rssi_avg20_ge_-35dbm (-34.951 dBm),,,,,,,,,,,,,,,,
2026-08-20T10:36:43.862,6.055,0.265,9361,TK,DESPEGANDO,2.0,1,1,T,TAKEOFF,1.2,,,,0,D,0,,0,0.0,40,,,,0.2,0.01,0.0,-0.66,19.5124287,-99.1293373,19.5124284,-99.1293366,,,,1,1,1,G,EN TIERRA,S,comenzar_barrido,1,,-73.0,-74.905,,0,ma0,D,8,45,1,15,2,3,1,40,3,10,0.5,-35,3,5,22.5,15,19.5125837,-99.1295635,rssi_avg20_ge_-35dbm (-34.951 dBm),,,,,,,,,,,,,,,,
2026-08-20T10:36:44.034,6.227,0.437,9361,TK,DESPEGANDO,2.0,1,1,T,TAKEOFF,1.2,,,,0,D,0,,0,0.0,40,,,,0.2,0.01,0.0,-0.66,19.5124287,-99.1293373,19.5124284,-99.1293366,,,,1,1,1,G,EN TIERRA,S,comenzar_barrido,1,,-75.0,-74.915,,0,ma0,D,8,45,1,15,2,3,1,40,3,10,0.5,-35,3,5,22.5,15,19.5125837,-99.1295635,rssi_avg20_ge_-35dbm (-34.951 dBm),,,,,,,,,,,,,,,,
2026-08-20T10:36:44.247,6.44,0.109,9361,TK,DESPEGANDO,2.2,1,1,T,TAKEOFF,1.8,,,,0,D,0,,0,0.0,40,,,,0.3,0.01,0.0,-0.66,19.5124287,-99.1293375,19.5124284,-99.1293366,,,,1,1,1,G,EN TIERRA,S,comenzar_barrido,1,,-86.0,-76.023,,0,ma0,D,8,45,1,15,2,3,1,40,3,10,0.5,-35,3,5,22.5,15,19.5125837,-99.1295635,rssi_avg20_ge_-35dbm (-34.951 dBm),,,,,,,,,,,,,,,,
2026-08-20T10:36:44.247,6.44,0.109,9361,TK,DESPEGANDO,2.2,1,1,T,TAKEOFF,1.8,,,,0,D,0,,0,0.0,40,,,,0.3,0.01,0.0,-0.66,19.5124287,-99.1293375,19.5124284,-99.1293366,,,,1,1,1,G,EN TIERRA,S,comenzar_barrido,1,,-79.0,-76.321,,0,ma0,D,8,45,1,15,2,3,1,40,3,10,0.5,-35,3,5,22.5,15,19.5125837,-99.1295635,rssi_avg20_ge_-35dbm (-34.951 dBm),,,,,,,,,,,,,,,,
2026-08-20T10:36:44.420,6.613,0.172,9361,TK,DESPEGANDO,2.4,1,1,H,HOLD,1.3,,,,0,D,0,,0,0.0,40,,,,0.4,0.0,-0.03,-0.85,19.5124286,-99.1293376,19.5124284,-99.1293366,,,,1,1,1,G,EN TIERRA,S,comenzar_barrido,1,,-77.0,-76.389,,0,ma0,D,8,45,1,15,2,3,1,40,3,10,0.5,-35,3,5,22.5,15,19.5125837,-99.1295635,rssi_avg20_ge_-35dbm (-34.951 dBm),,,,,,,,,,,,,,,,
2026-08-20T10:36:44.539,6.732,0.125,9361,TK,DESPEGANDO,2.5,1,1,H,HOLD,0.9,,,,0,D,0,,0,0.0,40,,,,0.7,-0.01,-0.06,-1.11,19.5124285,-99.1293379,19.5124284,-99.1293366,,,,1,1,1,G,EN TIERRA,S,comenzar_barrido,1,,-75.0,-76.25,,0,ma0,D,8,45,1,15,2,3,1,40,3,10,0.5,-35,3,5,22.5,15,19.5125837,-99.1295635,rssi_avg20_ge_-35dbm (-34.951 dBm),,,,,,,,,,,,,,,,
2026-08-20T10:36:44.688,6.881,0.266,9361,TK,DESPEGANDO,2.5,1,1,H,HOLD,0.9,,,,0,D,0,,0,0.0,40,,,,0.7,-0.01,-0.06,-1.11,19.5124285,-99.1293379,19.5124284,-99.1293366,,,,1,1,1,G,EN TIERRA,S,comenzar_barrido,1,,-76.0,-76.225,,0,ma0,D,8,45,1,15,2,3,1,40,3,10,0.5,-35,3,5,22.5,15,19.5125837,-99.1295635,rssi_avg20_ge_-35dbm (-34.951 dBm),,,,,,,,,,,,,,,,
2026-08-20T10:36:44.781,6.973,0.093,9361,TK,DESPEGANDO,2.9,1,1,H,HOLD,0.8,,,,0,D,0,,0,0.0,40,,,,0.8,-0.03,-0.08,-1.35,19.5124284,-99.1293381,19.5124284,-99.1293366,,,,1,1,1,G,EN TIERRA,S,comenzar_barrido,1,,-75.0,-76.102,,0,ma0,D,8,45,1,15,2,3,1,40,3,10,0.5,-35,3,5,22.5,15,19.5125837,-99.1295635,rssi_avg20_ge_-35dbm (-34.951 dBm),,,,,,,,,,,,,,,,
2026-08-20T10:36:44.947,7.139,0.265,9361,TK,DESPEGANDO,2.9,1,1,H,HOLD,0.8,,,,0,D,0,,0,0.0,40,,,,0.8,-0.03,-0.08,-1.35,19.5124284,-99.1293381,19.5124284,-99.1293366,,,,1,1,1,G,EN TIERRA,S,comenzar_barrido,1,,-76.0,-76.092,,0,ma0,D,8,45,1,15,2,3,1,40,3,10,0.5,-35,3,5,22.5,15,19.5125837,-99.1295635,rssi_avg20_ge_-35dbm (-34.951 dBm),,,,,,,,,,,,,,,,
2026-08-20T10:36:45.131,7.324,0.016,9361,TK,DESPEGANDO,3.0,1,1,H,HOLD,0.9,,,,0,D,0,,0,0.0,40,,,,0.9,-0.03,-0.1,-1.42,19.5124284,-99.1293382,19.5124284,-99.1293366,,,,1,1,1,G,EN TIERRA,S,comenzar_barrido,1,,-78.0,-76.283,,0,ma0,D,8,45,1,15,2,3,1,40,3,10,0.5,-35,3,5,22.5,15,19.5125837,-99.1295635,rssi_avg20_ge_-35dbm (-34.951 dBm),,,,,,,,,,,,,,,,
2026-08-20T10:36:45.870,8.062,0.109,9361,TK,DESPEGANDO,2.9,1,1,H,HOLD,1.4,,,,0,D,0,,0,0.0,40,,,,0.6,0.0,-0.14,-1.11,19.5124287,-99.1293386,19.5124284,-99.1293366,,,,1,1,1,G,EN TIERRA,S,comenzar_barrido,1,,-82.0,-76.855,,0,ma0,D,8,45,1,15,2,3,1,40,3,10,0.5,-35,3,5,22.5,15,19.5125837,-99.1295635,rssi_avg20_ge_-35dbm (-34.951 dBm),,,,,,,,,,,,,,,,
2026-08-20T10:36:46.024,8.216,0.265,9361,TK,DESPEGANDO,2.9,1,1,H,HOLD,1.4,,,,0,D,0,,0,0.0,40,,,,0.6,0.0,-0.14,-1.11,19.5124287,-99.1293386,19.5124284,-99.1293366,,,,1,1,1,G,EN TIERRA,S,comenzar_barrido,1,,-82.0,-77.369,,0,ma0,D,8,45,1,15,2,3,1,40,3,10,0.5,-35,3,5,22.5,15,19.5125837,-99.1295635,rssi_avg20_ge_-35dbm (-34.951 dBm),,,,,,,,,,,,,,,,
2026-08-20T10:36:46.292,8.484,0.266,9361,TK,DESPEGANDO,2.8,1,1,H,HOLD,1.3,,,,0,D,0,,0,0.0,40,,,,0.5,0.0,-0.15,-1.03,19.5124287,-99.1293388,19.5124284,-99.1293366,,,,1,1,1,G,EN TIERRA,S,comenzar_barrido,1,,-82.0,-77.832,,0,ma0,D,8,45,1,15,2,3,1,40,3,10,0.5,-35,3,5,22.5,15,19.5125837,-99.1295635,rssi_avg20_ge_-35dbm (-34.951 dBm),,,,,,,,,,,,,,,,
2026-08-20T10:36:46.408,8.601,0.109,9361,TK,DESPEGANDO,2.6,1,1,H,HOLD,1.1,,,,0,D,0,,0,0.0,40,,,,0.5,0.01,-0.16,-1.0,19.5124287,-99.1293388,19.5124284,-99.1293366,,,,1,1,1,G,EN TIERRA,S,comenzar_barrido,1,,-82.0,-78.249,,0,ma0,D,8,45,1,15,2,3,1,40,3,10,0.5,-35,3,5,22.5,15,19.5125837,-99.1295635,rssi_avg20_ge_-35dbm (-34.951 dBm),,,,,,,,,,,,,,,,
2026-08-20T10:36:46.561,8.754,0.266,9361,TK,DESPEGANDO,2.6,1,1,H,HOLD,1.1,,,,0,D,0,,0,0.0,40,,,,0.5,0.01,-0.16,-1.0,19.5124287,-99.1293388,19.5124284,-99.1293366,,,,1,1,1,G,EN TIERRA,S,comenzar_barrido,1,,-81.0,-78.524,,0,ma0,D,8,45,1,15,2,3,1,40,3,10,0.5,-35,3,5,22.5,15,19.5125837,-99.1295635,rssi_avg20_ge_-35dbm (-34.951 dBm),,,,,,,,,,,,,,,,
2026-08-20T10:36:46.676,8.868,0.125,9361,TK,DESPEGANDO,2.6,1,1,H,HOLD,0.9,,,,0,D,0,,0,0.0,40,,,,0.5,0.01,-0.16,-1.0,19.5124287,-99.1293388,19.5124284,-99.1293366,,,,1,1,1,G,EN TIERRA,S,comenzar_barrido,1,,-81.0,-78.772,,0,ma0,D,8,45,1,15,2,3,1,40,3,10,0.5,-35,3,5,22.5,15,19.5125837,-99.1295635,rssi_avg20_ge_-35dbm (-34.951 dBm),,,,,,,,,,,,,,,,
2026-08-20T10:36:46.948,9.141,0.125,9361,TK,DESPEGANDO,2.6,1,1,H,HOLD,1.0,,,,0,D,0,,0,0.0,40,,,,0.4,0.02,-0.16,-0.97,19.5124288,-99.1293387,19.5124284,-99.1293366,,,,1,1,1,G,EN TIERRA,S,comenzar_barrido,1,,-80.0,-78.895,,0,ma0,D,8,45,1,15,2,3,1,40,3,10,0.5,-35,3,5,22.5,15,19.5125837,-99.1295635,rssi_avg20_ge_-35dbm (-34.951 dBm),,,,,,,,,,,,,,,,
2026-08-20T10:36:47.276,9.468,0.328,9361,TK,DESPEGANDO,2.5,1,1,H,HOLD,0.8,,,,0,D,0,,0,0.0,40,,,,0.4,0.02,-0.16,-0.95,19.5124288,-99.1293388,19.5124284,-99.1293366,,,,1,1,1,G,EN TIERRA,S,comenzar_barrido,1,,-79.0,-78.905,,0,ma0,D,8,45,1,15,2,3,1,40,3,10,0.5,-35,3,5,22.5,15,19.5125837,-99.1295635,rssi_avg20_ge_-35dbm (-34.951 dBm),,,,,,,,,,,,,,,,
2026-08-20T10:36:47.395,9.588,0.015,9361,TK,DESPEGANDO,2.5,1,1,H,HOLD,1.2,,,,0,D,0,,0,0.0,40,,,,0.4,0.03,-0.16,-0.92,19.5124289,-99.1293387,19.5124284,-99.1293366,,,,1,1,1,G,EN TIERRA,S,comenzar_barrido,1,,-79.0,-78.915,,0,ma0,D,8,45,1,15,2,3,1,40,3,10,0.5,-35,3,5,22.5,15,19.5125837,-99.1295635,rssi_avg20_ge_-35dbm (-34.951 dBm),,,,,,,,,,,,,,,,
2026-08-20T10:36:47.642,9.835,0.25,9361,TK,DESPEGANDO,2.5,1,1,H,HOLD,1.2,,,,0,D,0,,0,0.0,40,,,,0.4,0.03,-0.16,-0.92,19.5124289,-99.1293387,19.5124284,-99.1293366,,,,1,1,1,G,EN TIERRA,S,comenzar_barrido,1,,-79.0,-78.923,,0,ma0,D,8,45,1,15,2,3,1,40,3,10,0.5,-35,3,5,22.5,15,19.5125837,-99.1295635,rssi_avg20_ge_-35dbm (-34.951 dBm),,,,,,,,,,,,,,,,
2026-08-20T10:36:47.895,10.088,0.265,9361,TK,DESPEGANDO,2.5,1,1,H,HOLD,1.7,,,,0,D,0,,0,0.0,40,,,,0.4,0.03,-0.16,-0.92,19.5124289,-99.1293387,19.5124284,-99.1293366,,,,1,1,1,G,EN TIERRA,S,comenzar_barrido,1,,-80.0,-79.031,,0,ma0,D,8,45,1,15,2,3,1,40,3,10,0.5,-35,3,5,22.5,15,19.5125837,-99.1295635,rssi_avg20_ge_-35dbm (-34.951 dBm),,,,,,,,,,,,,,,,
2026-08-20T10:36:47.989,10.181,0.094,9361,TK,DESPEGANDO,2.5,1,1,H,HOLD,1.9,,,,0,D,0,,0,0.0,40,,,,0.4,0.02,-0.15,-0.89,19.5124289,-99.1293387,19.5124284,-99.1293366,,,,1,1,1,A,EN AIRE,S,comenzar_barrido,1,,-80.0,-79.128,,0,ma0,D,8,45,1,15,2,3,1,40,3,10,0.5,-35,3,5,22.5,15,19.5125837,-99.1295635,rssi_avg20_ge_-35dbm (-34.951 dBm),,,,,,,,,,,,,,,,
2026-08-20T10:36:48.187,10.379,0.172,9361,TK,DESPEGANDO,2.5,1,1,H,HOLD,2.5,,,,0,D,0,,0,0.0,40,,,,0.4,0.02,-0.15,-0.89,19.5124288,-99.1293386,19.5124284,-99.1293366,,,,1,1,1,A,EN AIRE,S,comenzar_barrido,1,,-79.0,-79.115,,0,ma0,D,8,45,1,15,2,3,1,40,3,10,0.5,-35,3,5,22.5,15,19.5125837,-99.1295635,rssi_avg20_ge_-35dbm (-34.951 dBm),,,,,,,,,,,,,,,,
2026-08-20T10:36:48.282,10.475,0.265,9361,TK,DESPEGANDO,2.5,1,1,H,HOLD,2.5,,,,0,D,0,,0,0.0,40,,,,0.4,0.02,-0.15,-0.89,19.5124288,-99.1293386,19.5124284,-99.1293366,,,,1,1,1,A,EN AIRE,S,comenzar_barrido,1,,-80.0,-79.203,,0,ma0,D,8,45,1,15,2,3,1,40,3,10,0.5,-35,3,5,22.5,15,19.5125837,-99.1295635,rssi_avg20_ge_-35dbm (-34.951 dBm),,,,,,,,,,,,,,,,
2026-08-20T10:36:48.576,10.769,0.203,9361,TK,DESPEGANDO,2.5,1,1,H,HOLD,2.2,,,,0,D,0,,0,0.0,40,,,,0.4,0.02,-0.14,-0.89,19.5124289,-99.1293385,19.5124284,-99.1293366,,,,1,1,1,A,EN AIRE,S,comenzar_barrido,1,,-79.0,-79.183,,0,ma0,D,8,45,1,15,2,3,1,40,3,10,0.5,-35,3,5,22.5,15,19.5125837,-99.1295635,rssi_avg20_ge_-35dbm (-34.951 dBm),,,,,,,,,,,,,,,,
2026-08-20T10:36:48.743,10.936,0.172,9361,TK,DESPEGANDO,2.5,1,1,H,HOLD,1.4,,,,0,D,0,,0,0.0,40,,,,0.4,0.03,-0.13,-0.88,19.5124289,-99.1293385,19.5124284,-99.1293366,,,,1,1,1,A,EN AIRE,S,comenzar_barrido,1,,-79.0,-79.165,,0,ma0,D,8,45,1,15,2,3,1,40,3,10,0.5,-35,3,5,22.5,15,19.5125837,-99.1295635,rssi_avg20_ge_-35dbm (-34.951 dBm),,,,,,,,,,,,,,,,
2026-08-20T10:36:48.999,11.192,0.078,9361,TK,DESPEGANDO,2.5,1,1,H,HOLD,0.8,,,,0,D,0,,0,0.0,40,,,,0.3,0.04,-0.13,-0.87,19.512429,-99.1293384,19.5124284,-99.1293366,,,,1,1,1,A,EN AIRE,S,comenzar_barrido,1,,-79.0,-79.148,,0,ma0,D,8,45,1,15,2,3,1,40,3,10,0.5,-35,3,5,22.5,15,19.5125837,-99.1295635,rssi_avg20_ge_-35dbm (-34.951 dBm),,,,,,,,,,,,,,,,
2026-08-20T10:36:49.282,11.475,0.078,9361,TK,DESPEGANDO,2.4,1,1,T,TAKEOFF,0.6,,,,0,D,0,,0,0.0,40,,,,0.3,0.04,-0.13,-0.87,19.512429,-99.1293385,19.5124284,-99.1293366,,,,1,1,1,A,EN AIRE,S,comenzar_barrido,1,,-79.0,-79.133,,0,ma0,D,8,45,1,15,2,3,1,40,3,10,0.5,-35,3,5,22.5,15,19.5125837,-99.1295635,rssi_avg20_ge_-35dbm (-34.951 dBm),,,,,,,,,,,,,,,,
2026-08-20T10:36:49.386,11.578,0.188,9361,TK,DESPEGANDO,2.4,1,1,T,TAKEOFF,0.6,,,,0,D,0,,0,0.0,40,,,,0.3,0.04,-0.13,-0.87,19.512429,-99.1293385,19.5124284,-99.1293366,,,,1,1,1,A,EN AIRE,S,comenzar_barrido,1,,-81.0,-79.32,,0,ma0,D,8,45,1,15,2,3,1,40,3,10,0.5,-35,3,5,22.5,15,19.5125837,-99.1295635,rssi_avg20_ge_-35dbm (-34.951 dBm),,,,,,,,,,,,,,,,
2026-08-20T10:36:49.665,11.858,0.203,9361,TK,DESPEGANDO,2.4,1,1,T,TAKEOFF,0.3,,,,0,D,0,,0,0.0,40,,,,0.4,0.04,-0.13,-0.87,19.512429,-99.1293385,19.5124284,-99.1293366,,,,1,1,1,A,EN AIRE,S,comenzar_barrido,1,,-75.0,-78.888,,0,ma0,D,8,45,1,15,2,3,1,40,3,10,0.5,-35,3,5,22.5,15,19.5125837,-99.1295635,rssi_avg20_ge_-35dbm (-34.951 dBm),,,,,,,,,,,,,,,,
2026-08-20T10:36:49.665,11.858,0.203,9361,TK,DESPEGANDO,2.4,1,1,T,TAKEOFF,0.3,,,,0,D,0,,0,0.0,40,,,,0.4,0.04,-0.13,-0.87,19.512429,-99.1293385,19.5124284,-99.1293366,,,,1,1,1,A,EN AIRE,S,comenzar_barrido,1,,-73.0,-78.299,,0,ma0,D,8,45,1,15,2,3,1,40,3,10,0.5,-35,3,5,22.5,15,19.5125837,-99.1295635,rssi_avg20_ge_-35dbm (-34.951 dBm),,,,,,,,,,,,,,,,
2026-08-20T10:36:49.837,12.03,0.094,9361,TK,DESPEGANDO,2.5,1,1,T,TAKEOFF,0.1,,,,0,D,0,,0,0.0,40,,,,0.5,0.04,-0.14,-0.92,19.5124291,-99.1293386,19.5124284,-99.1293366,,,,1,1,1,A,EN AIRE,S,comenzar_barrido,1,,-79.0,-78.369,,0,ma0,D,8,45,1,15,2,3,1,40,3,10,0.5,-35,3,5,22.5,15,19.5125837,-99.1295635,rssi_avg20_ge_-35dbm (-34.951 dBm),,,,,,,,,,,,,,,,
2026-08-20T10:36:50.242,12.434,0.5,9361,TK,DESPEGANDO,2.5,1,1,T,TAKEOFF,0.1,,,,0,D,0,,0,0.0,40,,,,0.5,0.04,-0.14,-0.92,19.5124291,-99.1293386,19.5124284,-99.1293366,,,,1,1,1,A,EN AIRE,S,comenzar_barrido,1,,-79.0,-78.432,,0,ma0,D,8,45,1,15,2,3,1,40,3,10,0.5,-35,3,5,22.5,15,19.5125837,-99.1295635,rssi_avg20_ge_-35dbm (-34.951 dBm),,,,,,,,,,,,,,,,
2026-08-20T10:36:50.536,12.728,0.109,9361,TK,DESPEGANDO,3.9,1,1,T,TAKEOFF,358.9,,,,0,D,0,,0,0.0,40,,,,2.0,0.08,-0.15,-2.42,19.5124293,-99.1293387,19.5124284,-99.1293366,,,,1,1,1,A,EN AIRE,S,comenzar_barrido,1,,-90.0,-79.589,,0,ma0,D,8,45,1,15,2,3,1,40,3,10,0.5,-35,3,5,22.5,15,19.5125837,-99.1295635,rssi_avg20_ge_-35dbm (-34.951 dBm),,,,,,,,,,,,,,,,
2026-08-20T10:36:50.536,12.728,0.109,9361,TK,DESPEGANDO,3.9,1,1,T,TAKEOFF,358.9,,,,0,D,0,,0,0.0,40,,,,2.0,0.08,-0.15,-2.42,19.5124293,-99.1293387,19.5124284,-99.1293366,,,,1,1,1,A,EN AIRE,S,comenzar_barrido,1,,-78.0,-79.43,,0,ma0,D,8,45,1,15,2,3,1,40,3,10,0.5,-35,3,5,22.5,15,19.5125837,-99.1295635,rssi_avg20_ge_-35dbm (-34.951 dBm),,,,,,,,,,,,,,,,
2026-08-20T10:36:50.688,12.88,0.25,9361,TK,DESPEGANDO,3.9,1,1,T,TAKEOFF,358.9,,,,0,D,0,,0,0.0,40,,,,2.0,0.08,-0.15,-2.42,19.5124293,-99.1293387,19.5124284,-99.1293366,,,,1,1,1,A,EN AIRE,S,comenzar_barrido,1,,-73.0,-78.787,,0,ma0,D,8,45,1,15,2,3,1,40,3,10,0.5,-35,3,5,22.5,15,19.5125837,-99.1295635,rssi_avg20_ge_-35dbm (-34.951 dBm),,,,,,,,,,,,,,,,
2026-08-20T10:36:51.216,13.409,0.266,9361,TK,DESPEGANDO,5.1,1,1,T,TAKEOFF,1.1,,,,0,D,0,,0,0.0,40,,,,3.7,0.07,-0.18,-3.32,19.5124293,-99.129339,19.5124284,-99.1293366,,,,1,1,1,A,EN AIRE,S,comenzar_barrido,1,,-78.0,-78.709,,0,ma0,D,8,45,1,15,2,3,1,40,3,10,0.5,-35,3,5,22.5,15,19.5125837,-99.1295635,rssi_avg20_ge_-35dbm (-34.951 dBm),,,,,,,,,,,,,,,,
2026-08-20T10:36:51.472,13.664,0.266,9361,TK,DESPEGANDO,6.6,1,1,T,TAKEOFF,1.6,,,,0,D,0,,0,0.0,40,,,,4.2,0.07,-0.19,-4.24,19.5124293,-99.129339,19.5124284,-99.1293366,,,,1,1,1,A,EN AIRE,S,comenzar_barrido,1,,-81.0,-78.938,,0,ma0,D,8,45,1,15,2,3,1,40,3,10,0.5,-35,3,5,22.5,15,19.5125837,-99.1295635,rssi_avg20_ge_-35dbm (-34.951 dBm),,,,,,,,,,,,,,,,
2026-08-20T10:36:51.472,13.664,0.266,9361,TK,DESPEGANDO,6.6,1,1,T,TAKEOFF,1.6,,,,0,D,0,,0,0.0,40,,,,4.2,0.07,-0.19,-4.24,19.5124293,-99.129339,19.5124284,-99.1293366,,,,1,1,1,A,EN AIRE,S,comenzar_barrido,1,,-81.0,-79.144,,0,ma0,D,8,45,1,15,2,3,1,40,3,10,0.5,-35,3,5,22.5,15,19.5125837,-99.1295635,rssi_avg20_ge_-35dbm (-34.951 dBm),,,,,,,,,,,,,,,,
2026-08-20T10:36:52.407,14.599,0.109,9361,TK,DESPEGANDO,9.1,1,1,T,TAKEOFF,0.8,,,,0,D,0,,0,0.0,40,,,,5.9,0.06,-0.15,-6.23,19.5124291,-99.1293386,19.5124284,-99.1293366,,,,1,1,1,A,EN AIRE,S,comenzar_barrido,1,,-84.0,-79.63,,0,ma0,D,8,45,1,15,2,3,1,40,3,10,0.5,-35,3,5,22.5,15,19.5125837,-99.1295635,rssi_avg20_ge_-35dbm (-34.951 dBm),,,,,,,,,,,,,,,,
2026-08-20T10:36:55.523,17.715,0.125,9361,HT,ALTURA_ALCANZADA,10.0,1,1,H,HOLD,0.9,,,,0,D,0,,0,0.0,40,,,,8.0,-0.04,-0.17,-8.46,19.5124284,-99.1293388,19.5124284,-99.1293366,,,,1,1,1,A,EN AIRE,S,comenzar_barrido,1,,-79.0,-79.567,,0,ma0,D,8,45,1,15,2,3,1,40,3,10,0.5,-35,3,5,22.5,15,19.5125837,-99.1295635,rssi_avg20_ge_-35dbm (-34.951 dBm),,,,,,,,,,,,,,,,
2026-08-20T10:36:55.959,18.151,0.281,9361,HT,ALTURA_ALCANZADA,10.0,1,1,H,HOLD,1.2,,,,0,D,0,,0,0.0,40,,,,8.0,-0.02,-0.16,-8.52,19.5124284,-99.1293388,19.5124284,-99.1293366,,,,1,1,1,A,EN AIRE,S,comenzar_barrido,1,,-76.0,-79.21,,0,ma0,D,8,45,1,15,2,3,1,40,3,10,0.5,-35,3,5,22.5,15,19.5125837,-99.1295635,rssi_avg20_ge_-35dbm (-34.951 dBm),,,,,,,,,,,,,,,,
2026-08-20T10:36:55.959,18.151,0.281,9361,HT,ALTURA_ALCANZADA,10.0,1,1,H,HOLD,1.2,,,,0,D,0,,0,0.0,40,,,,8.0,-0.02,-0.16,-8.52,19.5124284,-99.1293388,19.5124284,-99.1293366,,,,1,1,1,A,EN AIRE,S,comenzar_barrido,1,,-77.0,-78.989,,0,ma0,D,8,45,1,15,2,3,1,40,3,10,0.5,-35,3,5,22.5,15,19.5125837,-99.1295635,rssi_avg20_ge_-35dbm (-34.951 dBm),,,,,,,,,,,,,,,,
2026-08-20T10:36:56.251,18.443,0.172,9361,HT,ALTURA_ALCANZADA,10.0,1,1,H,HOLD,1.4,,,,0,D,0,,0,0.0,40,,,,8.1,-0.02,-0.16,-8.66,19.5124285,-99.1293388,19.5124284,-99.1293366,,,,1,1,1,A,EN AIRE,S,comenzar_barrido,1,,-76.0,-78.69,,0,ma0,D,8,45,1,15,2,3,1,40,3,10,0.5,-35,3,5,22.5,15,19.5125837,-99.1295635,rssi_avg20_ge_-35dbm (-34.951 dBm),,,,,,,,,,,,,,,,
2026-08-20T10:36:56.348,18.541,0.282,9361,HT,ALTURA_ALCANZADA,10.0,1,1,H,HOLD,1.4,,,,0,D,0,,0,0.0,40,,,,8.1,-0.02,-0.16,-8.66,19.5124285,-99.1293388,19.5124284,-99.1293366,,,,1,1,1,A,EN AIRE,S,comenzar_barrido,1,,-77.0,-78.521,,0,ma0,D,8,45,1,15,2,3,1,40,3,10,0.5,-35,3,5,22.5,15,19.5125837,-99.1295635,rssi_avg20_ge_-35dbm (-34.951 dBm),,,,,,,,,,,,,,,,
2026-08-20T10:36:56.712,18.904,0.016,9361,OF,ENTRANDO_OFFBOARD,10.0,1,1,H,HOLD,1.9,,,,0,D,0,,0,0.0,40,,,,8.2,-0.01,-0.17,-8.71,19.5124285,-99.1293389,19.5124284,-99.1293366,,,,1,1,1,A,EN AIRE,S,comenzar_barrido,1,,-78.0,-78.469,,0,ma0,D,8,45,1,15,2,3,1,40,3,10,0.5,-35,3,5,22.5,15,19.5125837,-99.1295635,rssi_avg20_ge_-35dbm (-34.951 dBm),,,,,,,,,,,,,,,,
2026-08-20T10:36:56.811,19.004,0.11,9361,OF,ENTRANDO_OFFBOARD,10.0,1,1,H,HOLD,1.9,,,,0,D,0,,0,0.0,40,,,,8.2,-0.01,-0.17,-8.71,19.5124285,-99.1293389,19.5124284,-99.1293366,,,,1,1,1,A,EN AIRE,S,comenzar_barrido,1,,-77.0,-78.322,,0,ma0,D,8,45,1,15,2,3,1,40,3,10,0.5,-35,3,5,22.5,15,19.5125837,-99.1295635,rssi_avg20_ge_-35dbm (-34.951 dBm),,,,,,,,,,,,,,,,
2026-08-20T10:36:56.910,19.103,0.219,9361,OF,ENTRANDO_OFFBOARD,10.0,1,1,H,HOLD,1.9,,,,0,D,0,,0,0.0,40,,,,8.2,-0.01,-0.17,-8.71,19.5124285,-99.1293389,19.5124284,-99.1293366,,,,1,1,1,A,EN AIRE,S,comenzar_barrido,1,,-78.0,-78.29,,0,ma0,D,8,45,1,15,2,3,1,40,3,10,0.5,-35,3,5,22.5,15,19.5125837,-99.1295635,rssi_avg20_ge_-35dbm (-34.951 dBm),,,,,,,,,,,,,,,,
2026-08-20T10:36:57.211,19.404,0.125,9361,OF,ENTRANDO_OFFBOARD,10.0,1,1,H,HOLD,1.4,,,,0,D,0,,0,0.0,40,,,,8.2,-0.01,-0.17,-8.75,19.5124285,-99.1293388,19.5124284,-99.1293366,,,,1,1,1,A,EN AIRE,S,comenzar_barrido,1,,-77.0,-78.161,,0,ma0,D,8,45,1,15,2,3,1,40,3,10,0.5,-35,3,5,22.5,15,19.5125837,-99.1295635,rssi_avg20_ge_-35dbm (-34.951 dBm),,,,,,,,,,,,,,,,
2026-08-20T10:36:57.211,19.404,0.125,9361,OF,ENTRANDO_OFFBOARD,10.0,1,1,H,HOLD,1.4,,,,0,D,0,,0,0.0,40,,,,8.2,-0.01,-0.17,-8.75,19.5124285,-99.1293388,19.5124284,-99.1293366,,,,1,1,1,A,EN AIRE,S,comenzar_barrido,1,,-77.0,-78.045,,0,ma0,D,8,45,1,15,2,3,1,40,3,10,0.5,-35,3,5,22.5,15,19.5125837,-99.1295635,rssi_avg20_ge_-35dbm (-34.951 dBm),,,,,,,,,,,,,,,,
2026-08-20T10:36:57.403,19.596,0.187,9361,OF,ENTRANDO_OFFBOARD,10.0,1,1,H,HOLD,0.9,,,,0,D,0,,0,0.0,40,,,,8.3,-0.02,-0.16,-8.78,19.5124285,-99.1293388,19.5124284,-99.1293366,,,,1,1,1,A,EN AIRE,S,comenzar_barrido,1,,-78.0,-78.04,,0,ma0,D,8,45,1,15,2,3,1,40,3,10,0.5,-35,3,5,22.5,15,19.5125837,-99.1295635,rssi_avg20_ge_-35dbm (-34.951 dBm),,,,,,,,,,,,,,,,
2026-08-20T10:36:57.527,19.718,0.125,9361,OF,ENTRANDO_OFFBOARD,10.0,1,1,H,HOLD,1.5,,,,0,D,0,,0,0.0,40,,,,8.3,-0.02,-0.15,-8.8,19.5124284,-99.1293387,19.5124284,-99.1293366,,,,1,1,1,A,EN AIRE,S,comenzar_barrido,1,,-77.0,-77.936,,0,ma0,D,8,45,1,15,2,3,1,40,3,10,0.5,-35,3,5,22.5,15,19.5125837,-99.1295635,rssi_avg20_ge_-35dbm (-34.951 dBm),,,,,,,,,,,,,,,,
2026-08-20T10:36:57.684,19.877,0.282,9361,OF,ENTRANDO_OFFBOARD,10.0,1,1,H,HOLD,1.5,,,,0,D,0,,0,0.0,40,,,,8.3,-0.02,-0.15,-8.8,19.5124284,-99.1293387,19.5124284,-99.1293366,,,,1,1,1,A,EN AIRE,S,comenzar_barrido,1,,-77.0,-77.843,,0,ma0,D,8,45,1,15,2,3,1,40,3,10,0.5,-35,3,5,22.5,15,19.5125837,-99.1295635,rssi_avg20_ge_-35dbm (-34.951 dBm),,,,,,,,,,,,,,,,
2026-08-20T10:36:57.954,20.147,0.265,9361,OF,ENTRANDO_OFFBOARD,10.0,1,1,H,HOLD,1.8,,,,0,D,0,,0,0.0,40,,,,8.3,-0.03,-0.15,-8.82,19.5124284,-99.1293386,19.5124284,-99.1293366,,,,1,1,1,A,EN AIRE,S,comenzar_barrido,1,,-79.0,-77.958,,0,ma0,D,8,45,1,15,2,3,1,40,3,10,0.5,-35,3,5,22.5,15,19.5125837,-99.1295635,rssi_avg20_ge_-35dbm (-34.951 dBm),,,,,,,,,,,,,,,,
2026-08-20T10:36:58.515,20.707,0.281,9361,OF,ENTRANDO_OFFBOARD,10.0,1,1,H,HOLD,1.4,,,,0,D,0,,0,0.0,40,,,,8.3,-0.03,-0.14,-8.82,19.5124284,-99.1293386,19.5124284,-99.1293366,,,,1,1,1,A,EN AIRE,S,comenzar_barrido,1,,-78.0,-77.963,,0,ma0,D,8,45,1,15,2,3,1,40,3,10,0.5,-35,3,5,22.5,15,19.5125837,-99.1295635,rssi_avg20_ge_-35dbm (-34.951 dBm),,,,,,,,,,,,,,,,
2026-08-20T10:36:58.643,20.835,0.125,9361,OF,ENTRANDO_OFFBOARD,10.0,1,1,H,HOLD,1.2,,,,0,D,0,,0,0.0,40,,,,8.3,-0.03,-0.14,-8.83,19.5124284,-99.1293386,19.5124284,-99.1293366,,,,1,1,1,A,EN AIRE,S,comenzar_barrido,1,,-79.0,-78.066,,0,ma0,D,8,45,1,15,2,3,1,40,3,10,0.5,-35,3,5,22.5,15,19.5125837,-99.1295635,rssi_avg20_ge_-35dbm (-34.951 dBm),,,,,,,,,,,,,,,,
2026-08-20T10:36:59.921,22.114,0.094,9361,OF,ENTRANDO_OFFBOARD,10.0,1,1,H,HOLD,1.2,,,,0,D,0,,0,0.0,40,,,,8.3,0.0,-0.15,-8.86,19.5124287,-99.1293386,19.5124284,-99.1293366,,,,1,1,1,A,EN AIRE,S,comenzar_barrido,1,,-85.0,-78.76,,0,ma0,D,8,45,1,15,2,3,1,40,3,10,0.5,-35,3,5,22.5,15,19.5125837,-99.1295635,rssi_avg20_ge_-35dbm (-34.951 dBm),,,,,,,,,,,,,,,,
2026-08-20T10:37:00.760,22.952,0.266,9361,OF,ENTRANDO_OFFBOARD,10.0,1,1,H,HOLD,1.0,,,,0,D,0,,0,0.0,40,,,,8.4,0.01,-0.15,-8.88,19.5124287,-99.1293387,19.5124284,-99.1293366,,,,1,1,1,A,EN AIRE,S,comenzar_barrido,1,,-83.0,-79.184,,0,ma0,D,8,45,1,15,2,3,1,40,3,10,0.5,-35,3,5,22.5,15,19.5125837,-99.1295635,rssi_avg20_ge_-35dbm (-34.951 dBm),,,,,,,,,,,,,,,,
2026-08-20T10:37:01.184,23.376,0.0,9361,OF,ENTRANDO_OFFBOARD,10.0,1,1,H,HOLD,1.7,,,,0,D,0,,0,0.0,40,,,,8.3,0.02,-0.16,-8.87,19.5124288,-99.1293388,19.5124284,-99.1293366,,,,1,1,1,A,EN AIRE,S,comenzar_barrido,1,,-83.0,-79.565,,0,ma0,D,8,45,1,15,2,3,1,40,3,10,0.5,-35,3,5,22.5,15,19.5125837,-99.1295635,rssi_avg20_ge_-35dbm (-34.951 dBm),,,,,,,,,,,,,,,,
2026-08-20T10:37:01.925,24.117,0.125,9361,OF,ENTRANDO_OFFBOARD,10.0,1,1,H,HOLD,1.0,,,,0,D,0,,0,0.0,40,,,,8.4,0.02,-0.18,-8.89,19.5124289,-99.129339,19.5124284,-99.1293366,,,,1,1,1,A,EN AIRE,S,comenzar_barrido,1,,-82.0,-79.809,,0,ma0,D,8,45,1,15,2,3,1,40,3,10,0.5,-35,3,5,22.5,15,19.5125837,-99.1295635,rssi_avg20_ge_-35dbm (-34.951 dBm),,,,,,,,,,,,,,,,
2026-08-20T10:37:02.295,24.488,0.094,9361,OF,ENTRANDO_OFFBOARD,10.0,1,1,H,HOLD,1.5,,,,0,D,0,,0,0.0,40,,,,8.4,0.03,-0.18,-8.89,19.5124289,-99.129339,19.5124284,-99.1293366,,,,1,1,1,A,EN AIRE,S,comenzar_barrido,1,,-80.0,-79.828,,0,ma0,D,8,45,1,15,2,3,1,40,3,10,0.5,-35,3,5,22.5,15,19.5125837,-99.1295635,rssi_avg20_ge_-35dbm (-34.951 dBm),,,,,,,,,,,,,,,,
2026-08-20T10:37:02.425,24.617,0.063,9361,OF,ENTRANDO_OFFBOARD,10.0,1,1,H,HOLD,1.5,,,,0,D,0,,0,0.0,40,,,,8.4,0.03,-0.18,-8.89,19.512429,-99.1293389,19.5124284,-99.1293366,,,,1,1,1,A,EN AIRE,S,comenzar_barrido,1,,-79.0,-79.745,,0,ma0,D,8,45,1,15,2,3,1,40,3,10,0.5,-35,3,5,22.5,15,19.5125837,-99.1295635,rssi_avg20_ge_-35dbm (-34.951 dBm),,,,,,,,,,,,,,,,
2026-08-20T10:37:02.571,24.763,0.0,9361,OF,ENTRANDO_OFFBOARD,10.0,1,1,H,HOLD,1.5,,,,0,D,0,,0,0.0,40,,,,8.4,0.03,-0.18,-8.9,19.512429,-99.1293389,19.5124284,-99.1293366,,,,1,1,1,A,EN AIRE,S,comenzar_barrido,1,,-79.0,-79.671,,0,ma0,D,8,45,1,15,2,3,1,40,3,10,0.5,-35,3,5,22.5,15,19.5125837,-99.1295635,rssi_avg20_ge_-35dbm (-34.951 dBm),,,,,,,,,,,,,,,,
2026-08-20T10:37:02.822,25.015,0.25,9361,OF,ENTRANDO_OFFBOARD,10.0,1,1,H,HOLD,1.5,,,,0,D,0,,0,0.0,40,,,,8.4,0.03,-0.18,-8.9,19.512429,-99.1293389,19.5124284,-99.1293366,,,,1,1,1,A,EN AIRE,S,comenzar_barrido,1,,-79.0,-79.604,,0,ma0,D,8,45,1,15,2,3,1,40,3,10,0.5,-35,3,5,22.5,15,19.5125837,-99.1295635,rssi_avg20_ge_-35dbm (-34.951 dBm),,,,,,,,,,,,,,,,
2026-08-20T10:37:02.915,25.107,0.094,9361,OF,ENTRANDO_OFFBOARD,10.0,1,1,H,HOLD,1.2,,,,0,D,0,,0,0.0,40,,,,8.4,0.03,-0.18,-8.9,19.512429,-99.1293389,19.5124284,-99.1293366,,,,1,1,1,A,EN AIRE,S,comenzar_barrido,1,,-78.0,-79.443,,0,ma0,D,8,45,1,15,2,3,1,40,3,10,0.5,-35,3,5,22.5,15,19.5125837,-99.1295635,rssi_avg20_ge_-35dbm (-34.951 dBm),,,,,,,,,,,,,,,,
2026-08-20T10:37:03.080,25.272,0.25,9361,OF,ENTRANDO_OFFBOARD,10.0,1,1,H,HOLD,1.2,,,,0,D,0,,0,0.0,40,,,,8.4,0.03,-0.18,-8.9,19.512429,-99.1293389,19.5124284,-99.1293366,,,,1,1,1,A,EN AIRE,S,comenzar_barrido,1,,-79.0,-79.399,,0,ma0,D,8,45,1,15,2,3,1,40,3,10,0.5,-35,3,5,22.5,15,19.5125837,-99.1295635,rssi_avg20_ge_-35dbm (-34.951 dBm),,,,,,,,,,,,,,,,
2026-08-20T10:37:03.255,25.448,0.016,9361,OF,ENTRANDO_OFFBOARD,10.0,1,1,H,HOLD,1.4,,,,0,D,0,,0,0.0,40,,,,8.3,0.05,-0.15,-8.88,19.5124291,-99.1293386,19.5124284,-99.1293366,,,,1,1,1,A,EN AIRE,S,comenzar_barrido,1,,-79.0,-79.359,,0,ma0,D,8,45,1,15,2,3,1,40,3,10,0.5,-35,3,5,22.5,15,19.5125837,-99.1295635,rssi_avg20_ge_-35dbm (-34.951 dBm),,,,,,,,,,,,,,,,
2026-08-20T10:37:04.154,26.346,0.328,9361,OF,ENTRANDO_OFFBOARD,10.0,1,1,H,HOLD,1.5,,,,0,D,0,,0,0.0,40,,,,7.2,0.05,-0.13,-8.87,19.5124291,-99.1293384,19.5124284,-99.1293366,,,,1,1,1,A,EN AIRE,S,comenzar_barrido,1,,-82.0,-79.623,,0,ma0,D,8,45,1,15,2,3,1,40,3,10,0.5,-35,3,5,22.5,15,19.5125837,-99.1295635,rssi_avg20_ge_-35dbm (-34.951 dBm),,,,,,,,,,,,,,,,
2026-08-20T10:37:05.520,27.712,0.203,9361,N0,ORIENTANDO_NORTE,14.0,1,1,O,OFFBOARD,1.9,360.0,1.9,,0,D,0,,0,0.0,40,,,,7.2,0.02,-0.13,-8.83,19.5124287,-99.1293385,19.5124284,-99.1293366,,,,1,1,1,A,EN AIRE,S,comenzar_barrido,1,,-82.0,-79.861,,0,ma0,D,8,45,1,15,2,3,1,40,3,10,0.5,-35,3,5,22.5,15,19.5125837,-99.1295635,rssi_avg20_ge_-35dbm (-34.951 dBm),,,,,,,,,,,,,,,,
2026-08-20T10:37:05.520,27.712,0.203,9361,N0,ORIENTANDO_NORTE,14.0,1,1,O,OFFBOARD,1.9,360.0,1.9,,0,D,0,,0,0.0,40,,,,7.2,0.02,-0.13,-8.83,19.5124287,-99.1293385,19.5124284,-99.1293366,,,,1,1,1,A,EN AIRE,S,comenzar_barrido,1,,-81.0,-79.975,,0,ma0,D,8,45,1,15,2,3,1,40,3,10,0.5,-35,3,5,22.5,15,19.5125837,-99.1295635,rssi_avg20_ge_-35dbm (-34.951 dBm),,,,,,,,,,,,,,,,
2026-08-20T10:37:10.703,32.896,0.25,9361,BD,BARRIDO_DISCRETO,20.9,1,1,O,OFFBOARD,15.5,15.0,0.5,15.0,1,D,1,BC,0,0.0,40,,,,7.9,-0.14,-0.09,-8.51,19.5124273,-99.1293381,19.5124284,-99.1293366,19.5124283,-99.1293389,315.0,1,1,1,A,EN AIRE,S,comenzar_barrido,1,,-80.0,-79.977,15.0,1,,D,8,45,1,15,2,3,1,40,3,10,0.5,-35,3,5,22.5,15,19.5125837,-99.1295635,rssi_avg20_ge_-35dbm (-34.951 dBm),robust_mean,315.0,-64.686,-65.197,150.0,-70.788,-71.525,60.0,-70.987,-72.745,,,,,,
2026-08-20T10:37:10.794,32.987,0.094,9361,BD,BARRIDO_DISCRETO,20.9,1,1,O,OFFBOARD,14.1,15.0,-0.9,15.0,1,D,1,BC,0,0.0,40,,,,7.9,-0.14,-0.08,-8.48,19.5124274,-99.1293381,19.5124284,-99.1293366,19.5124283,-99.1293389,315.0,1,1,1,A,EN AIRE,S,comenzar_barrido,1,,-77.0,-79.68,15.0,1,,D,8,45,1,15,2,3,1,40,3,10,0.5,-35,3,5,22.5,15,19.5125837,-99.1295635,rssi_avg20_ge_-35dbm (-34.951 dBm),robust_mean,315.0,-64.686,-65.197,150.0,-70.788,-71.525,60.0,-70.987,-72.745,,,,,,
2026-08-20T10:37:10.968,33.161,0.266,9361,BD,BARRIDO_DISCRETO,20.9,1,1,O,OFFBOARD,14.1,15.0,-0.9,15.0,1,D,1,BC,0,0.0,40,,,,7.9,-0.14,-0.08,-8.48,19.5124274,-99.1293381,19.5124284,-99.1293366,19.5124283,-99.1293389,315.0,1,1,1,A,EN AIRE,S,comenzar_barrido,1,,-81.0,-79.812,15.0,1,,D,8,45,1,15,2,3,1,40,3,10,0.5,-35,3,5,22.5,15,19.5125837,-99.1295635,rssi_avg20_ge_-35dbm (-34.951 dBm),robust_mean,315.0,-64.686,-65.197,150.0,-70.788,-71.525,60.0,-70.987,-72.745,,,,,,
2026-08-20T10:37:12.310,34.503,0.282,9361,BD,BARRIDO_DISCRETO,20.9,1,1,O,OFFBOARD,15.5,15.0,0.5,15.0,1,D,1,BC,0,0.0,40,,,,7.9,-0.1,-0.12,-8.48,19.5124278,-99.1293384,19.5124284,-99.1293366,19.5124283,-99.1293389,315.0,1,1,1,A,EN AIRE,S,comenzar_barrido,1,,-75.0,-79.33,15.0,1,,D,8,45,1,15,2,3,1,40,3,10,0.5,-35,3,5,22.5,15,19.5125837,-99.1295635,rssi_avg20_ge_-35dbm (-34.951 dBm),robust_mean,315.0,-64.686,-65.197,150.0,-70.788,-71.525,60.0,-70.987,-72.745,,,,,,
2026-08-20T10:37:12.592,34.785,0.172,9361,BD,BARRIDO_DISCRETO,20.9,1,1,O,OFFBOARD,15.1,25.0,-9.9,,0,D,1,BC,0,0.0,40,,,,7.9,-0.09,-0.12,-8.5,19.5124278,-99.1293385,19.5124284,-99.1293366,19.5124283,-99.1293389,315.0,1,1,1,A,EN AIRE,S,comenzar_barrido,1,,-75.0,-78.897,,0,ma0,D,8,45,1,15,2,3,1,40,3,10,0.5,-35,3,5,22.5,15,19.5125837,-99.1295635,rssi_avg20_ge_-35dbm (-34.951 dBm),robust_mean,315.0,-64.686,-65.197,150.0,-70.788,-71.525,60.0,-70.987,-72.745,,,,,,
2026-08-20T10:37:12.592,34.785,0.172,9361,BD,BARRIDO_DISCRETO,20.9,1,1,O,OFFBOARD,15.1,25.0,-9.9,,0,D,1,BC,0,0.0,40,,,,7.9,-0.09,-0.12,-8.5,19.5124278,-99.1293385,19.5124284,-99.1293366,19.5124283,-99.1293389,315.0,1,1,1,A,EN AIRE,S,comenzar_barrido,1,,-74.0,-78.408,,0,ma0,D,8,45,1,15,2,3,1,40,3,10,0.5,-35,3,5,22.5,15,19.5125837,-99.1295635,rssi_avg20_ge_-35dbm (-34.951 dBm),robust_mean,315.0,-64.686,-65.197,150.0,-70.788,-71.525,60.0,-70.987,-72.745,,,,,,
2026-08-20T10:37:12.688,34.881,0.266,9361,BD,BARRIDO_DISCRETO,20.9,1,1,O,OFFBOARD,15.1,25.0,-9.9,,0,D,1,BC,0,0.0,40,,,,7.9,-0.09,-0.12,-8.5,19.5124278,-99.1293385,19.5124284,-99.1293366,19.5124283,-99.1293389,315.0,1,1,1,A,EN AIRE,S,comenzar_barrido,1,,-76.0,-78.167,,0,ma0,D,8,45,1,15,2,3,1,40,3,10,0.5,-35,3,5,22.5,15,19.5125837,-99.1295635,rssi_avg20_ge_-35dbm (-34.951 dBm),robust_mean,315.0,-64.686,-65.197,150.0,-70.788,-71.525,60.0,-70.987,-72.745,,,,,,
2026-08-20T10:37:12.974,35.167,0.204,9361,BD,BARRIDO_DISCRETO,23.8,1,1,O,OFFBOARD,22.6,30.0,-7.4,30.0,1,D,1,BC,0,0.0,40,,,,7.9,-0.09,-0.13,-8.52,19.5124278,-99.1293385,19.5124284,-99.1293366,19.5124283,-99.1293389,315.0,1,1,1,A,EN AIRE,S,comenzar_barrido,1,,-69.0,-77.25,30.0,1,,D,8,45,1,15,2,3,1,40,3,10,0.5,-35,3,5,22.5,15,19.5125837,-99.1295635,rssi_avg20_ge_-35dbm (-34.951 dBm),robust_mean,315.0,-64.686,-65.197,150.0,-70.788,-71.525,60.0,-70.987,-72.745,,,,,,
2026-08-20T10:37:13.152,35.344,0.093,9361,BD,BARRIDO_DISCRETO,23.8,1,1,O,OFFBOARD,29.9,30.0,-0.1,30.0,1,D,1,BC,0,0.0,40,,,,8.0,-0.09,-0.14,-8.55,19.5124279,-99.1293387,19.5124284,-99.1293366,19.5124283,-99.1293389,315.0,1,1,1,A,EN AIRE,S,comenzar_barrido,1,,-67.0,-76.225,30.0,1,,D,8,45,1,15,2,3,1,40,3,10,0.5,-35,3,5,22.5,15,19.5125837,-99.1295635,rssi_avg20_ge_-35dbm (-34.951 dBm),robust_mean,315.0,-64.686,-65.197,150.0,-70.788,-71.525,60.0,-70.987,-72.745,,,,,,
2026-08-20T10:37:13.152,35.344,0.093,9361,BD,BARRIDO_DISCRETO,23.8,1,1,O,OFFBOARD,29.9,30.0,-0.1,30.0,1,D,1,BC,0,0.0,40,,,,8.0,-0.09,-0.14,-8.55,19.5124279,-99.1293387,19.5124284,-99.1293366,19.5124283,-99.1293389,315.0,1,1,1,A,EN AIRE,S,comenzar_barrido,1,,-69.0,-75.503,30.0,1,,D,8,45,1,15,2,3,1,40,3,10,0.5,-35,3,5,22.5,15,19.5125837,-99.1295635,rssi_avg20_ge_-35dbm (-34.951 dBm),robust_mean,315.0,-64.686,-65.197,150.0,-70.788,-71.525,60.0,-70.987,-72.745,,,,,,
2026-08-20T10:37:13.342,35.535,0.0,9361,BD,BARRIDO_DISCRETO,23.8,1,1,O,OFFBOARD,33.4,30.0,3.4,30.0,1,D,1,BC,0,0.0,40,,,,8.0,-0.07,-0.15,-8.57,19.512428,-99.1293387,19.5124284,-99.1293366,19.5124283,-99.1293389,315.0,1,1,1,A,EN AIRE,S,comenzar_barrido,1,,-70.0,-74.952,30.0,1,,D,8,45,1,15,2,3,1,40,3,10,0.5,-35,3,5,22.5,15,19.5125837,-99.1295635,rssi_avg20_ge_-35dbm (-34.951 dBm),robust_mean,315.0,-64.686,-65.197,150.0,-70.788,-71.525,60.0,-70.987,-72.745,,,,,,
2026-08-20T10:37:13.569,35.762,0.125,9361,BD,BARRIDO_DISCRETO,23.8,1,1,O,OFFBOARD,30.2,30.0,0.2,30.0,1,D,1,BC,0,0.0,40,,,,8.0,-0.05,-0.16,-8.6,19.5124281,-99.1293387,19.5124284,-99.1293366,19.5124283,-99.1293389,315.0,1,1,1,A,EN AIRE,S,comenzar_barrido,1,,-72.0,-74.657,30.0,1,,D,8,45,1,15,2,3,1,40,3,10,0.5,-35,3,5,22.5,15,19.5125837,-99.1295635,rssi_avg20_ge_-35dbm (-34.951 dBm),robust_mean,315.0,-64.686,-65.197,150.0,-70.788,-71.525,60.0,-70.987,-72.745,,,,,,
2026-08-20T10:37:13.570,35.763,0.125,9361,BD,BARRIDO_DISCRETO,23.8,1,1,O,OFFBOARD,30.2,30.0,0.2,30.0,1,D,1,BC,0,0.0,40,,,,8.0,-0.05,-0.16,-8.6,19.5124281,-99.1293387,19.5124284,-99.1293366,19.5124283,-99.1293389,315.0,1,1,1,A,EN AIRE,S,comenzar_barrido,1,,-73.0,-74.491,30.0,1,,D,8,45,1,15,2,3,1,40,3,10,0.5,-35,3,5,22.5,15,19.5125837,-99.1295635,rssi_avg20_ge_-35dbm (-34.951 dBm),robust_mean,315.0,-64.686,-65.197,150.0,-70.788,-71.525,60.0,-70.987,-72.745,,,,,,
2026-08-20T10:37:13.728,35.92,0.282,9361,BD,BARRIDO_DISCRETO,23.8,1,1,O,OFFBOARD,30.2,30.0,0.2,30.0,1,D,1,BC,0,0.0,40,,,,8.0,-0.05,-0.16,-8.6,19.5124281,-99.1293387,19.5124284,-99.1293366,19.5124283,-99.1293389,315.0,1,1,1,A,EN AIRE,S,comenzar_barrido,1,,-75.0,-74.542,30.0,1,,D,8,45,1,15,2,3,1,40,3,10,0.5,-35,3,5,22.5,15,19.5125837,-99.1295635,rssi_avg20_ge_-35dbm (-34.951 dBm),robust_mean,315.0,-64.686,-65.197,150.0,-70.788,-71.525,60.0,-70.987,-72.745,,,,,,
2026-08-20T10:37:13.826,36.019,0.375,9361,BD,BARRIDO_DISCRETO,23.8,1,1,O,OFFBOARD,30.2,30.0,0.2,30.0,1,D,1,BC,0,0.0,40,,,,8.0,-0.05,-0.16,-8.6,19.5124281,-99.1293387,19.5124284,-99.1293366,19.5124283,-99.1293389,315.0,1,1,1,A,EN AIRE,S,comenzar_barrido,1,,-76.0,-74.688,30.0,1,,D,8,45,1,15,2,3,1,40,3,10,0.5,-35,3,5,22.5,15,19.5125837,-99.1295635,rssi_avg20_ge_-35dbm (-34.951 dBm),robust_mean,315.0,-64.686,-65.197,150.0,-70.788,-71.525,60.0,-70.987,-72.745,,,,,,
2026-08-20T10:37:14.004,36.197,0.11,9361,BD,BARRIDO_DISCRETO,23.8,1,1,O,OFFBOARD,28.9,30.0,-1.1,30.0,1,D,1,BC,0,0.0,40,,,,8.0,-0.05,-0.16,-8.6,19.5124284,-99.1293388,19.5124284,-99.1293366,19.5124283,-99.1293389,315.0,1,1,1,A,EN AIRE,S,comenzar_barrido,1,,-77.0,-74.919,30.0,1,,D,8,45,1,15,2,3,1,40,3,10,0.5,-35,3,5,22.5,15,19.5125837,-99.1295635,rssi_avg20_ge_-35dbm (-34.951 dBm),robust_mean,315.0,-64.686,-65.197,150.0,-70.788,-71.525,60.0,-70.987,-72.745,,,,,,
2026-08-20T10:37:14.276,36.468,0.265,9361,BD,BARRIDO_DISCRETO,23.8,1,1,O,OFFBOARD,29.8,30.0,-0.2,30.0,1,D,1,BC,0,0.0,40,,,,8.0,-0.03,-0.17,-8.62,19.5124285,-99.1293389,19.5124284,-99.1293366,19.5124283,-99.1293389,315.0,1,1,1,A,EN AIRE,S,comenzar_barrido,1,,-77.0,-75.127,30.0,1,,D,8,45,1,15,2,3,1,40,3,10,0.5,-35,3,5,22.5,15,19.5125837,-99.1295635,rssi_avg20_ge_-35dbm (-34.951 dBm),robust_mean,315.0,-64.686,-65.197,150.0,-70.788,-71.525,60.0,-70.987,-72.745,,,,,,
2026-08-20T10:37:14.276,36.468,0.265,9361,BD,BARRIDO_DISCRETO,23.8,1,1,O,OFFBOARD,29.8,30.0,-0.2,30.0,1,D,1,BC,0,0.0,40,,,,8.0,-0.03,-0.17,-8.62,19.5124285,-99.1293389,19.5124284,-99.1293366,19.5124283,-99.1293389,315.0,1,1,1,A,EN AIRE,S,comenzar_barrido,1,,-76.0,-75.215,30.0,1,,D,8,45,1,15,2,3,1,40,3,10,0.5,-35,3,5,22.5,15,19.5125837,-99.1295635,rssi_avg20_ge_-35dbm (-34.951 dBm),robust_mean,315.0,-64.686,-65.197,150.0,-70.788,-71.525,60.0,-70.987,-72.745,,,,,,
2026-08-20T10:37:14.390,36.582,0.11,9361,BD,BARRIDO_DISCRETO,23.8,1,1,O,OFFBOARD,30.3,30.0,0.3,30.0,1,D,1,BC,0,0.0,40,,,,8.1,-0.01,-0.18,-8.65,19.5124285,-99.129339,19.5124284,-99.1293366,19.5124283,-99.1293389,315.0,1,1,1,A,EN AIRE,S,comenzar_barrido,1,,-77.0,-75.393,30.0,1,,D,8,45,1,15,2,3,1,40,3,10,0.5,-35,3,5,22.5,15,19.5125837,-99.1295635,rssi_avg20_ge_-35dbm (-34.951 dBm),robust_mean,315.0,-64.686,-65.197,150.0,-70.788,-71.525,60.0,-70.987,-72.745,,,,,,
2026-08-20T10:37:14.542,36.735,0.266,9361,BD,BARRIDO_DISCRETO,23.8,1,1,O,OFFBOARD,30.3,30.0,0.3,30.0,1,D,1,BC,0,0.0,40,,,,8.1,-0.01,-0.18,-8.65,19.5124285,-99.129339,19.5124284,-99.1293366,19.5124283,-99.1293389,315.0,1,1,1,A,EN AIRE,S,comenzar_barrido,1,,-75.0,-75.354,30.0,1,,D,8,45,1,15,2,3,1,40,3,10,0.5,-35,3,5,22.5,15,19.5125837,-99.1295635,rssi_avg20_ge_-35dbm (-34.951 dBm),robust_mean,315.0,-64.686,-65.197,150.0,-70.788,-71.525,60.0,-70.987,-72.745,,,,,,
2026-08-20T10:37:14.660,36.852,0.125,9361,BD,BARRIDO_DISCRETO,23.8,1,1,O,OFFBOARD,30.0,30.0,0.0,30.0,1,D,1,BC,0,0.0,40,,,,8.1,-0.01,-0.19,-8.67,19.5124285,-99.129339,19.5124284,-99.1293366,19.5124283,-99.1293389,315.0,1,1,1,A,EN AIRE,S,comenzar_barrido,1,,-75.0,-75.318,30.0,1,,D,8,45,1,15,2,3,1,40,3,10,0.5,-35,3,5,22.5,15,19.5125837,-99.1295635,rssi_avg20_ge_-35dbm (-34.951 dBm),robust_mean,315.0,-64.686,-65.197,150.0,-70.788,-71.525,60.0,-70.987,-72.745,,,,,,
2026-08-20T10:37:14.820,37.013,0.281,9361,BD,BARRIDO_DISCRETO,23.8,1,1,O,OFFBOARD,30.0,30.0,0.0,30.0,1,D,1,BC,0,0.0,40,,,,8.1,-0.01,-0.19,-8.67,19.5124285,-99.129339,19.5124284,-99.1293366,19.5124283,-99.1293389,315.0,1,1,1,A,EN AIRE,S,comenzar_barrido,1,,-74.0,-75.187,30.0,1,,D,8,45,1,15,2,3,1,40,3,10,0.5,-35,3,5,22.5,15,19.5125837,-99.1295635,rssi_avg20_ge_-35dbm (-34.951 dBm),robust_mean,315.0,-64.686,-65.197,150.0,-70.788,-71.525,60.0,-70.987,-72.745,,,,,,
2026-08-20T10:37:15.085,37.277,0.266,9361,BD,BARRIDO_DISCRETO,23.8,1,1,O,OFFBOARD,30.0,30.0,0.0,30.0,1,D,1,BC,0,0.0,40,,,,8.1,-0.02,-0.19,-8.68,19.5124285,-99.1293391,19.5124284,-99.1293366,19.5124283,-99.1293389,315.0,1,1,1,A,EN AIRE,S,comenzar_barrido,1,,-74.0,-75.068,30.0,1,,D,8,45,1,15,2,3,1,40,3,10,0.5,-35,3,5,22.5,15,19.5125837,-99.1295635,rssi_avg20_ge_-35dbm (-34.951 dBm),robust_mean,315.0,-64.686,-65.197,150.0,-70.788,-71.525,60.0,-70.987,-72.745,,,,,,
2026-08-20T10:37:15.199,37.391,0.109,9361,BD,BARRIDO_DISCRETO,23.8,1,1,O,OFFBOARD,29.9,30.0,-0.1,30.0,1,D,1,BC,0,0.0,40,,,,8.1,-0.02,-0.2,-8.69,19.5124285,-99.1293392,19.5124284,-99.1293366,19.5124283,-99.1293389,315.0,1,1,1,A,EN AIRE,S,comenzar_barrido,1,,-75.0,-75.061,30.0,1,,D,8,45,1,15,2,3,1,40,3,10,0.5,-35,3,5,22.5,15,19.5125837,-99.1295635,rssi_avg20_ge_-35dbm (-34.951 dBm),robust_mean,315.0,-64.686,-65.197,150.0,-70.788,-71.525,60.0,-70.987,-72.745,,,,,,
2026-08-20T10:37:15.462,37.655,0.109,9361,BD,BARRIDO_DISCRETO,23.8,1,1,O,OFFBOARD,29.8,32.5,-2.7,,0,D,1,BC,0,0.0,40,,,,8.1,-0.02,-0.2,-8.69,19.5124285,-99.1293392,19.5124284,-99.1293366,19.5124283,-99.1293389,315.0,1,1,1,A,EN AIRE,S,comenzar_barrido,1,,-79.0,-75.455,,0,ma0,D,8,45,1,15,2,3,1,40,3,10,0.5,-35,3,5,22.5,15,19.5125837,-99.1295635,rssi_avg20_ge_-35dbm (-34.951 dBm),robust_mean,315.0,-64.686,-65.197,150.0,-70.788,-71.525,60.0,-70.987,-72.745,,,,,,
2026-08-20T10:37:15.462,37.655,0.109,9361,BD,BARRIDO_DISCRETO,23.8,1,1,O,OFFBOARD,29.8,32.5,-2.7,,0,D,1,BC,0,0.0,40,,,,8.1,-0.02,-0.2,-8.69,19.5124285,-99.1293392,19.5124284,-99.1293366,19.5124283,-99.1293389,315.0,1,1,1,A,EN AIRE,S,comenzar_barrido,1,,-83.0,-76.21,,0,ma0,D,8,45,1,15,2,3,1,40,3,10,0.5,-35,3,5,22.5,15,19.5125837,-99.1295635,rssi_avg20_ge_-35dbm (-34.951 dBm),robust_mean,315.0,-64.686,-65.197,150.0,-70.788,-71.525,60.0,-70.987,-72.745,,,,,,
2026-08-20T10:37:15.876,38.068,0.265,9361,BD,BARRIDO_DISCRETO,23.8,1,1,O,OFFBOARD,31.8,42.5,-10.7,,0,D,1,BC,0,0.0,40,,,,8.1,-0.02,-0.2,-8.69,19.5124284,-99.1293391,19.5124284,-99.1293366,19.5124283,-99.1293389,315.0,1,1,1,A,EN AIRE,S,comenzar_barrido,1,,-73.0,-75.889,,0,ma0,D,8,45,1,15,2,3,1,40,3,10,0.5,-35,3,5,22.5,15,19.5125837,-99.1295635,rssi_avg20_ge_-35dbm (-34.951 dBm),robust_mean,315.0,-64.686,-65.197,150.0,-70.788,-71.525,60.0,-70.987,-72.745,,,,,,
2026-08-20T10:37:15.992,38.184,0.125,9361,BD,BARRIDO_DISCRETO,26.8,1,1,O,OFFBOARD,42.0,45.0,-3.0,45.0,1,D,1,BC,0,0.0,40,,,,8.1,-0.04,-0.19,-8.69,19.5124282,-99.1293389,19.5124284,-99.1293366,19.5124283,-99.1293389,315.0,1,1,1,A,EN AIRE,S,comenzar_barrido,1,,-73.0,-75.6,45.0,1,,D,8,45,1,15,2,3,1,40,3,10,0.5,-35,3,5,22.5,15,19.5125837,-99.1295635,rssi_avg20_ge_-35dbm (-34.951 dBm),robust_mean,315.0,-64.686,-65.197,150.0,-70.788,-71.525,60.0,-70.987,-72.745,,,,,,
2026-08-20T10:37:16.144,38.336,0.281,9361,BD,BARRIDO_DISCRETO,26.8,1,1,O,OFFBOARD,42.0,45.0,-3.0,45.0,1,D,1,BC,0,0.0,40,,,,8.1,-0.04,-0.19,-8.69,19.5124282,-99.1293389,19.5124284,-99.1293366,19.5124283,-99.1293389,315.0,1,1,1,A,EN AIRE,S,comenzar_barrido,1,,-75.0,-75.54,45.0,1,,D,8,45,1,15,2,3,1,40,3,10,0.5,-35,3,5,22.5,15,19.5125837,-99.1295635,rssi_avg20_ge_-35dbm (-34.951 dBm),robust_mean,315.0,-64.686,-65.197,150.0,-70.788,-71.525,60.0,-70.987,-72.745,,,,,,
2026-08-20T10:37:16.260,38.453,0.11,9361,BD,BARRIDO_DISCRETO,26.8,1,1,O,OFFBOARD,47.5,45.0,2.5,45.0,1,D,1,BC,0,0.0,40,,,,8.1,-0.05,-0.17,-8.69,19.5124282,-99.1293388,19.5124284,-99.1293366,19.5124283,-99.1293389,315.0,1,1,1,A,EN AIRE,S,comenzar_barrido,1,,-76.0,-75.586,45.0,1,,D,8,45,1,15,2,3,1,40,3,10,0.5,-35,3,5,22.5,15,19.5125837,-99.1295635,rssi_avg20_ge_-35dbm (-34.951 dBm),robust_mean,315.0,-64.686,-65.197,150.0,-70.788,-71.525,60.0,-70.987,-72.745,,,,,,
2026-08-20T10:37:16.413,38.606,0.266,9361,BD,BARRIDO_DISCRETO,26.8,1,1,O,OFFBOARD,47.5,45.0,2.5,45.0,1,D,1,BC,0,0.0,40,,,,8.1,-0.05,-0.17,-8.69,19.5124282,-99.1293388,19.5124284,-99.1293366,19.5124283,-99.1293389,315.0,1,1,1,A,EN AIRE,S,comenzar_barrido,1,,-76.0,-75.627,45.0,1,,D,8,45,1,15,2,3,1,40,3,10,0.5,-35,3,5,22.5,15,19.5125837,-99.1295635,rssi_avg20_ge_-35dbm (-34.951 dBm),robust_mean,315.0,-64.686,-65.197,150.0,-70.788,-71.525,60.0,-70.987,-72.745,,,,,,
2026-08-20T10:37:16.676,38.868,0.266,9361,BD,BARRIDO_DISCRETO,26.8,1,1,O,OFFBOARD,47.9,45.0,2.9,45.0,1,D,1,BC,0,0.0,40,,,,9.1,-0.06,-0.15,-8.68,19.5124281,-99.1293387,19.5124284,-99.1293366,19.5124283,-99.1293389,315.0,1,1,1,A,EN AIRE,S,comenzar_barrido,1,,-76.0,-75.664,45.0,1,,D,8,45,1,15,2,3,1,40,3,10,0.5,-35,3,5,22.5,15,19.5125837,-99.1295635,rssi_avg20_ge_-35dbm (-34.951 dBm),robust_mean,315.0,-64.686,-65.197,150.0,-70.788,-71.525,60.0,-70.987,-72.745,,,,,,
2026-08-20T10:37:16.786,38.979,0.109,9361,BD,BARRIDO_DISCRETO,26.8,1,1,O,OFFBOARD,45.7,45.0,0.7,45.0,1,D,1,BC,0,0.0,40,,,,9.1,-0.06,-0.15,-8.68,19.512428,-99.1293386,19.5124284,-99.1293366,19.5124283,-99.1293389,315.0,1,1,1,A,EN AIRE,S,comenzar_barrido,1,,-75.0,-75.598,45.0,1,,D,8,45,1,15,2,3,1,40,3,10,0.5,-35,3,5,22.5,15,19.5125837,-99.1295635,rssi_avg20_ge_-35dbm (-34.951 dBm),robust_mean,315.0,-64.686,-65.197,150.0,-70.788,-71.525,60.0,-70.987,-72.745,,,,,,
2026-08-20T10:37:17.023,39.215,0.093,9361,BD,BARRIDO_DISCRETO,26.8,1,1,O,OFFBOARD,44.1,45.0,-0.9,45.0,1,D,1,BC,0,0.0,40,,,,9.1,-0.07,-0.14,-8.68,19.512428,-99.1293385,19.5124284,-99.1293366,19.5124283,-99.1293389,315.0,1,1,1,A,EN AIRE,S,comenzar_barrido,1,,-73.0,-75.338,45.0,1,,D,8,45,1,15,2,3,1,40,3,10,0.5,-35,3,5,22.5,15,19.5125837,-99.1295635,rssi_avg20_ge_-35dbm (-34.951 dBm),robust_mean,315.0,-64.686,-65.197,150.0,-70.788,-71.525,60.0,-70.987,-72.745,,,,,,
2026-08-20T10:37:17.190,39.383,0.265,9361,BD,BARRIDO_DISCRETO,26.8,1,1,O,OFFBOARD,44.1,45.0,-0.9,45.0,1,D,1,BC,0,0.0,40,,,,9.1,-0.07,-0.14,-8.68,19.512428,-99.1293385,19.5124284,-99.1293366,19.5124283,-99.1293389,315.0,1,1,1,A,EN AIRE,S,comenzar_barrido,1,,-71.0,-74.904,45.0,1,,D,8,45,1,15,2,3,1,40,3,10,0.5,-35,3,5,22.5,15,19.5125837,-99.1295635,rssi_avg20_ge_-35dbm (-34.951 dBm),robust_mean,315.0,-64.686,-65.197,150.0,-70.788,-71.525,60.0,-70.987,-72.745,,,,,,
2026-08-20T10:37:17.281,39.474,0.078,9361,BD,BARRIDO_DISCRETO,26.8,1,1,O,OFFBOARD,44.1,45.0,-0.9,45.0,1,D,1,BC,0,0.0,40,,,,9.1,-0.07,-0.13,-8.67,19.512428,-99.1293384,19.5124284,-99.1293366,19.5124283,-99.1293389,315.0,1,1,1,A,EN AIRE,S,comenzar_barrido,1,,-77.0,-75.114,45.0,1,,D,8,45,1,15,2,3,1,40,3,10,0.5,-35,3,5,22.5,15,19.5125837,-99.1295635,rssi_avg20_ge_-35dbm (-34.951 dBm),robust_mean,315.0,-64.686,-65.197,150.0,-70.788,-71.525,60.0,-70.987,-72.745,,,,,,
2026-08-20T10:37:17.451,39.643,0.25,9361,BD,BARRIDO_DISCRETO,26.8,1,1,O,OFFBOARD,44.1,45.0,-0.9,45.0,1,D,1,BC,0,0.0,40,,,,9.1,-0.07,-0.13,-8.67,19.512428,-99.1293384,19.5124284,-99.1293366,19.5124283,-99.1293389,315.0,1,1,1,A,EN AIRE,S,comenzar_barrido,1,,-70.0,-74.603,45.0,1,,D,8,45,1,15,2,3,1,40,3,10,0.5,-35,3,5,22.5,15,19.5125837,-99.1295635,rssi_avg20_ge_-35dbm (-34.951 dBm),robust_mean,315.0,-64.686,-65.197,150.0,-70.788,-71.525,60.0,-70.987,-72.745,,,,,,
2026-08-20T10:37:17.710,39.903,0.266,9361,BD,BARRIDO_DISCRETO,26.8,1,1,O,OFFBOARD,45.2,45.0,0.2,45.0,1,D,1,BC,0,0.0,40,,,,9.1,-0.08,-0.12,-8.65,19.512428,-99.1293385,19.5124284,-99.1293366,19.5124283,-99.1293389,315.0,1,1,1,A,EN AIRE,S,comenzar_barrido,1,,-70.0,-74.142,45.0,1,,D,8,45,1,15,2,3,1,40,3,10,0.5,-35,3,5,22.5,15,19.5125837,-99.1295635,rssi_avg20_ge_-35dbm (-34.951 dBm),robust_mean,315.0,-64.686,-65.197,150.0,-70.788,-71.525,60.0,-70.987,-72.745,,,,,,
2026-08-20T10:37:17.712,39.905,0.266,9361,BD,BARRIDO_DISCRETO,26.8,1,1,O,OFFBOARD,45.2,45.0,0.2,45.0,1,D,1,BC,0,0.0,40,,,,9.1,-0.08,-0.12,-8.65,19.512428,-99.1293385,19.5124284,-99.1293366,19.5124283,-99.1293389,315.0,1,1,1,A,EN AIRE,S,comenzar_barrido,1,,-71.0,-73.828,45.0,1,,D,8,45,1,15,2,3,1,40,3,10,0.5,-35,3,5,22.5,15,19.5125837,-99.1295635,rssi_avg20_ge_-35dbm (-34.951 dBm),robust_mean,315.0,-64.686,-65.197,150.0,-70.788,-71.525,60.0,-70.987,-72.745,,,,,,
2026-08-20T10:37:17.882,40.075,0.438,9361,BD,BARRIDO_DISCRETO,26.8,1,1,O,OFFBOARD,45.2,45.0,0.2,45.0,1,D,1,BC,0,0.0,40,,,,9.1,-0.08,-0.12,-8.65,19.512428,-99.1293385,19.5124284,-99.1293366,19.5124283,-99.1293389,315.0,1,1,1,A,EN AIRE,S,comenzar_barrido,1,,-72.0,-73.645,45.0,1,,D,8,45,1,15,2,3,1,40,3,10,0.5,-35,3,5,22.5,15,19.5125837,-99.1295635,rssi_avg20_ge_-35dbm (-34.951 dBm),robust_mean,315.0,-64.686,-65.197,150.0,-70.788,-71.525,60.0,-70.987,-72.745,,,,,,
2026-08-20T10:37:18.067,40.26,0.625,9361,BD,BARRIDO_DISCRETO,26.8,1,1,O,OFFBOARD,45.2,45.0,0.2,45.0,1,D,1,BC,0,0.0,40,,,,9.1,-0.08,-0.12,-8.65,19.512428,-99.1293385,19.5124284,-99.1293366,19.5124283,-99.1293389,315.0,1,1,1,A,EN AIRE,S,comenzar_barrido,1,,-72.0,-73.481,45.0,1,,D,8,45,1,15,2,3,1,40,3,10,0.5,-35,3,5,22.5,15,19.5125837,-99.1295635,rssi_avg20_ge_-35dbm (-34.951 dBm),robust_mean,315.0,-64.686,-65.197,150.0,-70.788,-71.525,60.0,-70.987,-72.745,,,,,,
2026-08-20T10:37:18.257,40.45,0.094,9361,BD,BARRIDO_DISCRETO,26.8,1,1,O,OFFBOARD,44.5,45.0,-0.5,45.0,1,D,1,BC,0,0.0,40,,,,9.1,-0.1,-0.15,-8.67,19.5124277,-99.1293387,19.5124284,-99.1293366,19.5124283,-99.1293389,315.0,1,1,1,A,EN AIRE,S,comenzar_barrido,1,,-71.0,-73.233,45.0,1,,D,8,45,1,15,2,3,1,40,3,10,0.5,-35,3,5,22.5,15,19.5125837,-99.1295635,rssi_avg20_ge_-35dbm (-34.951 dBm),robust_mean,315.0,-64.686,-65.197,150.0,-70.788,-71.525,60.0,-70.987,-72.745,,,,,,
2026-08-20T10:37:18.384,40.577,0.219,9361,BD,BARRIDO_DISCRETO,26.8,1,1,O,OFFBOARD,44.5,45.0,-0.5,45.0,1,D,1,BC,0,0.0,40,,,,9.1,-0.1,-0.15,-8.67,19.5124277,-99.1293387,19.5124284,-99.1293366,19.5124283,-99.1293389,315.0,1,1,1,A,EN AIRE,S,comenzar_barrido,1,,-77.0,-73.609,45.0,1,,D,8,45,1,15,2,3,1,40,3,10,0.5,-35,3,5,22.5,15,19.5125837,-99.1295635,rssi_avg20_ge_-35dbm (-34.951 dBm),robust_mean,315.0,-64.686,-65.197,150.0,-70.788,-71.525,60.0,-70.987,-72.745,,,,,,
2026-08-20T10:37:18.673,40.865,0.203,9361,BD,BARRIDO_DISCRETO,26.8,1,1,O,OFFBOARD,44.8,50.0,-5.2,,0,D,1,BC,0,0.0,40,,,,9.1,-0.1,-0.16,-8.68,19.5124277,-99.1293388,19.5124284,-99.1293366,19.5124283,-99.1293389,315.0,1,1,1,A,EN AIRE,S,comenzar_barrido,1,,-71.0,-73.348,,0,ma0,D,8,45,1,15,2,3,1,40,3,10,0.5,-35,3,5,22.5,15,19.5125837,-99.1295635,rssi_avg20_ge_-35dbm (-34.951 dBm),robust_mean,315.0,-64.686,-65.197,150.0,-70.788,-71.525,60.0,-70.987,-72.745,,,,,,
2026-08-20T10:37:18.673,40.865,0.203,9361,BD,BARRIDO_DISCRETO,26.8,1,1,O,OFFBOARD,44.8,50.0,-5.2,,0,D,1,BC,0,0.0,40,,,,9.1,-0.1,-0.16,-8.68,19.5124277,-99.1293388,19.5124284,-99.1293366,19.5124283,-99.1293389,315.0,1,1,1,A,EN AIRE,S,comenzar_barrido,1,,-69.0,-72.914,,0,ma0,D,8,45,1,15,2,3,1,40,3,10,0.5,-35,3,5,22.5,15,19.5125837,-99.1295635,rssi_avg20_ge_-35dbm (-34.951 dBm),robust_mean,315.0,-64.686,-65.197,150.0,-70.788,-71.525,60.0,-70.987,-72.745,,,,,,
2026-08-20T10:37:18.837,41.03,0.094,9361,BD,BARRIDO_DISCRETO,26.8,1,1,O,OFFBOARD,49.3,60.0,-10.7,,0,D,1,BC,0,0.0,40,,,,9.1,-0.1,-0.17,-8.68,19.5124277,-99.1293388,19.5124284,-99.1293366,19.5124283,-99.1293389,315.0,1,1,1,A,EN AIRE,S,comenzar_barrido,1,,-69.0,-72.522,,0,ma0,D,8,45,1,15,2,3,1,40,3,10,0.5,-35,3,5,22.5,15,19.5125837,-99.1295635,rssi_avg20_ge_-35dbm (-34.951 dBm),robust_mean,315.0,-64.686,-65.197,150.0,-70.788,-71.525,60.0,-70.987,-72.745,,,,,,
2026-08-20T10:37:19.039,41.232,0.016,9361,BD,BARRIDO_DISCRETO,29.7,1,1,O,OFFBOARD,56.5,60.0,-3.5,60.0,1,D,1,BC,0,0.0,40,,,,9.1,-0.11,-0.17,-8.68,19.5124276,-99.1293389,19.5124284,-99.1293366,19.5124283,-99.1293389,315.0,1,1,1,A,EN AIRE,S,comenzar_barrido,1,,-69.0,-72.17,60.0,1,,D,8,45,1,15,2,3,1,40,3,10,0.5,-35,3,5,22.5,15,19.5125837,-99.1295635,rssi_avg20_ge_-35dbm (-34.951 dBm),robust_mean,315.0,-64.686,-65.197,150.0,-70.788,-71.525,60.0,-70.987,-72.745,,,,,,
2026-08-20T10:37:19.123,41.315,0.094,9361,BD,BARRIDO_DISCRETO,29.7,1,1,O,OFFBOARD,56.5,60.0,-3.5,60.0,1,D,1,BC,0,0.0,40,,,,9.1,-0.11,-0.17,-8.68,19.5124276,-99.1293389,19.5124284,-99.1293366,19.5124283,-99.1293389,315.0,1,1,1,A,EN AIRE,S,comenzar_barrido,1,,-68.0,-71.753,60.0,1,,D,8,45,1,15,2,3,1,40,3,10,0.5,-35,3,5,22.5,15,19.5125837,-99.1295635,rssi_avg20_ge_-35dbm (-34.951 dBm),robust_mean,315.0,-64.686,-65.197,150.0,-70.788,-71.525,60.0,-70.987,-72.745,,,,,,
2026-08-20T10:37:19.232,41.424,0.204,9361,BD,BARRIDO_DISCRETO,29.7,1,1,O,OFFBOARD,56.5,60.0,-3.5,60.0,1,D,1,BC,0,0.0,40,,,,9.1,-0.11,-0.17,-8.68,19.5124276,-99.1293389,19.5124284,-99.1293366,19.5124283,-99.1293389,315.0,1,1,1,A,EN AIRE,S,comenzar_barrido,1,,-69.0,-71.478,60.0,1,,D,8,45,1,15,2,3,1,40,3,10,0.5,-35,3,5,22.5,15,19.5125837,-99.1295635,rssi_avg20_ge_-35dbm (-34.951 dBm),robust_mean,315.0,-64.686,-65.197,150.0,-70.788,-71.525,60.0,-70.987,-72.745,,,,,,
2026-08-20T10:37:19.504,41.696,0.203,9361,BD,BARRIDO_DISCRETO,29.7,1,1,O,OFFBOARD,63.9,60.0,3.9,60.0,1,D,1,BC,0,0.0,40,,,,9.1,-0.13,-0.17,-8.69,19.5124275,-99.1293388,19.5124284,-99.1293366,19.5124283,-99.1293389,315.0,1,1,1,A,EN AIRE,S,comenzar_barrido,1,,-69.0,-71.23,60.0,1,,D,8,45,1,15,2,3,1,40,3,10,0.5,-35,3,5,22.5,15,19.5125837,-99.1295635,rssi_avg20_ge_-35dbm (-34.951 dBm),robust_mean,315.0,-64.686,-65.197,150.0,-70.788,-71.525,60.0,-70.987,-72.745,,,,,,
2026-08-20T10:37:19.504,41.696,0.203,9361,BD,BARRIDO_DISCRETO,29.7,1,1,O,OFFBOARD,63.9,60.0,3.9,60.0,1,D,1,BC,0,0.0,40,,,,9.1,-0.13,-0.17,-8.69,19.5124275,-99.1293388,19.5124284,-99.1293366,19.5124283,-99.1293389,315.0,1,1,1,A,EN AIRE,S,comenzar_barrido,1,,-69.0,-71.007,60.0,1,,D,8,45,1,15,2,3,1,40,3,10,0.5,-35,3,5,22.5,15,19.5125837,-99.1295635,rssi_avg20_ge_-35dbm (-34.951 dBm),robust_mean,315.0,-64.686,-65.197,150.0,-70.788,-71.525,60.0,-70.987,-72.745,,,,,,
2026-08-20T10:37:19.782,41.975,0.187,9361,BD,BARRIDO_DISCRETO,29.7,1,1,O,OFFBOARD,63.0,60.0,3.0,60.0,1,D,1,BC,0,0.0,40,,,,9.1,-0.13,-0.17,-8.69,19.5124274,-99.1293388,19.5124284,-99.1293366,19.5124283,-99.1293389,315.0,1,1,1,A,EN AIRE,S,comenzar_barrido,1,,-70.0,-70.906,60.0,1,,D,8,45,1,15,2,3,1,40,3,10,0.5,-35,3,5,22.5,15,19.5125837,-99.1295635,rssi_avg20_ge_-35dbm (-34.951 dBm),robust_mean,315.0,-64.686,-65.197,150.0,-70.788,-71.525,60.0,-70.987,-72.745,,,,,,
2026-08-20T10:37:20.036,42.228,0.453,9361,BD,BARRIDO_DISCRETO,29.7,1,1,O,OFFBOARD,63.0,60.0,3.0,60.0,1,D,1,BC,0,0.0,40,,,,9.1,-0.13,-0.17,-8.69,19.5124274,-99.1293388,19.5124284,-99.1293366,19.5124283,-99.1293389,315.0,1,1,1,A,EN AIRE,S,comenzar_barrido,1,,-69.0,-70.716,60.0,1,,D,8,45,1,15,2,3,1,40,3,10,0.5,-35,3,5,22.5,15,19.5125837,-99.1295635,rssi_avg20_ge_-35dbm (-34.951 dBm),robust_mean,315.0,-64.686,-65.197,150.0,-70.788,-71.525,60.0,-70.987,-72.745,,,,,,
2026-08-20T10:37:20.037,42.229,0.453,9361,BD,BARRIDO_DISCRETO,29.7,1,1,O,OFFBOARD,63.0,60.0,3.0,60.0,1,D,1,BC,0,0.0,40,,,,9.1,-0.13,-0.17,-8.69,19.5124274,-99.1293388,19.5124284,-99.1293366,19.5124283,-99.1293389,315.0,1,1,1,A,EN AIRE,S,comenzar_barrido,1,,-69.0,-70.544,60.0,1,,D,8,45,1,15,2,3,1,40,3,10,0.5,-35,3,5,22.5,15,19.5125837,-99.1295635,rssi_avg20_ge_-35dbm (-34.951 dBm),robust_mean,315.0,-64.686,-65.197,150.0,-70.788,-71.525,60.0,-70.987,-72.745,,,,,,
2026-08-20T10:37:20.333,42.525,0.75,9361,BD,BARRIDO_DISCRETO,29.7,1,1,O,OFFBOARD,63.0,60.0,3.0,60.0,1,D,1,BC,0,0.0,40,,,,9.1,-0.13,-0.17,-8.69,19.5124274,-99.1293388,19.5124284,-99.1293366,19.5124283,-99.1293389,315.0,1,1,1,A,EN AIRE,S,comenzar_barrido,1,,-69.0,-70.39,60.0,1,,D,8,45,1,15,2,3,1,40,3,10,0.5,-35,3,5,22.5,15,19.5125837,-99.1295635,rssi_avg20_ge_-35dbm (-34.951 dBm),robust_mean,315.0,-64.686,-65.197,150.0,-70.788,-71.525,60.0,-70.987,-72.745,,,,,,
2026-08-20T10:37:20.334,42.526,0.75,9361,BD,BARRIDO_DISCRETO,29.7,1,1,O,OFFBOARD,63.0,60.0,3.0,60.0,1,D,1,BC,0,0.0,40,,,,9.1,-0.13,-0.17,-8.69,19.5124274,-99.1293388,19.5124284,-99.1293366,19.5124283,-99.1293389,315.0,1,1,1,A,EN AIRE,S,comenzar_barrido,1,,-69.0,-70.251,60.0,1,,D,8,45,1,15,2,3,1,40,3,10,0.5,-35,3,5,22.5,15,19.5125837,-99.1295635,rssi_avg20_ge_-35dbm (-34.951 dBm),robust_mean,315.0,-64.686,-65.197,150.0,-70.788,-71.525,60.0,-70.987,-72.745,,,,,,
2026-08-20T10:37:20.625,42.817,0.109,9361,BD,BARRIDO_DISCRETO,29.7,1,1,O,OFFBOARD,60.2,60.0,0.2,60.0,1,D,1,BC,0,0.0,40,,,,9.2,-0.12,-0.08,-8.73,19.5124276,-99.129338,19.5124284,-99.1293366,19.5124283,-99.1293389,315.0,1,1,1,A,EN AIRE,S,comenzar_barrido,1,,-69.0,-70.126,60.0,1,,D,8,45,1,15,2,3,1,40,3,10,0.5,-35,3,5,22.5,15,19.5125837,-99.1295635,rssi_avg20_ge_-35dbm (-34.951 dBm),robust_mean,315.0,-64.686,-65.197,150.0,-70.788,-71.525,60.0,-70.987,-72.745,,,,,,
2026-08-20T10:37:20.776,42.968,0.265,9361,BD,BARRIDO_DISCRETO,29.7,1,1,O,OFFBOARD,60.2,60.0,0.2,60.0,1,D,1,BC,0,0.0,40,,,,9.2,-0.12,-0.08,-8.73,19.5124276,-99.129338,19.5124284,-99.1293366,19.5124283,-99.1293389,315.0,1,1,1,A,EN AIRE,S,comenzar_barrido,1,,-72.0,-70.313,60.0,1,,D,8,45,1,15,2,3,1,40,3,10,0.5,-35,3,5,22.5,15,19.5125837,-99.1295635,rssi_avg20_ge_-35dbm (-34.951 dBm),robust_mean,315.0,-64.686,-65.197,150.0,-70.788,-71.525,60.0,-70.987,-72.745,,,,,,
2026-08-20T10:37:20.776,42.968,0.265,9361,BD,BARRIDO_DISCRETO,29.7,1,1,O,OFFBOARD,60.2,60.0,0.2,60.0,1,D,1,BC,0,0.0,40,,,,9.2,-0.12,-0.08,-8.73,19.5124276,-99.129338,19.5124284,-99.1293366,19.5124283,-99.1293389,315.0,1,1,1,A,EN AIRE,S,comenzar_barrido,1,,-73.0,-70.582,60.0,1,,D,8,45,1,15,2,3,1,40,3,10,0.5,-35,3,5,22.5,15,19.5125837,-99.1295635,rssi_avg20_ge_-35dbm (-34.951 dBm),robust_mean,315.0,-64.686,-65.197,150.0,-70.788,-71.525,60.0,-70.987,-72.745,,,,,,
2026-08-20T10:37:20.886,43.079,0.11,9361,BD,BARRIDO_DISCRETO,29.7,1,1,O,OFFBOARD,60.6,60.0,0.6,60.0,1,D,1,BC,0,0.0,40,,,,9.2,-0.1,-0.07,-8.73,19.5124277,-99.1293379,19.5124284,-99.1293366,19.5124283,-99.1293389,315.0,1,1,1,A,EN AIRE,S,comenzar_barrido,1,,-70.0,-70.524,60.0,1,,D,8,45,1,15,2,3,1,40,3,10,0.5,-35,3,5,22.5,15,19.5125837,-99.1295635,rssi_avg20_ge_-35dbm (-34.951 dBm),robust_mean,315.0,-64.686,-65.197,150.0,-70.788,-71.525,60.0,-70.987,-72.745,,,,,,
2026-08-20T10:37:21.034,43.226,0.266,9361,BD,BARRIDO_DISCRETO,29.7,1,1,O,OFFBOARD,60.6,60.0,0.6,60.0,1,D,1,BC,0,0.0,40,,,,9.2,-0.1,-0.07,-8.73,19.5124277,-99.1293379,19.5124284,-99.1293366,19.5124283,-99.1293389,315.0,1,1,1,A,EN AIRE,S,comenzar_barrido,1,,-72.0,-70.671,60.0,1,,D,8,45,1,15,2,3,1,40,3,10,0.5,-35,3,5,22.5,15,19.5125837,-99.1295635,rssi_avg20_ge_-35dbm (-34.951 dBm),robust_mean,315.0,-64.686,-65.197,150.0,-70.788,-71.525,60.0,-70.987,-72.745,,,,,,
2026-08-20T10:37:21.215,43.408,0.0,9361,BD,BARRIDO_DISCRETO,29.7,1,1,O,OFFBOARD,60.5,60.0,0.5,60.0,1,D,1,BC,0,0.0,40,,,,9.2,-0.1,-0.07,-8.73,19.5124278,-99.129338,19.5124284,-99.1293366,19.5124283,-99.1293389,315.0,1,1,1,A,EN AIRE,S,comenzar_barrido,1,,-77.0,-71.304,60.0,1,,D,8,45,1,15,2,3,1,40,3,10,0.5,-35,3,5,22.5,15,19.5125837,-99.1295635,rssi_avg20_ge_-35dbm (-34.951 dBm),robust_mean,315.0,-64.686,-65.197,150.0,-70.788,-71.525,60.0,-70.987,-72.745,,,,,,
2026-08-20T10:37:21.427,43.62,0.11,9361,BD,BARRIDO_DISCRETO,29.7,1,1,O,OFFBOARD,60.2,60.0,0.2,60.0,1,D,1,BC,0,0.0,40,,,,9.2,-0.09,-0.08,-8.74,19.5124278,-99.129338,19.5124284,-99.1293366,19.5124283,-99.1293389,315.0,1,1,1,A,EN AIRE,S,comenzar_barrido,1,,-72.0,-71.374,60.0,1,,D,8,45,1,15,2,3,1,40,3,10,0.5,-35,3,5,22.5,15,19.5125837,-99.1295635,rssi_avg20_ge_-35dbm (-34.951 dBm),robust_mean,315.0,-64.686,-65.197,150.0,-70.788,-71.525,60.0,-70.987,-72.745,,,,,,
2026-08-20T10:37:21.576,43.768,0.25,9361,BD,BARRIDO_DISCRETO,29.7,1,1,O,OFFBOARD,60.2,60.0,0.2,60.0,1,D,1,BC,0,0.0,40,,,,9.2,-0.09,-0.08,-8.74,19.5124278,-99.129338,19.5124284,-99.1293366,19.5124283,-99.1293389,315.0,1,1,1,A,EN AIRE,S,comenzar_barrido,1,,-73.0,-71.536,60.0,1,,D,8,45,1,15,2,3,1,40,3,10,0.5,-35,3,5,22.5,15,19.5125837,-99.1295635,rssi_avg20_ge_-35dbm (-34.951 dBm),robust_mean,315.0,-64.686,-65.197,150.0,-70.788,-71.525,60.0,-70.987,-72.745,,,,,,
2026-08-20T10:37:21.822,44.015,0.5,9361,BD,BARRIDO_DISCRETO,29.7,1,1,O,OFFBOARD,60.2,60.0,0.2,60.0,1,D,1,BC,0,0.0,40,,,,9.2,-0.09,-0.08,-8.74,19.5124278,-99.129338,19.5124284,-99.1293366,19.5124283,-99.1293389,315.0,1,1,1,A,EN AIRE,S,comenzar_barrido,1,,-75.0,-71.883,60.0,1,,D,8,45,1,15,2,3,1,40,3,10,0.5,-35,3,5,22.5,15,19.5125837,-99.1295635,rssi_avg20_ge_-35dbm (-34.951 dBm),robust_mean,315.0,-64.686,-65.197,150.0,-70.788,-71.525,60.0,-70.987,-72.745,,,,,,
2026-08-20T10:37:22.093,44.285,0.766,9361,BD,BARRIDO_DISCRETO,29.7,1,1,O,OFFBOARD,60.2,60.0,0.2,60.0,1,D,1,BC,0,0.0,40,,,,9.2,-0.09,-0.08,-8.74,19.5124278,-99.129338,19.5124284,-99.1293366,19.5124283,-99.1293389,315.0,1,1,1,A,EN AIRE,S,comenzar_barrido,1,,-75.0,-72.194,,0,telemetry_stale,D,8,45,1,15,2,3,1,40,3,10,0.5,-35,3,5,22.5,15,19.5125837,-99.1295635,rssi_avg20_ge_-35dbm (-34.951 dBm),robust_mean,315.0,-64.686,-65.197,150.0,-70.788,-71.525,60.0,-70.987,-72.745,,,,,,
2026-08-20T10:37:22.516,44.709,0.11,9361,BD,BARRIDO_DISCRETO,32.6,1,1,O,OFFBOARD,78.3,75.0,3.3,75.0,1,D,1,BC,0,0.0,40,,,,9.2,-0.1,-0.1,-8.76,19.5124276,-99.1293381,19.5124284,-99.1293366,19.5124283,-99.1293389,315.0,1,1,1,A,EN AIRE,S,comenzar_barrido,1,,-75.0,-72.475,75.0,1,,D,8,45,1,15,2,3,1,40,3,10,0.5,-35,3,5,22.5,15,19.5125837,-99.1295635,rssi_avg20_ge_-35dbm (-34.951 dBm),robust_mean,315.0,-64.686,-65.197,150.0,-70.788,-71.525,60.0,-70.987,-72.745,,,,,,
2026-08-20T10:37:22.672,44.864,0.266,9361,BD,BARRIDO_DISCRETO,32.6,1,1,O,OFFBOARD,78.3,75.0,3.3,75.0,1,D,1,BC,0,0.0,40,,,,9.2,-0.1,-0.1,-8.76,19.5124276,-99.1293381,19.5124284,-99.1293366,19.5124283,-99.1293389,315.0,1,1,1,A,EN AIRE,S,comenzar_barrido,1,,-72.0,-72.427,75.0,1,,D,8,45,1,15,2,3,1,40,3,10,0.5,-35,3,5,22.5,15,19.5125837,-99.1295635,rssi_avg20_ge_-35dbm (-34.951 dBm),robust_mean,315.0,-64.686,-65.197,150.0,-70.788,-71.525,60.0,-70.987,-72.745,,,,,,
2026-08-20T10:37:22.772,44.964,0.375,9361,BD,BARRIDO_DISCRETO,32.6,1,1,O,OFFBOARD,78.3,75.0,3.3,75.0,1,D,1,BC,0,0.0,40,,,,9.2,-0.1,-0.1,-8.76,19.5124276,-99.1293381,19.5124284,-99.1293366,19.5124283,-99.1293389,315.0,1,1,1,A,EN AIRE,S,comenzar_barrido,1,,-71.0,-72.285,75.0,1,,D,8,45,1,15,2,3,1,40,3,10,0.5,-35,3,5,22.5,15,19.5125837,-99.1295635,rssi_avg20_ge_-35dbm (-34.951 dBm),robust_mean,315.0,-64.686,-65.197,150.0,-70.788,-71.525,60.0,-70.987,-72.745,,,,,,
2026-08-20T10:37:22.931,45.123,0.532,9361,BD,BARRIDO_DISCRETO,32.6,1,1,O,OFFBOARD,78.3,75.0,3.3,75.0,1,D,1,BC,0,0.0,40,,,,9.2,-0.1,-0.1,-8.76,19.5124276,-99.1293381,19.5124284,-99.1293366,19.5124283,-99.1293389,315.0,1,1,1,A,EN AIRE,S,comenzar_barrido,1,,-73.0,-72.356,75.0,1,,D,8,45,1,15,2,3,1,40,3,10,0.5,-35,3,5,22.5,15,19.5125837,-99.1295635,rssi_avg20_ge_-35dbm (-34.951 dBm),robust_mean,315.0,-64.686,-65.197,150.0,-70.788,-71.525,60.0,-70.987,-72.745,,,,,,
2026-08-20T10:37:23.204,45.396,0.797,9361,BD,BARRIDO_DISCRETO,32.6,1,1,O,OFFBOARD,78.3,75.0,3.3,75.0,1,D,1,BC,0,0.0,40,,,,9.2,-0.1,-0.1,-8.76,19.5124276,-99.1293381,19.5124284,-99.1293366,19.5124283,-99.1293389,315.0,1,1,1,A,EN AIRE,S,comenzar_barrido,1,,-73.0,-72.421,,0,telemetry_stale,D,8,45,1,15,2,3,1,40,3,10,0.5,-35,3,5,22.5,15,19.5125837,-99.1295635,rssi_avg20_ge_-35dbm (-34.951 dBm),robust_mean,315.0,-64.686,-65.197,150.0,-70.788,-71.525,60.0,-70.987,-72.745,,,,,,
2026-08-20T10:37:23.206,45.398,0.813,9361,BD,BARRIDO_DISCRETO,32.6,1,1,O,OFFBOARD,78.3,75.0,3.3,75.0,1,D,1,BC,0,0.0,40,,,,9.2,-0.1,-0.1,-8.76,19.5124276,-99.1293381,19.5124284,-99.1293366,19.5124283,-99.1293389,315.0,1,1,1,A,EN AIRE,S,comenzar_barrido,1,,-74.0,-72.579,,0,telemetry_stale,D,8,45,1,15,2,3,1,40,3,10,0.5,-35,3,5,22.5,15,19.5125837,-99.1295635,rssi_avg20_ge_-35dbm (-34.951 dBm),robust_mean,315.0,-64.686,-65.197,150.0,-70.788,-71.525,60.0,-70.987,-72.745,,,,,,
2026-08-20T10:37:23.482,45.675,0.0,9361,BD,BARRIDO_DISCRETO,32.6,1,1,O,OFFBOARD,75.1,75.0,0.1,75.0,1,D,1,BC,0,0.0,40,,,,9.1,-0.06,-0.08,-8.69,19.5124281,-99.129338,19.5124284,-99.1293366,19.5124283,-99.1293389,315.0,1,1,1,A,EN AIRE,S,comenzar_barrido,1,,-73.0,-72.621,75.0,1,,D,8,45,1,15,2,3,1,40,3,10,0.5,-35,3,5,22.5,15,19.5125837,-99.1295635,rssi_avg20_ge_-35dbm (-34.951 dBm),robust_mean,315.0,-64.686,-65.197,150.0,-70.788,-71.525,60.0,-70.987,-72.745,,,,,,
2026-08-20T10:37:23.703,45.895,0.093,9361,BD,BARRIDO_DISCRETO,32.6,1,1,O,OFFBOARD,74.9,75.0,-0.1,75.0,1,D,1,BC,0,0.0,40,,,,9.1,-0.04,-0.09,-8.7,19.5124284,-99.1293381,19.5124284,-99.1293366,19.5124283,-99.1293389,315.0,1,1,1,A,EN AIRE,S,comenzar_barrido,1,,-73.0,-72.659,75.0,1,,D,8,45,1,15,2,3,1,40,3,10,0.5,-35,3,5,22.5,15,19.5125837,-99.1295635,rssi_avg20_ge_-35dbm (-34.951 dBm),robust_mean,315.0,-64.686,-65.197,150.0,-70.788,-71.525,60.0,-70.987,-72.745,,,,,,
2026-08-20T10:37:23.992,46.184,0.015,9361,BD,BARRIDO_DISCRETO,32.6,1,1,O,OFFBOARD,75.2,75.0,0.2,75.0,1,D,1,BC,0,0.0,40,,,,9.1,-0.04,-0.09,-8.7,19.5124285,-99.1293382,19.5124284,-99.1293366,19.5124283,-99.1293389,315.0,1,1,1,A,EN AIRE,S,comenzar_barrido,1,,-72.0,-72.593,75.0,1,,D,8,45,1,15,2,3,1,40,3,10,0.5,-35,3,5,22.5,15,19.5125837,-99.1295635,rssi_avg20_ge_-35dbm (-34.951 dBm),robust_mean,315.0,-64.686,-65.197,150.0,-70.788,-71.525,60.0,-70.987,-72.745,,,,,,
2026-08-20T10:37:24.078,46.271,0.093,9361,BD,BARRIDO_DISCRETO,32.6,1,1,O,OFFBOARD,75.2,75.0,0.2,75.0,1,D,1,BC,0,0.0,40,,,,9.1,-0.04,-0.09,-8.7,19.5124285,-99.1293382,19.5124284,-99.1293366,19.5124283,-99.1293389,315.0,1,1,1,A,EN AIRE,S,comenzar_barrido,1,,-75.0,-72.834,75.0,1,,D,8,45,1,15,2,3,1,40,3,10,0.5,-35,3,5,22.5,15,19.5125837,-99.1295635,rssi_avg20_ge_-35dbm (-34.951 dBm),robust_mean,315.0,-64.686,-65.197,150.0,-70.788,-71.525,60.0,-70.987,-72.745,,,,,,
2026-08-20T10:37:24.504,46.697,0.266,9361,BD,BARRIDO_DISCRETO,32.6,1,1,O,OFFBOARD,74.8,75.0,-0.2,75.0,1,D,1,BC,0,0.0,40,,,,9.1,-0.02,-0.1,-8.71,19.5124285,-99.1293382,19.5124284,-99.1293366,19.5124283,-99.1293389,315.0,1,1,1,A,EN AIRE,S,comenzar_barrido,1,,-71.0,-72.65,75.0,1,,D,8,45,1,15,2,3,1,40,3,10,0.5,-35,3,5,22.5,15,19.5125837,-99.1295635,rssi_avg20_ge_-35dbm (-34.951 dBm),robust_mean,315.0,-64.686,-65.197,150.0,-70.788,-71.525,60.0,-70.987,-72.745,,,,,,
2026-08-20T10:37:24.505,46.698,0.266,9361,BD,BARRIDO_DISCRETO,32.6,1,1,O,OFFBOARD,74.8,75.0,-0.2,75.0,1,D,1,BC,0,0.0,40,,,,9.1,-0.02,-0.1,-8.71,19.5124285,-99.1293382,19.5124284,-99.1293366,19.5124283,-99.1293389,315.0,1,1,1,A,EN AIRE,S,comenzar_barrido,1,,-70.0,-72.385,75.0,1,,D,8,45,1,15,2,3,1,40,3,10,0.5,-35,3,5,22.5,15,19.5125837,-99.1295635,rssi_avg20_ge_-35dbm (-34.951 dBm),robust_mean,315.0,-64.686,-65.197,150.0,-70.788,-71.525,60.0,-70.987,-72.745,,,,,,
2026-08-20T10:37:24.684,46.876,0.0,9361,BD,BARRIDO_DISCRETO,32.6,1,1,O,OFFBOARD,75.3,85.0,-9.7,,0,D,1,BC,0,0.0,40,,,,9.2,-0.02,-0.12,-8.74,19.5124284,-99.1293384,19.5124284,-99.1293366,19.5124283,-99.1293389,315.0,1,1,1,A,EN AIRE,S,comenzar_barrido,1,,-71.0,-72.247,,0,ma0,D,8,45,1,15,2,3,1,40,3,10,0.5,-35,3,5,22.5,15,19.5125837,-99.1295635,rssi_avg20_ge_-35dbm (-34.951 dBm),robust_mean,315.0,-64.686,-65.197,150.0,-70.788,-71.525,60.0,-70.987,-72.745,,,,,,
2026-08-20T10:37:24.770,46.962,0.093,9361,BD,BARRIDO_DISCRETO,32.6,1,1,O,OFFBOARD,75.3,85.0,-9.7,,0,D,1,BC,0,0.0,40,,,,9.2,-0.02,-0.12,-8.74,19.5124284,-99.1293384,19.5124284,-99.1293366,19.5124283,-99.1293389,315.0,1,1,1,A,EN AIRE,S,comenzar_barrido,1,,-72.0,-72.222,,0,ma0,D,8,45,1,15,2,3,1,40,3,10,0.5,-35,3,5,22.5,15,19.5125837,-99.1295635,rssi_avg20_ge_-35dbm (-34.951 dBm),robust_mean,315.0,-64.686,-65.197,150.0,-70.788,-71.525,60.0,-70.987,-72.745,,,,,,
2026-08-20T10:37:24.957,47.15,0.016,9361,BD,BARRIDO_DISCRETO,35.5,1,1,O,OFFBOARD,81.3,90.0,-8.7,90.0,1,D,1,BC,0,0.0,40,,,,9.2,-0.04,-0.13,-8.77,19.5124282,-99.1293385,19.5124284,-99.1293366,19.5124283,-99.1293389,315.0,1,1,1,A,EN AIRE,S,comenzar_barrido,1,,-72.0,-72.2,90.0,1,,D,8,45,1,15,2,3,1,40,3,10,0.5,-35,3,5,22.5,15,19.5125837,-99.1295635,rssi_avg20_ge_-35dbm (-34.951 dBm),robust_mean,315.0,-64.686,-65.197,150.0,-70.788,-71.525,60.0,-70.987,-72.745,,,,,,
2026-08-20T10:37:25.159,47.351,0.219,9361,BD,BARRIDO_DISCRETO,35.5,1,1,O,OFFBOARD,81.3,90.0,-8.7,90.0,1,D,1,BC,0,0.0,40,,,,9.2,-0.04,-0.13,-8.77,19.5124282,-99.1293385,19.5124284,-99.1293366,19.5124283,-99.1293389,315.0,1,1,1,A,EN AIRE,S,comenzar_barrido,1,,-75.0,-72.48,90.0,1,,D,8,45,1,15,2,3,1,40,3,10,0.5,-35,3,5,22.5,15,19.5125837,-99.1295635,rssi_avg20_ge_-35dbm (-34.951 dBm),robust_mean,315.0,-64.686,-65.197,150.0,-70.788,-71.525,60.0,-70.987,-72.745,,,,,,
2026-08-20T10:37:25.338,47.53,0.094,9361,BD,BARRIDO_DISCRETO,35.5,1,1,O,OFFBOARD,88.9,90.0,-1.1,90.0,1,D,1,BC,0,0.0,40,,,,9.2,-0.04,-0.13,-8.77,19.512428,-99.1293385,19.5124284,-99.1293366,19.5124283,-99.1293389,315.0,1,1,1,A,EN AIRE,S,comenzar_barrido,1,,-75.0,-72.732,90.0,1,,D,8,45,1,15,2,3,1,40,3,10,0.5,-35,3,5,22.5,15,19.5125837,-99.1295635,rssi_avg20_ge_-35dbm (-34.951 dBm),robust_mean,315.0,-64.686,-65.197,150.0,-70.788,-71.525,60.0,-70.987,-72.745,,,,,,
2026-08-20T10:37:25.612,47.804,0.094,9361,BD,BARRIDO_DISCRETO,35.5,1,1,O,OFFBOARD,92.7,90.0,2.7,90.0,1,D,1,BC,0,0.0,40,,,,9.2,-0.07,-0.13,-8.77,19.5124279,-99.1293385,19.5124284,-99.1293366,19.5124283,-99.1293389,315.0,1,1,1,A,EN AIRE,S,comenzar_barrido,1,,-75.0,-72.959,90.0,1,,D,8,45,1,15,2,3,1,40,3,10,0.5,-35,3,5,22.5,15,19.5125837,-99.1295635,rssi_avg20_ge_-35dbm (-34.951 dBm),robust_mean,315.0,-64.686,-65.197,150.0,-70.788,-71.525,60.0,-70.987,-72.745,,,,,,
2026-08-20T10:37:25.727,47.919,0.204,9361,BD,BARRIDO_DISCRETO,35.5,1,1,O,OFFBOARD,92.7,90.0,2.7,90.0,1,D,1,BC,0,0.0,40,,,,9.2,-0.07,-0.13,-8.77,19.5124279,-99.1293385,19.5124284,-99.1293366,19.5124283,-99.1293389,315.0,1,1,1,A,EN AIRE,S,comenzar_barrido,1,,-74.0,-73.063,90.0,1,,D,8,45,1,15,2,3,1,40,3,10,0.5,-35,3,5,22.5,15,19.5125837,-99.1295635,rssi_avg20_ge_-35dbm (-34.951 dBm),robust_mean,315.0,-64.686,-65.197,150.0,-70.788,-71.525,60.0,-70.987,-72.745,,,,,,
2026-08-20T10:37:26.353,48.546,0.547,9361,BD,BARRIDO_DISCRETO,35.5,1,1,O,OFFBOARD,90.1,90.0,0.1,90.0,1,D,1,BC,0,0.0,40,,,,9.2,-0.1,-0.12,-8.75,19.5124277,-99.1293384,19.5124284,-99.1293366,19.5124283,-99.1293389,315.0,1,1,1,A,EN AIRE,S,comenzar_barrido,1,,-75.0,-73.256,90.0,1,,D,8,45,1,15,2,3,1,40,3,10,0.5,-35,3,5,22.5,15,19.5125837,-99.1295635,rssi_avg20_ge_-35dbm (-34.951 dBm),robust_mean,315.0,-64.686,-65.197,150.0,-70.788,-71.525,60.0,-70.987,-72.745,,,,,,
2026-08-20T10:37:26.353,48.546,0.547,9361,BD,BARRIDO_DISCRETO,35.5,1,1,O,OFFBOARD,90.1,90.0,0.1,90.0,1,D,1,BC,0,0.0,40,,,,9.2,-0.1,-0.12,-8.75,19.5124277,-99.1293384,19.5124284,-99.1293366,19.5124283,-99.1293389,315.0,1,1,1,A,EN AIRE,S,comenzar_barrido,1,,-74.0,-73.331,90.0,1,,D,8,45,1,15,2,3,1,40,3,10,0.5,-35,3,5,22.5,15,19.5125837,-99.1295635,rssi_avg20_ge_-35dbm (-34.951 dBm),robust_mean,315.0,-64.686,-65.197,150.0,-70.788,-71.525,60.0,-70.987,-72.745,,,,,,
2026-08-20T10:37:26.936,49.129,0.188,9361,BD,BARRIDO_DISCRETO,35.5,1,1,O,OFFBOARD,90.2,90.0,0.2,90.0,1,D,1,BC,0,0.0,40,,,,9.1,-0.09,-0.12,-8.71,19.512428,-99.1293385,19.5124284,-99.1293366,19.5124283,-99.1293389,315.0,1,1,1,A,EN AIRE,S,comenzar_barrido,1,,-73.0,-73.298,90.0,1,,D,8,45,1,15,2,3,1,40,3,10,0.5,-35,3,5,22.5,15,19.5125837,-99.1295635,rssi_avg20_ge_-35dbm (-34.951 dBm),robust_mean,315.0,-64.686,-65.197,150.0,-70.788,-71.525,60.0,-70.987,-72.745,,,,,,
2026-08-20T10:37:27.037,49.229,0.297,9361,BD,BARRIDO_DISCRETO,35.5,1,1,O,OFFBOARD,90.2,90.0,0.2,90.0,1,D,1,BC,0,0.0,40,,,,9.1,-0.09,-0.12,-8.71,19.512428,-99.1293385,19.5124284,-99.1293366,19.5124283,-99.1293389,315.0,1,1,1,A,EN AIRE,S,comenzar_barrido,1,,-71.0,-73.068,90.0,1,,D,8,45,1,15,2,3,1,40,3,10,0.5,-35,3,5,22.5,15,19.5125837,-99.1295635,rssi_avg20_ge_-35dbm (-34.951 dBm),robust_mean,315.0,-64.686,-65.197,150.0,-70.788,-71.525,60.0,-70.987,-72.745,,,,,,
2026-08-20T10:37:28.362,50.555,0.578,9361,BD,BARRIDO_DISCRETO,35.5,1,1,O,OFFBOARD,90.6,102.5,-11.9,,0,D,1,BC,0,0.0,40,,,,9.1,-0.06,-0.15,-8.71,19.5124281,-99.1293387,19.5124284,-99.1293366,19.5124283,-99.1293389,315.0,1,1,1,A,EN AIRE,S,comenzar_barrido,1,,-75.0,-73.261,,0,ma0,D,8,45,1,15,2,3,1,40,3,10,0.5,-35,3,5,22.5,15,19.5125837,-99.1295635,rssi_avg20_ge_-35dbm (-34.951 dBm),robust_mean,315.0,-64.686,-65.197,150.0,-70.788,-71.525,60.0,-70.987,-72.745,,,,,,
2026-08-20T10:37:28.954,51.147,0.109,9361,BD,BARRIDO_DISCRETO,38.4,1,1,O,OFFBOARD,105.4,105.0,0.4,105.0,1,D,1,BC,0,0.0,40,,,,10.2,-0.1,-0.19,-8.69,19.5124278,-99.1293391,19.5124284,-99.1293366,19.5124283,-99.1293389,315.0,1,1,1,A,EN AIRE,S,comenzar_barrido,1,,-72.0,-73.135,105.0,1,,D,8,45,1,15,2,3,1,40,3,10,0.5,-35,3,5,22.5,15,19.5125837,-99.1295635,rssi_avg20_ge_-35dbm (-34.951 dBm),robust_mean,315.0,-64.686,-65.197,150.0,-70.788,-71.525,60.0,-70.987,-72.745,,,,,,
2026-08-20T10:37:30.885,53.077,0.36,9361,BD,BARRIDO_DISCRETO,38.4,1,1,O,OFFBOARD,104.7,105.0,-0.3,105.0,1,D,1,BC,0,0.0,40,,,,10.2,-0.08,-0.16,-8.66,19.5124279,-99.1293387,19.5124284,-99.1293366,19.5124283,-99.1293389,315.0,1,1,1,A,EN AIRE,S,comenzar_barrido,1,,-70.0,-72.822,105.0,1,,D,8,45,1,15,2,3,1,40,3,10,0.5,-35,3,5,22.5,15,19.5125837,-99.1295635,rssi_avg20_ge_-35dbm (-34.951 dBm),robust_mean,315.0,-64.686,-65.197,150.0,-70.788,-71.525,60.0,-70.987,-72.745,,,,,,
2026-08-20T10:37:30.969,53.161,0.438,9361,BD,BARRIDO_DISCRETO,38.4,1,1,O,OFFBOARD,104.7,105.0,-0.3,105.0,1,D,1,BC,0,0.0,40,,,,10.2,-0.08,-0.16,-8.66,19.5124279,-99.1293387,19.5124284,-99.1293366,19.5124283,-99.1293389,315.0,1,1,1,A,EN AIRE,S,comenzar_barrido,1,,-70.0,-72.539,105.0,1,,D,8,45,1,15,2,3,1,40,3,10,0.5,-35,3,5,22.5,15,19.5125837,-99.1295635,rssi_avg20_ge_-35dbm (-34.951 dBm),robust_mean,315.0,-64.686,-65.197,150.0,-70.788,-71.525,60.0,-70.987,-72.745,,,,,,
2026-08-20T10:37:30.969,53.161,0.438,9361,BD,BARRIDO_DISCRETO,38.4,1,1,O,OFFBOARD,104.7,105.0,-0.3,105.0,1,D,1,BC,0,0.0,40,,,,10.2,-0.08,-0.16,-8.66,19.5124279,-99.1293387,19.5124284,-99.1293366,19.5124283,-99.1293389,315.0,1,1,1,A,EN AIRE,S,comenzar_barrido,1,,-72.0,-72.485,105.0,1,,D,8,45,1,15,2,3,1,40,3,10,0.5,-35,3,5,22.5,15,19.5125837,-99.1295635,rssi_avg20_ge_-35dbm (-34.951 dBm),robust_mean,315.0,-64.686,-65.197,150.0,-70.788,-71.525,60.0,-70.987,-72.745,,,,,,
2026-08-20T10:37:31.041,53.233,0.516,9361,BD,BARRIDO_DISCRETO,38.4,1,1,O,OFFBOARD,104.7,105.0,-0.3,105.0,1,D,1,BC,0,0.0,40,,,,10.2,-0.08,-0.16,-8.66,19.5124279,-99.1293387,19.5124284,-99.1293366,19.5124283,-99.1293389,315.0,1,1,1,A,EN AIRE,S,comenzar_barrido,1,,-70.0,-72.237,105.0,1,,D,8,45,1,15,2,3,1,40,3,10,0.5,-35,3,5,22.5,15,19.5125837,-99.1295635,rssi_avg20_ge_-35dbm (-34.951 dBm),robust_mean,315.0,-64.686,-65.197,150.0,-70.788,-71.525,60.0,-70.987,-72.745,,,,,,
2026-08-20T10:37:31.041,53.233,0.516,9361,BD,BARRIDO_DISCRETO,38.4,1,1,O,OFFBOARD,104.7,105.0,-0.3,105.0,1,D,1,BC,0,0.0,40,,,,10.2,-0.08,-0.16,-8.66,19.5124279,-99.1293387,19.5124284,-99.1293366,19.5124283,-99.1293389,315.0,1,1,1,A,EN AIRE,S,comenzar_barrido,1,,-70.0,-72.013,105.0,1,,D,8,45,1,15,2,3,1,40,3,10,0.5,-35,3,5,22.5,15,19.5125837,-99.1295635,rssi_avg20_ge_-35dbm (-34.951 dBm),robust_mean,315.0,-64.686,-65.197,150.0,-70.788,-71.525,60.0,-70.987,-72.745,,,,,,
2026-08-20T10:37:31.196,53.388,0.672,9361,BD,BARRIDO_DISCRETO,38.4,1,1,O,OFFBOARD,104.7,105.0,-0.3,105.0,1,D,1,BC,0,0.0,40,,,,10.2,-0.08,-0.16,-8.66,19.5124279,-99.1293387,19.5124284,-99.1293366,19.5124283,-99.1293389,315.0,1,1,1,A,EN AIRE,S,comenzar_barrido,1,,-70.0,-71.812,105.0,1,,D,8,45,1,15,2,3,1,40,3,10,0.5,-35,3,5,22.5,15,19.5125837,-99.1295635,rssi_avg20_ge_-35dbm (-34.951 dBm),robust_mean,315.0,-64.686,-65.197,150.0,-70.788,-71.525,60.0,-70.987,-72.745,,,,,,
2026-08-20T10:37:31.196,53.388,0.672,9361,BD,BARRIDO_DISCRETO,38.4,1,1,O,OFFBOARD,104.7,105.0,-0.3,105.0,1,D,1,BC,0,0.0,40,,,,10.2,-0.08,-0.16,-8.66,19.5124279,-99.1293387,19.5124284,-99.1293366,19.5124283,-99.1293389,315.0,1,1,1,A,EN AIRE,S,comenzar_barrido,1,,-70.0,-71.631,105.0,1,,D,8,45,1,15,2,3,1,40,3,10,0.5,-35,3,5,22.5,15,19.5125837,-99.1295635,rssi_avg20_ge_-35dbm (-34.951 dBm),robust_mean,315.0,-64.686,-65.197,150.0,-70.788,-71.525,60.0,-70.987,-72.745,,,,,,
2026-08-20T10:37:31.375,53.568,0.172,9361,BD,BARRIDO_DISCRETO,41.3,1,1,O,OFFBOARD,118.8,120.0,-1.2,120.0,1,D,1,BC,0,0.0,40,,,,10.1,-0.08,-0.15,-8.64,19.5124279,-99.1293387,19.5124284,-99.1293366,19.5124283,-99.1293389,315.0,1,1,1,A,EN AIRE,S,comenzar_barrido,1,,-71.0,-71.568,120.0,1,,D,8,45,1,15,2,3,1,40,3,10,0.5,-35,3,5,22.5,15,19.5125837,-99.1295635,rssi_avg20_ge_-35dbm (-34.951 dBm),robust_mean,315.0,-64.686,-65.197,150.0,-70.788,-71.525,60.0,-70.987,-72.745,,,,,,
2026-08-20T10:37:31.375,53.568,0.172,9361,BD,BARRIDO_DISCRETO,41.3,1,1,O,OFFBOARD,118.8,120.0,-1.2,120.0,1,D,1,BC,0,0.0,40,,,,10.1,-0.08,-0.15,-8.64,19.5124279,-99.1293387,19.5124284,-99.1293366,19.5124283,-99.1293389,315.0,1,1,1,A,EN AIRE,S,comenzar_barrido,1,,-69.0,-71.311,120.0,1,,D,8,45,1,15,2,3,1,40,3,10,0.5,-35,3,5,22.5,15,19.5125837,-99.1295635,rssi_avg20_ge_-35dbm (-34.951 dBm),robust_mean,315.0,-64.686,-65.197,150.0,-70.788,-71.525,60.0,-70.987,-72.745,,,,,,
2026-08-20T10:37:31.376,53.569,0.172,9361,BD,BARRIDO_DISCRETO,41.3,1,1,O,OFFBOARD,118.8,120.0,-1.2,120.0,1,D,1,BC,0,0.0,40,,,,10.1,-0.08,-0.15,-8.64,19.5124279,-99.1293387,19.5124284,-99.1293366,19.5124283,-99.1293389,315.0,1,1,1,A,EN AIRE,S,comenzar_barrido,1,,-69.0,-71.08,120.0,1,,D,8,45,1,15,2,3,1,40,3,10,0.5,-35,3,5,22.5,15,19.5125837,-99.1295635,rssi_avg20_ge_-35dbm (-34.951 dBm),robust_mean,315.0,-64.686,-65.197,150.0,-70.788,-71.525,60.0,-70.987,-72.745,,,,,,
2026-08-20T10:37:31.548,53.741,0.344,9361,BD,BARRIDO_DISCRETO,41.3,1,1,O,OFFBOARD,118.8,120.0,-1.2,120.0,1,D,1,BC,0,0.0,40,,,,10.1,-0.08,-0.15,-8.64,19.5124279,-99.1293387,19.5124284,-99.1293366,19.5124283,-99.1293389,315.0,1,1,1,A,EN AIRE,S,comenzar_barrido,1,,-70.0,-70.972,120.0,1,,D,8,45,1,15,2,3,1,40,3,10,0.5,-35,3,5,22.5,15,19.5125837,-99.1295635,rssi_avg20_ge_-35dbm (-34.951 dBm),robust_mean,315.0,-64.686,-65.197,150.0,-70.788,-71.525,60.0,-70.987,-72.745,,,,,,
2026-08-20T10:37:31.733,53.925,0.532,9361,BD,BARRIDO_DISCRETO,41.3,1,1,O,OFFBOARD,118.8,120.0,-1.2,120.0,1,D,1,BC,0,0.0,40,,,,10.1,-0.08,-0.15,-8.64,19.5124279,-99.1293387,19.5124284,-99.1293366,19.5124283,-99.1293389,315.0,1,1,1,A,EN AIRE,S,comenzar_barrido,1,,-69.0,-70.775,120.0,1,,D,8,45,1,15,2,3,1,40,3,10,0.5,-35,3,5,22.5,15,19.5125837,-99.1295635,rssi_avg20_ge_-35dbm (-34.951 dBm),robust_mean,315.0,-64.686,-65.197,150.0,-70.788,-71.525,60.0,-70.987,-72.745,,,,,,
2026-08-20T10:37:31.841,54.033,0.0,9361,BD,BARRIDO_DISCRETO,41.3,1,1,O,OFFBOARD,121.8,120.0,1.8,120.0,1,D,1,BC,0,0.0,40,,,,10.1,-0.09,-0.15,-8.64,19.5124279,-99.1293387,19.5124284,-99.1293366,19.5124283,-99.1293389,315.0,1,1,1,A,EN AIRE,S,comenzar_barrido,1,,-70.0,-70.697,120.0,1,,D,8,45,1,15,2,3,1,40,3,10,0.5,-35,3,5,22.5,15,19.5125837,-99.1295635,rssi_avg20_ge_-35dbm (-34.951 dBm),robust_mean,315.0,-64.686,-65.197,150.0,-70.788,-71.525,60.0,-70.987,-72.745,,,,,,
2026-08-20T10:37:31.928,54.121,0.094,9361,BD,BARRIDO_DISCRETO,41.3,1,1,O,OFFBOARD,121.8,120.0,1.8,120.0,1,D,1,BC,0,0.0,40,,,,10.1,-0.09,-0.15,-8.64,19.5124279,-99.1293387,19.5124284,-99.1293366,19.5124283,-99.1293389,315.0,1,1,1,A,EN AIRE,S,comenzar_barrido,1,,-72.0,-70.827,120.0,1,,D,8,45,1,15,2,3,1,40,3,10,0.5,-35,3,5,22.5,15,19.5125837,-99.1295635,rssi_avg20_ge_-35dbm (-34.951 dBm),robust_mean,315.0,-64.686,-65.197,150.0,-70.788,-71.525,60.0,-70.987,-72.745,,,,,,
2026-08-20T10:37:32.323,54.515,0.109,9361,BD,BARRIDO_DISCRETO,41.3,1,1,O,OFFBOARD,119.3,120.0,-0.7,120.0,1,D,1,BC,0,0.0,40,,,,10.2,-0.08,-0.14,-8.67,19.512428,-99.1293386,19.5124284,-99.1293366,19.5124283,-99.1293389,315.0,1,1,1,A,EN AIRE,S,comenzar_barrido,1,,-73.0,-71.045,120.0,1,,D,8,45,1,15,2,3,1,40,3,10,0.5,-35,3,5,22.5,15,19.5125837,-99.1295635,rssi_avg20_ge_-35dbm (-34.951 dBm),robust_mean,315.0,-64.686,-65.197,150.0,-70.788,-71.525,60.0,-70.987,-72.745,,,,,,
2026-08-20T10:37:32.324,54.517,0.109,9361,BD,BARRIDO_DISCRETO,41.3,1,1,O,OFFBOARD,119.3,120.0,-0.7,120.0,1,D,1,BC,0,0.0,40,,,,10.2,-0.08,-0.14,-8.67,19.512428,-99.1293386,19.5124284,-99.1293366,19.5124283,-99.1293389,315.0,1,1,1,A,EN AIRE,S,comenzar_barrido,1,,-73.0,-71.24,120.0,1,,D,8,45,1,15,2,3,1,40,3,10,0.5,-35,3,5,22.5,15,19.5125837,-99.1295635,rssi_avg20_ge_-35dbm (-34.951 dBm),robust_mean,315.0,-64.686,-65.197,150.0,-70.788,-71.525,60.0,-70.987,-72.745,,,,,,
2026-08-20T10:37:32.324,54.517,0.109,9361,BD,BARRIDO_DISCRETO,41.3,1,1,O,OFFBOARD,119.3,120.0,-0.7,120.0,1,D,1,BC,0,0.0,40,,,,10.2,-0.08,-0.14,-8.67,19.512428,-99.1293386,19.5124284,-99.1293366,19.5124283,-99.1293389,315.0,1,1,1,A,EN AIRE,S,comenzar_barrido,1,,-73.0,-71.416,120.0,1,,D,8,45,1,15,2,3,1,40,3,10,0.5,-35,3,5,22.5,15,19.5125837,-99.1295635,rssi_avg20_ge_-35dbm (-34.951 dBm),robust_mean,315.0,-64.686,-65.197,150.0,-70.788,-71.525,60.0,-70.987,-72.745,,,,,,
2026-08-20T10:37:32.543,54.736,0.328,9361,BD,BARRIDO_DISCRETO,41.3,1,1,O,OFFBOARD,119.3,120.0,-0.7,120.0,1,D,1,BC,0,0.0,40,,,,10.2,-0.08,-0.14,-8.67,19.512428,-99.1293386,19.5124284,-99.1293366,19.5124283,-99.1293389,315.0,1,1,1,A,EN AIRE,S,comenzar_barrido,1,,-72.0,-71.475,120.0,1,,D,8,45,1,15,2,3,1,40,3,10,0.5,-35,3,5,22.5,15,19.5125837,-99.1295635,rssi_avg20_ge_-35dbm (-34.951 dBm),robust_mean,315.0,-64.686,-65.197,150.0,-70.788,-71.525,60.0,-70.987,-72.745,,,,,,
2026-08-20T10:37:32.543,54.736,0.328,9361,BD,BARRIDO_DISCRETO,41.3,1,1,O,OFFBOARD,119.3,120.0,-0.7,120.0,1,D,1,BC,0,0.0,40,,,,10.2,-0.08,-0.14,-8.67,19.512428,-99.1293386,19.5124284,-99.1293366,19.5124283,-99.1293389,315.0,1,1,1,A,EN AIRE,S,comenzar_barrido,1,,-72.0,-71.527,120.0,1,,D,8,45,1,15,2,3,1,40,3,10,0.5,-35,3,5,22.5,15,19.5125837,-99.1295635,rssi_avg20_ge_-35dbm (-34.951 dBm),robust_mean,315.0,-64.686,-65.197,150.0,-70.788,-71.525,60.0,-70.987,-72.745,,,,,,
2026-08-20T10:37:32.789,54.982,0.031,9361,BD,BARRIDO_DISCRETO,41.3,1,1,O,OFFBOARD,120.3,120.0,0.3,120.0,1,D,1,BC,0,0.0,40,,,,10.2,-0.07,-0.14,-8.69,19.5124281,-99.1293385,19.5124284,-99.1293366,19.5124283,-99.1293389,315.0,1,1,1,A,EN AIRE,S,comenzar_barrido,1,,-70.0,-71.374,120.0,1,,D,8,45,1,15,2,3,1,40,3,10,0.5,-35,3,5,22.5,15,19.5125837,-99.1295635,rssi_avg20_ge_-35dbm (-34.951 dBm),robust_mean,315.0,-64.686,-65.197,150.0,-70.788,-71.525,60.0,-70.987,-72.745,,,,,,
2026-08-20T10:37:32.950,55.141,0.187,9361,BD,BARRIDO_DISCRETO,41.3,1,1,O,OFFBOARD,120.3,120.0,0.3,120.0,1,D,1,BC,0,0.0,40,,,,10.2,-0.07,-0.14,-8.69,19.5124281,-99.1293385,19.5124284,-99.1293366,19.5124283,-99.1293389,315.0,1,1,1,A,EN AIRE,S,comenzar_barrido,1,,-71.0,-71.337,120.0,1,,D,8,45,1,15,2,3,1,40,3,10,0.5,-35,3,5,22.5,15,19.5125837,-99.1295635,rssi_avg20_ge_-35dbm (-34.951 dBm),robust_mean,315.0,-64.686,-65.197,150.0,-70.788,-71.525,60.0,-70.987,-72.745,,,,,,
2026-08-20T10:37:33.215,55.408,0.453,9361,BD,BARRIDO_DISCRETO,41.3,1,1,O,OFFBOARD,120.3,120.0,0.3,120.0,1,D,1,BC,0,0.0,40,,,,10.2,-0.07,-0.14,-8.69,19.5124281,-99.1293385,19.5124284,-99.1293366,19.5124283,-99.1293389,315.0,1,1,1,A,EN AIRE,S,comenzar_barrido,1,,-70.0,-71.203,120.0,1,,D,8,45,1,15,2,3,1,40,3,10,0.5,-35,3,5,22.5,15,19.5125837,-99.1295635,rssi_avg20_ge_-35dbm (-34.951 dBm),robust_mean,315.0,-64.686,-65.197,150.0,-70.788,-71.525,60.0,-70.987,-72.745,,,,,,
2026-08-20T10:37:33.330,55.523,0.578,9361,BD,BARRIDO_DISCRETO,41.3,1,1,O,OFFBOARD,120.3,120.0,0.3,120.0,1,D,1,BC,0,0.0,40,,,,10.2,-0.07,-0.14,-8.69,19.5124281,-99.1293385,19.5124284,-99.1293366,19.5124283,-99.1293389,315.0,1,1,1,A,EN AIRE,S,comenzar_barrido,1,,-70.0,-71.083,120.0,1,,D,8,45,1,15,2,3,1,40,3,10,0.5,-35,3,5,22.5,15,19.5125837,-99.1295635,rssi_avg20_ge_-35dbm (-34.951 dBm),robust_mean,315.0,-64.686,-65.197,150.0,-70.788,-71.525,60.0,-70.987,-72.745,,,,,,
2026-08-20T10:37:33.484,55.676,0.719,9361,BD,BARRIDO_DISCRETO,41.3,1,1,O,OFFBOARD,120.3,120.0,0.3,120.0,1,D,1,BC,0,0.0,40,,,,10.2,-0.07,-0.14,-8.69,19.5124281,-99.1293385,19.5124284,-99.1293366,19.5124283,-99.1293389,315.0,1,1,1,A,EN AIRE,S,comenzar_barrido,1,,-71.0,-71.075,120.0,1,,D,8,45,1,15,2,3,1,40,3,10,0.5,-35,3,5,22.5,15,19.5125837,-99.1295635,rssi_avg20_ge_-35dbm (-34.951 dBm),robust_mean,315.0,-64.686,-65.197,150.0,-70.788,-71.525,60.0,-70.987,-72.745,,,,,,
2026-08-20T10:37:33.623,55.816,0.859,9361,BD,BARRIDO_DISCRETO,41.3,1,1,O,OFFBOARD,120.3,120.0,0.3,120.0,1,D,1,BC,0,0.0,40,,,,10.2,-0.07,-0.14,-8.69,19.5124281,-99.1293385,19.5124284,-99.1293366,19.5124283,-99.1293389,315.0,1,1,1,A,EN AIRE,S,comenzar_barrido,1,,-71.0,-71.067,,0,telemetry_stale,D,8,45,1,15,2,3,1,40,3,10,0.5,-35,3,5,22.5,15,19.5125837,-99.1295635,rssi_avg20_ge_-35dbm (-34.951 dBm),robust_mean,315.0,-64.686,-65.197,150.0,-70.788,-71.525,60.0,-70.987,-72.745,,,,,,
2026-08-20T10:37:33.623,55.816,0.859,9361,BD,BARRIDO_DISCRETO,41.3,1,1,O,OFFBOARD,120.3,120.0,0.3,120.0,1,D,1,BC,0,0.0,40,,,,10.2,-0.07,-0.14,-8.69,19.5124281,-99.1293385,19.5124284,-99.1293366,19.5124283,-99.1293389,315.0,1,1,1,A,EN AIRE,S,comenzar_barrido,1,,-72.0,-71.16,,0,telemetry_stale,D,8,45,1,15,2,3,1,40,3,10,0.5,-35,3,5,22.5,15,19.5125837,-99.1295635,rssi_avg20_ge_-35dbm (-34.951 dBm),robust_mean,315.0,-64.686,-65.197,150.0,-70.788,-71.525,60.0,-70.987,-72.745,,,,,,
2026-08-20T10:37:34.060,56.253,0.25,9361,BD,BARRIDO_DISCRETO,41.3,1,1,O,OFFBOARD,120.0,127.5,-7.5,,0,D,1,BC,0,0.0,40,,,,10.2,-0.04,-0.14,-8.73,19.5124284,-99.1293385,19.5124284,-99.1293366,19.5124283,-99.1293389,315.0,1,1,1,A,EN AIRE,S,comenzar_barrido,1,,-73.0,-71.344,,0,ma0,D,8,45,1,15,2,3,1,40,3,10,0.5,-35,3,5,22.5,15,19.5125837,-99.1295635,rssi_avg20_ge_-35dbm (-34.951 dBm),robust_mean,315.0,-64.686,-65.197,150.0,-70.788,-71.525,60.0,-70.987,-72.745,,,,,,
2026-08-20T10:37:34.061,56.254,0.25,9361,BD,BARRIDO_DISCRETO,41.3,1,1,O,OFFBOARD,120.0,127.5,-7.5,,0,D,1,BC,0,0.0,40,,,,10.2,-0.04,-0.14,-8.73,19.5124284,-99.1293385,19.5124284,-99.1293366,19.5124283,-99.1293389,315.0,1,1,1,A,EN AIRE,S,comenzar_barrido,1,,-73.0,-71.51,,0,ma0,D,8,45,1,15,2,3,1,40,3,10,0.5,-35,3,5,22.5,15,19.5125837,-99.1295635,rssi_avg20_ge_-35dbm (-34.951 dBm),robust_mean,315.0,-64.686,-65.197,150.0,-70.788,-71.525,60.0,-70.987,-72.745,,,,,,
2026-08-20T10:37:34.324,56.517,0.265,9361,BD,BARRIDO_DISCRETO,44.2,1,1,O,OFFBOARD,125.0,135.0,-10.0,135.0,1,D,1,BC,0,0.0,40,,,,10.2,-0.03,-0.14,-8.74,19.5124284,-99.1293385,19.5124284,-99.1293366,19.5124283,-99.1293389,315.0,1,1,1,A,EN AIRE,S,comenzar_barrido,1,,-71.0,-71.459,135.0,1,,D,8,45,1,15,2,3,1,40,3,10,0.5,-35,3,5,22.5,15,19.5125837,-99.1295635,rssi_avg20_ge_-35dbm (-34.951 dBm),robust_mean,315.0,-64.686,-65.197,150.0,-70.788,-71.525,60.0,-70.987,-72.745,,,,,,
2026-08-20T10:37:34.325,56.518,0.265,9361,BD,BARRIDO_DISCRETO,44.2,1,1,O,OFFBOARD,125.0,135.0,-10.0,135.0,1,D,1,BC,0,0.0,40,,,,10.2,-0.03,-0.14,-8.74,19.5124284,-99.1293385,19.5124284,-99.1293366,19.5124283,-99.1293389,315.0,1,1,1,A,EN AIRE,S,comenzar_barrido,1,,-71.0,-71.413,135.0,1,,D,8,45,1,15,2,3,1,40,3,10,0.5,-35,3,5,22.5,15,19.5125837,-99.1295635,rssi_avg20_ge_-35dbm (-34.951 dBm),robust_mean,315.0,-64.686,-65.197,150.0,-70.788,-71.525,60.0,-70.987,-72.745,,,,,,
2026-08-20T10:37:34.503,56.695,0.453,9361,BD,BARRIDO_DISCRETO,44.2,1,1,O,OFFBOARD,125.0,135.0,-10.0,135.0,1,D,1,BC,0,0.0,40,,,,10.2,-0.03,-0.14,-8.74,19.5124284,-99.1293385,19.5124284,-99.1293366,19.5124283,-99.1293389,315.0,1,1,1,A,EN AIRE,S,comenzar_barrido,1,,-71.0,-71.372,135.0,1,,D,8,45,1,15,2,3,1,40,3,10,0.5,-35,3,5,22.5,15,19.5125837,-99.1295635,rssi_avg20_ge_-35dbm (-34.951 dBm),robust_mean,315.0,-64.686,-65.197,150.0,-70.788,-71.525,60.0,-70.987,-72.745,,,,,,
2026-08-20T10:37:34.868,57.06,0.812,9361,BD,BARRIDO_DISCRETO,44.2,1,1,O,OFFBOARD,125.0,135.0,-10.0,135.0,1,D,1,BC,0,0.0,40,,,,10.2,-0.03,-0.14,-8.74,19.5124284,-99.1293385,19.5124284,-99.1293366,19.5124283,-99.1293389,315.0,1,1,1,A,EN AIRE,S,comenzar_barrido,1,,-70.0,-71.235,,0,telemetry_stale,D,8,45,1,15,2,3,1,40,3,10,0.5,-35,3,5,22.5,15,19.5125837,-99.1295635,rssi_avg20_ge_-35dbm (-34.951 dBm),robust_mean,315.0,-64.686,-65.197,150.0,-70.788,-71.525,60.0,-70.987,-72.745,,,,,,
2026-08-20T10:37:34.868,57.06,0.812,9361,BD,BARRIDO_DISCRETO,44.2,1,1,O,OFFBOARD,125.0,135.0,-10.0,135.0,1,D,1,BC,0,0.0,40,,,,10.2,-0.03,-0.14,-8.74,19.5124284,-99.1293385,19.5124284,-99.1293366,19.5124283,-99.1293389,315.0,1,1,1,A,EN AIRE,S,comenzar_barrido,1,,-70.0,-71.111,,0,telemetry_stale,D,8,45,1,15,2,3,1,40,3,10,0.5,-35,3,5,22.5,15,19.5125837,-99.1295635,rssi_avg20_ge_-35dbm (-34.951 dBm),robust_mean,315.0,-64.686,-65.197,150.0,-70.788,-71.525,60.0,-70.987,-72.745,,,,,,
2026-08-20T10:37:34.969,57.162,0.906,9361,BD,BARRIDO_DISCRETO,44.2,1,1,O,OFFBOARD,125.0,135.0,-10.0,135.0,1,D,1,BC,0,0.0,40,,,,10.2,-0.03,-0.14,-8.74,19.5124284,-99.1293385,19.5124284,-99.1293366,19.5124283,-99.1293389,315.0,1,1,1,A,EN AIRE,S,comenzar_barrido,1,,-70.0,-71.0,,0,telemetry_stale,D,8,45,1,15,2,3,1,40,3,10,0.5,-35,3,5,22.5,15,19.5125837,-99.1295635,rssi_avg20_ge_-35dbm (-34.951 dBm),robust_mean,315.0,-64.686,-65.197,150.0,-70.788,-71.525,60.0,-70.987,-72.745,,,,,,
2026-08-20T10:37:35.124,57.317,1.062,9361,BD,BARRIDO_DISCRETO,44.2,1,1,O,OFFBOARD,125.0,135.0,-10.0,135.0,1,D,1,BC,0,0.0,40,,,,10.2,-0.03,-0.14,-8.74,19.5124284,-99.1293385,19.5124284,-99.1293366,19.5124283,-99.1293389,315.0,1,1,1,A,EN AIRE,S,comenzar_barrido,1,,-70.0,-70.9,,0,telemetry_stale,D,8,45,1,15,2,3,1,40,3,10,0.5,-35,3,5,22.5,15,19.5125837,-99.1295635,rssi_avg20_ge_-35dbm (-34.951 dBm),robust_mean,315.0,-64.686,-65.197,150.0,-70.788,-71.525,60.0,-70.987,-72.745,,,,,,
2026-08-20T10:37:35.235,57.428,0.11,9361,BD,BARRIDO_DISCRETO,44.2,1,1,O,OFFBOARD,134.0,135.0,-1.0,135.0,1,D,1,BC,0,0.0,40,,,,10.2,-0.04,-0.12,-8.74,19.5124283,-99.1293384,19.5124284,-99.1293366,19.5124283,-99.1293389,315.0,1,1,1,A,EN AIRE,S,comenzar_barrido,1,,-70.0,-70.81,135.0,1,,D,8,45,1,15,2,3,1,40,3,10,0.5,-35,3,5,22.5,15,19.5125837,-99.1295635,rssi_avg20_ge_-35dbm (-34.951 dBm),robust_mean,315.0,-64.686,-65.197,150.0,-70.788,-71.525,60.0,-70.987,-72.745,,,,,,
2026-08-20T10:37:35.391,57.583,0.266,9361,BD,BARRIDO_DISCRETO,44.2,1,1,O,OFFBOARD,134.0,135.0,-1.0,135.0,1,D,1,BC,0,0.0,40,,,,10.2,-0.04,-0.12,-8.74,19.5124283,-99.1293384,19.5124284,-99.1293366,19.5124283,-99.1293389,315.0,1,1,1,A,EN AIRE,S,comenzar_barrido,1,,-70.0,-70.729,135.0,1,,D,8,45,1,15,2,3,1,40,3,10,0.5,-35,3,5,22.5,15,19.5125837,-99.1295635,rssi_avg20_ge_-35dbm (-34.951 dBm),robust_mean,315.0,-64.686,-65.197,150.0,-70.788,-71.525,60.0,-70.987,-72.745,,,,,,
2026-08-20T10:37:35.511,57.703,0.125,9361,BD,BARRIDO_DISCRETO,44.2,1,1,O,OFFBOARD,134.2,135.0,-0.8,135.0,1,D,1,BC,0,0.0,40,,,,10.2,-0.05,-0.11,-8.73,19.5124282,-99.1293383,19.5124284,-99.1293366,19.5124283,-99.1293389,315.0,1,1,1,A,EN AIRE,S,comenzar_barrido,1,,-71.0,-70.756,135.0,1,,D,8,45,1,15,2,3,1,40,3,10,0.5,-35,3,5,22.5,15,19.5125837,-99.1295635,rssi_avg20_ge_-35dbm (-34.951 dBm),robust_mean,315.0,-64.686,-65.197,150.0,-70.788,-71.525,60.0,-70.987,-72.745,,,,,,
2026-08-20T10:37:35.661,57.853,0.281,9361,BD,BARRIDO_DISCRETO,44.2,1,1,O,OFFBOARD,134.2,135.0,-0.8,135.0,1,D,1,BC,0,0.0,40,,,,10.2,-0.05,-0.11,-8.73,19.5124282,-99.1293383,19.5124284,-99.1293366,19.5124283,-99.1293389,315.0,1,1,1,A,EN AIRE,S,comenzar_barrido,1,,-70.0,-70.681,135.0,1,,D,8,45,1,15,2,3,1,40,3,10,0.5,-35,3,5,22.5,15,19.5125837,-99.1295635,rssi_avg20_ge_-35dbm (-34.951 dBm),robust_mean,315.0,-64.686,-65.197,150.0,-70.788,-71.525,60.0,-70.987,-72.745,,,,,,
2026-08-20T10:37:35.754,57.947,0.375,9361,BD,BARRIDO_DISCRETO,44.2,1,1,O,OFFBOARD,134.2,135.0,-0.8,135.0,1,D,1,BC,0,0.0,40,,,,10.2,-0.05,-0.11,-8.73,19.5124282,-99.1293383,19.5124284,-99.1293366,19.5124283,-99.1293389,315.0,1,1,1,A,EN AIRE,S,comenzar_barrido,1,,-71.0,-70.712,135.0,1,,D,8,45,1,15,2,3,1,40,3,10,0.5,-35,3,5,22.5,15,19.5125837,-99.1295635,rssi_avg20_ge_-35dbm (-34.951 dBm),robust_mean,315.0,-64.686,-65.197,150.0,-70.788,-71.525,60.0,-70.987,-72.745,,,,,,
2026-08-20T10:37:35.903,58.096,0.515,9361,BD,BARRIDO_DISCRETO,44.2,1,1,O,OFFBOARD,134.2,135.0,-0.8,135.0,1,D,1,BC,0,0.0,40,,,,10.2,-0.05,-0.11,-8.73,19.5124282,-99.1293383,19.5124284,-99.1293366,19.5124283,-99.1293389,315.0,1,1,1,A,EN AIRE,S,comenzar_barrido,1,,-73.0,-70.941,135.0,1,,D,8,45,1,15,2,3,1,40,3,10,0.5,-35,3,5,22.5,15,19.5125837,-99.1295635,rssi_avg20_ge_-35dbm (-34.951 dBm),robust_mean,315.0,-64.686,-65.197,150.0,-70.788,-71.525,60.0,-70.987,-72.745,,,,,,
2026-08-20T10:37:36.194,58.387,0.093,9361,BD,BARRIDO_DISCRETO,44.2,1,1,O,OFFBOARD,134.9,135.0,-0.1,135.0,1,D,1,BC,0,0.0,40,,,,10.3,-0.05,-0.14,-8.77,19.5124282,-99.1293386,19.5124284,-99.1293366,19.5124283,-99.1293389,315.0,1,1,1,A,EN AIRE,S,comenzar_barrido,1,,-72.0,-71.047,135.0,1,,D,8,45,1,15,2,3,1,40,3,10,0.5,-35,3,5,22.5,15,19.5125837,-99.1295635,rssi_avg20_ge_-35dbm (-34.951 dBm),robust_mean,315.0,-64.686,-65.197,150.0,-70.788,-71.525,60.0,-70.987,-72.745,,,,,,
2026-08-20T10:37:36.377,58.569,0.265,9361,BD,BARRIDO_DISCRETO,44.2,1,1,O,OFFBOARD,134.9,135.0,-0.1,135.0,1,D,1,BC,0,0.0,40,,,,10.3,-0.05,-0.14,-8.77,19.5124282,-99.1293386,19.5124284,-99.1293366,19.5124283,-99.1293389,315.0,1,1,1,A,EN AIRE,S,comenzar_barrido,1,,-72.0,-71.142,135.0,1,,D,8,45,1,15,2,3,1,40,3,10,0.5,-35,3,5,22.5,15,19.5125837,-99.1295635,rssi_avg20_ge_-35dbm (-34.951 dBm),robust_mean,315.0,-64.686,-65.197,150.0,-70.788,-71.525,60.0,-70.987,-72.745,,,,,,
2026-08-20T10:37:36.573,58.765,0.468,9361,BD,BARRIDO_DISCRETO,44.2,1,1,O,OFFBOARD,134.9,135.0,-0.1,135.0,1,D,1,BC,0,0.0,40,,,,10.3,-0.05,-0.14,-8.77,19.5124282,-99.1293386,19.5124284,-99.1293366,19.5124283,-99.1293389,315.0,1,1,1,A,EN AIRE,S,comenzar_barrido,1,,-73.0,-71.328,135.0,1,,D,8,45,1,15,2,3,1,40,3,10,0.5,-35,3,5,22.5,15,19.5125837,-99.1295635,rssi_avg20_ge_-35dbm (-34.951 dBm),robust_mean,315.0,-64.686,-65.197,150.0,-70.788,-71.525,60.0,-70.987,-72.745,,,,,,
2026-08-20T10:37:36.741,58.933,0.64,9361,BD,BARRIDO_DISCRETO,44.2,1,1,O,OFFBOARD,134.9,135.0,-0.1,135.0,1,D,1,BC,0,0.0,40,,,,10.3,-0.05,-0.14,-8.77,19.5124282,-99.1293386,19.5124284,-99.1293366,19.5124283,-99.1293389,315.0,1,1,1,A,EN AIRE,S,comenzar_barrido,1,,-72.0,-71.395,135.0,1,,D,8,45,1,15,2,3,1,40,3,10,0.5,-35,3,5,22.5,15,19.5125837,-99.1295635,rssi_avg20_ge_-35dbm (-34.951 dBm),robust_mean,315.0,-64.686,-65.197,150.0,-70.788,-71.525,60.0,-70.987,-72.745,,,,,,
2026-08-20T10:37:36.741,58.933,0.64,9361,BD,BARRIDO_DISCRETO,44.2,1,1,O,OFFBOARD,134.9,135.0,-0.1,135.0,1,D,1,BC,0,0.0,40,,,,10.3,-0.05,-0.14,-8.77,19.5124282,-99.1293386,19.5124284,-99.1293366,19.5124283,-99.1293389,315.0,1,1,1,A,EN AIRE,S,comenzar_barrido,1,,-72.0,-71.456,135.0,1,,D,8,45,1,15,2,3,1,40,3,10,0.5,-35,3,5,22.5,15,19.5125837,-99.1295635,rssi_avg20_ge_-35dbm (-34.951 dBm),robust_mean,315.0,-64.686,-65.197,150.0,-70.788,-71.525,60.0,-70.987,-72.745,,,,,,
2026-08-20T10:37:36.923,59.115,0.0,9361,BD,BARRIDO_DISCRETO,44.2,1,1,O,OFFBOARD,135.2,145.0,-9.8,,0,D,1,BC,0,0.0,40,,,,10.3,-0.06,-0.18,-8.8,19.5124281,-99.1293391,19.5124284,-99.1293366,19.5124283,-99.1293389,315.0,1,1,1,A,EN AIRE,S,comenzar_barrido,1,,-71.0,-71.41,,0,ma0,D,8,45,1,15,2,3,1,40,3,10,0.5,-35,3,5,22.5,15,19.5125837,-99.1295635,rssi_avg20_ge_-35dbm (-34.951 dBm),robust_mean,315.0,-64.686,-65.197,150.0,-70.788,-71.525,60.0,-70.987,-72.745,,,,,,
2026-08-20T10:37:37.011,59.204,0.094,9361,BD,BARRIDO_DISCRETO,44.2,1,1,O,OFFBOARD,135.2,145.0,-9.8,,0,D,1,BC,0,0.0,40,,,,10.3,-0.06,-0.18,-8.8,19.5124281,-99.1293391,19.5124284,-99.1293366,19.5124283,-99.1293389,315.0,1,1,1,A,EN AIRE,S,comenzar_barrido,1,,-69.0,-71.169,,0,ma0,D,8,45,1,15,2,3,1,40,3,10,0.5,-35,3,5,22.5,15,19.5125837,-99.1295635,rssi_avg20_ge_-35dbm (-34.951 dBm),robust_mean,315.0,-64.686,-65.197,150.0,-70.788,-71.525,60.0,-70.987,-72.745,,,,,,
2026-08-20T10:37:37.114,59.307,0.203,9361,BD,BARRIDO_DISCRETO,44.2,1,1,O,OFFBOARD,135.2,145.0,-9.8,,0,D,1,BC,0,0.0,40,,,,10.3,-0.06,-0.18,-8.8,19.5124281,-99.1293391,19.5124284,-99.1293366,19.5124283,-99.1293389,315.0,1,1,1,A,EN AIRE,S,comenzar_barrido,1,,-72.0,-71.252,,0,ma0,D,8,45,1,15,2,3,1,40,3,10,0.5,-35,3,5,22.5,15,19.5125837,-99.1295635,rssi_avg20_ge_-35dbm (-34.951 dBm),robust_mean,315.0,-64.686,-65.197,150.0,-70.788,-71.525,60.0,-70.987,-72.745,,,,,,
2026-08-20T10:37:37.380,59.573,0.469,9361,BD,BARRIDO_DISCRETO,44.2,1,1,O,OFFBOARD,135.2,145.0,-9.8,,0,D,1,BC,0,0.0,40,,,,10.3,-0.06,-0.18,-8.8,19.5124281,-99.1293391,19.5124284,-99.1293366,19.5124283,-99.1293389,315.0,1,1,1,A,EN AIRE,S,comenzar_barrido,1,,-69.0,-71.027,,0,ma0,D,8,45,1,15,2,3,1,40,3,10,0.5,-35,3,5,22.5,15,19.5125837,-99.1295635,rssi_avg20_ge_-35dbm (-34.951 dBm),robust_mean,315.0,-64.686,-65.197,150.0,-70.788,-71.525,60.0,-70.987,-72.745,,,,,,
2026-08-20T10:37:37.492,59.684,0.015,9361,BD,BARRIDO_DISCRETO,47.2,1,1,O,OFFBOARD,152.7,150.0,2.7,150.0,1,D,1,BC,0,0.0,40,,,,10.3,-0.05,-0.21,-8.83,19.5124283,-99.1293393,19.5124284,-99.1293366,19.5124283,-99.1293389,315.0,1,1,1,A,EN AIRE,S,comenzar_barrido,1,,-70.0,-70.924,150.0,1,,D,8,45,1,15,2,3,1,40,3,10,0.5,-35,3,5,22.5,15,19.5125837,-99.1295635,rssi_avg20_ge_-35dbm (-34.951 dBm),robust_mean,315.0,-64.686,-65.197,150.0,-70.788,-71.525,60.0,-70.987,-72.745,,,,,,
2026-08-20T10:37:37.584,59.776,0.109,9361,BD,BARRIDO_DISCRETO,47.2,1,1,O,OFFBOARD,152.7,150.0,2.7,150.0,1,D,1,BC,0,0.0,40,,,,10.3,-0.05,-0.21,-8.83,19.5124283,-99.1293393,19.5124284,-99.1293366,19.5124283,-99.1293389,315.0,1,1,1,A,EN AIRE,S,comenzar_barrido,1,,-69.0,-70.732,150.0,1,,D,8,45,1,15,2,3,1,40,3,10,0.5,-35,3,5,22.5,15,19.5125837,-99.1295635,rssi_avg20_ge_-35dbm (-34.951 dBm),robust_mean,315.0,-64.686,-65.197,150.0,-70.788,-71.525,60.0,-70.987,-72.745,,,,,,
2026-08-20T10:37:37.752,59.944,0.265,9361,BD,BARRIDO_DISCRETO,47.2,1,1,O,OFFBOARD,152.7,150.0,2.7,150.0,1,D,1,BC,0,0.0,40,,,,10.3,-0.05,-0.21,-8.83,19.5124283,-99.1293393,19.5124284,-99.1293366,19.5124283,-99.1293389,315.0,1,1,1,A,EN AIRE,S,comenzar_barrido,1,,-69.0,-70.559,150.0,1,,D,8,45,1,15,2,3,1,40,3,10,0.5,-35,3,5,22.5,15,19.5125837,-99.1295635,rssi_avg20_ge_-35dbm (-34.951 dBm),robust_mean,315.0,-64.686,-65.197,150.0,-70.788,-71.525,60.0,-70.987,-72.745,,,,,,
2026-08-20T10:37:37.917,60.109,0.156,9361,BD,BARRIDO_DISCRETO,47.2,1,1,O,OFFBOARD,153.6,150.0,3.6,150.0,1,D,1,BC,0,0.0,40,,,,10.4,-0.03,-0.22,-8.85,19.5124284,-99.1293393,19.5124284,-99.1293366,19.5124283,-99.1293389,315.0,1,1,1,A,EN AIRE,S,comenzar_barrido,1,,-69.0,-70.403,150.0,1,,D,8,45,1,15,2,3,1,40,3,10,0.5,-35,3,5,22.5,15,19.5125837,-99.1295635,rssi_avg20_ge_-35dbm (-34.951 dBm),robust_mean,315.0,-64.686,-65.197,150.0,-70.788,-71.525,60.0,-70.987,-72.745,,,,,,
2026-08-20T10:37:38.091,60.284,0.0,9361,BD,BARRIDO_DISCRETO,47.2,1,1,O,OFFBOARD,150.8,150.0,0.8,150.0,1,D,1,BC,0,0.0,40,,,,10.4,-0.02,-0.22,-8.88,19.5124284,-99.1293393,19.5124284,-99.1293366,19.5124283,-99.1293389,315.0,1,1,1,A,EN AIRE,S,comenzar_barrido,1,,-69.0,-70.263,150.0,1,,D,8,45,1,15,2,3,1,40,3,10,0.5,-35,3,5,22.5,15,19.5125837,-99.1295635,rssi_avg20_ge_-35dbm (-34.951 dBm),robust_mean,315.0,-64.686,-65.197,150.0,-70.788,-71.525,60.0,-70.987,-72.745,,,,,,
2026-08-20T10:37:38.177,60.37,0.094,9361,BD,BARRIDO_DISCRETO,47.2,1,1,O,OFFBOARD,150.8,150.0,0.8,150.0,1,D,1,BC,0,0.0,40,,,,10.4,-0.02,-0.22,-8.88,19.5124284,-99.1293393,19.5124284,-99.1293366,19.5124283,-99.1293389,315.0,1,1,1,A,EN AIRE,S,comenzar_barrido,1,,-68.0,-70.036,150.0,1,,D,8,45,1,15,2,3,1,40,3,10,0.5,-35,3,5,22.5,15,19.5125837,-99.1295635,rssi_avg20_ge_-35dbm (-34.951 dBm),robust_mean,315.0,-64.686,-65.197,150.0,-70.788,-71.525,60.0,-70.987,-72.745,,,,,,
2026-08-20T10:37:38.307,60.499,0.11,9361,BD,BARRIDO_DISCRETO,47.2,1,1,O,OFFBOARD,149.1,150.0,-0.9,150.0,1,D,1,BC,0,0.0,40,,,,10.4,-0.02,-0.22,-8.89,19.5124285,-99.1293393,19.5124284,-99.1293366,19.5124283,-99.1293389,315.0,1,1,1,A,EN AIRE,S,comenzar_barrido,1,,-68.0,-69.833,150.0,1,,D,8,45,1,15,2,3,1,40,3,10,0.5,-35,3,5,22.5,15,19.5125837,-99.1295635,rssi_avg20_ge_-35dbm (-34.951 dBm),robust_mean,315.0,-64.686,-65.197,150.0,-70.788,-71.525,60.0,-70.987,-72.745,,,,,,
2026-08-20T10:37:38.456,60.649,0.266,9361,BD,BARRIDO_DISCRETO,47.2,1,1,O,OFFBOARD,149.1,150.0,-0.9,150.0,1,D,1,BC,0,0.0,40,,,,10.4,-0.02,-0.22,-8.89,19.5124285,-99.1293393,19.5124284,-99.1293366,19.5124283,-99.1293389,315.0,1,1,1,A,EN AIRE,S,comenzar_barrido,1,,-68.0,-69.649,150.0,1,,D,8,45,1,15,2,3,1,40,3,10,0.5,-35,3,5,22.5,15,19.5125837,-99.1295635,rssi_avg20_ge_-35dbm (-34.951 dBm),robust_mean,315.0,-64.686,-65.197,150.0,-70.788,-71.525,60.0,-70.987,-72.745,,,,,,
2026-08-20T10:37:38.633,60.825,0.438,9361,BD,BARRIDO_DISCRETO,47.2,1,1,O,OFFBOARD,149.1,150.0,-0.9,150.0,1,D,1,BC,0,0.0,40,,,,10.4,-0.02,-0.22,-8.89,19.5124285,-99.1293393,19.5124284,-99.1293366,19.5124283,-99.1293389,315.0,1,1,1,A,EN AIRE,S,comenzar_barrido,1,,-68.0,-69.484,150.0,1,,D,8,45,1,15,2,3,1,40,3,10,0.5,-35,3,5,22.5,15,19.5125837,-99.1295635,rssi_avg20_ge_-35dbm (-34.951 dBm),robust_mean,315.0,-64.686,-65.197,150.0,-70.788,-71.525,60.0,-70.987,-72.745,,,,,,
2026-08-20T10:37:38.839,61.031,0.641,9361,BD,BARRIDO_DISCRETO,47.2,1,1,O,OFFBOARD,149.1,150.0,-0.9,150.0,1,D,1,BC,0,0.0,40,,,,10.4,-0.02,-0.22,-8.89,19.5124285,-99.1293393,19.5124284,-99.1293366,19.5124283,-99.1293389,315.0,1,1,1,A,EN AIRE,S,comenzar_barrido,1,,-67.0,-69.236,150.0,1,,D,8,45,1,15,2,3,1,40,3,10,0.5,-35,3,5,22.5,15,19.5125837,-99.1295635,rssi_avg20_ge_-35dbm (-34.951 dBm),robust_mean,315.0,-64.686,-65.197,150.0,-70.788,-71.525,60.0,-70.987,-72.745,,,,,,
2026-08-20T10:37:38.840,61.032,0.641,9361,BD,BARRIDO_DISCRETO,47.2,1,1,O,OFFBOARD,149.1,150.0,-0.9,150.0,1,D,1,BC,0,0.0,40,,,,10.4,-0.02,-0.22,-8.89,19.5124285,-99.1293393,19.5124284,-99.1293366,19.5124283,-99.1293389,315.0,1,1,1,A,EN AIRE,S,comenzar_barrido,1,,-66.0,-68.912,150.0,1,,D,8,45,1,15,2,3,1,40,3,10,0.5,-35,3,5,22.5,15,19.5125837,-99.1295635,rssi_avg20_ge_-35dbm (-34.951 dBm),robust_mean,315.0,-64.686,-65.197,150.0,-70.788,-71.525,60.0,-70.987,-72.745,,,,,,
2026-08-20T10:37:39.226,61.418,0.204,9361,BD,BARRIDO_DISCRETO,47.2,1,1,O,OFFBOARD,150.6,150.0,0.6,150.0,1,D,1,BC,0,0.0,40,,,,9.2,-0.02,-0.22,-8.88,19.5124285,-99.1293393,19.5124284,-99.1293366,19.5124283,-99.1293389,315.0,1,1,1,A,EN AIRE,S,comenzar_barrido,1,,-69.0,-68.921,150.0,1,,D,8,45,1,15,2,3,1,40,3,10,0.5,-35,3,5,22.5,15,19.5125837,-99.1295635,rssi_avg20_ge_-35dbm (-34.951 dBm),robust_mean,315.0,-64.686,-65.197,150.0,-70.788,-71.525,60.0,-70.987,-72.745,,,,,,
2026-08-20T10:37:39.226,61.418,0.204,9361,BD,BARRIDO_DISCRETO,47.2,1,1,O,OFFBOARD,150.6,150.0,0.6,150.0,1,D,1,BC,0,0.0,40,,,,9.2,-0.02,-0.22,-8.88,19.5124285,-99.1293393,19.5124284,-99.1293366,19.5124283,-99.1293389,315.0,1,1,1,A,EN AIRE,S,comenzar_barrido,1,,-67.0,-68.729,150.0,1,,D,8,45,1,15,2,3,1,40,3,10,0.5,-35,3,5,22.5,15,19.5125837,-99.1295635,rssi_avg20_ge_-35dbm (-34.951 dBm),robust_mean,315.0,-64.686,-65.197,150.0,-70.788,-71.525,60.0,-70.987,-72.745,,,,,,
2026-08-20T10:37:39.417,61.61,0.391,9361,BD,BARRIDO_DISCRETO,47.2,1,1,O,OFFBOARD,150.6,150.0,0.6,150.0,1,D,1,BC,0,0.0,40,,,,9.2,-0.02,-0.22,-8.88,19.5124285,-99.1293393,19.5124284,-99.1293366,19.5124283,-99.1293389,315.0,1,1,1,A,EN AIRE,S,comenzar_barrido,1,,-68.0,-68.656,150.0,1,,D,8,45,1,15,2,3,1,40,3,10,0.5,-35,3,5,22.5,15,19.5125837,-99.1295635,rssi_avg20_ge_-35dbm (-34.951 dBm),robust_mean,315.0,-64.686,-65.197,150.0,-70.788,-71.525,60.0,-70.987,-72.745,,,,,,
2026-08-20T10:37:39.554,61.747,0.032,9361,BD,BARRIDO_DISCRETO,47.2,1,1,O,OFFBOARD,150.4,150.0,0.4,150.0,1,D,1,BC,0,0.0,40,,,,9.2,-0.02,-0.23,-8.89,19.5124285,-99.1293394,19.5124284,-99.1293366,19.5124283,-99.1293389,315.0,1,1,1,A,EN AIRE,S,comenzar_barrido,1,,-69.0,-68.691,150.0,1,,D,8,45,1,15,2,3,1,40,3,10,0.5,-35,3,5,22.5,15,19.5125837,-99.1295635,rssi_avg20_ge_-35dbm (-34.951 dBm),robust_mean,315.0,-64.686,-65.197,150.0,-70.788,-71.525,60.0,-70.987,-72.745,,,,,,
2026-08-20T10:37:39.707,61.9,0.188,9361,BD,BARRIDO_DISCRETO,47.2,1,1,O,OFFBOARD,150.4,150.0,0.4,150.0,1,D,1,BC,0,0.0,40,,,,9.2,-0.02,-0.23,-8.89,19.5124285,-99.1293394,19.5124284,-99.1293366,19.5124283,-99.1293389,315.0,1,1,1,A,EN AIRE,S,comenzar_barrido,1,,-70.0,-68.821,150.0,1,,D,8,45,1,15,2,3,1,40,3,10,0.5,-35,3,5,22.5,15,19.5125837,-99.1295635,rssi_avg20_ge_-35dbm (-34.951 dBm),robust_mean,315.0,-64.686,-65.197,150.0,-70.788,-71.525,60.0,-70.987,-72.745,,,,,,
2026-08-20T10:37:39.801,61.993,0.282,9361,BD,BARRIDO_DISCRETO,47.2,1,1,O,OFFBOARD,150.4,150.0,0.4,150.0,1,D,1,BC,0,0.0,40,,,,9.2,-0.02,-0.23,-8.89,19.5124285,-99.1293394,19.5124284,-99.1293366,19.5124283,-99.1293389,315.0,1,1,1,A,EN AIRE,S,comenzar_barrido,1,,-71.0,-69.039,150.0,1,,D,8,45,1,15,2,3,1,40,3,10,0.5,-35,3,5,22.5,15,19.5125837,-99.1295635,rssi_avg20_ge_-35dbm (-34.951 dBm),robust_mean,315.0,-64.686,-65.197,150.0,-70.788,-71.525,60.0,-70.987,-72.745,,,,,,
2026-08-20T10:37:39.968,62.16,0.078,9361,BD,BARRIDO_DISCRETO,47.2,1,1,O,OFFBOARD,150.4,152.5,-2.1,,0,D,1,BC,0,0.0,40,,,,9.2,-0.02,-0.23,-8.89,19.5124285,-99.1293395,19.5124284,-99.1293366,19.5124283,-99.1293389,315.0,1,1,1,A,EN AIRE,S,comenzar_barrido,1,,-72.0,-69.335,,0,ma0,D,8,45,1,15,2,3,1,40,3,10,0.5,-35,3,5,22.5,15,19.5125837,-99.1295635,rssi_avg20_ge_-35dbm (-34.951 dBm),robust_mean,315.0,-64.686,-65.197,150.0,-70.788,-71.525,60.0,-70.987,-72.745,,,,,,
2026-08-20T10:37:40.075,62.268,0.187,9361,BD,BARRIDO_DISCRETO,47.2,1,1,O,OFFBOARD,150.4,152.5,-2.1,,0,D,1,BC,0,0.0,40,,,,9.2,-0.02,-0.23,-8.89,19.5124285,-99.1293395,19.5124284,-99.1293366,19.5124283,-99.1293389,315.0,1,1,1,A,EN AIRE,S,comenzar_barrido,1,,-72.0,-69.602,,0,ma0,D,8,45,1,15,2,3,1,40,3,10,0.5,-35,3,5,22.5,15,19.5125837,-99.1295635,rssi_avg20_ge_-35dbm (-34.951 dBm),robust_mean,315.0,-64.686,-65.197,150.0,-70.788,-71.525,60.0,-70.987,-72.745,,,,,,
2026-08-20T10:37:40.240,62.433,0.094,9361,BD,BARRIDO_DISCRETO,47.2,1,1,O,OFFBOARD,152.2,162.5,-10.3,,0,D,1,BC,0,0.0,40,,,,9.2,-0.02,-0.24,-8.89,19.5124284,-99.1293395,19.5124284,-99.1293366,19.5124283,-99.1293389,315.0,1,1,1,A,EN AIRE,S,comenzar_barrido,1,,-77.0,-70.342,,0,ma0,D,8,45,1,15,2,3,1,40,3,10,0.5,-35,3,5,22.5,15,19.5125837,-99.1295635,rssi_avg20_ge_-35dbm (-34.951 dBm),robust_mean,315.0,-64.686,-65.197,150.0,-70.788,-71.525,60.0,-70.987,-72.745,,,,,,
2026-08-20T10:37:40.366,62.558,0.109,9361,BD,BARRIDO_DISCRETO,50.1,1,1,O,OFFBOARD,161.6,165.0,-3.4,165.0,1,D,1,BC,0,0.0,40,,,,9.2,-0.03,-0.24,-8.89,19.5124283,-99.1293395,19.5124284,-99.1293366,19.5124283,-99.1293389,315.0,1,1,1,A,EN AIRE,S,comenzar_barrido,1,,-79.0,-71.208,165.0,1,,D,8,45,1,15,2,3,1,40,3,10,0.5,-35,3,5,22.5,15,19.5125837,-99.1295635,rssi_avg20_ge_-35dbm (-34.951 dBm),robust_mean,315.0,-64.686,-65.197,150.0,-70.788,-71.525,60.0,-70.987,-72.745,,,,,,
2026-08-20T10:37:40.625,62.818,0.359,9361,BD,BARRIDO_DISCRETO,50.1,1,1,O,OFFBOARD,161.6,165.0,-3.4,165.0,1,D,1,BC,0,0.0,40,,,,9.2,-0.03,-0.24,-8.89,19.5124283,-99.1293395,19.5124284,-99.1293366,19.5124283,-99.1293389,315.0,1,1,1,A,EN AIRE,S,comenzar_barrido,1,,-76.0,-71.687,165.0,1,,D,8,45,1,15,2,3,1,40,3,10,0.5,-35,3,5,22.5,15,19.5125837,-99.1295635,rssi_avg20_ge_-35dbm (-34.951 dBm),robust_mean,315.0,-64.686,-65.197,150.0,-70.788,-71.525,60.0,-70.987,-72.745,,,,,,
2026-08-20T10:37:40.896,63.089,0.64,9361,BD,BARRIDO_DISCRETO,50.1,1,1,O,OFFBOARD,161.6,165.0,-3.4,165.0,1,D,1,BC,0,0.0,40,,,,9.2,-0.03,-0.24,-8.89,19.5124283,-99.1293395,19.5124284,-99.1293366,19.5124283,-99.1293389,315.0,1,1,1,A,EN AIRE,S,comenzar_barrido,1,,-75.0,-72.018,165.0,1,,D,8,45,1,15,2,3,1,40,3,10,0.5,-35,3,5,22.5,15,19.5125837,-99.1295635,rssi_avg20_ge_-35dbm (-34.951 dBm),robust_mean,315.0,-64.686,-65.197,150.0,-70.788,-71.525,60.0,-70.987,-72.745,,,,,,
2026-08-20T10:37:40.897,63.09,0.64,9361,BD,BARRIDO_DISCRETO,50.1,1,1,O,OFFBOARD,161.6,165.0,-3.4,165.0,1,D,1,BC,0,0.0,40,,,,9.2,-0.03,-0.24,-8.89,19.5124283,-99.1293395,19.5124284,-99.1293366,19.5124283,-99.1293389,315.0,1,1,1,A,EN AIRE,S,comenzar_barrido,1,,-73.0,-72.116,165.0,1,,D,8,45,1,15,2,3,1,40,3,10,0.5,-35,3,5,22.5,15,19.5125837,-99.1295635,rssi_avg20_ge_-35dbm (-34.951 dBm),robust_mean,315.0,-64.686,-65.197,150.0,-70.788,-71.525,60.0,-70.987,-72.745,,,,,,
2026-08-20T10:37:41.121,63.313,0.015,9361,BD,BARRIDO_DISCRETO,50.1,1,1,O,OFFBOARD,164.9,165.0,-0.1,165.0,1,D,1,BC,0,0.0,40,,,,9.2,-0.1,-0.23,-8.9,19.5124277,-99.1293395,19.5124284,-99.1293366,19.5124283,-99.1293389,315.0,1,1,1,A,EN AIRE,S,comenzar_barrido,1,,-69.0,-71.805,165.0,1,,D,8,45,1,15,2,3,1,40,3,10,0.5,-35,3,5,22.5,15,19.5125837,-99.1295635,rssi_avg20_ge_-35dbm (-34.951 dBm),robust_mean,315.0,-64.686,-65.197,150.0,-70.788,-71.525,60.0,-70.987,-72.745,,,,,,
2026-08-20T10:37:41.304,63.497,0.203,9361,BD,BARRIDO_DISCRETO,50.1,1,1,O,OFFBOARD,164.9,165.0,-0.1,165.0,1,D,1,BC,0,0.0,40,,,,9.2,-0.1,-0.23,-8.9,19.5124277,-99.1293395,19.5124284,-99.1293366,19.5124283,-99.1293389,315.0,1,1,1,A,EN AIRE,S,comenzar_barrido,1,,-69.0,-71.524,165.0,1,,D,8,45,1,15,2,3,1,40,3,10,0.5,-35,3,5,22.5,15,19.5125837,-99.1295635,rssi_avg20_ge_-35dbm (-34.951 dBm),robust_mean,315.0,-64.686,-65.197,150.0,-70.788,-71.525,60.0,-70.987,-72.745,,,,,,
2026-08-20T10:37:41.564,63.757,0.265,9361,BD,BARRIDO_DISCRETO,50.1,1,1,O,OFFBOARD,163.9,165.0,-1.1,165.0,1,D,1,BC,0,0.0,40,,,,9.2,-0.1,-0.23,-8.9,19.5124278,-99.1293392,19.5124284,-99.1293366,19.5124283,-99.1293389,315.0,1,1,1,A,EN AIRE,S,comenzar_barrido,1,,-69.0,-71.272,165.0,1,,D,8,45,1,15,2,3,1,40,3,10,0.5,-35,3,5,22.5,15,19.5125837,-99.1295635,rssi_avg20_ge_-35dbm (-34.951 dBm),robust_mean,315.0,-64.686,-65.197,150.0,-70.788,-71.525,60.0,-70.987,-72.745,,,,,,
2026-08-20T10:37:41.564,63.757,0.265,9361,BD,BARRIDO_DISCRETO,50.1,1,1,O,OFFBOARD,163.9,165.0,-1.1,165.0,1,D,1,BC,0,0.0,40,,,,9.2,-0.1,-0.23,-8.9,19.5124278,-99.1293392,19.5124284,-99.1293366,19.5124283,-99.1293389,315.0,1,1,1,A,EN AIRE,S,comenzar_barrido,1,,-69.0,-71.045,165.0,1,,D,8,45,1,15,2,3,1,40,3,10,0.5,-35,3,5,22.5,15,19.5125837,-99.1295635,rssi_avg20_ge_-35dbm (-34.951 dBm),robust_mean,315.0,-64.686,-65.197,150.0,-70.788,-71.525,60.0,-70.987,-72.745,,,,,,
2026-08-20T10:37:41.652,63.844,0.078,9361,BD,BARRIDO_DISCRETO,50.1,1,1,O,OFFBOARD,164.4,165.0,-0.6,165.0,1,D,1,BC,0,0.0,40,,,,9.2,-0.09,-0.21,-8.89,19.512428,-99.1293391,19.5124284,-99.1293366,19.5124283,-99.1293389,315.0,1,1,1,A,EN AIRE,S,comenzar_barrido,1,,-69.0,-70.84,165.0,1,,D,8,45,1,15,2,3,1,40,3,10,0.5,-35,3,5,22.5,15,19.5125837,-99.1295635,rssi_avg20_ge_-35dbm (-34.951 dBm),robust_mean,315.0,-64.686,-65.197,150.0,-70.788,-71.525,60.0,-70.987,-72.745,,,,,,
2026-08-20T10:37:41.817,64.009,0.25,9361,BD,BARRIDO_DISCRETO,50.1,1,1,O,OFFBOARD,164.4,165.0,-0.6,165.0,1,D,1,BC,0,0.0,40,,,,9.2,-0.09,-0.21,-8.89,19.512428,-99.1293391,19.5124284,-99.1293366,19.5124283,-99.1293389,315.0,1,1,1,A,EN AIRE,S,comenzar_barrido,1,,-69.0,-70.656,165.0,1,,D,8,45,1,15,2,3,1,40,3,10,0.5,-35,3,5,22.5,15,19.5125837,-99.1295635,rssi_avg20_ge_-35dbm (-34.951 dBm),robust_mean,315.0,-64.686,-65.197,150.0,-70.788,-71.525,60.0,-70.987,-72.745,,,,,,
2026-08-20T10:37:41.991,64.184,0.0,9361,BD,BARRIDO_DISCRETO,50.1,1,1,O,OFFBOARD,165.3,165.0,0.3,165.0,1,D,1,BC,0,0.0,40,,,,9.2,-0.07,-0.17,-8.85,19.512428,-99.1293389,19.5124284,-99.1293366,19.5124283,-99.1293389,315.0,1,1,1,A,EN AIRE,S,comenzar_barrido,1,,-70.0,-70.591,165.0,1,,D,8,45,1,15,2,3,1,40,3,10,0.5,-35,3,5,22.5,15,19.5125837,-99.1295635,rssi_avg20_ge_-35dbm (-34.951 dBm),robust_mean,315.0,-64.686,-65.197,150.0,-70.788,-71.525,60.0,-70.987,-72.745,,,,,,
2026-08-20T10:37:42.072,64.264,0.078,9361,BD,BARRIDO_DISCRETO,50.1,1,1,O,OFFBOARD,165.3,165.0,0.3,165.0,1,D,1,BC,0,0.0,40,,,,9.2,-0.07,-0.17,-8.85,19.512428,-99.1293389,19.5124284,-99.1293366,19.5124283,-99.1293389,315.0,1,1,1,A,EN AIRE,S,comenzar_barrido,1,,-70.0,-70.531,165.0,1,,D,8,45,1,15,2,3,1,40,3,10,0.5,-35,3,5,22.5,15,19.5125837,-99.1295635,rssi_avg20_ge_-35dbm (-34.951 dBm),robust_mean,315.0,-64.686,-65.197,150.0,-70.788,-71.525,60.0,-70.987,-72.745,,,,,,
2026-08-20T10:37:42.272,64.464,0.015,9361,BD,BARRIDO_DISCRETO,50.1,1,1,O,OFFBOARD,165.2,165.0,0.2,165.0,1,D,1,BC,0,0.0,40,,,,9.1,-0.06,-0.15,-8.81,19.5124282,-99.1293386,19.5124284,-99.1293366,19.5124283,-99.1293389,315.0,1,1,1,A,EN AIRE,S,comenzar_barrido,1,,-70.5,-70.528,165.0,1,,D,8,45,1,15,2,3,1,40,3,10,0.5,-35,3,5,22.5,15,19.5125837,-99.1295635,rssi_avg20_ge_-35dbm (-34.951 dBm),robust_mean,315.0,-64.686,-65.197,150.0,-70.788,-71.525,60.0,-70.987,-72.745,,,,,,
2026-08-20T10:37:42.352,64.545,0.094,9361,BD,BARRIDO_DISCRETO,50.1,1,1,O,OFFBOARD,165.2,165.0,0.2,165.0,1,D,1,BC,0,0.0,40,,,,9.1,-0.06,-0.15,-8.81,19.5124282,-99.1293386,19.5124284,-99.1293366,19.5124283,-99.1293389,315.0,1,1,1,A,EN AIRE,S,comenzar_barrido,1,,-71.0,-70.575,165.0,1,,D,8,45,1,15,2,3,1,40,3,10,0.5,-35,3,5,22.5,15,19.5125837,-99.1295635,rssi_avg20_ge_-35dbm (-34.951 dBm),robust_mean,315.0,-64.686,-65.197,150.0,-70.788,-71.525,60.0,-70.987,-72.745,,,,,,
2026-08-20T10:37:42.566,64.758,0.015,9361,BD,BARRIDO_DISCRETO,50.1,1,1,O,OFFBOARD,165.0,165.0,0.0,165.0,1,D,1,BC,0,0.0,40,,,,9.1,-0.04,-0.13,-8.76,19.5124283,-99.1293384,19.5124284,-99.1293366,19.5124283,-99.1293389,315.0,1,1,1,A,EN AIRE,S,comenzar_barrido,1,,-72.0,-70.718,165.0,1,,D,8,45,1,15,2,3,1,40,3,10,0.5,-35,3,5,22.5,15,19.5125837,-99.1295635,rssi_avg20_ge_-35dbm (-34.951 dBm),robust_mean,315.0,-64.686,-65.197,150.0,-70.788,-71.525,60.0,-70.987,-72.745,,,,,,
2026-08-20T10:37:42.756,64.948,0.203,9361,BD,BARRIDO_DISCRETO,50.1,1,1,O,OFFBOARD,165.0,165.0,0.0,165.0,1,D,1,BC,0,0.0,40,,,,9.1,-0.04,-0.13,-8.76,19.5124283,-99.1293384,19.5124284,-99.1293366,19.5124283,-99.1293389,315.0,1,1,1,A,EN AIRE,S,comenzar_barrido,1,,-72.0,-70.846,165.0,1,,D,8,45,1,15,2,3,1,40,3,10,0.5,-35,3,5,22.5,15,19.5125837,-99.1295635,rssi_avg20_ge_-35dbm (-34.951 dBm),robust_mean,315.0,-64.686,-65.197,150.0,-70.788,-71.525,60.0,-70.987,-72.745,,,,,,
2026-08-20T10:37:42.756,64.948,0.203,9361,BD,BARRIDO_DISCRETO,50.1,1,1,O,OFFBOARD,165.0,165.0,0.0,165.0,1,D,1,BC,0,0.0,40,,,,9.1,-0.04,-0.13,-8.76,19.5124283,-99.1293384,19.5124284,-99.1293366,19.5124283,-99.1293389,315.0,1,1,1,A,EN AIRE,S,comenzar_barrido,1,,-73.0,-71.062,165.0,1,,D,8,45,1,15,2,3,1,40,3,10,0.5,-35,3,5,22.5,15,19.5125837,-99.1295635,rssi_avg20_ge_-35dbm (-34.951 dBm),robust_mean,315.0,-64.686,-65.197,150.0,-70.788,-71.525,60.0,-70.987,-72.745,,,,,,
2026-08-20T10:37:43.046,65.239,0.094,9361,BD,BARRIDO_DISCRETO,50.1,1,1,O,OFFBOARD,165.5,170.0,-4.5,,0,D,1,BC,0,0.0,40,,,,9.0,-0.03,-0.11,-8.72,19.5124284,-99.1293383,19.5124284,-99.1293366,19.5124283,-99.1293389,315.0,1,1,1,A,EN AIRE,S,comenzar_barrido,1,,-74.0,-71.355,,0,ma0,D,8,45,1,15,2,3,1,40,3,10,0.5,-35,3,5,22.5,15,19.5125837,-99.1295635,rssi_avg20_ge_-35dbm (-34.951 dBm),robust_mean,315.0,-64.686,-65.197,150.0,-70.788,-71.525,60.0,-70.987,-72.745,,,,,,
2026-08-20T10:37:43.197,65.389,0.25,9361,BD,BARRIDO_DISCRETO,50.1,1,1,O,OFFBOARD,165.5,170.0,-4.5,,0,D,1,BC,0,0.0,40,,,,9.0,-0.03,-0.11,-8.72,19.5124284,-99.1293383,19.5124284,-99.1293366,19.5124283,-99.1293389,315.0,1,1,1,A,EN AIRE,S,comenzar_barrido,1,,-76.0,-71.82,,0,ma0,D,8,45,1,15,2,3,1,40,3,10,0.5,-35,3,5,22.5,15,19.5125837,-99.1295635,rssi_avg20_ge_-35dbm (-34.951 dBm),robust_mean,315.0,-64.686,-65.197,150.0,-70.788,-71.525,60.0,-70.987,-72.745,,,,,,
2026-08-20T10:37:43.197,65.389,0.25,9361,BD,BARRIDO_DISCRETO,50.1,1,1,O,OFFBOARD,165.5,170.0,-4.5,,0,D,1,BC,0,0.0,40,,,,9.0,-0.03,-0.11,-8.72,19.5124284,-99.1293383,19.5124284,-99.1293366,19.5124283,-99.1293389,315.0,1,1,1,A,EN AIRE,S,comenzar_barrido,1,,-79.0,-72.538,,0,ma0,D,8,45,1,15,2,3,1,40,3,10,0.5,-35,3,5,22.5,15,19.5125837,-99.1295635,rssi_avg20_ge_-35dbm (-34.951 dBm),robust_mean,315.0,-64.686,-65.197,150.0,-70.788,-71.525,60.0,-70.987,-72.745,,,,,,
2026-08-20T10:37:43.310,65.502,0.11,9361,BD,BARRIDO_DISCRETO,50.1,1,1,O,OFFBOARD,169.3,180.0,-10.7,,0,D,1,BC,0,0.0,40,,,,9.0,-0.02,-0.11,-8.68,19.5124284,-99.1293383,19.5124284,-99.1293366,19.5124283,-99.1293389,315.0,1,1,1,A,EN AIRE,S,comenzar_barrido,1,,-80.0,-73.284,,0,ma0,D,8,45,1,15,2,3,1,40,3,10,0.5,-35,3,5,22.5,15,19.5125837,-99.1295635,rssi_avg20_ge_-35dbm (-34.951 dBm),robust_mean,315.0,-64.686,-65.197,150.0,-70.788,-71.525,60.0,-70.987,-72.745,,,,,,
2026-08-20T10:37:43.730,65.923,0.094,9361,BD,BARRIDO_DISCRETO,53.0,1,1,O,OFFBOARD,184.0,180.0,4.0,180.0,1,D,1,BC,0,0.0,40,,,,8.9,-0.02,-0.1,-8.6,19.5124285,-99.1293382,19.5124284,-99.1293366,19.5124283,-99.1293389,315.0,1,1,1,A,EN AIRE,S,comenzar_barrido,1,,-79.0,-73.856,180.0,1,,D,8,45,1,15,2,3,1,40,3,10,0.5,-35,3,5,22.5,15,19.5125837,-99.1295635,rssi_avg20_ge_-35dbm (-34.951 dBm),robust_mean,315.0,-64.686,-65.197,150.0,-70.788,-71.525,60.0,-70.987,-72.745,,,,,,
2026-08-20T10:37:43.925,66.118,0.297,9361,BD,BARRIDO_DISCRETO,53.0,1,1,O,OFFBOARD,184.0,180.0,4.0,180.0,1,D,1,BC,0,0.0,40,,,,8.9,-0.02,-0.1,-8.6,19.5124285,-99.1293382,19.5124284,-99.1293366,19.5124283,-99.1293389,315.0,1,1,1,A,EN AIRE,S,comenzar_barrido,1,,-80.0,-74.47,180.0,1,,D,8,45,1,15,2,3,1,40,3,10,0.5,-35,3,5,22.5,15,19.5125837,-99.1295635,rssi_avg20_ge_-35dbm (-34.951 dBm),robust_mean,315.0,-64.686,-65.197,150.0,-70.788,-71.525,60.0,-70.987,-72.745,,,,,,
2026-08-20T10:37:44.454,66.646,0.25,9361,BD,BARRIDO_DISCRETO,53.0,1,1,O,OFFBOARD,179.0,180.0,-1.0,180.0,1,D,1,BC,0,0.0,40,,,,8.9,-0.02,-0.09,-8.59,19.5124285,-99.129338,19.5124284,-99.1293366,19.5124283,-99.1293389,315.0,1,1,1,A,EN AIRE,S,comenzar_barrido,1,,-81.0,-75.123,180.0,1,,D,8,45,1,15,2,3,1,40,3,10,0.5,-35,3,5,22.5,15,19.5125837,-99.1295635,rssi_avg20_ge_-35dbm (-34.951 dBm),robust_mean,315.0,-64.686,-65.197,150.0,-70.788,-71.525,60.0,-70.987,-72.745,,,,,,
2026-08-20T10:37:44.455,66.647,0.25,9361,BD,BARRIDO_DISCRETO,53.0,1,1,O,OFFBOARD,179.0,180.0,-1.0,180.0,1,D,1,BC,0,0.0,40,,,,8.9,-0.02,-0.09,-8.59,19.5124285,-99.129338,19.5124284,-99.1293366,19.5124283,-99.1293389,315.0,1,1,1,A,EN AIRE,S,comenzar_barrido,1,,-80.0,-75.611,180.0,1,,D,8,45,1,15,2,3,1,40,3,10,0.5,-35,3,5,22.5,15,19.5125837,-99.1295635,rssi_avg20_ge_-35dbm (-34.951 dBm),robust_mean,315.0,-64.686,-65.197,150.0,-70.788,-71.525,60.0,-70.987,-72.745,,,,,,
2026-08-20T10:37:44.547,66.739,0.094,9361,BD,BARRIDO_DISCRETO,53.0,1,1,O,OFFBOARD,177.8,180.0,-2.2,180.0,1,D,1,BC,0,0.0,40,,,,8.9,-0.02,-0.08,-8.57,19.5124285,-99.129338,19.5124284,-99.1293366,19.5124283,-99.1293389,315.0,1,1,1,A,EN AIRE,S,comenzar_barrido,1,,-79.0,-75.95,180.0,1,,D,8,45,1,15,2,3,1,40,3,10,0.5,-35,3,5,22.5,15,19.5125837,-99.1295635,rssi_avg20_ge_-35dbm (-34.951 dBm),robust_mean,315.0,-64.686,-65.197,150.0,-70.788,-71.525,60.0,-70.987,-72.745,,,,,,
2026-08-20T10:37:44.722,66.915,0.282,9361,BD,BARRIDO_DISCRETO,53.0,1,1,O,OFFBOARD,177.8,180.0,-2.2,180.0,1,D,1,BC,0,0.0,40,,,,8.9,-0.02,-0.08,-8.57,19.5124285,-99.129338,19.5124284,-99.1293366,19.5124283,-99.1293389,315.0,1,1,1,A,EN AIRE,S,comenzar_barrido,1,,-80.0,-76.355,180.0,1,,D,8,45,1,15,2,3,1,40,3,10,0.5,-35,3,5,22.5,15,19.5125837,-99.1295635,rssi_avg20_ge_-35dbm (-34.951 dBm),robust_mean,315.0,-64.686,-65.197,150.0,-70.788,-71.525,60.0,-70.987,-72.745,,,,,,
2026-08-20T10:37:44.836,67.028,0.109,9361,BD,BARRIDO_DISCRETO,53.0,1,1,O,OFFBOARD,178.9,180.0,-1.1,180.0,1,D,1,BC,0,0.0,40,,,,8.9,-0.02,-0.07,-8.53,19.5124285,-99.129338,19.5124284,-99.1293366,19.5124283,-99.1293389,315.0,1,1,1,A,EN AIRE,S,comenzar_barrido,1,,-81.0,-76.819,180.0,1,,D,8,45,1,15,2,3,1,40,3,10,0.5,-35,3,5,22.5,15,19.5125837,-99.1295635,rssi_avg20_ge_-35dbm (-34.951 dBm),robust_mean,315.0,-64.686,-65.197,150.0,-70.788,-71.525,60.0,-70.987,-72.745,,,,,,
2026-08-20T10:37:45.081,67.273,0.359,9361,BD,BARRIDO_DISCRETO,53.0,1,1,O,OFFBOARD,178.9,180.0,-1.1,180.0,1,D,1,BC,0,0.0,40,,,,8.9,-0.02,-0.07,-8.53,19.5124285,-99.129338,19.5124284,-99.1293366,19.5124283,-99.1293389,315.0,1,1,1,A,EN AIRE,S,comenzar_barrido,1,,-80.0,-77.137,180.0,1,,D,8,45,1,15,2,3,1,40,3,10,0.5,-35,3,5,22.5,15,19.5125837,-99.1295635,rssi_avg20_ge_-35dbm (-34.951 dBm),robust_mean,315.0,-64.686,-65.197,150.0,-70.788,-71.525,60.0,-70.987,-72.745,,,,,,
2026-08-20T10:37:45.378,67.571,0.11,9361,BD,BARRIDO_DISCRETO,53.0,1,1,O,OFFBOARD,180.2,180.0,0.2,180.0,1,D,1,BC,0,0.0,40,,,,8.9,-0.02,-0.07,-8.51,19.5124285,-99.1293379,19.5124284,-99.1293366,19.5124283,-99.1293389,315.0,1,1,1,A,EN AIRE,S,comenzar_barrido,1,,-76.0,-77.024,180.0,1,,D,8,45,1,15,2,3,1,40,3,10,0.5,-35,3,5,22.5,15,19.5125837,-99.1295635,rssi_avg20_ge_-35dbm (-34.951 dBm),robust_mean,315.0,-64.686,-65.197,150.0,-70.788,-71.525,60.0,-70.987,-72.745,,,,,,
2026-08-20T10:37:45.529,67.722,0.25,9361,BD,BARRIDO_DISCRETO,53.0,1,1,O,OFFBOARD,180.2,180.0,0.2,180.0,1,D,1,BC,0,0.0,40,,,,8.9,-0.02,-0.07,-8.51,19.5124285,-99.1293379,19.5124284,-99.1293366,19.5124283,-99.1293389,315.0,1,1,1,A,EN AIRE,S,comenzar_barrido,1,,-76.0,-76.921,180.0,1,,D,8,45,1,15,2,3,1,40,3,10,0.5,-35,3,5,22.5,15,19.5125837,-99.1295635,rssi_avg20_ge_-35dbm (-34.951 dBm),robust_mean,315.0,-64.686,-65.197,150.0,-70.788,-71.525,60.0,-70.987,-72.745,,,,,,
2026-08-20T10:37:45.800,67.992,0.282,9361,BD,BARRIDO_DISCRETO,53.0,1,1,O,OFFBOARD,179.9,180.0,-0.1,180.0,1,D,1,BC,0,0.0,40,,,,8.9,-0.02,-0.07,-8.51,19.5124285,-99.1293379,19.5124284,-99.1293366,19.5124283,-99.1293389,315.0,1,1,1,A,EN AIRE,S,comenzar_barrido,1,,-76.0,-76.829,180.0,1,,D,8,45,1,15,2,3,1,40,3,10,0.5,-35,3,5,22.5,15,19.5125837,-99.1295635,rssi_avg20_ge_-35dbm (-34.951 dBm),robust_mean,315.0,-64.686,-65.197,150.0,-70.788,-71.525,60.0,-70.987,-72.745,,,,,,
2026-08-20T10:37:45.914,68.107,0.109,9361,BD,BARRIDO_DISCRETO,53.0,1,1,O,OFFBOARD,179.1,180.0,-0.9,180.0,1,D,1,BC,0,0.0,40,,,,8.9,-0.01,-0.07,-8.53,19.5124286,-99.129338,19.5124284,-99.1293366,19.5124283,-99.1293389,315.0,1,1,1,A,EN AIRE,S,comenzar_barrido,1,,-76.0,-76.746,180.0,1,,D,8,45,1,15,2,3,1,40,3,10,0.5,-35,3,5,22.5,15,19.5125837,-99.1295635,rssi_avg20_ge_-35dbm (-34.951 dBm),robust_mean,315.0,-64.686,-65.197,150.0,-70.788,-71.525,60.0,-70.987,-72.745,,,,,,
2026-08-20T10:37:46.062,68.254,0.25,9361,BD,BARRIDO_DISCRETO,53.0,1,1,O,OFFBOARD,179.1,180.0,-0.9,180.0,1,D,1,BC,0,0.0,40,,,,8.9,-0.01,-0.07,-8.53,19.5124286,-99.129338,19.5124284,-99.1293366,19.5124283,-99.1293389,315.0,1,1,1,A,EN AIRE,S,comenzar_barrido,1,,-78.0,-76.872,180.0,1,,D,8,45,1,15,2,3,1,40,3,10,0.5,-35,3,5,22.5,15,19.5125837,-99.1295635,rssi_avg20_ge_-35dbm (-34.951 dBm),robust_mean,315.0,-64.686,-65.197,150.0,-70.788,-71.525,60.0,-70.987,-72.745,,,,,,
2026-08-20T10:37:46.149,68.342,0.093,9361,BD,BARRIDO_DISCRETO,53.0,1,1,O,OFFBOARD,179.5,187.5,-8.0,,0,D,1,BC,0,0.0,40,,,,8.9,-0.01,-0.08,-8.56,19.5124286,-99.1293381,19.5124284,-99.1293366,19.5124283,-99.1293389,315.0,1,1,1,A,EN AIRE,S,comenzar_barrido,1,,-79.0,-77.084,,0,ma0,D,8,45,1,15,2,3,1,40,3,10,0.5,-35,3,5,22.5,15,19.5125837,-99.1295635,rssi_avg20_ge_-35dbm (-34.951 dBm),robust_mean,315.0,-64.686,-65.197,150.0,-70.788,-71.525,60.0,-70.987,-72.745,,,,,,
2026-08-20T10:37:46.437,68.63,0.11,9361,BD,BARRIDO_DISCRETO,55.9,1,1,O,OFFBOARD,182.9,195.0,-12.1,195.0,1,D,1,BC,0,0.0,40,,,,8.9,0.0,-0.09,-8.58,19.5124287,-99.1293381,19.5124284,-99.1293366,19.5124283,-99.1293389,315.0,1,1,1,A,EN AIRE,S,comenzar_barrido,1,,-78.0,-77.176,195.0,1,,D,8,45,1,15,2,3,1,40,3,10,0.5,-35,3,5,22.5,15,19.5125837,-99.1295635,rssi_avg20_ge_-35dbm (-34.951 dBm),robust_mean,315.0,-64.686,-65.197,150.0,-70.788,-71.525,60.0,-70.987,-72.745,,,,,,
2026-08-20T10:37:46.593,68.785,0.266,9361,BD,BARRIDO_DISCRETO,55.9,1,1,O,OFFBOARD,182.9,195.0,-12.1,195.0,1,D,1,BC,0,0.0,40,,,,8.9,0.0,-0.09,-8.58,19.5124287,-99.1293381,19.5124284,-99.1293366,19.5124283,-99.1293389,315.0,1,1,1,A,EN AIRE,S,comenzar_barrido,1,,-78.0,-77.258,195.0,1,,D,8,45,1,15,2,3,1,40,3,10,0.5,-35,3,5,22.5,15,19.5125837,-99.1295635,rssi_avg20_ge_-35dbm (-34.951 dBm),robust_mean,315.0,-64.686,-65.197,150.0,-70.788,-71.525,60.0,-70.987,-72.745,,,,,,
2026-08-20T10:37:46.853,69.046,0.266,9361,BD,BARRIDO_DISCRETO,55.9,1,1,O,OFFBOARD,193.8,195.0,-1.2,195.0,1,D,1,BC,0,0.0,40,,,,9.0,0.0,-0.08,-8.62,19.5124287,-99.129338,19.5124284,-99.1293366,19.5124283,-99.1293389,315.0,1,1,1,A,EN AIRE,S,comenzar_barrido,1,,-80.0,-77.533,195.0,1,,D,8,45,1,15,2,3,1,40,3,10,0.5,-35,3,5,22.5,15,19.5125837,-99.1295635,rssi_avg20_ge_-35dbm (-34.951 dBm),robust_mean,315.0,-64.686,-65.197,150.0,-70.788,-71.525,60.0,-70.987,-72.745,,,,,,
2026-08-20T10:37:47.114,69.306,0.265,9361,BD,BARRIDO_DISCRETO,55.9,1,1,O,OFFBOARD,198.7,195.0,3.7,195.0,1,D,1,BC,0,0.0,40,,,,9.0,0.0,-0.07,-8.64,19.5124287,-99.1293379,19.5124284,-99.1293366,19.5124283,-99.1293389,315.0,1,1,1,A,EN AIRE,S,comenzar_barrido,1,,-80.0,-77.779,195.0,1,,D,8,45,1,15,2,3,1,40,3,10,0.5,-35,3,5,22.5,15,19.5125837,-99.1295635,rssi_avg20_ge_-35dbm (-34.951 dBm),robust_mean,315.0,-64.686,-65.197,150.0,-70.788,-71.525,60.0,-70.987,-72.745,,,,,,
2026-08-20T10:37:47.370,69.563,0.25,9361,BD,BARRIDO_DISCRETO,55.9,1,1,O,OFFBOARD,196.9,195.0,1.9,195.0,1,D,1,BC,0,0.0,40,,,,9.0,0.0,-0.07,-8.64,19.5124286,-99.1293377,19.5124284,-99.1293366,19.5124283,-99.1293389,315.0,1,1,1,A,EN AIRE,S,comenzar_barrido,1,,-79.0,-77.901,195.0,1,,D,8,45,1,15,2,3,1,40,3,10,0.5,-35,3,5,22.5,15,19.5125837,-99.1295635,rssi_avg20_ge_-35dbm (-34.951 dBm),robust_mean,315.0,-64.686,-65.197,150.0,-70.788,-71.525,60.0,-70.987,-72.745,,,,,,
2026-08-20T10:37:47.371,69.564,0.25,9361,BD,BARRIDO_DISCRETO,55.9,1,1,O,OFFBOARD,196.9,195.0,1.9,195.0,1,D,1,BC,0,0.0,40,,,,9.0,0.0,-0.07,-8.64,19.5124286,-99.1293377,19.5124284,-99.1293366,19.5124283,-99.1293389,315.0,1,1,1,A,EN AIRE,S,comenzar_barrido,1,,-79.0,-78.011,195.0,1,,D,8,45,1,15,2,3,1,40,3,10,0.5,-35,3,5,22.5,15,19.5125837,-99.1295635,rssi_avg20_ge_-35dbm (-34.951 dBm),robust_mean,315.0,-64.686,-65.197,150.0,-70.788,-71.525,60.0,-70.987,-72.745,,,,,,
2026-08-20T10:37:47.460,69.653,0.094,9361,BD,BARRIDO_DISCRETO,55.9,1,1,O,OFFBOARD,193.6,195.0,-1.4,195.0,1,D,1,BC,0,0.0,40,,,,9.0,-0.01,-0.05,-8.66,19.5124286,-99.1293376,19.5124284,-99.1293366,19.5124283,-99.1293389,315.0,1,1,1,A,EN AIRE,S,comenzar_barrido,1,,-78.0,-78.01,195.0,1,,D,8,45,1,15,2,3,1,40,3,10,0.5,-35,3,5,22.5,15,19.5125837,-99.1295635,rssi_avg20_ge_-35dbm (-34.951 dBm),robust_mean,315.0,-64.686,-65.197,150.0,-70.788,-71.525,60.0,-70.987,-72.745,,,,,,
2026-08-20T10:37:47.628,69.82,0.266,9361,BD,BARRIDO_DISCRETO,55.9,1,1,O,OFFBOARD,193.6,195.0,-1.4,195.0,1,D,1,BC,0,0.0,40,,,,9.0,-0.01,-0.05,-8.66,19.5124286,-99.1293376,19.5124284,-99.1293366,19.5124283,-99.1293389,315.0,1,1,1,A,EN AIRE,S,comenzar_barrido,1,,-79.0,-78.109,195.0,1,,D,8,45,1,15,2,3,1,40,3,10,0.5,-35,3,5,22.5,15,19.5125837,-99.1295635,rssi_avg20_ge_-35dbm (-34.951 dBm),robust_mean,315.0,-64.686,-65.197,150.0,-70.788,-71.525,60.0,-70.987,-72.745,,,,,,
2026-08-20T10:37:48.013,70.206,0.11,9361,BD,BARRIDO_DISCRETO,55.9,1,1,O,OFFBOARD,194.2,195.0,-0.8,195.0,1,D,1,BC,0,0.0,40,,,,9.9,-0.01,-0.03,-8.6,19.5124285,-99.1293376,19.5124284,-99.1293366,19.5124283,-99.1293389,315.0,1,1,1,A,EN AIRE,S,comenzar_barrido,1,,-78.0,-78.098,195.0,1,,D,8,45,1,15,2,3,1,40,3,10,0.5,-35,3,5,22.5,15,19.5125837,-99.1295635,rssi_avg20_ge_-35dbm (-34.951 dBm),robust_mean,315.0,-64.686,-65.197,150.0,-70.788,-71.525,60.0,-70.987,-72.745,,,,,,
2026-08-20T10:37:48.171,70.364,0.266,9361,BD,BARRIDO_DISCRETO,55.9,1,1,O,OFFBOARD,194.2,195.0,-0.8,195.0,1,D,1,BC,0,0.0,40,,,,9.9,-0.01,-0.03,-8.6,19.5124285,-99.1293376,19.5124284,-99.1293366,19.5124283,-99.1293389,315.0,1,1,1,A,EN AIRE,S,comenzar_barrido,1,,-76.0,-77.888,195.0,1,,D,8,45,1,15,2,3,1,40,3,10,0.5,-35,3,5,22.5,15,19.5125837,-99.1295635,rssi_avg20_ge_-35dbm (-34.951 dBm),robust_mean,315.0,-64.686,-65.197,150.0,-70.788,-71.525,60.0,-70.987,-72.745,,,,,,
2026-08-20T10:37:48.288,70.481,0.125,9361,BD,BARRIDO_DISCRETO,55.9,1,1,O,OFFBOARD,195.1,195.0,0.1,195.0,1,D,1,BC,0,0.0,40,,,,9.9,-0.01,-0.05,-8.56,19.5124286,-99.1293377,19.5124284,-99.1293366,19.5124283,-99.1293389,315.0,1,1,1,A,EN AIRE,S,comenzar_barrido,1,,-79.0,-78.0,195.0,1,,D,8,45,1,15,2,3,1,40,3,10,0.5,-35,3,5,22.5,15,19.5125837,-99.1295635,rssi_avg20_ge_-35dbm (-34.951 dBm),robust_mean,315.0,-64.686,-65.197,150.0,-70.788,-71.525,60.0,-70.987,-72.745,,,,,,
2026-08-20T10:37:49.310,71.503,0.875,9361,BD,BARRIDO_DISCRETO,55.9,1,1,O,OFFBOARD,195.8,195.0,0.8,195.0,1,D,1,BC,0,0.0,40,,,,9.9,0.01,-0.08,-8.53,19.5124288,-99.1293381,19.5124284,-99.1293366,19.5124283,-99.1293389,315.0,1,1,1,A,EN AIRE,S,comenzar_barrido,1,,-76.0,-77.8,,0,telemetry_stale,D,8,45,1,15,2,3,1,40,3,10,0.5,-35,3,5,22.5,15,19.5125837,-99.1295635,rssi_avg20_ge_-35dbm (-34.951 dBm),robust_mean,315.0,-64.686,-65.197,150.0,-70.788,-71.525,60.0,-70.987,-72.745,,,,,,
2026-08-20T10:37:49.481,71.674,1.047,9361,BD,BARRIDO_DISCRETO,55.9,1,1,O,OFFBOARD,195.8,195.0,0.8,195.0,1,D,1,BC,0,0.0,40,,,,9.9,0.01,-0.08,-8.53,19.5124288,-99.1293381,19.5124284,-99.1293366,19.5124283,-99.1293389,315.0,1,1,1,A,EN AIRE,S,comenzar_barrido,1,,-77.0,-77.72,,0,telemetry_stale,D,8,45,1,15,2,3,1,40,3,10,0.5,-35,3,5,22.5,15,19.5125837,-99.1295635,rssi_avg20_ge_-35dbm (-34.951 dBm),robust_mean,315.0,-64.686,-65.197,150.0,-70.788,-71.525,60.0,-70.987,-72.745,,,,,,
2026-08-20T10:37:49.699,71.89,1.265,9361,BD,BARRIDO_DISCRETO,55.9,1,1,O,OFFBOARD,195.8,195.0,0.8,195.0,1,D,1,BC,0,0.0,40,,,,9.9,0.01,-0.08,-8.53,19.5124288,-99.1293381,19.5124284,-99.1293366,19.5124283,-99.1293389,315.0,1,1,1,A,EN AIRE,S,comenzar_barrido,1,,-80.0,-77.948,,0,telemetry_stale,D,8,45,1,15,2,3,1,40,3,10,0.5,-35,3,5,22.5,15,19.5125837,-99.1295635,rssi_avg20_ge_-35dbm (-34.951 dBm),robust_mean,315.0,-64.686,-65.197,150.0,-70.788,-71.525,60.0,-70.987,-72.745,,,,,,
2026-08-20T10:37:49.887,72.08,1.453,9361,BD,BARRIDO_DISCRETO,55.9,1,1,O,OFFBOARD,195.8,195.0,0.8,195.0,1,D,1,BC,0,0.0,40,,,,9.9,0.01,-0.08,-8.53,19.5124288,-99.1293381,19.5124284,-99.1293366,19.5124283,-99.1293389,315.0,1,1,1,A,EN AIRE,S,comenzar_barrido,1,,-78.0,-77.953,,0,telemetry_stale,D,8,45,1,15,2,3,1,40,3,10,0.5,-35,3,5,22.5,15,19.5125837,-99.1295635,rssi_avg20_ge_-35dbm (-34.951 dBm),robust_mean,315.0,-64.686,-65.197,150.0,-70.788,-71.525,60.0,-70.987,-72.745,,,,,,
2026-08-20T10:37:49.986,72.178,1.547,9361,BD,BARRIDO_DISCRETO,55.9,1,1,O,OFFBOARD,195.8,195.0,0.8,195.0,1,D,1,BC,0,0.0,40,,,,9.9,0.01,-0.08,-8.53,19.5124288,-99.1293381,19.5124284,-99.1293366,19.5124283,-99.1293389,315.0,1,1,1,A,EN AIRE,S,comenzar_barrido,1,,-76.0,-77.758,,0,telemetry_stale,D,8,45,1,15,2,3,1,40,3,10,0.5,-35,3,5,22.5,15,19.5125837,-99.1295635,rssi_avg20_ge_-35dbm (-34.951 dBm),robust_mean,315.0,-64.686,-65.197,150.0,-70.788,-71.525,60.0,-70.987,-72.745,,,,,,
2026-08-20T10:37:50.157,72.35,1.718,9361,BD,BARRIDO_DISCRETO,55.9,1,1,O,OFFBOARD,195.8,195.0,0.8,195.0,1,D,1,BC,0,0.0,40,,,,9.9,0.01,-0.08,-8.53,19.5124288,-99.1293381,19.5124284,-99.1293366,19.5124283,-99.1293389,315.0,1,1,1,A,EN AIRE,S,comenzar_barrido,1,,-75.0,-77.482,,0,telemetry_stale,D,8,45,1,15,2,3,1,40,3,10,0.5,-35,3,5,22.5,15,19.5125837,-99.1295635,rssi_avg20_ge_-35dbm (-34.951 dBm),robust_mean,315.0,-64.686,-65.197,150.0,-70.788,-71.525,60.0,-70.987,-72.745,,,,,,
2026-08-20T10:37:50.331,72.523,1.906,9361,BD,BARRIDO_DISCRETO,55.9,1,1,O,OFFBOARD,195.8,195.0,0.8,195.0,1,D,1,BC,0,0.0,40,,,,9.9,0.01,-0.08,-8.53,19.5124288,-99.1293381,19.5124284,-99.1293366,19.5124283,-99.1293389,315.0,1,1,1,A,EN AIRE,S,comenzar_barrido,1,,-75.0,-77.234,,0,telemetry_stale,D,8,45,1,15,2,3,1,40,3,10,0.5,-35,3,5,22.5,15,19.5125837,-99.1295635,rssi_avg20_ge_-35dbm (-34.951 dBm),robust_mean,315.0,-64.686,-65.197,150.0,-70.788,-71.525,60.0,-70.987,-72.745,,,,,,
2026-08-20T10:37:50.607,72.799,2.172,9361,BD,BARRIDO_DISCRETO,55.9,1,1,O,OFFBOARD,195.8,195.0,0.8,195.0,1,D,1,BC,0,0.0,40,,,,9.9,0.01,-0.08,-8.53,19.5124288,-99.1293381,19.5124284,-99.1293366,19.5124283,-99.1293389,315.0,1,1,1,A,EN AIRE,S,comenzar_barrido,1,,-77.0,-77.21,,0,telemetry_stale,D,8,45,1,15,2,3,1,40,3,10,0.5,-35,3,5,22.5,15,19.5125837,-99.1295635,rssi_avg20_ge_-35dbm (-34.951 dBm),robust_mean,315.0,-64.686,-65.197,150.0,-70.788,-71.525,60.0,-70.987,-72.745,,,,,,
2026-08-20T10:37:51.004,73.196,0.094,9361,BD,BARRIDO_DISCRETO,58.8,1,1,O,OFFBOARD,210.5,210.0,0.5,210.0,1,D,1,BC,0,0.0,40,,,,9.9,0.01,-0.27,-8.57,19.5124288,-99.1293399,19.5124284,-99.1293366,19.5124283,-99.1293389,315.0,1,1,1,A,EN AIRE,S,comenzar_barrido,1,,-80.0,-77.489,210.0,1,,D,8,45,1,15,2,3,1,40,3,10,0.5,-35,3,5,22.5,15,19.5125837,-99.1295635,rssi_avg20_ge_-35dbm (-34.951 dBm),robust_mean,315.0,-64.686,-65.197,150.0,-70.788,-71.525,60.0,-70.987,-72.745,,,,,,
2026-08-20T10:37:51.173,73.365,0.25,9361,BD,BARRIDO_DISCRETO,58.8,1,1,O,OFFBOARD,210.5,210.0,0.5,210.0,1,D,1,BC,0,0.0,40,,,,9.9,0.01,-0.27,-8.57,19.5124288,-99.1293399,19.5124284,-99.1293366,19.5124283,-99.1293389,315.0,1,1,1,A,EN AIRE,S,comenzar_barrido,1,,-75.0,-77.24,210.0,1,,D,8,45,1,15,2,3,1,40,3,10,0.5,-35,3,5,22.5,15,19.5125837,-99.1295635,rssi_avg20_ge_-35dbm (-34.951 dBm),robust_mean,315.0,-64.686,-65.197,150.0,-70.788,-71.525,60.0,-70.987,-72.745,,,,,,
2026-08-20T10:37:51.352,73.545,0.0,9361,BD,BARRIDO_DISCRETO,58.8,1,1,O,OFFBOARD,210.1,210.0,0.1,210.0,1,D,1,BC,0,0.0,40,,,,9.9,0.01,-0.27,-8.57,19.5124287,-99.1293399,19.5124284,-99.1293366,19.5124283,-99.1293389,315.0,1,1,1,A,EN AIRE,S,comenzar_barrido,1,,-75.0,-77.016,210.0,1,,D,8,45,1,15,2,3,1,40,3,10,0.5,-35,3,5,22.5,15,19.5125837,-99.1295635,rssi_avg20_ge_-35dbm (-34.951 dBm),robust_mean,315.0,-64.686,-65.197,150.0,-70.788,-71.525,60.0,-70.987,-72.745,,,,,,
2026-08-20T10:37:51.432,73.625,0.078,9361,BD,BARRIDO_DISCRETO,58.8,1,1,O,OFFBOARD,210.1,210.0,0.1,210.0,1,D,1,BC,0,0.0,40,,,,9.9,0.01,-0.27,-8.57,19.5124287,-99.1293399,19.5124284,-99.1293366,19.5124283,-99.1293389,315.0,1,1,1,A,EN AIRE,S,comenzar_barrido,1,,-75.0,-76.815,210.0,1,,D,8,45,1,15,2,3,1,40,3,10,0.5,-35,3,5,22.5,15,19.5125837,-99.1295635,rssi_avg20_ge_-35dbm (-34.951 dBm),robust_mean,315.0,-64.686,-65.197,150.0,-70.788,-71.525,60.0,-70.987,-72.745,,,,,,
2026-08-20T10:37:51.548,73.741,0.187,9361,BD,BARRIDO_DISCRETO,58.8,1,1,O,OFFBOARD,210.1,210.0,0.1,210.0,1,D,1,BC,0,0.0,40,,,,9.9,0.01,-0.27,-8.57,19.5124287,-99.1293399,19.5124284,-99.1293366,19.5124283,-99.1293389,315.0,1,1,1,A,EN AIRE,S,comenzar_barrido,1,,-74.0,-76.533,210.0,1,,D,8,45,1,15,2,3,1,40,3,10,0.5,-35,3,5,22.5,15,19.5125837,-99.1295635,rssi_avg20_ge_-35dbm (-34.951 dBm),robust_mean,315.0,-64.686,-65.197,150.0,-70.788,-71.525,60.0,-70.987,-72.745,,,,,,
2026-08-20T10:37:51.730,73.922,0.094,9361,BD,BARRIDO_DISCRETO,58.8,1,1,O,OFFBOARD,209.7,210.0,-0.3,210.0,1,D,1,BC,0,0.0,40,,,,9.9,0.01,-0.28,-8.59,19.5124287,-99.1293398,19.5124284,-99.1293366,19.5124283,-99.1293389,315.0,1,1,1,A,EN AIRE,S,comenzar_barrido,1,,-72.0,-76.08,210.0,1,,D,8,45,1,15,2,3,1,40,3,10,0.5,-35,3,5,22.5,15,19.5125837,-99.1295635,rssi_avg20_ge_-35dbm (-34.951 dBm),robust_mean,315.0,-64.686,-65.197,150.0,-70.788,-71.525,60.0,-70.987,-72.745,,,,,,
2026-08-20T10:37:51.948,74.14,0.187,9361,BD,BARRIDO_DISCRETO,58.8,1,1,O,OFFBOARD,209.5,210.0,-0.5,210.0,1,D,1,BC,0,0.0,40,,,,10.0,0.0,-0.27,-8.61,19.5124287,-99.1293397,19.5124284,-99.1293366,19.5124283,-99.1293389,315.0,1,1,1,A,EN AIRE,S,comenzar_barrido,1,,-73.0,-75.772,210.0,1,,D,8,45,1,15,2,3,1,40,3,10,0.5,-35,3,5,22.5,15,19.5125837,-99.1295635,rssi_avg20_ge_-35dbm (-34.951 dBm),robust_mean,315.0,-64.686,-65.197,150.0,-70.788,-71.525,60.0,-70.987,-72.745,,,,,,
2026-08-20T10:37:52.227,74.42,0.282,9361,BD,BARRIDO_DISCRETO,58.8,1,1,O,OFFBOARD,209.7,212.5,-2.8,,0,D,1,BC,0,0.0,40,,,,10.0,0.0,-0.25,-8.63,19.5124286,-99.1293395,19.5124284,-99.1293366,19.5124283,-99.1293389,315.0,1,1,1,A,EN AIRE,S,comenzar_barrido,1,,-76.0,-75.795,,0,ma0,D,8,45,1,15,2,3,1,40,3,10,0.5,-35,3,5,22.5,15,19.5125837,-99.1295635,rssi_avg20_ge_-35dbm (-34.951 dBm),robust_mean,315.0,-64.686,-65.197,150.0,-70.788,-71.525,60.0,-70.987,-72.745,,,,,,
2026-08-20T10:37:52.567,74.76,0.625,9361,BD,BARRIDO_DISCRETO,58.8,1,1,O,OFFBOARD,209.7,212.5,-2.8,,0,D,1,BC,0,0.0,40,,,,10.0,0.0,-0.25,-8.63,19.5124286,-99.1293395,19.5124284,-99.1293366,19.5124283,-99.1293389,315.0,1,1,1,A,EN AIRE,S,comenzar_barrido,1,,-76.0,-75.815,,0,ma0,D,8,45,1,15,2,3,1,40,3,10,0.5,-35,3,5,22.5,15,19.5125837,-99.1295635,rssi_avg20_ge_-35dbm (-34.951 dBm),robust_mean,315.0,-64.686,-65.197,150.0,-70.788,-71.525,60.0,-70.987,-72.745,,,,,,
2026-08-20T10:37:52.671,74.863,0.719,9361,BD,BARRIDO_DISCRETO,58.8,1,1,O,OFFBOARD,209.7,212.5,-2.8,,0,D,1,BC,0,0.0,40,,,,10.0,0.0,-0.25,-8.63,19.5124286,-99.1293395,19.5124284,-99.1293366,19.5124283,-99.1293389,315.0,1,1,1,A,EN AIRE,S,comenzar_barrido,1,,-73.0,-75.534,,0,ma0,D,8,45,1,15,2,3,1,40,3,10,0.5,-35,3,5,22.5,15,19.5125837,-99.1295635,rssi_avg20_ge_-35dbm (-34.951 dBm),robust_mean,315.0,-64.686,-65.197,150.0,-70.788,-71.525,60.0,-70.987,-72.745,,,,,,
2026-08-20T10:37:52.859,75.051,0.079,9361,BD,BARRIDO_DISCRETO,61.8,1,1,O,OFFBOARD,226.4,225.0,1.4,225.0,1,D,1,BC,0,0.0,40,,,,10.1,-0.01,-0.18,-8.68,19.5124286,-99.1293387,19.5124284,-99.1293366,19.5124283,-99.1293389,315.0,1,1,1,A,EN AIRE,S,comenzar_barrido,1,,-72.0,-75.18,225.0,1,,D,8,45,1,15,2,3,1,40,3,10,0.5,-35,3,5,22.5,15,19.5125837,-99.1295635,rssi_avg20_ge_-35dbm (-34.951 dBm),robust_mean,315.0,-64.686,-65.197,150.0,-70.788,-71.525,60.0,-70.987,-72.745,,,,,,
2026-08-20T10:37:53.027,75.219,0.25,9361,BD,BARRIDO_DISCRETO,61.8,1,1,O,OFFBOARD,226.4,225.0,1.4,225.0,1,D,1,BC,0,0.0,40,,,,10.1,-0.01,-0.18,-8.68,19.5124286,-99.1293387,19.5124284,-99.1293366,19.5124283,-99.1293389,315.0,1,1,1,A,EN AIRE,S,comenzar_barrido,1,,-73.0,-74.962,225.0,1,,D,8,45,1,15,2,3,1,40,3,10,0.5,-35,3,5,22.5,15,19.5125837,-99.1295635,rssi_avg20_ge_-35dbm (-34.951 dBm),robust_mean,315.0,-64.686,-65.197,150.0,-70.788,-71.525,60.0,-70.987,-72.745,,,,,,
2026-08-20T10:37:53.027,75.219,0.25,9361,BD,BARRIDO_DISCRETO,61.8,1,1,O,OFFBOARD,226.4,225.0,1.4,225.0,1,D,1,BC,0,0.0,40,,,,10.1,-0.01,-0.18,-8.68,19.5124286,-99.1293387,19.5124284,-99.1293366,19.5124283,-99.1293389,315.0,1,1,1,A,EN AIRE,S,comenzar_barrido,1,,-74.0,-74.866,225.0,1,,D,8,45,1,15,2,3,1,40,3,10,0.5,-35,3,5,22.5,15,19.5125837,-99.1295635,rssi_avg20_ge_-35dbm (-34.951 dBm),robust_mean,315.0,-64.686,-65.197,150.0,-70.788,-71.525,60.0,-70.987,-72.745,,,,,,
2026-08-20T10:37:53.119,75.311,0.094,9361,BD,BARRIDO_DISCRETO,61.8,1,1,O,OFFBOARD,227.4,225.0,2.4,225.0,1,D,1,BC,0,0.0,40,,,,10.1,0.0,-0.14,-8.72,19.5124286,-99.1293385,19.5124284,-99.1293366,19.5124283,-99.1293389,315.0,1,1,1,A,EN AIRE,S,comenzar_barrido,1,,-75.0,-74.879,225.0,1,,D,8,45,1,15,2,3,1,40,3,10,0.5,-35,3,5,22.5,15,19.5125837,-99.1295635,rssi_avg20_ge_-35dbm (-34.951 dBm),robust_mean,315.0,-64.686,-65.197,150.0,-70.788,-71.525,60.0,-70.987,-72.745,,,,,,
2026-08-20T10:37:53.655,75.848,0.203,9361,BD,BARRIDO_DISCRETO,61.8,1,1,O,OFFBOARD,225.2,225.0,0.2,225.0,1,D,1,BC,0,0.0,40,,,,10.1,-0.01,-0.11,-8.75,19.5124285,-99.1293381,19.5124284,-99.1293366,19.5124283,-99.1293389,315.0,1,1,1,A,EN AIRE,S,comenzar_barrido,1,,-75.0,-74.892,225.0,1,,D,8,45,1,15,2,3,1,40,3,10,0.5,-35,3,5,22.5,15,19.5125837,-99.1295635,rssi_avg20_ge_-35dbm (-34.951 dBm),robust_mean,315.0,-64.686,-65.197,150.0,-70.788,-71.525,60.0,-70.987,-72.745,,,,,,
2026-08-20T10:37:53.655,75.848,0.203,9361,BD,BARRIDO_DISCRETO,61.8,1,1,O,OFFBOARD,225.2,225.0,0.2,225.0,1,D,1,BC,0,0.0,40,,,,10.1,-0.01,-0.11,-8.75,19.5124285,-99.1293381,19.5124284,-99.1293366,19.5124283,-99.1293389,315.0,1,1,1,A,EN AIRE,S,comenzar_barrido,1,,-75.0,-74.902,225.0,1,,D,8,45,1,15,2,3,1,40,3,10,0.5,-35,3,5,22.5,15,19.5125837,-99.1295635,rssi_avg20_ge_-35dbm (-34.951 dBm),robust_mean,315.0,-64.686,-65.197,150.0,-70.788,-71.525,60.0,-70.987,-72.745,,,,,,
2026-08-20T10:37:53.935,76.128,0.485,9361,BD,BARRIDO_DISCRETO,61.8,1,1,O,OFFBOARD,225.2,225.0,0.2,225.0,1,D,1,BC,0,0.0,40,,,,10.1,-0.01,-0.11,-8.75,19.5124285,-99.1293381,19.5124284,-99.1293366,19.5124283,-99.1293389,315.0,1,1,1,A,EN AIRE,S,comenzar_barrido,1,,-74.0,-74.812,225.0,1,,D,8,45,1,15,2,3,1,40,3,10,0.5,-35,3,5,22.5,15,19.5125837,-99.1295635,rssi_avg20_ge_-35dbm (-34.951 dBm),robust_mean,315.0,-64.686,-65.197,150.0,-70.788,-71.525,60.0,-70.987,-72.745,,,,,,
2026-08-20T10:37:54.032,76.224,0.0,9361,BD,BARRIDO_DISCRETO,61.8,1,1,O,OFFBOARD,224.8,225.0,-0.2,225.0,1,D,1,BC,0,0.0,40,,,,10.1,-0.03,-0.05,-8.74,19.5124284,-99.1293377,19.5124284,-99.1293366,19.5124283,-99.1293389,315.0,1,1,1,A,EN AIRE,S,comenzar_barrido,1,,-74.0,-74.731,225.0,1,,D,8,45,1,15,2,3,1,40,3,10,0.5,-35,3,5,22.5,15,19.5125837,-99.1295635,rssi_avg20_ge_-35dbm (-34.951 dBm),robust_mean,315.0,-64.686,-65.197,150.0,-70.788,-71.525,60.0,-70.987,-72.745,,,,,,
2026-08-20T10:37:54.119,76.312,0.094,9361,BD,BARRIDO_DISCRETO,61.8,1,1,O,OFFBOARD,224.8,225.0,-0.2,225.0,1,D,1,BC,0,0.0,40,,,,10.1,-0.03,-0.05,-8.74,19.5124284,-99.1293377,19.5124284,-99.1293366,19.5124283,-99.1293389,315.0,1,1,1,A,EN AIRE,S,comenzar_barrido,1,,-75.0,-74.758,225.0,1,,D,8,45,1,15,2,3,1,40,3,10,0.5,-35,3,5,22.5,15,19.5125837,-99.1295635,rssi_avg20_ge_-35dbm (-34.951 dBm),robust_mean,315.0,-64.686,-65.197,150.0,-70.788,-71.525,60.0,-70.987,-72.745,,,,,,
2026-08-20T10:37:54.237,76.43,0.219,9361,BD,BARRIDO_DISCRETO,61.8,1,1,O,OFFBOARD,224.8,225.0,-0.2,225.0,1,D,1,BC,0,0.0,40,,,,10.1,-0.03,-0.05,-8.74,19.5124284,-99.1293377,19.5124284,-99.1293366,19.5124283,-99.1293389,315.0,1,1,1,A,EN AIRE,S,comenzar_barrido,1,,-75.0,-74.782,225.0,1,,D,8,45,1,15,2,3,1,40,3,10,0.5,-35,3,5,22.5,15,19.5125837,-99.1295635,rssi_avg20_ge_-35dbm (-34.951 dBm),robust_mean,315.0,-64.686,-65.197,150.0,-70.788,-71.525,60.0,-70.987,-72.745,,,,,,
2026-08-20T10:37:54.402,76.594,0.156,9361,BD,BARRIDO_DISCRETO,61.8,1,1,O,OFFBOARD,225.1,225.0,0.1,225.0,1,D,1,BC,0,0.0,40,,,,10.1,-0.03,-0.05,-8.74,19.5124284,-99.1293376,19.5124284,-99.1293366,19.5124283,-99.1293389,315.0,1,1,1,A,EN AIRE,S,comenzar_barrido,1,,-75.0,-74.804,225.0,1,,D,8,45,1,15,2,3,1,40,3,10,0.5,-35,3,5,22.5,15,19.5125837,-99.1295635,rssi_avg20_ge_-35dbm (-34.951 dBm),robust_mean,315.0,-64.686,-65.197,150.0,-70.788,-71.525,60.0,-70.987,-72.745,,,,,,
2026-08-20T10:37:54.575,76.768,0.328,9361,BD,BARRIDO_DISCRETO,61.8,1,1,O,OFFBOARD,225.1,225.0,0.1,225.0,1,D,1,BC,0,0.0,40,,,,10.1,-0.03,-0.05,-8.74,19.5124284,-99.1293376,19.5124284,-99.1293366,19.5124283,-99.1293389,315.0,1,1,1,A,EN AIRE,S,comenzar_barrido,1,,-75.0,-74.823,225.0,1,,D,8,45,1,15,2,3,1,40,3,10,0.5,-35,3,5,22.5,15,19.5125837,-99.1295635,rssi_avg20_ge_-35dbm (-34.951 dBm),robust_mean,315.0,-64.686,-65.197,150.0,-70.788,-71.525,60.0,-70.987,-72.745,,,,,,
2026-08-20T10:37:54.783,76.976,0.093,9361,BD,BARRIDO_DISCRETO,61.8,1,1,O,OFFBOARD,224.9,225.0,-0.1,225.0,1,D,1,BC,0,0.0,40,,,,10.1,-0.03,-0.04,-8.75,19.5124284,-99.1293376,19.5124284,-99.1293366,19.5124283,-99.1293389,315.0,1,1,1,A,EN AIRE,S,comenzar_barrido,1,,-73.0,-74.641,225.0,1,,D,8,45,1,15,2,3,1,40,3,10,0.5,-35,3,5,22.5,15,19.5125837,-99.1295635,rssi_avg20_ge_-35dbm (-34.951 dBm),robust_mean,315.0,-64.686,-65.197,150.0,-70.788,-71.525,60.0,-70.987,-72.745,,,,,,
2026-08-20T10:37:54.783,76.976,0.109,9361,BD,BARRIDO_DISCRETO,61.8,1,1,O,OFFBOARD,224.9,225.0,-0.1,225.0,1,D,1,BC,0,0.0,40,,,,10.1,-0.03,-0.04,-8.75,19.5124284,-99.1293376,19.5124284,-99.1293366,19.5124283,-99.1293389,315.0,1,1,1,A,EN AIRE,S,comenzar_barrido,1,,-73.0,-74.477,225.0,1,,D,8,45,1,15,2,3,1,40,3,10,0.5,-35,3,5,22.5,15,19.5125837,-99.1295635,rssi_avg20_ge_-35dbm (-34.951 dBm),robust_mean,315.0,-64.686,-65.197,150.0,-70.788,-71.525,60.0,-70.987,-72.745,,,,,,
2026-08-20T10:37:54.947,77.139,0.265,9361,BD,BARRIDO_DISCRETO,61.8,1,1,O,OFFBOARD,224.9,225.0,-0.1,225.0,1,D,1,BC,0,0.0,40,,,,10.1,-0.03,-0.04,-8.75,19.5124284,-99.1293376,19.5124284,-99.1293366,19.5124283,-99.1293389,315.0,1,1,1,A,EN AIRE,S,comenzar_barrido,1,,-74.0,-74.429,225.0,1,,D,8,45,1,15,2,3,1,40,3,10,0.5,-35,3,5,22.5,15,19.5125837,-99.1295635,rssi_avg20_ge_-35dbm (-34.951 dBm),robust_mean,315.0,-64.686,-65.197,150.0,-70.788,-71.525,60.0,-70.987,-72.745,,,,,,
2026-08-20T10:37:55.212,77.405,0.531,9361,BD,BARRIDO_DISCRETO,61.8,1,1,O,OFFBOARD,224.9,225.0,-0.1,225.0,1,D,1,BC,0,0.0,40,,,,10.1,-0.03,-0.04,-8.75,19.5124284,-99.1293376,19.5124284,-99.1293366,19.5124283,-99.1293389,315.0,1,1,1,A,EN AIRE,S,comenzar_barrido,1,,-72.0,-74.186,225.0,1,,D,8,45,1,15,2,3,1,40,3,10,0.5,-35,3,5,22.5,15,19.5125837,-99.1295635,rssi_avg20_ge_-35dbm (-34.951 dBm),robust_mean,315.0,-64.686,-65.197,150.0,-70.788,-71.525,60.0,-70.987,-72.745,,,,,,
2026-08-20T10:37:55.320,77.513,0.64,9361,BD,BARRIDO_DISCRETO,61.8,1,1,O,OFFBOARD,224.9,225.0,-0.1,225.0,1,D,1,BC,0,0.0,40,,,,10.1,-0.03,-0.04,-8.75,19.5124284,-99.1293376,19.5124284,-99.1293366,19.5124283,-99.1293389,315.0,1,1,1,A,EN AIRE,S,comenzar_barrido,1,,-72.0,-73.968,225.0,1,,D,8,45,1,15,2,3,1,40,3,10,0.5,-35,3,5,22.5,15,19.5125837,-99.1295635,rssi_avg20_ge_-35dbm (-34.951 dBm),robust_mean,315.0,-64.686,-65.197,150.0,-70.788,-71.525,60.0,-70.987,-72.745,,,,,,
2026-08-20T10:37:55.595,77.787,0.109,9361,BD,BARRIDO_DISCRETO,61.8,1,1,O,OFFBOARD,227.0,240.0,-13.0,,0,D,1,BC,0,0.0,40,,,,10.1,-0.03,-0.07,-8.77,19.5124284,-99.1293379,19.5124284,-99.1293366,19.5124283,-99.1293389,315.0,1,1,1,A,EN AIRE,S,comenzar_barrido,1,,-70.0,-73.571,,0,ma0,D,8,45,1,15,2,3,1,40,3,10,0.5,-35,3,5,22.5,15,19.5125837,-99.1295635,rssi_avg20_ge_-35dbm (-34.951 dBm),robust_mean,315.0,-64.686,-65.197,150.0,-70.788,-71.525,60.0,-70.987,-72.745,,,,,,
2026-08-20T10:37:55.750,77.943,0.265,9361,BD,BARRIDO_DISCRETO,61.8,1,1,O,OFFBOARD,227.0,240.0,-13.0,,0,D,1,BC,0,0.0,40,,,,10.1,-0.03,-0.07,-8.77,19.5124284,-99.1293379,19.5124284,-99.1293366,19.5124283,-99.1293389,315.0,1,1,1,A,EN AIRE,S,comenzar_barrido,1,,-71.0,-73.314,,0,ma0,D,8,45,1,15,2,3,1,40,3,10,0.5,-35,3,5,22.5,15,19.5125837,-99.1295635,rssi_avg20_ge_-35dbm (-34.951 dBm),robust_mean,315.0,-64.686,-65.197,150.0,-70.788,-71.525,60.0,-70.987,-72.745,,,,,,
2026-08-20T10:37:55.862,78.055,0.125,9361,BD,BARRIDO_DISCRETO,64.7,1,1,O,OFFBOARD,234.2,240.0,-5.8,240.0,1,D,1,BC,0,0.0,40,,,,10.1,-0.03,-0.07,-8.77,19.5124284,-99.1293379,19.5124284,-99.1293366,19.5124283,-99.1293389,315.0,1,1,1,A,EN AIRE,S,comenzar_barrido,1,,-71.0,-73.082,240.0,1,,D,8,45,1,15,2,3,1,40,3,10,0.5,-35,3,5,22.5,15,19.5125837,-99.1295635,rssi_avg20_ge_-35dbm (-34.951 dBm),robust_mean,315.0,-64.686,-65.197,150.0,-70.788,-71.525,60.0,-70.987,-72.745,,,,,,
2026-08-20T10:37:56.027,78.219,0.156,9361,BD,BARRIDO_DISCRETO,64.7,1,1,O,OFFBOARD,244.1,240.0,4.1,240.0,1,D,1,BC,0,0.0,40,,,,10.1,-0.02,-0.07,-8.78,19.5124284,-99.129338,19.5124284,-99.1293366,19.5124283,-99.1293389,315.0,1,1,1,A,EN AIRE,S,comenzar_barrido,1,,-70.0,-72.774,240.0,1,,D,8,45,1,15,2,3,1,40,3,10,0.5,-35,3,5,22.5,15,19.5125837,-99.1295635,rssi_avg20_ge_-35dbm (-34.951 dBm),robust_mean,315.0,-64.686,-65.197,150.0,-70.788,-71.525,60.0,-70.987,-72.745,,,,,,
2026-08-20T10:37:56.194,78.387,0.328,9361,BD,BARRIDO_DISCRETO,64.7,1,1,O,OFFBOARD,244.1,240.0,4.1,240.0,1,D,1,BC,0,0.0,40,,,,10.1,-0.02,-0.07,-8.78,19.5124284,-99.129338,19.5124284,-99.1293366,19.5124283,-99.1293389,315.0,1,1,1,A,EN AIRE,S,comenzar_barrido,1,,-69.0,-72.397,240.0,1,,D,8,45,1,15,2,3,1,40,3,10,0.5,-35,3,5,22.5,15,19.5125837,-99.1295635,rssi_avg20_ge_-35dbm (-34.951 dBm),robust_mean,315.0,-64.686,-65.197,150.0,-70.788,-71.525,60.0,-70.987,-72.745,,,,,,
2026-08-20T10:37:56.362,78.554,0.5,9361,BD,BARRIDO_DISCRETO,64.7,1,1,O,OFFBOARD,244.1,240.0,4.1,240.0,1,D,1,BC,0,0.0,40,,,,10.1,-0.02,-0.07,-8.78,19.5124284,-99.129338,19.5124284,-99.1293366,19.5124283,-99.1293389,315.0,1,1,1,A,EN AIRE,S,comenzar_barrido,1,,-69.0,-72.057,240.0,1,,D,8,45,1,15,2,3,1,40,3,10,0.5,-35,3,5,22.5,15,19.5125837,-99.1295635,rssi_avg20_ge_-35dbm (-34.951 dBm),robust_mean,315.0,-64.686,-65.197,150.0,-70.788,-71.525,60.0,-70.987,-72.745,,,,,,
2026-08-20T10:37:56.464,78.656,0.594,9361,BD,BARRIDO_DISCRETO,64.7,1,1,O,OFFBOARD,244.1,240.0,4.1,240.0,1,D,1,BC,0,0.0,40,,,,10.1,-0.02,-0.07,-8.78,19.5124284,-99.129338,19.5124284,-99.1293366,19.5124283,-99.1293389,315.0,1,1,1,A,EN AIRE,S,comenzar_barrido,1,,-69.0,-71.751,240.0,1,,D,8,45,1,15,2,3,1,40,3,10,0.5,-35,3,5,22.5,15,19.5125837,-99.1295635,rssi_avg20_ge_-35dbm (-34.951 dBm),robust_mean,315.0,-64.686,-65.197,150.0,-70.788,-71.525,60.0,-70.987,-72.745,,,,,,
2026-08-20T10:37:56.632,78.824,0.766,9361,BD,BARRIDO_DISCRETO,64.7,1,1,O,OFFBOARD,244.1,240.0,4.1,240.0,1,D,1,BC,0,0.0,40,,,,10.1,-0.02,-0.07,-8.78,19.5124284,-99.129338,19.5124284,-99.1293366,19.5124283,-99.1293389,315.0,1,1,1,A,EN AIRE,S,comenzar_barrido,1,,-69.0,-71.476,,0,telemetry_stale,D,8,45,1,15,2,3,1,40,3,10,0.5,-35,3,5,22.5,15,19.5125837,-99.1295635,rssi_avg20_ge_-35dbm (-34.951 dBm),robust_mean,315.0,-64.686,-65.197,150.0,-70.788,-71.525,60.0,-70.987,-72.745,,,,,,
2026-08-20T10:37:56.632,78.824,0.766,9361,BD,BARRIDO_DISCRETO,64.7,1,1,O,OFFBOARD,244.1,240.0,4.1,240.0,1,D,1,BC,0,0.0,40,,,,10.1,-0.02,-0.07,-8.78,19.5124284,-99.129338,19.5124284,-99.1293366,19.5124283,-99.1293389,315.0,1,1,1,A,EN AIRE,S,comenzar_barrido,1,,-69.0,-71.229,,0,telemetry_stale,D,8,45,1,15,2,3,1,40,3,10,0.5,-35,3,5,22.5,15,19.5125837,-99.1295635,rssi_avg20_ge_-35dbm (-34.951 dBm),robust_mean,315.0,-64.686,-65.197,150.0,-70.788,-71.525,60.0,-70.987,-72.745,,,,,,
2026-08-20T10:37:56.938,79.131,1.063,9361,BD,BARRIDO_DISCRETO,64.7,1,1,O,OFFBOARD,244.1,240.0,4.1,240.0,1,D,1,BC,0,0.0,40,,,,10.1,-0.02,-0.07,-8.78,19.5124284,-99.129338,19.5124284,-99.1293366,19.5124283,-99.1293389,315.0,1,1,1,A,EN AIRE,S,comenzar_barrido,1,,-69.0,-71.006,,0,telemetry_stale,D,8,45,1,15,2,3,1,40,3,10,0.5,-35,3,5,22.5,15,19.5125837,-99.1295635,rssi_avg20_ge_-35dbm (-34.951 dBm),robust_mean,315.0,-64.686,-65.197,150.0,-70.788,-71.525,60.0,-70.987,-72.745,,,,,,
2026-08-20T10:37:57.026,79.218,0.0,9361,BD,BARRIDO_DISCRETO,64.7,1,1,O,OFFBOARD,239.8,240.0,-0.2,240.0,1,D,1,BC,0,0.0,40,,,,10.1,-0.04,-0.11,-8.75,19.5124283,-99.1293383,19.5124284,-99.1293366,19.5124283,-99.1293389,315.0,1,1,1,A,EN AIRE,S,comenzar_barrido,1,,-70.0,-70.905,240.0,1,,D,8,45,1,15,2,3,1,40,3,10,0.5,-35,3,5,22.5,15,19.5125837,-99.1295635,rssi_avg20_ge_-35dbm (-34.951 dBm),robust_mean,315.0,-64.686,-65.197,150.0,-70.788,-71.525,60.0,-70.987,-72.745,,,,,,
2026-08-20T10:37:57.235,79.427,0.11,9361,BD,BARRIDO_DISCRETO,64.7,1,1,O,OFFBOARD,240.6,240.0,0.6,240.0,1,D,1,BC,0,0.0,40,,,,10.1,-0.04,-0.11,-8.75,19.5124283,-99.1293384,19.5124284,-99.1293366,19.5124283,-99.1293389,315.0,1,1,1,A,EN AIRE,S,comenzar_barrido,1,,-69.0,-70.715,240.0,1,,D,8,45,1,15,2,3,1,40,3,10,0.5,-35,3,5,22.5,15,19.5125837,-99.1295635,rssi_avg20_ge_-35dbm (-34.951 dBm),robust_mean,315.0,-64.686,-65.197,150.0,-70.788,-71.525,60.0,-70.987,-72.745,,,,,,
2026-08-20T10:37:57.235,79.427,0.11,9361,BD,BARRIDO_DISCRETO,64.7,1,1,O,OFFBOARD,240.6,240.0,0.6,240.0,1,D,1,BC,0,0.0,40,,,,10.1,-0.04,-0.11,-8.75,19.5124283,-99.1293384,19.5124284,-99.1293366,19.5124283,-99.1293389,315.0,1,1,1,A,EN AIRE,S,comenzar_barrido,1,,-69.0,-70.543,240.0,1,,D,8,45,1,15,2,3,1,40,3,10,0.5,-35,3,5,22.5,15,19.5125837,-99.1295635,rssi_avg20_ge_-35dbm (-34.951 dBm),robust_mean,315.0,-64.686,-65.197,150.0,-70.788,-71.525,60.0,-70.987,-72.745,,,,,,
2026-08-20T10:37:57.384,79.577,0.266,9361,BD,BARRIDO_DISCRETO,64.7,1,1,O,OFFBOARD,240.6,240.0,0.6,240.0,1,D,1,BC,0,0.0,40,,,,10.1,-0.04,-0.11,-8.75,19.5124283,-99.1293384,19.5124284,-99.1293366,19.5124283,-99.1293389,315.0,1,1,1,A,EN AIRE,S,comenzar_barrido,1,,-69.0,-70.389,240.0,1,,D,8,45,1,15,2,3,1,40,3,10,0.5,-35,3,5,22.5,15,19.5125837,-99.1295635,rssi_avg20_ge_-35dbm (-34.951 dBm),robust_mean,315.0,-64.686,-65.197,150.0,-70.788,-71.525,60.0,-70.987,-72.745,,,,,,
2026-08-20T10:37:57.558,79.751,0.0,9361,BD,BARRIDO_DISCRETO,64.7,1,1,O,OFFBOARD,239.7,240.0,-0.3,240.0,1,D,1,BC,0,0.0,40,,,,10.1,-0.03,-0.12,-8.74,19.5124283,-99.1293384,19.5124284,-99.1293366,19.5124283,-99.1293389,315.0,1,1,1,A,EN AIRE,S,comenzar_barrido,1,,-69.0,-70.25,240.0,1,,D,8,45,1,15,2,3,1,40,3,10,0.5,-35,3,5,22.5,15,19.5125837,-99.1295635,rssi_avg20_ge_-35dbm (-34.951 dBm),robust_mean,315.0,-64.686,-65.197,150.0,-70.788,-71.525,60.0,-70.987,-72.745,,,,,,
2026-08-20T10:37:57.760,79.953,0.203,9361,BD,BARRIDO_DISCRETO,64.7,1,1,O,OFFBOARD,239.7,240.0,-0.3,240.0,1,D,1,BC,0,0.0,40,,,,10.1,-0.03,-0.12,-8.74,19.5124283,-99.1293384,19.5124284,-99.1293366,19.5124283,-99.1293389,315.0,1,1,1,A,EN AIRE,S,comenzar_barrido,1,,-69.0,-70.125,240.0,1,,D,8,45,1,15,2,3,1,40,3,10,0.5,-35,3,5,22.5,15,19.5125837,-99.1295635,rssi_avg20_ge_-35dbm (-34.951 dBm),robust_mean,315.0,-64.686,-65.197,150.0,-70.788,-71.525,60.0,-70.987,-72.745,,,,,,
2026-08-20T10:37:57.761,79.954,0.203,9361,BD,BARRIDO_DISCRETO,64.7,1,1,O,OFFBOARD,239.7,240.0,-0.3,240.0,1,D,1,BC,0,0.0,40,,,,10.1,-0.03,-0.12,-8.74,19.5124283,-99.1293384,19.5124284,-99.1293366,19.5124283,-99.1293389,315.0,1,1,1,A,EN AIRE,S,comenzar_barrido,1,,-69.0,-70.013,240.0,1,,D,8,45,1,15,2,3,1,40,3,10,0.5,-35,3,5,22.5,15,19.5125837,-99.1295635,rssi_avg20_ge_-35dbm (-34.951 dBm),robust_mean,315.0,-64.686,-65.197,150.0,-70.788,-71.525,60.0,-70.987,-72.745,,,,,,
2026-08-20T10:37:57.931,80.123,0.172,9361,BD,BARRIDO_DISCRETO,64.7,1,1,O,OFFBOARD,239.5,240.0,-0.5,240.0,1,D,1,BC,0,0.0,40,,,,11.1,-0.04,-0.12,-8.74,19.5124283,-99.1293385,19.5124284,-99.1293366,19.5124283,-99.1293389,315.0,1,1,1,A,EN AIRE,S,comenzar_barrido,1,,-70.0,-70.011,240.0,1,,D,8,45,1,15,2,3,1,40,3,10,0.5,-35,3,5,22.5,15,19.5125837,-99.1295635,rssi_avg20_ge_-35dbm (-34.951 dBm),robust_mean,315.0,-64.686,-65.197,150.0,-70.788,-71.525,60.0,-70.987,-72.745,,,,,,
2026-08-20T10:37:58.021,80.213,0.265,9361,BD,BARRIDO_DISCRETO,64.7,1,1,O,OFFBOARD,239.5,240.0,-0.5,240.0,1,D,1,BC,0,0.0,40,,,,11.1,-0.04,-0.12,-8.74,19.5124283,-99.1293385,19.5124284,-99.1293366,19.5124283,-99.1293389,315.0,1,1,1,A,EN AIRE,S,comenzar_barrido,1,,-71.0,-70.11,240.0,1,,D,8,45,1,15,2,3,1,40,3,10,0.5,-35,3,5,22.5,15,19.5125837,-99.1295635,rssi_avg20_ge_-35dbm (-34.951 dBm),robust_mean,315.0,-64.686,-65.197,150.0,-70.788,-71.525,60.0,-70.987,-72.745,,,,,,
2026-08-20T10:37:58.316,80.509,0.109,9361,BD,BARRIDO_DISCRETO,64.7,1,1,O,OFFBOARD,240.6,247.5,-6.9,,0,D,1,BC,0,0.0,40,,,,11.0,-0.04,-0.14,-8.68,19.5124283,-99.1293387,19.5124284,-99.1293366,19.5124283,-99.1293389,315.0,1,1,1,A,EN AIRE,S,comenzar_barrido,1,,-70.0,-70.099,,0,ma0,D,8,45,1,15,2,3,1,40,3,10,0.5,-35,3,5,22.5,15,19.5125837,-99.1295635,rssi_avg20_ge_-35dbm (-34.951 dBm),robust_mean,315.0,-64.686,-65.197,150.0,-70.788,-71.525,60.0,-70.987,-72.745,,,,,,
2026-08-20T10:37:58.316,80.509,0.109,9361,BD,BARRIDO_DISCRETO,64.7,1,1,O,OFFBOARD,240.6,247.5,-6.9,,0,D,1,BC,0,0.0,40,,,,11.0,-0.04,-0.14,-8.68,19.5124283,-99.1293387,19.5124284,-99.1293366,19.5124283,-99.1293389,315.0,1,1,1,A,EN AIRE,S,comenzar_barrido,1,,-72.0,-70.289,,0,ma0,D,8,45,1,15,2,3,1,40,3,10,0.5,-35,3,5,22.5,15,19.5125837,-99.1295635,rssi_avg20_ge_-35dbm (-34.951 dBm),robust_mean,315.0,-64.686,-65.197,150.0,-70.788,-71.525,60.0,-70.987,-72.745,,,,,,
2026-08-20T10:37:58.465,80.658,0.25,9361,BD,BARRIDO_DISCRETO,64.7,1,1,O,OFFBOARD,240.6,247.5,-6.9,,0,D,1,BC,0,0.0,40,,,,11.0,-0.04,-0.14,-8.68,19.5124283,-99.1293387,19.5124284,-99.1293366,19.5124283,-99.1293389,315.0,1,1,1,A,EN AIRE,S,comenzar_barrido,1,,-76.0,-70.86,,0,ma0,D,8,45,1,15,2,3,1,40,3,10,0.5,-35,3,5,22.5,15,19.5125837,-99.1295635,rssi_avg20_ge_-35dbm (-34.951 dBm),robust_mean,315.0,-64.686,-65.197,150.0,-70.788,-71.525,60.0,-70.987,-72.745,,,,,,
2026-08-20T10:37:58.644,80.836,0.015,9361,BD,BARRIDO_DISCRETO,67.6,1,1,O,OFFBOARD,243.0,255.0,-12.0,255.0,1,D,1,BC,0,0.0,40,,,,11.0,-0.04,-0.14,-8.68,19.5124283,-99.1293387,19.5124284,-99.1293366,19.5124283,-99.1293389,315.0,1,1,1,A,EN AIRE,S,comenzar_barrido,1,,-76.0,-71.374,255.0,1,,D,8,45,1,15,2,3,1,40,3,10,0.5,-35,3,5,22.5,15,19.5125837,-99.1295635,rssi_avg20_ge_-35dbm (-34.951 dBm),robust_mean,315.0,-64.686,-65.197,150.0,-70.788,-71.525,60.0,-70.987,-72.745,,,,,,
2026-08-20T10:37:58.727,80.919,0.094,9361,BD,BARRIDO_DISCRETO,67.6,1,1,O,OFFBOARD,243.0,255.0,-12.0,255.0,1,D,1,BC,0,0.0,40,,,,11.0,-0.04,-0.14,-8.68,19.5124283,-99.1293387,19.5124284,-99.1293366,19.5124283,-99.1293389,315.0,1,1,1,A,EN AIRE,S,comenzar_barrido,1,,-77.0,-71.937,255.0,1,,D,8,45,1,15,2,3,1,40,3,10,0.5,-35,3,5,22.5,15,19.5125837,-99.1295635,rssi_avg20_ge_-35dbm (-34.951 dBm),robust_mean,315.0,-64.686,-65.197,150.0,-70.788,-71.525,60.0,-70.987,-72.745,,,,,,
2026-08-20T10:37:58.831,81.024,0.203,9361,BD,BARRIDO_DISCRETO,67.6,1,1,O,OFFBOARD,243.0,255.0,-12.0,255.0,1,D,1,BC,0,0.0,40,,,,11.0,-0.04,-0.14,-8.68,19.5124283,-99.1293387,19.5124284,-99.1293366,19.5124283,-99.1293389,315.0,1,1,1,A,EN AIRE,S,comenzar_barrido,1,,-77.0,-72.443,255.0,1,,D,8,45,1,15,2,3,1,40,3,10,0.5,-35,3,5,22.5,15,19.5125837,-99.1295635,rssi_avg20_ge_-35dbm (-34.951 dBm),robust_mean,315.0,-64.686,-65.197,150.0,-70.788,-71.525,60.0,-70.987,-72.745,,,,,,
2026-08-20T10:37:59.113,81.306,0.203,9361,BD,BARRIDO_DISCRETO,67.6,1,1,O,OFFBOARD,255.8,255.0,0.8,255.0,1,D,1,BC,0,0.0,40,,,,11.0,-0.04,-0.16,-8.66,19.5124283,-99.1293388,19.5124284,-99.1293366,19.5124283,-99.1293389,315.0,1,1,1,A,EN AIRE,S,comenzar_barrido,1,,-77.0,-72.899,255.0,1,,D,8,45,1,15,2,3,1,40,3,10,0.5,-35,3,5,22.5,15,19.5125837,-99.1295635,rssi_avg20_ge_-35dbm (-34.951 dBm),robust_mean,315.0,-64.686,-65.197,150.0,-70.788,-71.525,60.0,-70.987,-72.745,,,,,,
2026-08-20T10:37:59.113,81.306,0.203,9361,BD,BARRIDO_DISCRETO,67.6,1,1,O,OFFBOARD,255.8,255.0,0.8,255.0,1,D,1,BC,0,0.0,40,,,,11.0,-0.04,-0.16,-8.66,19.5124283,-99.1293388,19.5124284,-99.1293366,19.5124283,-99.1293389,315.0,1,1,1,A,EN AIRE,S,comenzar_barrido,1,,-78.0,-73.409,255.0,1,,D,8,45,1,15,2,3,1,40,3,10,0.5,-35,3,5,22.5,15,19.5125837,-99.1295635,rssi_avg20_ge_-35dbm (-34.951 dBm),robust_mean,315.0,-64.686,-65.197,150.0,-70.788,-71.525,60.0,-70.987,-72.745,,,,,,
2026-08-20T10:37:59.385,81.578,0.469,9361,BD,BARRIDO_DISCRETO,67.6,1,1,O,OFFBOARD,255.8,255.0,0.8,255.0,1,D,1,BC,0,0.0,40,,,,11.0,-0.04,-0.16,-8.66,19.5124283,-99.1293388,19.5124284,-99.1293366,19.5124283,-99.1293389,315.0,1,1,1,A,EN AIRE,S,comenzar_barrido,1,,-77.0,-73.768,255.0,1,,D,8,45,1,15,2,3,1,40,3,10,0.5,-35,3,5,22.5,15,19.5125837,-99.1295635,rssi_avg20_ge_-35dbm (-34.951 dBm),robust_mean,315.0,-64.686,-65.197,150.0,-70.788,-71.525,60.0,-70.987,-72.745,,,,,,
2026-08-20T10:37:59.385,81.578,0.469,9361,BD,BARRIDO_DISCRETO,67.6,1,1,O,OFFBOARD,255.8,255.0,0.8,255.0,1,D,1,BC,0,0.0,40,,,,11.0,-0.04,-0.16,-8.66,19.5124283,-99.1293388,19.5124284,-99.1293366,19.5124283,-99.1293389,315.0,1,1,1,A,EN AIRE,S,comenzar_barrido,1,,-77.0,-74.091,255.0,1,,D,8,45,1,15,2,3,1,40,3,10,0.5,-35,3,5,22.5,15,19.5125837,-99.1295635,rssi_avg20_ge_-35dbm (-34.951 dBm),robust_mean,315.0,-64.686,-65.197,150.0,-70.788,-71.525,60.0,-70.987,-72.745,,,,,,
2026-08-20T10:37:59.759,81.952,0.188,9361,BD,BARRIDO_DISCRETO,67.6,1,1,O,OFFBOARD,253.5,255.0,-1.5,255.0,1,D,1,BC,0,0.0,40,,,,11.0,-0.01,-0.2,-8.65,19.5124285,-99.1293392,19.5124284,-99.1293366,19.5124283,-99.1293389,315.0,1,1,1,A,EN AIRE,S,comenzar_barrido,1,,-76.0,-74.282,255.0,1,,D,8,45,1,15,2,3,1,40,3,10,0.5,-35,3,5,22.5,15,19.5125837,-99.1295635,rssi_avg20_ge_-35dbm (-34.951 dBm),robust_mean,315.0,-64.686,-65.197,150.0,-70.788,-71.525,60.0,-70.987,-72.745,,,,,,
2026-08-20T10:37:59.759,81.952,0.188,9361,BD,BARRIDO_DISCRETO,67.6,1,1,O,OFFBOARD,253.5,255.0,-1.5,255.0,1,D,1,BC,0,0.0,40,,,,11.0,-0.01,-0.2,-8.65,19.5124285,-99.1293392,19.5124284,-99.1293366,19.5124283,-99.1293389,315.0,1,1,1,A,EN AIRE,S,comenzar_barrido,1,,-76.0,-74.454,255.0,1,,D,8,45,1,15,2,3,1,40,3,10,0.5,-35,3,5,22.5,15,19.5125837,-99.1295635,rssi_avg20_ge_-35dbm (-34.951 dBm),robust_mean,315.0,-64.686,-65.197,150.0,-70.788,-71.525,60.0,-70.987,-72.745,,,,,,
2026-08-20T10:37:59.949,82.142,0.109,9361,BD,BARRIDO_DISCRETO,67.6,1,1,O,OFFBOARD,253.7,255.0,-1.3,255.0,1,D,1,BC,0,0.0,40,,,,11.0,-0.01,-0.2,-8.65,19.5124285,-99.1293392,19.5124284,-99.1293366,19.5124283,-99.1293389,315.0,1,1,1,A,EN AIRE,S,comenzar_barrido,1,,-76.0,-74.609,255.0,1,,D,8,45,1,15,2,3,1,40,3,10,0.5,-35,3,5,22.5,15,19.5125837,-99.1295635,rssi_avg20_ge_-35dbm (-34.951 dBm),robust_mean,315.0,-64.686,-65.197,150.0,-70.788,-71.525,60.0,-70.987,-72.745,,,,,,
2026-08-20T10:38:00.223,82.416,0.125,9361,BD,BARRIDO_DISCRETO,67.6,1,1,O,OFFBOARD,254.6,255.0,-0.4,255.0,1,D,1,BC,0,0.0,40,,,,11.0,-0.01,-0.2,-8.63,19.5124286,-99.1293392,19.5124284,-99.1293366,19.5124283,-99.1293389,315.0,1,1,1,A,EN AIRE,S,comenzar_barrido,1,,-77.0,-74.848,255.0,1,,D,8,45,1,15,2,3,1,40,3,10,0.5,-35,3,5,22.5,15,19.5125837,-99.1295635,rssi_avg20_ge_-35dbm (-34.951 dBm),robust_mean,315.0,-64.686,-65.197,150.0,-70.788,-71.525,60.0,-70.987,-72.745,,,,,,
2026-08-20T10:38:00.224,82.416,0.125,9361,BD,BARRIDO_DISCRETO,67.6,1,1,O,OFFBOARD,254.6,255.0,-0.4,255.0,1,D,1,BC,0,0.0,40,,,,11.0,-0.01,-0.2,-8.63,19.5124286,-99.1293392,19.5124284,-99.1293366,19.5124283,-99.1293389,315.0,1,1,1,A,EN AIRE,S,comenzar_barrido,1,,-78.0,-75.163,255.0,1,,D,8,45,1,15,2,3,1,40,3,10,0.5,-35,3,5,22.5,15,19.5125837,-99.1295635,rssi_avg20_ge_-35dbm (-34.951 dBm),robust_mean,315.0,-64.686,-65.197,150.0,-70.788,-71.525,60.0,-70.987,-72.745,,,,,,
2026-08-20T10:38:00.312,82.504,0.203,9361,BD,BARRIDO_DISCRETO,67.6,1,1,O,OFFBOARD,254.6,255.0,-0.4,255.0,1,D,1,BC,0,0.0,40,,,,11.0,-0.01,-0.2,-8.63,19.5124286,-99.1293392,19.5124284,-99.1293366,19.5124283,-99.1293389,315.0,1,1,1,A,EN AIRE,S,comenzar_barrido,1,,-78.0,-75.447,255.0,1,,D,8,45,1,15,2,3,1,40,3,10,0.5,-35,3,5,22.5,15,19.5125837,-99.1295635,rssi_avg20_ge_-35dbm (-34.951 dBm),robust_mean,315.0,-64.686,-65.197,150.0,-70.788,-71.525,60.0,-70.987,-72.745,,,,,,
2026-08-20T10:38:00.522,82.715,0.109,9361,BD,BARRIDO_DISCRETO,67.6,1,1,O,OFFBOARD,254.8,255.0,-0.2,255.0,1,D,1,BC,0,0.0,40,,,,11.0,-0.01,-0.21,-8.63,19.5124287,-99.1293393,19.5124284,-99.1293366,19.5124283,-99.1293389,315.0,1,1,1,A,EN AIRE,S,comenzar_barrido,1,,-81.0,-76.002,255.0,1,,D,8,45,1,15,2,3,1,40,3,10,0.5,-35,3,5,22.5,15,19.5125837,-99.1295635,rssi_avg20_ge_-35dbm (-34.951 dBm),robust_mean,315.0,-64.686,-65.197,150.0,-70.788,-71.525,60.0,-70.987,-72.745,,,,,,
2026-08-20T10:38:00.996,83.189,0.578,9361,BD,BARRIDO_DISCRETO,67.6,1,1,O,OFFBOARD,254.8,255.0,-0.2,255.0,1,D,1,BC,0,0.0,40,,,,11.0,-0.01,-0.21,-8.63,19.5124287,-99.1293393,19.5124284,-99.1293366,19.5124283,-99.1293389,315.0,1,1,1,A,EN AIRE,S,comenzar_barrido,1,,-81.0,-76.502,255.0,1,,D,8,45,1,15,2,3,1,40,3,10,0.5,-35,3,5,22.5,15,19.5125837,-99.1295635,rssi_avg20_ge_-35dbm (-34.951 dBm),robust_mean,315.0,-64.686,-65.197,150.0,-70.788,-71.525,60.0,-70.987,-72.745,,,,,,
2026-08-20T10:38:01.276,83.469,0.859,9361,BD,BARRIDO_DISCRETO,67.6,1,1,O,OFFBOARD,254.8,255.0,-0.2,255.0,1,D,1,BC,0,0.0,40,,,,11.0,-0.01,-0.21,-8.63,19.5124287,-99.1293393,19.5124284,-99.1293366,19.5124283,-99.1293389,315.0,1,1,1,A,EN AIRE,S,comenzar_barrido,1,,-81.0,-76.952,,0,telemetry_stale,D,8,45,1,15,2,3,1,40,3,10,0.5,-35,3,5,22.5,15,19.5125837,-99.1295635,rssi_avg20_ge_-35dbm (-34.951 dBm),robust_mean,315.0,-64.686,-65.197,150.0,-70.788,-71.525,60.0,-70.987,-72.745,,,,,,
2026-08-20T10:38:01.551,83.743,1.141,9361,BD,BARRIDO_DISCRETO,67.6,1,1,O,OFFBOARD,254.8,255.0,-0.2,255.0,1,D,1,BC,0,0.0,40,,,,11.0,-0.01,-0.21,-8.63,19.5124287,-99.1293393,19.5124284,-99.1293366,19.5124283,-99.1293389,315.0,1,1,1,A,EN AIRE,S,comenzar_barrido,1,,-76.0,-76.856,,0,telemetry_stale,D,8,45,1,15,2,3,1,40,3,10,0.5,-35,3,5,22.5,15,19.5125837,-99.1295635,rssi_avg20_ge_-35dbm (-34.951 dBm),robust_mean,315.0,-64.686,-65.197,150.0,-70.788,-71.525,60.0,-70.987,-72.745,,,,,,
2026-08-20T10:38:01.552,83.744,1.141,9361,BD,BARRIDO_DISCRETO,67.6,1,1,O,OFFBOARD,254.8,255.0,-0.2,255.0,1,D,1,BC,0,0.0,40,,,,11.0,-0.01,-0.21,-8.63,19.5124287,-99.1293393,19.5124284,-99.1293366,19.5124283,-99.1293389,315.0,1,1,1,A,EN AIRE,S,comenzar_barrido,1,,-75.0,-76.671,,0,telemetry_stale,D,8,45,1,15,2,3,1,40,3,10,0.5,-35,3,5,22.5,15,19.5125837,-99.1295635,rssi_avg20_ge_-35dbm (-34.951 dBm),robust_mean,315.0,-64.686,-65.197,150.0,-70.788,-71.525,60.0,-70.987,-72.745,,,,,,
2026-08-20T10:38:01.826,84.018,1.406,9361,BD,BARRIDO_DISCRETO,67.6,1,1,O,OFFBOARD,254.8,255.0,-0.2,255.0,1,D,1,BC,0,0.0,40,,,,11.0,-0.01,-0.21,-8.63,19.5124287,-99.1293393,19.5124284,-99.1293366,19.5124283,-99.1293389,315.0,1,1,1,A,EN AIRE,S,comenzar_barrido,1,,-75.0,-76.504,,0,telemetry_stale,D,8,45,1,15,2,3,1,40,3,10,0.5,-35,3,5,22.5,15,19.5125837,-99.1295635,rssi_avg20_ge_-35dbm (-34.951 dBm),robust_mean,315.0,-64.686,-65.197,150.0,-70.788,-71.525,60.0,-70.987,-72.745,,,,,,
2026-08-20T10:38:01.910,84.103,1.5,9361,BD,BARRIDO_DISCRETO,67.6,1,1,O,OFFBOARD,254.8,255.0,-0.2,255.0,1,D,1,BC,0,0.0,40,,,,11.0,-0.01,-0.21,-8.63,19.5124287,-99.1293393,19.5124284,-99.1293366,19.5124283,-99.1293389,315.0,1,1,1,A,EN AIRE,S,comenzar_barrido,1,,-75.0,-76.353,,0,telemetry_stale,D,8,45,1,15,2,3,1,40,3,10,0.5,-35,3,5,22.5,15,19.5125837,-99.1295635,rssi_avg20_ge_-35dbm (-34.951 dBm),robust_mean,315.0,-64.686,-65.197,150.0,-70.788,-71.525,60.0,-70.987,-72.745,,,,,,
2026-08-20T10:38:02.278,84.471,0.093,9361,BD,BARRIDO_DISCRETO,70.5,1,1,O,OFFBOARD,273.6,270.0,3.6,270.0,1,D,1,BC,0,0.0,40,,,,11.1,0.01,-0.16,-8.71,19.5124288,-99.1293388,19.5124284,-99.1293366,19.5124283,-99.1293389,315.0,1,1,1,A,EN AIRE,S,comenzar_barrido,1,,-78.0,-76.518,270.0,1,,D,8,45,1,15,2,3,1,40,3,10,0.5,-35,3,5,22.5,15,19.5125837,-99.1295635,rssi_avg20_ge_-35dbm (-34.951 dBm),robust_mean,315.0,-64.686,-65.197,150.0,-70.788,-71.525,60.0,-70.987,-72.745,,,,,,
2026-08-20T10:38:02.386,84.579,0.203,9361,BD,BARRIDO_DISCRETO,70.5,1,1,O,OFFBOARD,273.6,270.0,3.6,270.0,1,D,1,BC,0,0.0,40,,,,11.1,0.01,-0.16,-8.71,19.5124288,-99.1293388,19.5124284,-99.1293366,19.5124283,-99.1293389,315.0,1,1,1,A,EN AIRE,S,comenzar_barrido,1,,-76.0,-76.466,270.0,1,,D,8,45,1,15,2,3,1,40,3,10,0.5,-35,3,5,22.5,15,19.5125837,-99.1295635,rssi_avg20_ge_-35dbm (-34.951 dBm),robust_mean,315.0,-64.686,-65.197,150.0,-70.788,-71.525,60.0,-70.987,-72.745,,,,,,
2026-08-20T10:38:02.566,84.759,0.093,9361,BD,BARRIDO_DISCRETO,70.5,1,1,O,OFFBOARD,271.4,270.0,1.4,270.0,1,D,1,BC,0,0.0,40,,,,11.1,0.01,-0.17,-8.73,19.5124287,-99.1293388,19.5124284,-99.1293366,19.5124283,-99.1293389,315.0,1,1,1,A,EN AIRE,S,comenzar_barrido,1,,-76.0,-76.42,270.0,1,,D,8,45,1,15,2,3,1,40,3,10,0.5,-35,3,5,22.5,15,19.5125837,-99.1295635,rssi_avg20_ge_-35dbm (-34.951 dBm),robust_mean,315.0,-64.686,-65.197,150.0,-70.788,-71.525,60.0,-70.987,-72.745,,,,,,
2026-08-20T10:38:02.671,84.863,0.187,9361,BD,BARRIDO_DISCRETO,70.5,1,1,O,OFFBOARD,271.4,270.0,1.4,270.0,1,D,1,BC,0,0.0,40,,,,11.1,0.01,-0.17,-8.73,19.5124287,-99.1293388,19.5124284,-99.1293366,19.5124283,-99.1293389,315.0,1,1,1,A,EN AIRE,S,comenzar_barrido,1,,-76.0,-76.378,270.0,1,,D,8,45,1,15,2,3,1,40,3,10,0.5,-35,3,5,22.5,15,19.5125837,-99.1295635,rssi_avg20_ge_-35dbm (-34.951 dBm),robust_mean,315.0,-64.686,-65.197,150.0,-70.788,-71.525,60.0,-70.987,-72.745,,,,,,
2026-08-20T10:38:02.948,85.14,0.203,9361,BD,BARRIDO_DISCRETO,70.5,1,1,O,OFFBOARD,269.5,270.0,-0.5,270.0,1,D,1,BC,0,0.0,40,,,,11.1,-0.01,-0.17,-8.75,19.5124285,-99.1293388,19.5124284,-99.1293366,19.5124283,-99.1293389,315.0,1,1,1,A,EN AIRE,S,comenzar_barrido,1,,-75.0,-76.24,270.0,1,,D,8,45,1,15,2,3,1,40,3,10,0.5,-35,3,5,22.5,15,19.5125837,-99.1295635,rssi_avg20_ge_-35dbm (-34.951 dBm),robust_mean,315.0,-64.686,-65.197,150.0,-70.788,-71.525,60.0,-70.987,-72.745,,,,,,
2026-08-20T10:38:02.949,85.141,0.203,9361,BD,BARRIDO_DISCRETO,70.5,1,1,O,OFFBOARD,269.5,270.0,-0.5,270.0,1,D,1,BC,0,0.0,40,,,,11.1,-0.01,-0.17,-8.75,19.5124285,-99.1293388,19.5124284,-99.1293366,19.5124283,-99.1293389,315.0,1,1,1,A,EN AIRE,S,comenzar_barrido,1,,-75.0,-76.116,270.0,1,,D,8,45,1,15,2,3,1,40,3,10,0.5,-35,3,5,22.5,15,19.5125837,-99.1295635,rssi_avg20_ge_-35dbm (-34.951 dBm),robust_mean,315.0,-64.686,-65.197,150.0,-70.788,-71.525,60.0,-70.987,-72.745,,,,,,
2026-08-20T10:38:03.230,85.423,0.485,9361,BD,BARRIDO_DISCRETO,70.5,1,1,O,OFFBOARD,269.5,270.0,-0.5,270.0,1,D,1,BC,0,0.0,40,,,,11.1,-0.01,-0.17,-8.75,19.5124285,-99.1293388,19.5124284,-99.1293366,19.5124283,-99.1293389,315.0,1,1,1,A,EN AIRE,S,comenzar_barrido,1,,-75.0,-76.004,270.0,1,,D,8,45,1,15,2,3,1,40,3,10,0.5,-35,3,5,22.5,15,19.5125837,-99.1295635,rssi_avg20_ge_-35dbm (-34.951 dBm),robust_mean,315.0,-64.686,-65.197,150.0,-70.788,-71.525,60.0,-70.987,-72.745,,,,,,
2026-08-20T10:38:03.230,85.423,0.485,9361,BD,BARRIDO_DISCRETO,70.5,1,1,O,OFFBOARD,269.5,270.0,-0.5,270.0,1,D,1,BC,0,0.0,40,,,,11.1,-0.01,-0.17,-8.75,19.5124285,-99.1293388,19.5124284,-99.1293366,19.5124283,-99.1293389,315.0,1,1,1,A,EN AIRE,S,comenzar_barrido,1,,-75.0,-75.904,270.0,1,,D,8,45,1,15,2,3,1,40,3,10,0.5,-35,3,5,22.5,15,19.5125837,-99.1295635,rssi_avg20_ge_-35dbm (-34.951 dBm),robust_mean,315.0,-64.686,-65.197,150.0,-70.788,-71.525,60.0,-70.987,-72.745,,,,,,
2026-08-20T10:38:03.509,85.701,0.766,9361,BD,BARRIDO_DISCRETO,70.5,1,1,O,OFFBOARD,269.5,270.0,-0.5,270.0,1,D,1,BC,0,0.0,40,,,,11.1,-0.01,-0.17,-8.75,19.5124285,-99.1293388,19.5124284,-99.1293366,19.5124283,-99.1293389,315.0,1,1,1,A,EN AIRE,S,comenzar_barrido,1,,-75.0,-75.813,,0,telemetry_stale,D,8,45,1,15,2,3,1,40,3,10,0.5,-35,3,5,22.5,15,19.5125837,-99.1295635,rssi_avg20_ge_-35dbm (-34.951 dBm),robust_mean,315.0,-64.686,-65.197,150.0,-70.788,-71.525,60.0,-70.987,-72.745,,,,,,
2026-08-20T10:38:03.793,85.985,1.047,9361,BD,BARRIDO_DISCRETO,70.5,1,1,O,OFFBOARD,269.5,270.0,-0.5,270.0,1,D,1,BC,0,0.0,40,,,,11.1,-0.01,-0.17,-8.75,19.5124285,-99.1293388,19.5124284,-99.1293366,19.5124283,-99.1293389,315.0,1,1,1,A,EN AIRE,S,comenzar_barrido,1,,-79.0,-76.132,,0,telemetry_stale,D,8,45,1,15,2,3,1,40,3,10,0.5,-35,3,5,22.5,15,19.5125837,-99.1295635,rssi_avg20_ge_-35dbm (-34.951 dBm),robust_mean,315.0,-64.686,-65.197,150.0,-70.788,-71.525,60.0,-70.987,-72.745,,,,,,
2026-08-20T10:38:03.793,85.985,1.047,9361,BD,BARRIDO_DISCRETO,70.5,1,1,O,OFFBOARD,269.5,270.0,-0.5,270.0,1,D,1,BC,0,0.0,40,,,,11.1,-0.01,-0.17,-8.75,19.5124285,-99.1293388,19.5124284,-99.1293366,19.5124283,-99.1293389,315.0,1,1,1,A,EN AIRE,S,comenzar_barrido,1,,-79.0,-76.419,,0,telemetry_stale,D,8,45,1,15,2,3,1,40,3,10,0.5,-35,3,5,22.5,15,19.5125837,-99.1295635,rssi_avg20_ge_-35dbm (-34.951 dBm),robust_mean,315.0,-64.686,-65.197,150.0,-70.788,-71.525,60.0,-70.987,-72.745,,,,,,
2026-08-20T10:38:04.018,86.21,0.031,9361,BD,BARRIDO_DISCRETO,70.5,1,1,O,OFFBOARD,269.9,270.0,-0.1,270.0,1,D,1,BC,0,0.0,40,,,,11.1,-0.07,-0.21,-8.71,19.512428,-99.1293393,19.5124284,-99.1293366,19.5124283,-99.1293389,315.0,1,1,1,A,EN AIRE,S,comenzar_barrido,1,,-81.0,-76.877,270.0,1,,D,8,45,1,15,2,3,1,40,3,10,0.5,-35,3,5,22.5,15,19.5125837,-99.1295635,rssi_avg20_ge_-35dbm (-34.951 dBm),robust_mean,315.0,-64.686,-65.197,150.0,-70.788,-71.525,60.0,-70.987,-72.745,,,,,,
2026-08-20T10:38:04.445,86.638,0.093,9361,BD,BARRIDO_DISCRETO,70.5,1,1,O,OFFBOARD,270.0,272.5,-2.5,,0,D,1,BC,0,0.0,40,,,,11.1,-0.07,-0.21,-8.68,19.512428,-99.1293393,19.5124284,-99.1293366,19.5124283,-99.1293389,315.0,1,1,1,A,EN AIRE,S,comenzar_barrido,1,,-80.0,-77.189,,0,ma0,D,8,45,1,15,2,3,1,40,3,10,0.5,-35,3,5,22.5,15,19.5125837,-99.1295635,rssi_avg20_ge_-35dbm (-34.951 dBm),robust_mean,315.0,-64.686,-65.197,150.0,-70.788,-71.525,60.0,-70.987,-72.745,,,,,,
2026-08-20T10:38:04.713,86.905,0.094,9361,BD,BARRIDO_DISCRETO,70.5,1,1,O,OFFBOARD,271.7,282.5,-10.8,,0,D,1,BC,0,0.0,40,,,,11.0,-0.07,-0.21,-8.68,19.5124281,-99.1293392,19.5124284,-99.1293366,19.5124283,-99.1293389,315.0,1,1,1,A,EN AIRE,S,comenzar_barrido,1,,-77.0,-77.17,,0,ma0,D,8,45,1,15,2,3,1,40,3,10,0.5,-35,3,5,22.5,15,19.5125837,-99.1295635,rssi_avg20_ge_-35dbm (-34.951 dBm),robust_mean,315.0,-64.686,-65.197,150.0,-70.788,-71.525,60.0,-70.987,-72.745,,,,,,
2026-08-20T10:38:04.903,87.095,0.0,9361,BD,BARRIDO_DISCRETO,73.4,1,1,O,OFFBOARD,281.1,285.0,-3.9,285.0,1,D,1,BC,0,0.0,40,,,,11.0,-0.06,-0.2,-8.67,19.5124282,-99.1293391,19.5124284,-99.1293366,19.5124283,-99.1293389,315.0,1,1,1,A,EN AIRE,S,comenzar_barrido,1,,-64.0,-75.853,285.0,1,,D,8,45,1,15,2,3,1,40,3,10,0.5,-35,3,5,22.5,15,19.5125837,-99.1295635,rssi_avg20_ge_-35dbm (-34.951 dBm),robust_mean,315.0,-64.686,-65.197,150.0,-70.788,-71.525,60.0,-70.987,-72.745,,,,,,
2026-08-20T10:38:05.098,87.291,0.204,9361,BD,BARRIDO_DISCRETO,73.4,1,1,O,OFFBOARD,281.1,285.0,-3.9,285.0,1,D,1,BC,0,0.0,40,,,,11.0,-0.06,-0.2,-8.67,19.5124282,-99.1293391,19.5124284,-99.1293366,19.5124283,-99.1293389,315.0,1,1,1,A,EN AIRE,S,comenzar_barrido,1,,-63.0,-74.568,285.0,1,,D,8,45,1,15,2,3,1,40,3,10,0.5,-35,3,5,22.5,15,19.5125837,-99.1295635,rssi_avg20_ge_-35dbm (-34.951 dBm),robust_mean,315.0,-64.686,-65.197,150.0,-70.788,-71.525,60.0,-70.987,-72.745,,,,,,
2026-08-20T10:38:05.188,87.381,0.282,9361,BD,BARRIDO_DISCRETO,73.4,1,1,O,OFFBOARD,281.1,285.0,-3.9,285.0,1,D,1,BC,0,0.0,40,,,,11.0,-0.06,-0.2,-8.67,19.5124282,-99.1293391,19.5124284,-99.1293366,19.5124283,-99.1293389,315.0,1,1,1,A,EN AIRE,S,comenzar_barrido,1,,-63.0,-73.411,285.0,1,,D,8,45,1,15,2,3,1,40,3,10,0.5,-35,3,5,22.5,15,19.5125837,-99.1295635,rssi_avg20_ge_-35dbm (-34.951 dBm),robust_mean,315.0,-64.686,-65.197,150.0,-70.788,-71.525,60.0,-70.987,-72.745,,,,,,
2026-08-20T10:38:05.370,87.563,0.469,9361,BD,BARRIDO_DISCRETO,73.4,1,1,O,OFFBOARD,281.1,285.0,-3.9,285.0,1,D,1,BC,0,0.0,40,,,,11.0,-0.06,-0.2,-8.67,19.5124282,-99.1293391,19.5124284,-99.1293366,19.5124283,-99.1293389,315.0,1,1,1,A,EN AIRE,S,comenzar_barrido,1,,-63.0,-72.37,285.0,1,,D,8,45,1,15,2,3,1,40,3,10,0.5,-35,3,5,22.5,15,19.5125837,-99.1295635,rssi_avg20_ge_-35dbm (-34.951 dBm),robust_mean,315.0,-64.686,-65.197,150.0,-70.788,-71.525,60.0,-70.987,-72.745,,,,,,
2026-08-20T10:38:05.454,87.647,0.547,9361,BD,BARRIDO_DISCRETO,73.4,1,1,O,OFFBOARD,281.1,285.0,-3.9,285.0,1,D,1,BC,0,0.0,40,,,,11.0,-0.06,-0.2,-8.67,19.5124282,-99.1293391,19.5124284,-99.1293366,19.5124283,-99.1293389,315.0,1,1,1,A,EN AIRE,S,comenzar_barrido,1,,-63.0,-71.433,285.0,1,,D,8,45,1,15,2,3,1,40,3,10,0.5,-35,3,5,22.5,15,19.5125837,-99.1295635,rssi_avg20_ge_-35dbm (-34.951 dBm),robust_mean,315.0,-64.686,-65.197,150.0,-70.788,-71.525,60.0,-70.987,-72.745,,,,,,
2026-08-20T10:38:05.646,87.839,0.75,9361,BD,BARRIDO_DISCRETO,73.4,1,1,O,OFFBOARD,281.1,285.0,-3.9,285.0,1,D,1,BC,0,0.0,40,,,,11.0,-0.06,-0.2,-8.67,19.5124282,-99.1293391,19.5124284,-99.1293366,19.5124283,-99.1293389,315.0,1,1,1,A,EN AIRE,S,comenzar_barrido,1,,-62.0,-70.49,285.0,1,,D,8,45,1,15,2,3,1,40,3,10,0.5,-35,3,5,22.5,15,19.5125837,-99.1295635,rssi_avg20_ge_-35dbm (-34.951 dBm),robust_mean,315.0,-64.686,-65.197,150.0,-70.788,-71.525,60.0,-70.987,-72.745,,,,,,
2026-08-20T10:38:05.731,87.923,0.829,9361,BD,BARRIDO_DISCRETO,73.4,1,1,O,OFFBOARD,281.1,285.0,-3.9,285.0,1,D,1,BC,0,0.0,40,,,,11.0,-0.06,-0.2,-8.67,19.5124282,-99.1293391,19.5124284,-99.1293366,19.5124283,-99.1293389,315.0,1,1,1,A,EN AIRE,S,comenzar_barrido,1,,-63.0,-69.741,,0,telemetry_stale,D,8,45,1,15,2,3,1,40,3,10,0.5,-35,3,5,22.5,15,19.5125837,-99.1295635,rssi_avg20_ge_-35dbm (-34.951 dBm),robust_mean,315.0,-64.686,-65.197,150.0,-70.788,-71.525,60.0,-70.987,-72.745,,,,,,
2026-08-20T10:38:05.999,88.191,0.172,9361,BD,BARRIDO_DISCRETO,73.4,1,1,O,OFFBOARD,284.2,285.0,-0.8,285.0,1,D,1,BC,0,0.0,40,,,,11.0,-0.05,-0.16,-8.65,19.5124282,-99.1293389,19.5124284,-99.1293366,19.5124283,-99.1293389,315.0,1,1,1,A,EN AIRE,S,comenzar_barrido,1,,-63.0,-69.067,285.0,1,,D,8,45,1,15,2,3,1,40,3,10,0.5,-35,3,5,22.5,15,19.5125837,-99.1295635,rssi_avg20_ge_-35dbm (-34.951 dBm),robust_mean,315.0,-64.686,-65.197,150.0,-70.788,-71.525,60.0,-70.987,-72.745,,,,,,
2026-08-20T10:38:05.999,88.191,0.172,9361,BD,BARRIDO_DISCRETO,73.4,1,1,O,OFFBOARD,284.2,285.0,-0.8,285.0,1,D,1,BC,0,0.0,40,,,,11.0,-0.05,-0.16,-8.65,19.5124282,-99.1293389,19.5124284,-99.1293366,19.5124283,-99.1293389,315.0,1,1,1,A,EN AIRE,S,comenzar_barrido,1,,-62.0,-68.36,285.0,1,,D,8,45,1,15,2,3,1,40,3,10,0.5,-35,3,5,22.5,15,19.5125837,-99.1295635,rssi_avg20_ge_-35dbm (-34.951 dBm),robust_mean,315.0,-64.686,-65.197,150.0,-70.788,-71.525,60.0,-70.987,-72.745,,,,,,
2026-08-20T10:38:06.149,88.342,0.328,9361,BD,BARRIDO_DISCRETO,73.4,1,1,O,OFFBOARD,284.2,285.0,-0.8,285.0,1,D,1,BC,0,0.0,40,,,,11.0,-0.05,-0.16,-8.65,19.5124282,-99.1293389,19.5124284,-99.1293366,19.5124283,-99.1293389,315.0,1,1,1,A,EN AIRE,S,comenzar_barrido,1,,-63.0,-67.824,285.0,1,,D,8,45,1,15,2,3,1,40,3,10,0.5,-35,3,5,22.5,15,19.5125837,-99.1295635,rssi_avg20_ge_-35dbm (-34.951 dBm),robust_mean,315.0,-64.686,-65.197,150.0,-70.788,-71.525,60.0,-70.987,-72.745,,,,,,
2026-08-20T10:38:06.260,88.452,0.11,9361,BD,BARRIDO_DISCRETO,73.4,1,1,O,OFFBOARD,284.9,285.0,-0.1,285.0,1,D,1,BC,0,0.0,40,,,,11.0,-0.05,-0.16,-8.65,19.5124282,-99.1293387,19.5124284,-99.1293366,19.5124283,-99.1293389,315.0,1,1,1,A,EN AIRE,S,comenzar_barrido,1,,-63.0,-67.342,285.0,1,,D,8,45,1,15,2,3,1,40,3,10,0.5,-35,3,5,22.5,15,19.5125837,-99.1295635,rssi_avg20_ge_-35dbm (-34.951 dBm),robust_mean,315.0,-64.686,-65.197,150.0,-70.788,-71.525,60.0,-70.987,-72.745,,,,,,
2026-08-20T10:38:06.406,88.598,0.25,9361,BD,BARRIDO_DISCRETO,73.4,1,1,O,OFFBOARD,284.9,285.0,-0.1,285.0,1,D,1,BC,0,0.0,40,,,,11.0,-0.05,-0.16,-8.65,19.5124282,-99.1293387,19.5124284,-99.1293366,19.5124283,-99.1293389,315.0,1,1,1,A,EN AIRE,S,comenzar_barrido,1,,-63.0,-66.907,285.0,1,,D,8,45,1,15,2,3,1,40,3,10,0.5,-35,3,5,22.5,15,19.5125837,-99.1295635,rssi_avg20_ge_-35dbm (-34.951 dBm),robust_mean,315.0,-64.686,-65.197,150.0,-70.788,-71.525,60.0,-70.987,-72.745,,,,,,
2026-08-20T10:38:06.679,88.872,0.172,9361,BD,BARRIDO_DISCRETO,73.4,1,1,O,OFFBOARD,284.8,285.0,-0.2,285.0,1,D,1,BC,0,0.0,40,,,,11.0,-0.06,-0.14,-8.65,19.5124282,-99.1293386,19.5124284,-99.1293366,19.5124283,-99.1293389,315.0,1,1,1,A,EN AIRE,S,comenzar_barrido,1,,-63.0,-66.517,285.0,1,,D,8,45,1,15,2,3,1,40,3,10,0.5,-35,3,5,22.5,15,19.5125837,-99.1295635,rssi_avg20_ge_-35dbm (-34.951 dBm),robust_mean,315.0,-64.686,-65.197,150.0,-70.788,-71.525,60.0,-70.987,-72.745,,,,,,
2026-08-20T10:38:06.852,89.044,0.344,9361,BD,BARRIDO_DISCRETO,73.4,1,1,O,OFFBOARD,284.8,285.0,-0.2,285.0,1,D,1,BC,0,0.0,40,,,,11.0,-0.06,-0.14,-8.65,19.5124282,-99.1293386,19.5124284,-99.1293366,19.5124283,-99.1293389,315.0,1,1,1,A,EN AIRE,S,comenzar_barrido,1,,-63.0,-66.165,285.0,1,,D,8,45,1,15,2,3,1,40,3,10,0.5,-35,3,5,22.5,15,19.5125837,-99.1295635,rssi_avg20_ge_-35dbm (-34.951 dBm),robust_mean,315.0,-64.686,-65.197,150.0,-70.788,-71.525,60.0,-70.987,-72.745,,,,,,
2026-08-20T10:38:06.917,89.11,0.406,9361,BD,BARRIDO_DISCRETO,73.4,1,1,O,OFFBOARD,284.8,285.0,-0.2,285.0,1,D,1,BC,0,0.0,40,,,,11.0,-0.06,-0.14,-8.65,19.5124282,-99.1293386,19.5124284,-99.1293366,19.5124283,-99.1293389,315.0,1,1,1,A,EN AIRE,S,comenzar_barrido,1,,-62.0,-65.749,285.0,1,,D,8,45,1,15,2,3,1,40,3,10,0.5,-35,3,5,22.5,15,19.5125837,-99.1295635,rssi_avg20_ge_-35dbm (-34.951 dBm),robust_mean,315.0,-64.686,-65.197,150.0,-70.788,-71.525,60.0,-70.987,-72.745,,,,,,
2026-08-20T10:38:07.193,89.385,0.687,9361,BD,BARRIDO_DISCRETO,73.4,1,1,O,OFFBOARD,284.8,285.0,-0.2,285.0,1,D,1,BC,0,0.0,40,,,,11.0,-0.06,-0.14,-8.65,19.5124282,-99.1293386,19.5124284,-99.1293366,19.5124283,-99.1293389,315.0,1,1,1,A,EN AIRE,S,comenzar_barrido,1,,-63.0,-65.474,285.0,1,,D,8,45,1,15,2,3,1,40,3,10,0.5,-35,3,5,22.5,15,19.5125837,-99.1295635,rssi_avg20_ge_-35dbm (-34.951 dBm),robust_mean,315.0,-64.686,-65.197,150.0,-70.788,-71.525,60.0,-70.987,-72.745,,,,,,
2026-08-20T10:38:07.301,89.494,0.797,9361,BD,BARRIDO_DISCRETO,73.4,1,1,O,OFFBOARD,284.8,285.0,-0.2,285.0,1,D,1,BC,0,0.0,40,,,,11.0,-0.06,-0.14,-8.65,19.5124282,-99.1293386,19.5124284,-99.1293366,19.5124283,-99.1293389,315.0,1,1,1,A,EN AIRE,S,comenzar_barrido,1,,-63.0,-65.226,,0,telemetry_stale,D,8,45,1,15,2,3,1,40,3,10,0.5,-35,3,5,22.5,15,19.5125837,-99.1295635,rssi_avg20_ge_-35dbm (-34.951 dBm),robust_mean,315.0,-64.686,-65.197,150.0,-70.788,-71.525,60.0,-70.987,-72.745,,,,,,
2026-08-20T10:38:07.404,89.597,0.0,9361,BD,BARRIDO_DISCRETO,73.4,1,1,O,OFFBOARD,285.2,290.0,-4.8,,0,D,1,BC,0,0.0,40,,,,11.0,-0.04,-0.13,-8.65,19.5124283,-99.1293384,19.5124284,-99.1293366,19.5124283,-99.1293389,315.0,1,1,1,A,EN AIRE,S,comenzar_barrido,1,,-64.0,-65.104,,0,ma0,D,8,45,1,15,2,3,1,40,3,10,0.5,-35,3,5,22.5,15,19.5125837,-99.1295635,rssi_avg20_ge_-35dbm (-34.951 dBm),robust_mean,315.0,-64.686,-65.197,150.0,-70.788,-71.525,60.0,-70.987,-72.745,,,,,,
2026-08-20T10:38:07.485,89.678,0.079,9361,BD,BARRIDO_DISCRETO,73.4,1,1,O,OFFBOARD,285.2,290.0,-4.8,,0,D,1,BC,0,0.0,40,,,,11.0,-0.04,-0.13,-8.65,19.5124283,-99.1293384,19.5124284,-99.1293366,19.5124283,-99.1293389,315.0,1,1,1,A,EN AIRE,S,comenzar_barrido,1,,-66.0,-65.193,,0,ma0,D,8,45,1,15,2,3,1,40,3,10,0.5,-35,3,5,22.5,15,19.5125837,-99.1295635,rssi_avg20_ge_-35dbm (-34.951 dBm),robust_mean,315.0,-64.686,-65.197,150.0,-70.788,-71.525,60.0,-70.987,-72.745,,,,,,
2026-08-20T10:38:09.717,91.91,0.047,9361,BD,BARRIDO_DISCRETO,76.3,1,1,O,OFFBOARD,300.1,300.0,0.1,300.0,1,D,1,BC,0,0.0,40,,,,11.2,0.0,-0.18,-8.84,19.5124287,-99.129339,19.5124284,-99.1293366,19.5124283,-99.1293389,315.0,1,1,1,A,EN AIRE,S,comenzar_barrido,1,,-67.0,-65.374,300.0,1,,D,8,45,1,15,2,3,1,40,3,10,0.5,-35,3,5,22.5,15,19.5125837,-99.1295635,rssi_avg20_ge_-35dbm (-34.951 dBm),robust_mean,315.0,-64.686,-65.197,150.0,-70.788,-71.525,60.0,-70.987,-72.745,,,,,,
2026-08-20T10:38:09.929,92.121,0.266,9361,BD,BARRIDO_DISCRETO,76.3,1,1,O,OFFBOARD,300.1,300.0,0.1,300.0,1,D,1,BC,0,0.0,40,,,,11.2,0.0,-0.18,-8.84,19.5124287,-99.129339,19.5124284,-99.1293366,19.5124283,-99.1293389,315.0,1,1,1,A,EN AIRE,S,comenzar_barrido,1,,-64.0,-65.237,300.0,1,,D,8,45,1,15,2,3,1,40,3,10,0.5,-35,3,5,22.5,15,19.5125837,-99.1295635,rssi_avg20_ge_-35dbm (-34.951 dBm),robust_mean,315.0,-64.686,-65.197,150.0,-70.788,-71.525,60.0,-70.987,-72.745,,,,,,
2026-08-20T10:38:10.117,92.31,0.094,9361,BD,BARRIDO_DISCRETO,76.3,1,1,O,OFFBOARD,300.0,300.0,0.0,300.0,1,D,1,BC,0,0.0,40,,,,10.2,0.02,-0.19,-8.86,19.5124288,-99.1293391,19.5124284,-99.1293366,19.5124283,-99.1293389,315.0,1,1,1,A,EN AIRE,S,comenzar_barrido,1,,-64.0,-65.113,300.0,1,,D,8,45,1,15,2,3,1,40,3,10,0.5,-35,3,5,22.5,15,19.5125837,-99.1295635,rssi_avg20_ge_-35dbm (-34.951 dBm),robust_mean,315.0,-64.686,-65.197,150.0,-70.788,-71.525,60.0,-70.987,-72.745,,,,,,
2026-08-20T10:38:10.222,92.415,0.204,9361,BD,BARRIDO_DISCRETO,76.3,1,1,O,OFFBOARD,300.0,300.0,0.0,300.0,1,D,1,BC,0,0.0,40,,,,10.2,0.02,-0.19,-8.86,19.5124288,-99.1293391,19.5124284,-99.1293366,19.5124283,-99.1293389,315.0,1,1,1,A,EN AIRE,S,comenzar_barrido,1,,-64.0,-65.002,300.0,1,,D,8,45,1,15,2,3,1,40,3,10,0.5,-35,3,5,22.5,15,19.5125837,-99.1295635,rssi_avg20_ge_-35dbm (-34.951 dBm),robust_mean,315.0,-64.686,-65.197,150.0,-70.788,-71.525,60.0,-70.987,-72.745,,,,,,
2026-08-20T10:38:10.495,92.688,0.187,9361,BD,BARRIDO_DISCRETO,76.3,1,1,O,OFFBOARD,300.4,300.0,0.4,300.0,1,D,1,BC,0,0.0,40,,,,10.2,0.02,-0.19,-8.86,19.5124289,-99.1293391,19.5124284,-99.1293366,19.5124283,-99.1293389,315.0,1,1,1,A,EN AIRE,S,comenzar_barrido,1,,-64.0,-64.901,300.0,1,,D,8,45,1,15,2,3,1,40,3,10,0.5,-35,3,5,22.5,15,19.5125837,-99.1295635,rssi_avg20_ge_-35dbm (-34.951 dBm),robust_mean,315.0,-64.686,-65.197,150.0,-70.788,-71.525,60.0,-70.987,-72.745,,,,,,
2026-08-20T10:38:10.580,92.772,0.016,9361,BD,BARRIDO_DISCRETO,76.3,1,1,O,OFFBOARD,299.9,307.5,-7.6,,0,D,1,BC,0,0.0,40,,,,10.2,0.02,-0.19,-8.88,19.5124288,-99.129339,19.5124284,-99.1293366,19.5124283,-99.1293389,315.0,1,1,1,A,EN AIRE,S,comenzar_barrido,1,,-66.0,-65.011,,0,ma0,D,8,45,1,15,2,3,1,40,3,10,0.5,-35,3,5,22.5,15,19.5125837,-99.1295635,rssi_avg20_ge_-35dbm (-34.951 dBm),robust_mean,315.0,-64.686,-65.197,150.0,-70.788,-71.525,60.0,-70.987,-72.745,,,,,,
2026-08-20T10:38:11.103,93.296,0.422,9361,BD,BARRIDO_DISCRETO,79.2,1,1,O,OFFBOARD,306.3,315.0,-8.7,315.0,1,D,1,BC,0,0.0,40,,,,10.3,0.02,-0.18,-8.92,19.5124288,-99.1293389,19.5124284,-99.1293366,19.5124283,-99.1293389,315.0,1,1,1,A,EN AIRE,S,comenzar_barrido,1,,-63.0,-64.81,315.0,1,,D,8,45,1,15,2,3,1,40,3,10,0.5,-35,3,5,22.5,15,19.5125837,-99.1295635,rssi_avg20_ge_-35dbm (-34.951 dBm),robust_mean,315.0,-64.686,-65.197,150.0,-70.788,-71.525,60.0,-70.987,-72.745,,,,,,
2026-08-20T10:38:11.103,93.296,0.422,9361,BD,BARRIDO_DISCRETO,79.2,1,1,O,OFFBOARD,306.3,315.0,-8.7,315.0,1,D,1,BC,0,0.0,40,,,,10.3,0.02,-0.18,-8.92,19.5124288,-99.1293389,19.5124284,-99.1293366,19.5124283,-99.1293389,315.0,1,1,1,A,EN AIRE,S,comenzar_barrido,1,,-61.0,-64.429,315.0,1,,D,8,45,1,15,2,3,1,40,3,10,0.5,-35,3,5,22.5,15,19.5125837,-99.1295635,rssi_avg20_ge_-35dbm (-34.951 dBm),robust_mean,315.0,-64.686,-65.197,150.0,-70.788,-71.525,60.0,-70.987,-72.745,,,,,,
2026-08-20T10:38:11.270,93.462,0.593,9361,BD,BARRIDO_DISCRETO,79.2,1,1,O,OFFBOARD,306.3,315.0,-8.7,315.0,1,D,1,BC,0,0.0,40,,,,10.3,0.02,-0.18,-8.92,19.5124288,-99.1293389,19.5124284,-99.1293366,19.5124283,-99.1293389,315.0,1,1,1,A,EN AIRE,S,comenzar_barrido,1,,-62.0,-64.186,315.0,1,,D,8,45,1,15,2,3,1,40,3,10,0.5,-35,3,5,22.5,15,19.5125837,-99.1295635,rssi_avg20_ge_-35dbm (-34.951 dBm),robust_mean,315.0,-64.686,-65.197,150.0,-70.788,-71.525,60.0,-70.987,-72.745,,,,,,
2026-08-20T10:38:11.562,93.755,0.078,9361,BD,BARRIDO_DISCRETO,79.2,1,1,O,OFFBOARD,316.1,315.0,1.1,315.0,1,D,1,BC,0,0.0,40,,,,10.3,0.0,-0.15,-8.93,19.5124287,-99.1293387,19.5124284,-99.1293366,19.5124283,-99.1293389,315.0,1,1,1,A,EN AIRE,S,comenzar_barrido,1,,-68.0,-64.568,315.0,1,,D,8,45,1,15,2,3,1,40,3,10,0.5,-35,3,5,22.5,15,19.5125837,-99.1295635,rssi_avg20_ge_-35dbm (-34.951 dBm),robust_mean,315.0,-64.686,-65.197,150.0,-70.788,-71.525,60.0,-70.987,-72.745,,,,,,
2026-08-20T10:38:11.736,93.929,0.265,9361,BD,BARRIDO_DISCRETO,79.2,1,1,O,OFFBOARD,316.1,315.0,1.1,315.0,1,D,1,BC,0,0.0,40,,,,10.3,0.0,-0.15,-8.93,19.5124287,-99.1293387,19.5124284,-99.1293366,19.5124283,-99.1293389,315.0,1,1,1,A,EN AIRE,S,comenzar_barrido,1,,-69.0,-65.011,315.0,1,,D,8,45,1,15,2,3,1,40,3,10,0.5,-35,3,5,22.5,15,19.5125837,-99.1295635,rssi_avg20_ge_-35dbm (-34.951 dBm),robust_mean,315.0,-64.686,-65.197,150.0,-70.788,-71.525,60.0,-70.987,-72.745,,,,,,
2026-08-20T10:38:12.678,94.871,0.375,9361,BD,BARRIDO_DISCRETO,79.2,1,1,O,OFFBOARD,314.3,315.0,-0.7,315.0,1,D,1,BC,0,0.0,40,,,,10.2,0.0,-0.14,-8.87,19.5124286,-99.1293386,19.5124284,-99.1293366,19.5124283,-99.1293389,315.0,1,1,1,A,EN AIRE,S,comenzar_barrido,1,,-66.0,-65.11,315.0,1,,D,8,45,1,15,2,3,1,40,3,10,0.5,-35,3,5,22.5,15,19.5125837,-99.1295635,rssi_avg20_ge_-35dbm (-34.951 dBm),robust_mean,315.0,-64.686,-65.197,150.0,-70.788,-71.525,60.0,-70.987,-72.745,,,,,,
2026-08-20T10:38:13.666,95.859,1.359,9361,BD,BARRIDO_DISCRETO,79.2,1,1,O,OFFBOARD,314.3,315.0,-0.7,315.0,1,D,1,BC,0,0.0,40,,,,10.2,0.0,-0.14,-8.87,19.5124286,-99.1293386,19.5124284,-99.1293366,19.5124283,-99.1293389,315.0,1,1,1,A,EN AIRE,S,comenzar_barrido,1,,-57.0,-64.299,,0,telemetry_stale,D,8,45,1,15,2,3,1,40,3,10,0.5,-35,3,5,22.5,15,19.5125837,-99.1295635,rssi_avg20_ge_-35dbm (-34.951 dBm),robust_mean,315.0,-64.686,-65.197,150.0,-70.788,-71.525,60.0,-70.987,-72.745,,,,,,
2026-08-20T10:38:15.563,97.756,0.125,9361,BD,BARRIDO_DISCRETO,82.2,1,1,O,OFFBOARD,330.0,330.0,0.0,330.0,1,D,1,BC,0,0.0,40,,,,10.0,-0.01,-0.17,-8.7,19.5124285,-99.1293388,19.5124284,-99.1293366,19.5124283,-99.1293389,315.0,1,1,1,A,EN AIRE,S,comenzar_barrido,1,,-68.0,-64.669,330.0,1,,D,8,45,1,15,2,3,1,40,3,10,0.5,-35,3,5,22.5,15,19.5125837,-99.1295635,rssi_avg20_ge_-35dbm (-34.951 dBm),robust_mean,315.0,-64.686,-65.197,150.0,-70.788,-71.525,60.0,-70.987,-72.745,,,,,,
2026-08-20T10:38:15.726,97.919,0.297,9361,BD,BARRIDO_DISCRETO,82.2,1,1,O,OFFBOARD,330.0,330.0,0.0,330.0,1,D,1,BC,0,0.0,40,,,,10.0,-0.01,-0.17,-8.7,19.5124285,-99.1293388,19.5124284,-99.1293366,19.5124283,-99.1293389,315.0,1,1,1,A,EN AIRE,S,comenzar_barrido,1,,-68.0,-65.002,330.0,1,,D,8,45,1,15,2,3,1,40,3,10,0.5,-35,3,5,22.5,15,19.5125837,-99.1295635,rssi_avg20_ge_-35dbm (-34.951 dBm),robust_mean,315.0,-64.686,-65.197,150.0,-70.788,-71.525,60.0,-70.987,-72.745,,,,,,
2026-08-20T10:38:15.996,98.189,0.562,9361,BD,BARRIDO_DISCRETO,82.2,1,1,O,OFFBOARD,330.0,330.0,0.0,330.0,1,D,1,BC,0,0.0,40,,,,10.0,-0.01,-0.17,-8.7,19.5124285,-99.1293388,19.5124284,-99.1293366,19.5124283,-99.1293389,315.0,1,1,1,A,EN AIRE,S,comenzar_barrido,1,,-70.0,-65.502,330.0,1,,D,8,45,1,15,2,3,1,40,3,10,0.5,-35,3,5,22.5,15,19.5125837,-99.1295635,rssi_avg20_ge_-35dbm (-34.951 dBm),robust_mean,315.0,-64.686,-65.197,150.0,-70.788,-71.525,60.0,-70.987,-72.745,,,,,,
2026-08-20T10:38:16.373,98.566,0.109,9361,BD,BARRIDO_DISCRETO,82.2,1,1,O,OFFBOARD,330.2,330.0,0.2,330.0,1,D,1,BC,0,0.0,40,,,,9.0,-0.02,-0.15,-8.69,19.5124285,-99.1293386,19.5124284,-99.1293366,19.5124283,-99.1293389,315.0,1,1,1,A,EN AIRE,S,comenzar_barrido,1,,-71.0,-66.052,330.0,1,,D,8,45,1,15,2,3,1,40,3,10,0.5,-35,3,5,22.5,15,19.5125837,-99.1295635,rssi_avg20_ge_-35dbm (-34.951 dBm),robust_mean,315.0,-64.686,-65.197,150.0,-70.788,-71.525,60.0,-70.987,-72.745,,,,,,
2026-08-20T10:38:16.373,98.566,0.109,9361,BD,BARRIDO_DISCRETO,82.2,1,1,O,OFFBOARD,330.2,330.0,0.2,330.0,1,D,1,BC,0,0.0,40,,,,9.0,-0.02,-0.15,-8.69,19.5124285,-99.1293386,19.5124284,-99.1293366,19.5124283,-99.1293389,315.0,1,1,1,A,EN AIRE,S,comenzar_barrido,1,,-70.0,-66.446,330.0,1,,D,8,45,1,15,2,3,1,40,3,10,0.5,-35,3,5,22.5,15,19.5125837,-99.1295635,rssi_avg20_ge_-35dbm (-34.951 dBm),robust_mean,315.0,-64.686,-65.197,150.0,-70.788,-71.525,60.0,-70.987,-72.745,,,,,,
2026-08-20T10:38:16.536,98.728,0.281,9361,BD,BARRIDO_DISCRETO,82.2,1,1,O,OFFBOARD,330.2,330.0,0.2,330.0,1,D,1,BC,0,0.0,40,,,,9.0,-0.02,-0.15,-8.69,19.5124285,-99.1293386,19.5124284,-99.1293366,19.5124283,-99.1293389,315.0,1,1,1,A,EN AIRE,S,comenzar_barrido,1,,-72.0,-67.002,330.0,1,,D,8,45,1,15,2,3,1,40,3,10,0.5,-35,3,5,22.5,15,19.5125837,-99.1295635,rssi_avg20_ge_-35dbm (-34.951 dBm),robust_mean,315.0,-64.686,-65.197,150.0,-70.788,-71.525,60.0,-70.987,-72.745,,,,,,
2026-08-20T10:38:16.799,98.991,0.25,9361,BD,BARRIDO_DISCRETO,82.2,1,1,O,OFFBOARD,330.4,332.5,-2.1,,0,D,1,BC,0,0.0,40,,,,9.0,-0.02,-0.14,-8.69,19.5124284,-99.1293385,19.5124284,-99.1293366,19.5124283,-99.1293389,315.0,1,1,1,A,EN AIRE,S,comenzar_barrido,1,,-75.0,-67.802,,0,ma0,D,8,45,1,15,2,3,1,40,3,10,0.5,-35,3,5,22.5,15,19.5125837,-99.1295635,rssi_avg20_ge_-35dbm (-34.951 dBm),robust_mean,315.0,-64.686,-65.197,150.0,-70.788,-71.525,60.0,-70.987,-72.745,,,,,,
2026-08-20T10:38:16.799,98.991,0.25,9361,BD,BARRIDO_DISCRETO,82.2,1,1,O,OFFBOARD,330.4,332.5,-2.1,,0,D,1,BC,0,0.0,40,,,,9.0,-0.02,-0.14,-8.69,19.5124284,-99.1293385,19.5124284,-99.1293366,19.5124283,-99.1293389,315.0,1,1,1,A,EN AIRE,S,comenzar_barrido,1,,-87.0,-69.721,,0,ma0,D,8,45,1,15,2,3,1,40,3,10,0.5,-35,3,5,22.5,15,19.5125837,-99.1295635,rssi_avg20_ge_-35dbm (-34.951 dBm),robust_mean,315.0,-64.686,-65.197,150.0,-70.788,-71.525,60.0,-70.987,-72.745,,,,,,
2026-08-20T10:38:17.074,99.267,0.172,9361,BD,BARRIDO_DISCRETO,85.1,1,1,O,OFFBOARD,338.4,345.0,-6.6,345.0,1,D,1,BC,0,0.0,40,,,,9.0,-0.04,-0.13,-8.71,19.5124283,-99.1293385,19.5124284,-99.1293366,19.5124283,-99.1293389,315.0,1,1,1,A,EN AIRE,S,comenzar_barrido,1,,-79.0,-70.649,345.0,1,,D,8,45,1,15,2,3,1,40,3,10,0.5,-35,3,5,22.5,15,19.5125837,-99.1295635,rssi_avg20_ge_-35dbm (-34.951 dBm),robust_mean,315.0,-64.686,-65.197,150.0,-70.788,-71.525,60.0,-70.987,-72.745,,,,,,
2026-08-20T10:38:17.602,99.795,0.25,9361,BD,BARRIDO_DISCRETO,85.1,1,1,O,OFFBOARD,348.2,345.0,3.2,345.0,1,D,1,BC,0,0.0,40,,,,9.0,-0.04,-0.13,-8.71,19.5124283,-99.1293385,19.5124284,-99.1293366,19.5124283,-99.1293389,315.0,1,1,1,A,EN AIRE,S,comenzar_barrido,1,,-78.0,-71.384,345.0,1,,D,8,45,1,15,2,3,1,40,3,10,0.5,-35,3,5,22.5,15,19.5125837,-99.1295635,rssi_avg20_ge_-35dbm (-34.951 dBm),robust_mean,315.0,-64.686,-65.197,150.0,-70.788,-71.525,60.0,-70.987,-72.745,,,,,,
2026-08-20T10:38:18.424,100.616,1.062,9361,BD,BARRIDO_DISCRETO,85.1,1,1,O,OFFBOARD,348.2,345.0,3.2,345.0,1,D,1,BC,0,0.0,40,,,,9.0,-0.04,-0.13,-8.71,19.5124283,-99.1293385,19.5124284,-99.1293366,19.5124283,-99.1293389,315.0,1,1,1,A,EN AIRE,S,comenzar_barrido,1,,-79.0,-72.146,,0,telemetry_stale,D,8,45,1,15,2,3,1,40,3,10,0.5,-35,3,5,22.5,15,19.5125837,-99.1295635,rssi_avg20_ge_-35dbm (-34.951 dBm),robust_mean,315.0,-64.686,-65.197,150.0,-70.788,-71.525,60.0,-70.987,-72.745,,,,,,
2026-08-20T10:38:18.665,100.857,0.109,9361,BD,BARRIDO_DISCRETO,85.1,1,1,O,OFFBOARD,345.0,345.0,0.0,345.0,1,D,1,BC,0,0.0,40,,,,9.0,0.03,-0.18,-8.69,19.5124289,-99.129339,19.5124284,-99.1293366,19.5124283,-99.1293389,315.0,1,1,1,A,EN AIRE,S,comenzar_barrido,1,,-79.0,-72.831,345.0,1,,D,8,45,1,15,2,3,1,40,3,10,0.5,-35,3,5,22.5,15,19.5125837,-99.1295635,rssi_avg20_ge_-35dbm (-34.951 dBm),robust_mean,315.0,-64.686,-65.197,150.0,-70.788,-71.525,60.0,-70.987,-72.745,,,,,,
2026-08-20T10:38:18.665,100.857,0.109,9361,BD,BARRIDO_DISCRETO,85.1,1,1,O,OFFBOARD,345.0,345.0,0.0,345.0,1,D,1,BC,0,0.0,40,,,,9.0,0.03,-0.18,-8.69,19.5124289,-99.129339,19.5124284,-99.1293366,19.5124283,-99.1293389,315.0,1,1,1,A,EN AIRE,S,comenzar_barrido,1,,-86.0,-74.148,345.0,1,,D,8,45,1,15,2,3,1,40,3,10,0.5,-35,3,5,22.5,15,19.5125837,-99.1295635,rssi_avg20_ge_-35dbm (-34.951 dBm),robust_mean,315.0,-64.686,-65.197,150.0,-70.788,-71.525,60.0,-70.987,-72.745,,,,,,
2026-08-20T10:38:18.949,101.142,0.156,9361,BD,BARRIDO_DISCRETO,85.1,1,1,O,OFFBOARD,345.1,345.0,0.1,345.0,1,D,1,BC,0,0.0,40,,,,9.0,0.03,-0.18,-8.69,19.5124291,-99.1293389,19.5124284,-99.1293366,19.5124283,-99.1293389,315.0,1,1,1,A,EN AIRE,S,comenzar_barrido,1,,-81.0,-74.833,345.0,1,,D,8,45,1,15,2,3,1,40,3,10,0.5,-35,3,5,22.5,15,19.5125837,-99.1295635,rssi_avg20_ge_-35dbm (-34.951 dBm),robust_mean,315.0,-64.686,-65.197,150.0,-70.788,-71.525,60.0,-70.987,-72.745,,,,,,
2026-08-20T10:38:20.077,102.27,0.015,9361,BD,BARRIDO_DISCRETO,88.0,1,1,O,OFFBOARD,357.9,0.0,-2.1,0.0,1,D,1,BC,0,0.0,40,,,,9.0,0.04,-0.21,-8.67,19.512429,-99.1293392,19.5124284,-99.1293366,19.5124283,-99.1293389,315.0,1,1,1,A,EN AIRE,S,comenzar_barrido,1,,-76.0,-74.95,0.0,1,,D,8,45,1,15,2,3,1,40,3,10,0.5,-35,3,5,22.5,15,19.5125837,-99.1295635,rssi_avg20_ge_-35dbm (-34.951 dBm),robust_mean,315.0,-64.686,-65.197,150.0,-70.788,-71.525,60.0,-70.987,-72.745,,,,,,
2026-08-20T10:38:20.246,102.438,0.187,9361,BD,BARRIDO_DISCRETO,88.0,1,1,O,OFFBOARD,357.9,0.0,-2.1,0.0,1,D,1,BC,0,0.0,40,,,,9.0,0.04,-0.21,-8.67,19.512429,-99.1293392,19.5124284,-99.1293366,19.5124283,-99.1293389,315.0,1,1,1,A,EN AIRE,S,comenzar_barrido,1,,-74.0,-74.855,0.0,1,,D,8,45,1,15,2,3,1,40,3,10,0.5,-35,3,5,22.5,15,19.5125837,-99.1295635,rssi_avg20_ge_-35dbm (-34.951 dBm),robust_mean,315.0,-64.686,-65.197,150.0,-70.788,-71.525,60.0,-70.987,-72.745,,,,,,
2026-08-20T10:38:20.356,102.549,0.297,9361,BD,BARRIDO_DISCRETO,88.0,1,1,O,OFFBOARD,357.9,0.0,-2.1,0.0,1,D,1,BC,0,0.0,40,,,,9.0,0.04,-0.21,-8.67,19.512429,-99.1293392,19.5124284,-99.1293366,19.5124283,-99.1293389,315.0,1,1,1,A,EN AIRE,S,comenzar_barrido,1,,-75.0,-74.87,0.0,1,,D,8,45,1,15,2,3,1,40,3,10,0.5,-35,3,5,22.5,15,19.5125837,-99.1295635,rssi_avg20_ge_-35dbm (-34.951 dBm),robust_mean,315.0,-64.686,-65.197,150.0,-70.788,-71.525,60.0,-70.987,-72.745,,,,,,
2026-08-20T10:38:20.529,102.722,0.468,9361,BD,BARRIDO_DISCRETO,88.0,1,1,O,OFFBOARD,357.9,0.0,-2.1,0.0,1,D,1,BC,0,0.0,40,,,,9.0,0.04,-0.21,-8.67,19.512429,-99.1293392,19.5124284,-99.1293366,19.5124283,-99.1293389,315.0,1,1,1,A,EN AIRE,S,comenzar_barrido,1,,-79.0,-75.283,0.0,1,,D,8,45,1,15,2,3,1,40,3,10,0.5,-35,3,5,22.5,15,19.5125837,-99.1295635,rssi_avg20_ge_-35dbm (-34.951 dBm),robust_mean,315.0,-64.686,-65.197,150.0,-70.788,-71.525,60.0,-70.987,-72.745,,,,,,
2026-08-20T10:38:20.650,102.843,0.125,9361,BD,BARRIDO_DISCRETO,88.0,1,1,O,OFFBOARD,3.3,0.0,3.3,0.0,1,D,1,BC,0,0.0,40,,,,9.0,0.04,-0.21,-8.67,19.5124289,-99.1293394,19.5124284,-99.1293366,19.5124283,-99.1293389,315.0,1,1,1,A,EN AIRE,S,comenzar_barrido,1,,-80.0,-75.754,0.0,1,,D,8,45,1,15,2,3,1,40,3,10,0.5,-35,3,5,22.5,15,19.5125837,-99.1295635,rssi_avg20_ge_-35dbm (-34.951 dBm),robust_mean,315.0,-64.686,-65.197,150.0,-70.788,-71.525,60.0,-70.987,-72.745,,,,,,
2026-08-20T10:38:20.834,103.027,0.188,9361,BD,BARRIDO_DISCRETO,88.0,1,1,O,OFFBOARD,1.3,0.0,1.3,0.0,1,D,1,BC,0,0.0,40,,,,9.0,0.02,-0.23,-8.67,19.5124289,-99.1293395,19.5124284,-99.1293366,19.5124283,-99.1293389,315.0,1,1,1,A,EN AIRE,S,comenzar_barrido,1,,-79.0,-76.079,0.0,1,,D,8,45,1,15,2,3,1,40,3,10,0.5,-35,3,5,22.5,15,19.5125837,-99.1295635,rssi_avg20_ge_-35dbm (-34.951 dBm),robust_mean,315.0,-64.686,-65.197,150.0,-70.788,-71.525,60.0,-70.987,-72.745,,,,,,
2026-08-20T10:38:20.929,103.121,0.282,9361,BD,BARRIDO_DISCRETO,88.0,1,1,O,OFFBOARD,1.3,0.0,1.3,0.0,1,D,1,BC,0,0.0,40,,,,9.0,0.02,-0.23,-8.67,19.5124289,-99.1293395,19.5124284,-99.1293366,19.5124283,-99.1293389,315.0,1,1,1,A,EN AIRE,S,comenzar_barrido,1,,-79.0,-76.371,0.0,1,,D,8,45,1,15,2,3,1,40,3,10,0.5,-35,3,5,22.5,15,19.5125837,-99.1295635,rssi_avg20_ge_-35dbm (-34.951 dBm),robust_mean,315.0,-64.686,-65.197,150.0,-70.788,-71.525,60.0,-70.987,-72.745,,,,,,
2026-08-20T10:38:21.104,103.297,0.094,9361,BD,BARRIDO_DISCRETO,88.0,1,1,O,OFFBOARD,359.2,0.0,-0.8,0.0,1,D,1,BC,0,0.0,40,,,,9.0,0.03,-0.25,-8.67,19.512429,-99.1293398,19.5124284,-99.1293366,19.5124283,-99.1293389,315.0,1,1,1,A,EN AIRE,S,comenzar_barrido,1,,-78.0,-76.534,0.0,1,,D,8,45,1,15,2,3,1,40,3,10,0.5,-35,3,5,22.5,15,19.5125837,-99.1295635,rssi_avg20_ge_-35dbm (-34.951 dBm),robust_mean,315.0,-64.686,-65.197,150.0,-70.788,-71.525,60.0,-70.987,-72.745,,,,,,
2026-08-20T10:38:21.232,103.424,0.11,9361,BD,BARRIDO_DISCRETO,88.0,1,1,O,OFFBOARD,359.2,0.0,-0.8,0.0,1,D,1,BC,0,0.0,40,,,,9.0,0.04,-0.27,-8.66,19.512429,-99.1293399,19.5124284,-99.1293366,19.5124283,-99.1293389,315.0,1,1,1,A,EN AIRE,S,comenzar_barrido,1,,-78.0,-76.681,0.0,1,,D,8,45,1,15,2,3,1,40,3,10,0.5,-35,3,5,22.5,15,19.5125837,-99.1295635,rssi_avg20_ge_-35dbm (-34.951 dBm),robust_mean,315.0,-64.686,-65.197,150.0,-70.788,-71.525,60.0,-70.987,-72.745,,,,,,
2026-08-20T10:38:21.641,103.833,0.25,9361,BD,BARRIDO_DISCRETO,88.0,1,1,O,OFFBOARD,359.8,0.0,-0.2,0.0,1,D,1,BC,0,0.0,40,,,,9.0,0.05,-0.29,-8.66,19.5124291,-99.12934,19.5124284,-99.1293366,19.5124283,-99.1293389,315.0,1,1,1,A,EN AIRE,S,comenzar_barrido,1,,-77.0,-76.712,0.0,1,,D,8,45,1,15,2,3,1,40,3,10,0.5,-35,3,5,22.5,15,19.5125837,-99.1295635,rssi_avg20_ge_-35dbm (-34.951 dBm),robust_mean,315.0,-64.686,-65.197,150.0,-70.788,-71.525,60.0,-70.987,-72.745,,,,,,
2026-08-20T10:38:21.828,104.02,0.0,9361,BD,BARRIDO_DISCRETO,88.0,1,1,O,OFFBOARD,359.7,0.0,-0.3,0.0,1,D,1,BC,0,0.0,40,,,,9.0,0.05,-0.29,-8.66,19.5124291,-99.12934,19.5124284,-99.1293366,19.5124283,-99.1293389,315.0,1,1,1,A,EN AIRE,S,comenzar_barrido,1,,-78.0,-76.841,0.0,1,,D,8,45,1,15,2,3,1,40,3,10,0.5,-35,3,5,22.5,15,19.5125837,-99.1295635,rssi_avg20_ge_-35dbm (-34.951 dBm),robust_mean,315.0,-64.686,-65.197,150.0,-70.788,-71.525,60.0,-70.987,-72.745,,,,,,
2026-08-20T10:38:22.114,104.306,0.125,9361,BD,BARRIDO_DISCRETO,88.0,1,1,O,OFFBOARD,360.0,0.0,0.0,0.0,1,D,1,BC,0,0.0,40,,,,9.0,0.05,-0.29,-8.66,19.5124291,-99.1293399,19.5124284,-99.1293366,19.5124283,-99.1293389,315.0,1,1,1,A,EN AIRE,S,comenzar_barrido,1,,-77.0,-76.857,0.0,1,,D,8,45,1,15,2,3,1,40,3,10,0.5,-35,3,5,22.5,15,19.5125837,-99.1295635,rssi_avg20_ge_-35dbm (-34.951 dBm),robust_mean,315.0,-64.686,-65.197,150.0,-70.788,-71.525,60.0,-70.987,-72.745,,,,,,
2026-08-20T10:38:22.244,104.436,0.25,9361,BD,BARRIDO_DISCRETO,88.0,1,1,O,OFFBOARD,360.0,0.0,0.0,0.0,1,D,1,BC,0,0.0,40,,,,9.0,0.05,-0.29,-8.66,19.5124291,-99.1293399,19.5124284,-99.1293366,19.5124283,-99.1293389,315.0,1,1,1,A,EN AIRE,S,comenzar_barrido,1,,-76.0,-76.771,0.0,1,,D,8,45,1,15,2,3,1,40,3,10,0.5,-35,3,5,22.5,15,19.5125837,-99.1295635,rssi_avg20_ge_-35dbm (-34.951 dBm),robust_mean,315.0,-64.686,-65.197,150.0,-70.788,-71.525,60.0,-70.987,-72.745,,,,,,
2026-08-20T10:38:22.388,104.581,0.391,9361,BD,BARRIDO_DISCRETO,88.0,1,1,O,OFFBOARD,360.0,0.0,0.0,0.0,1,D,1,BC,0,0.0,40,,,,9.0,0.05,-0.29,-8.66,19.5124291,-99.1293399,19.5124284,-99.1293366,19.5124283,-99.1293389,315.0,1,1,1,A,EN AIRE,S,comenzar_barrido,1,,-78.0,-76.894,0.0,1,,D,8,45,1,15,2,3,1,40,3,10,0.5,-35,3,5,22.5,15,19.5125837,-99.1295635,rssi_avg20_ge_-35dbm (-34.951 dBm),robust_mean,315.0,-64.686,-65.197,150.0,-70.788,-71.525,60.0,-70.987,-72.745,,,,,,
2026-08-20T10:38:22.510,104.702,0.516,9361,BD,BARRIDO_DISCRETO,88.0,1,1,O,OFFBOARD,360.0,0.0,0.0,0.0,1,D,1,BC,0,0.0,40,,,,9.0,0.05,-0.29,-8.66,19.5124291,-99.1293399,19.5124284,-99.1293366,19.5124283,-99.1293389,315.0,1,1,1,A,EN AIRE,S,comenzar_barrido,1,,-76.0,-76.805,0.0,1,,D,8,45,1,15,2,3,1,40,3,10,0.5,-35,3,5,22.5,15,19.5125837,-99.1295635,rssi_avg20_ge_-35dbm (-34.951 dBm),robust_mean,315.0,-64.686,-65.197,150.0,-70.788,-71.525,60.0,-70.987,-72.745,,,,,,
2026-08-20T10:38:22.683,104.875,0.688,9361,BD,BARRIDO_DISCRETO,88.0,1,1,O,OFFBOARD,360.0,0.0,0.0,0.0,1,D,1,BC,0,0.0,40,,,,9.0,0.05,-0.29,-8.66,19.5124291,-99.1293399,19.5124284,-99.1293366,19.5124283,-99.1293389,315.0,1,1,1,A,EN AIRE,S,comenzar_barrido,1,,-75.0,-76.624,0.0,1,,D,8,45,1,15,2,3,1,40,3,10,0.5,-35,3,5,22.5,15,19.5125837,-99.1295635,rssi_avg20_ge_-35dbm (-34.951 dBm),robust_mean,315.0,-64.686,-65.197,150.0,-70.788,-71.525,60.0,-70.987,-72.745,,,,,,
2026-08-20T10:38:22.944,105.136,0.953,9361,BD,BARRIDO_DISCRETO,88.0,1,1,O,OFFBOARD,360.0,0.0,0.0,0.0,1,D,1,BC,0,0.0,40,,,,9.0,0.05,-0.29,-8.66,19.5124291,-99.1293399,19.5124284,-99.1293366,19.5124283,-99.1293389,315.0,1,1,1,A,EN AIRE,S,comenzar_barrido,1,,-74.0,-76.362,,0,telemetry_stale,D,8,45,1,15,2,3,1,40,3,10,0.5,-35,3,5,22.5,15,19.5125837,-99.1295635,rssi_avg20_ge_-35dbm (-34.951 dBm),robust_mean,315.0,-64.686,-65.197,150.0,-70.788,-71.525,60.0,-70.987,-72.745,,,,,,
2026-08-20T10:38:23.068,105.26,1.078,9361,BD,BARRIDO_DISCRETO,88.0,1,1,O,OFFBOARD,360.0,0.0,0.0,0.0,1,D,1,BC,0,0.0,40,,,,9.0,0.05,-0.29,-8.66,19.5124291,-99.1293399,19.5124284,-99.1293366,19.5124283,-99.1293389,315.0,1,1,1,A,EN AIRE,S,comenzar_barrido,1,,-74.0,-76.126,,0,telemetry_stale,D,8,45,1,15,2,3,1,40,3,10,0.5,-35,3,5,22.5,15,19.5125837,-99.1295635,rssi_avg20_ge_-35dbm (-34.951 dBm),robust_mean,315.0,-64.686,-65.197,150.0,-70.788,-71.525,60.0,-70.987,-72.745,,,,,,
2026-08-20T10:38:23.542,105.735,0.172,9361,QA,ESPERANDO_AOA,88.0,1,1,O,OFFBOARD,0.1,0.0,0.1,,0,D,1,BC,0,0.0,40,,,,9.0,0.05,-0.21,-8.65,19.5124292,-99.1293392,19.5124284,-99.1293366,19.5124283,-99.1293389,315.0,1,1,1,A,EN AIRE,S,comenzar_barrido,1,,-76.0,-76.113,,0,ma0,D,8,45,1,15,2,3,1,40,3,10,0.5,-35,3,5,22.5,15,19.5125837,-99.1295635,rssi_avg20_ge_-35dbm (-34.951 dBm),robust_mean,315.0,-64.686,-65.197,150.0,-70.788,-71.525,60.0,-70.987,-72.745,,,,,,
2026-08-20T10:38:23.542,105.735,0.172,9361,QA,ESPERANDO_AOA,88.0,1,1,O,OFFBOARD,0.1,0.0,0.1,,0,D,1,BC,0,0.0,40,,,,9.0,0.05,-0.21,-8.65,19.5124292,-99.1293392,19.5124284,-99.1293366,19.5124283,-99.1293389,315.0,1,1,1,A,EN AIRE,S,comenzar_barrido,1,,-76.0,-76.102,,0,ma0,D,8,45,1,15,2,3,1,40,3,10,0.5,-35,3,5,22.5,15,19.5125837,-99.1295635,rssi_avg20_ge_-35dbm (-34.951 dBm),robust_mean,315.0,-64.686,-65.197,150.0,-70.788,-71.525,60.0,-70.987,-72.745,,,,,,
2026-08-20T10:38:23.639,105.831,0.266,9361,QA,ESPERANDO_AOA,88.0,1,1,O,OFFBOARD,0.1,0.0,0.1,,0,D,1,BC,0,0.0,40,,,,9.0,0.05,-0.21,-8.65,19.5124292,-99.1293392,19.5124284,-99.1293366,19.5124283,-99.1293389,315.0,1,1,1,A,EN AIRE,S,comenzar_barrido,1,,-78.0,-76.292,,0,ma0,D,8,45,1,15,2,3,1,40,3,10,0.5,-35,3,5,22.5,15,19.5125837,-99.1295635,rssi_avg20_ge_-35dbm (-34.951 dBm),robust_mean,315.0,-64.686,-65.197,150.0,-70.788,-71.525,60.0,-70.987,-72.745,,,,,,
2026-08-20T10:38:23.898,106.091,0.531,9361,QA,ESPERANDO_AOA,88.0,1,1,O,OFFBOARD,0.1,0.0,0.1,,0,D,1,BC,0,0.0,40,,,,9.0,0.05,-0.21,-8.65,19.5124292,-99.1293392,19.5124284,-99.1293366,19.5124283,-99.1293389,315.0,1,1,1,A,EN AIRE,S,comenzar_barrido,1,,-80.0,-76.662,,0,ma0,D,8,45,1,15,2,3,1,40,3,10,0.5,-35,3,5,22.5,15,19.5125837,-99.1295635,rssi_avg20_ge_-35dbm (-34.951 dBm),robust_mean,315.0,-64.686,-65.197,150.0,-70.788,-71.525,60.0,-70.987,-72.745,,,,,,
2026-08-20T10:38:24.280,106.473,0.906,9361,QA,ESPERANDO_AOA,88.0,1,1,O,OFFBOARD,0.1,0.0,0.1,,0,D,1,BC,0,0.0,40,,,,9.0,0.05,-0.21,-8.65,19.5124292,-99.1293392,19.5124284,-99.1293366,19.5124283,-99.1293389,315.0,1,1,1,A,EN AIRE,S,comenzar_barrido,1,,-79.0,-76.896,,0,ma0,D,8,45,1,15,2,3,1,40,3,10,0.5,-35,3,5,22.5,15,19.5125837,-99.1295635,rssi_avg20_ge_-35dbm (-34.951 dBm),robust_mean,315.0,-64.686,-65.197,150.0,-70.788,-71.525,60.0,-70.987,-72.745,,,,,,
2026-08-20T10:38:24.347,106.54,0.985,9361,QA,ESPERANDO_AOA,88.0,1,1,O,OFFBOARD,0.1,0.0,0.1,,0,D,1,BC,0,0.0,40,,,,9.0,0.05,-0.21,-8.65,19.5124292,-99.1293392,19.5124284,-99.1293366,19.5124283,-99.1293389,315.0,1,1,1,A,EN AIRE,S,comenzar_barrido,1,,-80.0,-77.207,,0,ma0,D,8,45,1,15,2,3,1,40,3,10,0.5,-35,3,5,22.5,15,19.5125837,-99.1295635,rssi_avg20_ge_-35dbm (-34.951 dBm),robust_mean,315.0,-64.686,-65.197,150.0,-70.788,-71.525,60.0,-70.987,-72.745,,,,,,
2026-08-20T10:38:24.347,106.54,0.985,9361,QA,ESPERANDO_AOA,88.0,1,1,O,OFFBOARD,0.1,0.0,0.1,,0,D,1,BC,0,0.0,40,,,,9.0,0.05,-0.21,-8.65,19.5124292,-99.1293392,19.5124284,-99.1293366,19.5124283,-99.1293389,315.0,1,1,1,A,EN AIRE,S,comenzar_barrido,1,,-79.0,-77.386,,0,ma0,D,8,45,1,15,2,3,1,40,3,10,0.5,-35,3,5,22.5,15,19.5125837,-99.1295635,rssi_avg20_ge_-35dbm (-34.951 dBm),robust_mean,315.0,-64.686,-65.197,150.0,-70.788,-71.525,60.0,-70.987,-72.745,,,,,,
2026-08-20T10:38:25.667,107.859,0.172,9361,YA,ORIENTANDO_AOA,88.0,1,1,O,OFFBOARD,326.9,317.4,9.5,,0,D,1,BC,0,0.0,40,,,,9.0,-0.02,-0.27,-8.7,19.5124284,-99.1293399,19.5124284,-99.1293366,19.5124283,-99.1293389,315.0,1,1,1,A,EN AIRE,Y,orientar_aoa,2,,-76.0,-77.247,,0,ma0,D,8,45,1,15,2,3,1,40,3,10,0.5,-35,3,5,22.5,15,19.5125837,-99.1295635,rssi_avg20_ge_-35dbm (-34.951 dBm),robust_mean,315.0,-64.686,-65.197,150.0,-70.788,-71.525,60.0,-70.987,-72.745,,,,,,
2026-08-20T10:38:25.764,107.957,0.266,9361,YA,ORIENTANDO_AOA,88.0,1,1,O,OFFBOARD,326.9,317.4,9.5,,0,D,1,BC,0,0.0,40,,,,9.0,-0.02,-0.27,-8.7,19.5124284,-99.1293399,19.5124284,-99.1293366,19.5124283,-99.1293389,315.0,1,1,1,A,EN AIRE,Y,orientar_aoa,2,,-71.0,-76.623,,0,ma0,D,8,45,1,15,2,3,1,40,3,10,0.5,-35,3,5,22.5,15,19.5125837,-99.1295635,rssi_avg20_ge_-35dbm (-34.951 dBm),robust_mean,315.0,-64.686,-65.197,150.0,-70.788,-71.525,60.0,-70.987,-72.745,,,,,,
2026-08-20T10:38:26.046,108.238,0.187,9361,YA,ORIENTANDO_AOA,88.0,1,1,O,OFFBOARD,317.8,315.0,2.8,,0,D,1,BC,0,0.0,40,,,,9.0,-0.05,-0.28,-8.71,19.512428,-99.1293399,19.5124284,-99.1293366,19.5124283,-99.1293389,315.0,1,1,1,A,EN AIRE,Y,orientar_aoa,2,,-53.0,-74.26,,0,ma0,D,8,45,1,15,2,3,1,40,3,10,0.5,-35,3,5,22.5,15,19.5125837,-99.1295635,rssi_avg20_ge_-35dbm (-34.951 dBm),robust_mean,315.0,-64.686,-65.197,150.0,-70.788,-71.525,60.0,-70.987,-72.745,,,,,,
2026-08-20T10:38:26.136,108.329,0.0,9361,YA,ORIENTANDO_AOA,88.0,1,1,O,OFFBOARD,313.2,315.0,-1.8,,0,D,1,BC,0,0.0,40,,,,9.0,-0.05,-0.28,-8.71,19.5124279,-99.1293399,19.5124284,-99.1293366,19.5124283,-99.1293389,315.0,1,1,1,A,EN AIRE,Y,orientar_aoa,2,,-52.0,-72.034,,0,ma0,D,8,45,1,15,2,3,1,40,3,10,0.5,-35,3,5,22.5,15,19.5125837,-99.1295635,rssi_avg20_ge_-35dbm (-34.951 dBm),robust_mean,315.0,-64.686,-65.197,150.0,-70.788,-71.525,60.0,-70.987,-72.745,,,,,,
2026-08-20T10:38:26.699,108.891,0.562,9361,YA,ORIENTANDO_AOA,88.0,1,1,O,OFFBOARD,313.2,315.0,-1.8,,0,D,1,BC,0,0.0,40,,,,9.0,-0.05,-0.28,-8.71,19.5124279,-99.1293399,19.5124284,-99.1293366,19.5124283,-99.1293389,315.0,1,1,1,A,EN AIRE,Y,orientar_aoa,2,,-54.0,-70.231,,0,ma0,D,8,45,1,15,2,3,1,40,3,10,0.5,-35,3,5,22.5,15,19.5125837,-99.1295635,rssi_avg20_ge_-35dbm (-34.951 dBm),robust_mean,315.0,-64.686,-65.197,150.0,-70.788,-71.525,60.0,-70.987,-72.745,,,,,,
2026-08-20T10:38:26.773,108.966,0.64,9361,YA,ORIENTANDO_AOA,88.0,1,1,O,OFFBOARD,313.2,315.0,-1.8,,0,D,1,BC,0,0.0,40,,,,9.0,-0.05,-0.28,-8.71,19.5124279,-99.1293399,19.5124284,-99.1293366,19.5124283,-99.1293389,315.0,1,1,1,A,EN AIRE,Y,orientar_aoa,2,,-55.0,-68.708,,0,ma0,D,8,45,1,15,2,3,1,40,3,10,0.5,-35,3,5,22.5,15,19.5125837,-99.1295635,rssi_avg20_ge_-35dbm (-34.951 dBm),robust_mean,315.0,-64.686,-65.197,150.0,-70.788,-71.525,60.0,-70.987,-72.745,,,,,,
2026-08-20T10:38:26.985,109.178,0.844,9361,YA,ORIENTANDO_AOA,88.0,1,1,O,OFFBOARD,313.2,315.0,-1.8,,0,D,1,BC,0,0.0,40,,,,9.0,-0.05,-0.28,-8.71,19.5124279,-99.1293399,19.5124284,-99.1293366,19.5124283,-99.1293389,315.0,1,1,1,A,EN AIRE,Y,orientar_aoa,2,,-53.0,-67.137,,0,ma0,D,8,45,1,15,2,3,1,40,3,10,0.5,-35,3,5,22.5,15,19.5125837,-99.1295635,rssi_avg20_ge_-35dbm (-34.951 dBm),robust_mean,315.0,-64.686,-65.197,150.0,-70.788,-71.525,60.0,-70.987,-72.745,,,,,,
2026-08-20T10:38:26.985,109.178,0.844,9361,YA,ORIENTANDO_AOA,88.0,1,1,O,OFFBOARD,313.2,315.0,-1.8,,0,D,1,BC,0,0.0,40,,,,9.0,-0.05,-0.28,-8.71,19.5124279,-99.1293399,19.5124284,-99.1293366,19.5124283,-99.1293389,315.0,1,1,1,A,EN AIRE,Y,orientar_aoa,2,,-52.0,-65.623,,0,ma0,D,8,45,1,15,2,3,1,40,3,10,0.5,-35,3,5,22.5,15,19.5125837,-99.1295635,rssi_avg20_ge_-35dbm (-34.951 dBm),robust_mean,315.0,-64.686,-65.197,150.0,-70.788,-71.525,60.0,-70.987,-72.745,,,,,,
2026-08-20T10:38:26.985,109.178,0.844,9361,YA,ORIENTANDO_AOA,88.0,1,1,O,OFFBOARD,313.2,315.0,-1.8,,0,D,1,BC,0,0.0,40,,,,9.0,-0.05,-0.28,-8.71,19.5124279,-99.1293399,19.5124284,-99.1293366,19.5124283,-99.1293389,315.0,1,1,1,A,EN AIRE,Y,orientar_aoa,2,,-52.0,-64.261,,0,ma0,D,8,45,1,15,2,3,1,40,3,10,0.5,-35,3,5,22.5,15,19.5125837,-99.1295635,rssi_avg20_ge_-35dbm (-34.951 dBm),robust_mean,315.0,-64.686,-65.197,150.0,-70.788,-71.525,60.0,-70.987,-72.745,,,,,,
2026-08-20T10:38:27.269,109.462,0.171,9361,AV,AVANZANDO,20.1,1,1,O,OFFBOARD,315.4,315.0,0.4,,0,A,1,BC,1,0.05,40,,,,9.0,-0.18,-0.28,-8.7,19.512427,-99.1293399,19.5124284,-99.1293366,19.5124283,-99.1293389,315.0,1,1,1,A,EN AIRE,YC,aoa_orientado,2,,-52.0,-63.035,,0,ma0,D,8,45,1,15,2,3,1,40,3,10,0.5,-35,3,5,22.5,15,19.5125837,-99.1295635,rssi_avg20_ge_-35dbm (-34.951 dBm),robust_mean,315.0,-64.686,-65.197,150.0,-70.788,-71.525,60.0,-70.987,-72.745,,,,,,
2026-08-20T10:38:27.560,109.753,0.188,9361,AV,AVANZANDO,20.5,1,1,O,OFFBOARD,314.7,315.0,-0.3,,0,A,1,BC,1,0.18,40,,,,9.0,-0.21,-0.29,-8.7,19.5124267,-99.1293401,19.5124284,-99.1293366,19.5124283,-99.1293389,315.0,1,1,1,A,EN AIRE,YC,aoa_orientado,2,,-51.0,-61.831,,0,ma0,D,8,45,1,15,2,3,1,40,3,10,0.5,-35,3,5,22.5,15,19.5125837,-99.1295635,rssi_avg20_ge_-35dbm (-34.951 dBm),robust_mean,315.0,-64.686,-65.197,150.0,-70.788,-71.525,60.0,-70.987,-72.745,,,,,,
2026-08-20T10:38:27.560,109.753,0.188,9361,AV,AVANZANDO,20.5,1,1,O,OFFBOARD,314.7,315.0,-0.3,,0,A,1,BC,1,0.18,40,,,,9.0,-0.21,-0.29,-8.7,19.5124267,-99.1293401,19.5124284,-99.1293366,19.5124283,-99.1293389,315.0,1,1,1,A,EN AIRE,YC,aoa_orientado,2,,-50.0,-60.648,,0,ma0,D,8,45,1,15,2,3,1,40,3,10,0.5,-35,3,5,22.5,15,19.5125837,-99.1295635,rssi_avg20_ge_-35dbm (-34.951 dBm),robust_mean,315.0,-64.686,-65.197,150.0,-70.788,-71.525,60.0,-70.987,-72.745,,,,,,
2026-08-20T10:38:27.561,109.754,0.188,9361,AV,AVANZANDO,20.5,1,1,O,OFFBOARD,314.7,315.0,-0.3,,0,A,1,BC,1,0.18,40,,,,9.0,-0.21,-0.29,-8.7,19.5124267,-99.1293401,19.5124284,-99.1293366,19.5124283,-99.1293389,315.0,1,1,1,A,EN AIRE,YC,aoa_orientado,2,,-50.0,-59.583,,0,ma0,D,8,45,1,15,2,3,1,40,3,10,0.5,-35,3,5,22.5,15,19.5125837,-99.1295635,rssi_avg20_ge_-35dbm (-34.951 dBm),robust_mean,315.0,-64.686,-65.197,150.0,-70.788,-71.525,60.0,-70.987,-72.745,,,,,,
2026-08-20T10:38:27.678,109.87,0.125,9361,AV,AVANZANDO,20.8,1,1,O,OFFBOARD,314.4,315.0,-0.6,,0,A,1,BC,1,0.31,40,,,,9.0,-0.21,-0.29,-8.7,19.5124266,-99.1293403,19.5124284,-99.1293366,19.5124283,-99.1293389,315.0,1,1,1,A,EN AIRE,YC,aoa_orientado,2,,-49.0,-58.525,,0,ma0,D,8,45,1,15,2,3,1,40,3,10,0.5,-35,3,5,22.5,15,19.5125837,-99.1295635,rssi_avg20_ge_-35dbm (-34.951 dBm),robust_mean,315.0,-64.686,-65.197,150.0,-70.788,-71.525,60.0,-70.987,-72.745,,,,,,
2026-08-20T10:38:27.835,110.027,0.281,9361,AV,AVANZANDO,20.8,1,1,O,OFFBOARD,314.4,315.0,-0.6,,0,A,1,BC,1,0.31,40,,,,9.0,-0.21,-0.29,-8.7,19.5124266,-99.1293403,19.5124284,-99.1293366,19.5124283,-99.1293389,315.0,1,1,1,A,EN AIRE,YC,aoa_orientado,2,,-52.0,-57.873,,0,ma0,D,8,45,1,15,2,3,1,40,3,10,0.5,-35,3,5,22.5,15,19.5125837,-99.1295635,rssi_avg20_ge_-35dbm (-34.951 dBm),robust_mean,315.0,-64.686,-65.197,150.0,-70.788,-71.525,60.0,-70.987,-72.745,,,,,,
2026-08-20T10:38:27.932,110.125,0.375,9361,AV,AVANZANDO,20.8,1,1,O,OFFBOARD,314.4,315.0,-0.6,,0,A,1,BC,1,0.31,40,,,,9.0,-0.21,-0.29,-8.7,19.5124266,-99.1293403,19.5124284,-99.1293366,19.5124283,-99.1293389,315.0,1,1,1,A,EN AIRE,YC,aoa_orientado,2,,-51.0,-57.185,,0,ma0,D,8,45,1,15,2,3,1,40,3,10,0.5,-35,3,5,22.5,15,19.5125837,-99.1295635,rssi_avg20_ge_-35dbm (-34.951 dBm),robust_mean,315.0,-64.686,-65.197,150.0,-70.788,-71.525,60.0,-70.987,-72.745,,,,,,
2026-08-20T10:38:28.113,110.306,0.094,9361,AV,AVANZANDO,21.1,1,1,O,OFFBOARD,314.8,315.0,-0.2,,0,A,1,BC,1,0.44,40,,,,9.0,-0.23,-0.33,-8.7,19.5124265,-99.1293405,19.5124284,-99.1293366,19.5124283,-99.1293389,315.0,1,1,1,A,EN AIRE,YC,aoa_orientado,2,,-51.0,-56.567,,0,ma0,D,8,45,1,15,2,3,1,40,3,10,0.5,-35,3,5,22.5,15,19.5125837,-99.1295635,rssi_avg20_ge_-35dbm (-34.951 dBm),robust_mean,315.0,-64.686,-65.197,150.0,-70.788,-71.525,60.0,-70.987,-72.745,,,,,,
2026-08-20T10:38:28.219,110.411,0.016,9361,AV,AVANZANDO,21.4,1,1,O,OFFBOARD,315.0,315.0,0.0,,0,A,1,BC,1,0.57,40,,,,9.1,-0.26,-0.38,-8.72,19.5124263,-99.1293412,19.5124284,-99.1293366,19.5124283,-99.1293389,315.0,1,1,1,A,EN AIRE,YC,aoa_orientado,2,,-51.0,-56.01,,0,ma0,D,8,45,1,15,2,3,1,40,3,10,0.5,-35,3,5,22.5,15,19.5125837,-99.1295635,rssi_avg20_ge_-35dbm (-34.951 dBm),robust_mean,315.0,-64.686,-65.197,150.0,-70.788,-71.525,60.0,-70.987,-72.745,,,,,,
2026-08-20T10:38:28.605,110.797,0.407,9361,AV,AVANZANDO,21.4,1,1,O,OFFBOARD,315.0,315.0,0.0,,0,A,1,BC,1,0.57,40,,,,9.1,-0.26,-0.38,-8.72,19.5124263,-99.1293412,19.5124284,-99.1293366,19.5124283,-99.1293389,315.0,1,1,1,A,EN AIRE,YC,aoa_orientado,2,,-52.0,-55.609,,0,ma0,D,8,45,1,15,2,3,1,40,3,10,0.5,-35,3,5,22.5,15,19.5125837,-99.1295635,rssi_avg20_ge_-35dbm (-34.951 dBm),robust_mean,315.0,-64.686,-65.197,150.0,-70.788,-71.525,60.0,-70.987,-72.745,,,,,,
2026-08-20T10:38:28.797,110.989,0.594,9361,AV,AVANZANDO,21.4,1,1,O,OFFBOARD,315.0,315.0,0.0,,0,A,1,BC,1,0.57,40,,,,9.1,-0.26,-0.38,-8.72,19.5124263,-99.1293412,19.5124284,-99.1293366,19.5124283,-99.1293389,315.0,1,1,1,A,EN AIRE,YC,aoa_orientado,2,,-54.0,-55.448,,0,ma0,D,8,45,1,15,2,3,1,40,3,10,0.5,-35,3,5,22.5,15,19.5125837,-99.1295635,rssi_avg20_ge_-35dbm (-34.951 dBm),robust_mean,315.0,-64.686,-65.197,150.0,-70.788,-71.525,60.0,-70.987,-72.745,,,,,,
2026-08-20T10:38:28.874,111.067,0.672,9361,AV,AVANZANDO,21.4,1,1,O,OFFBOARD,315.0,315.0,0.0,,0,A,1,BC,1,0.57,40,,,,9.1,-0.26,-0.38,-8.72,19.5124263,-99.1293412,19.5124284,-99.1293366,19.5124283,-99.1293389,315.0,1,1,1,A,EN AIRE,YC,aoa_orientado,2,,-54.0,-55.303,,0,ma0,D,8,45,1,15,2,3,1,40,3,10,0.5,-35,3,5,22.5,15,19.5125837,-99.1295635,rssi_avg20_ge_-35dbm (-34.951 dBm),robust_mean,315.0,-64.686,-65.197,150.0,-70.788,-71.525,60.0,-70.987,-72.745,,,,,,
2026-08-20T10:38:28.986,111.179,0.782,9361,AV,AVANZANDO,21.4,1,1,O,OFFBOARD,315.0,315.0,0.0,,0,A,1,BC,1,0.57,40,,,,9.1,-0.26,-0.38,-8.72,19.5124263,-99.1293412,19.5124284,-99.1293366,19.5124283,-99.1293389,315.0,1,1,1,A,EN AIRE,YC,aoa_orientado,2,,-55.0,-55.273,,0,ma0,D,8,45,1,15,2,3,1,40,3,10,0.5,-35,3,5,22.5,15,19.5125837,-99.1295635,rssi_avg20_ge_-35dbm (-34.951 dBm),robust_mean,315.0,-64.686,-65.197,150.0,-70.788,-71.525,60.0,-70.987,-72.745,,,,,,
2026-08-20T10:38:29.281,111.474,0.093,9361,AV,AVANZANDO,22.7,1,1,O,OFFBOARD,314.8,315.0,-0.2,,0,A,1,BC,1,1.09,40,,,,9.1,-0.12,-0.64,-8.78,19.5124281,-99.1293439,19.5124284,-99.1293366,19.5124283,-99.1293389,315.0,1,1,1,A,EN AIRE,YC,aoa_orientado,2,,-57.0,-55.446,,0,ma0,D,8,45,1,15,2,3,1,40,3,10,0.5,-35,3,5,22.5,15,19.5125837,-99.1295635,rssi_avg20_ge_-35dbm (-34.951 dBm),robust_mean,315.0,-64.686,-65.197,150.0,-70.788,-71.525,60.0,-70.987,-72.745,,,,,,
2026-08-20T10:38:29.281,111.474,0.093,9361,AV,AVANZANDO,22.7,1,1,O,OFFBOARD,314.8,315.0,-0.2,,0,A,1,BC,1,1.09,40,,,,9.1,-0.12,-0.64,-8.78,19.5124281,-99.1293439,19.5124284,-99.1293366,19.5124283,-99.1293389,315.0,1,1,1,A,EN AIRE,YC,aoa_orientado,2,,-56.0,-55.501,,0,ma0,D,8,45,1,15,2,3,1,40,3,10,0.5,-35,3,5,22.5,15,19.5125837,-99.1295635,rssi_avg20_ge_-35dbm (-34.951 dBm),robust_mean,315.0,-64.686,-65.197,150.0,-70.788,-71.525,60.0,-70.987,-72.745,,,,,,
2026-08-20T10:38:29.430,111.623,0.25,9361,AV,AVANZANDO,22.7,1,1,O,OFFBOARD,314.8,315.0,-0.2,,0,A,1,BC,1,1.09,40,,,,9.1,-0.12,-0.64,-8.78,19.5124281,-99.1293439,19.5124284,-99.1293366,19.5124283,-99.1293389,315.0,1,1,1,A,EN AIRE,YC,aoa_orientado,2,,-57.0,-55.651,,0,ma0,D,8,45,1,15,2,3,1,40,3,10,0.5,-35,3,5,22.5,15,19.5125837,-99.1295635,rssi_avg20_ge_-35dbm (-34.951 dBm),robust_mean,315.0,-64.686,-65.197,150.0,-70.788,-71.525,60.0,-70.987,-72.745,,,,,,
2026-08-20T10:38:29.693,111.885,0.265,9361,AV,AVANZANDO,23.1,1,1,O,OFFBOARD,315.1,315.0,0.1,,0,A,1,BC,1,1.22,40,,,,9.1,-0.01,-0.75,-8.79,19.5124294,-99.1293451,19.5124284,-99.1293366,19.5124283,-99.1293389,315.0,1,1,1,A,EN AIRE,YC,aoa_orientado,2,,-57.0,-55.786,,0,ma0,D,8,45,1,15,2,3,1,40,3,10,0.5,-35,3,5,22.5,15,19.5125837,-99.1295635,rssi_avg20_ge_-35dbm (-34.951 dBm),robust_mean,315.0,-64.686,-65.197,150.0,-70.788,-71.525,60.0,-70.987,-72.745,,,,,,
2026-08-20T10:38:29.694,111.886,0.265,9361,AV,AVANZANDO,23.1,1,1,O,OFFBOARD,315.1,315.0,0.1,,0,A,1,BC,1,1.22,40,,,,9.1,-0.01,-0.75,-8.79,19.5124294,-99.1293451,19.5124284,-99.1293366,19.5124283,-99.1293389,315.0,1,1,1,A,EN AIRE,YC,aoa_orientado,2,,-57.0,-55.907,,0,ma0,D,8,45,1,15,2,3,1,40,3,10,0.5,-35,3,5,22.5,15,19.5125837,-99.1295635,rssi_avg20_ge_-35dbm (-34.951 dBm),robust_mean,315.0,-64.686,-65.197,150.0,-70.788,-71.525,60.0,-70.987,-72.745,,,,,,
2026-08-20T10:38:29.805,111.997,0.11,9361,AV,AVANZANDO,23.4,1,1,O,OFFBOARD,314.4,315.0,-0.6,,0,A,1,BC,1,1.35,40,,,,9.1,0.12,-0.85,-8.78,19.5124301,-99.1293457,19.5124284,-99.1293366,19.5124283,-99.1293389,315.0,1,1,1,A,EN AIRE,YC,aoa_orientado,2,,-55.0,-55.817,,0,ma0,D,8,45,1,15,2,3,1,40,3,10,0.5,-35,3,5,22.5,15,19.5125837,-99.1295635,rssi_avg20_ge_-35dbm (-34.951 dBm),robust_mean,315.0,-64.686,-65.197,150.0,-70.788,-71.525,60.0,-70.987,-72.745,,,,,,
2026-08-20T10:38:30.054,112.247,0.36,9361,AV,AVANZANDO,23.4,1,1,O,OFFBOARD,314.4,315.0,-0.6,,0,A,1,BC,1,1.35,40,,,,9.1,0.12,-0.85,-8.78,19.5124301,-99.1293457,19.5124284,-99.1293366,19.5124283,-99.1293389,315.0,1,1,1,A,EN AIRE,YC,aoa_orientado,2,,-60.0,-56.235,,0,ma0,D,8,45,1,15,2,3,1,40,3,10,0.5,-35,3,5,22.5,15,19.5125837,-99.1295635,rssi_avg20_ge_-35dbm (-34.951 dBm),robust_mean,315.0,-64.686,-65.197,150.0,-70.788,-71.525,60.0,-70.987,-72.745,,,,,,
2026-08-20T10:38:30.437,112.629,0.735,9361,AV,AVANZANDO,23.4,1,1,O,OFFBOARD,314.4,315.0,-0.6,,0,A,1,BC,1,1.35,40,,,,9.1,0.12,-0.85,-8.78,19.5124301,-99.1293457,19.5124284,-99.1293366,19.5124283,-99.1293389,315.0,1,1,1,A,EN AIRE,YC,aoa_orientado,2,,-62.0,-56.811,,0,ma0,D,8,45,1,15,2,3,1,40,3,10,0.5,-35,3,5,22.5,15,19.5125837,-99.1295635,rssi_avg20_ge_-35dbm (-34.951 dBm),robust_mean,315.0,-64.686,-65.197,150.0,-70.788,-71.525,60.0,-70.987,-72.745,,,,,,
2026-08-20T10:38:30.567,112.76,0.14,9361,AV,AVANZANDO,24.4,1,1,O,OFFBOARD,314.9,315.0,-0.1,,0,A,1,BC,1,1.74,40,,,,9.1,0.42,-1.05,-8.74,19.5124334,-99.1293479,19.5124284,-99.1293366,19.5124283,-99.1293389,315.0,1,1,1,A,EN AIRE,YC,aoa_orientado,2,,-56.0,-56.73,,0,ma0,D,8,45,1,15,2,3,1,40,3,10,0.5,-35,3,5,22.5,15,19.5125837,-99.1295635,rssi_avg20_ge_-35dbm (-34.951 dBm),robust_mean,315.0,-64.686,-65.197,150.0,-70.788,-71.525,60.0,-70.987,-72.745,,,,,,
2026-08-20T10:38:30.733,112.925,0.297,9361,AV,AVANZANDO,24.4,1,1,O,OFFBOARD,314.9,315.0,-0.1,,0,A,1,BC,1,1.74,40,,,,9.1,0.42,-1.05,-8.74,19.5124334,-99.1293479,19.5124284,-99.1293366,19.5124283,-99.1293389,315.0,1,1,1,A,EN AIRE,YC,aoa_orientado,2,,-61.0,-57.157,,0,ma0,D,8,45,1,15,2,3,1,40,3,10,0.5,-35,3,5,22.5,15,19.5125837,-99.1295635,rssi_avg20_ge_-35dbm (-34.951 dBm),robust_mean,315.0,-64.686,-65.197,150.0,-70.788,-71.525,60.0,-70.987,-72.745,,,,,,
2026-08-20T10:38:31.133,113.326,0.11,9361,AV,AVANZANDO,25.0,1,1,O,OFFBOARD,315.2,315.0,0.2,,0,A,1,BC,1,2.0,40,,,,9.1,0.71,-1.26,-8.74,19.5124358,-99.12935,19.5124284,-99.1293366,19.5124283,-99.1293389,315.0,1,1,1,A,EN AIRE,YC,aoa_orientado,2,,-60.0,-57.442,,0,ma0,D,8,45,1,15,2,3,1,40,3,10,0.5,-35,3,5,22.5,15,19.5125837,-99.1295635,rssi_avg20_ge_-35dbm (-34.951 dBm),robust_mean,315.0,-64.686,-65.197,150.0,-70.788,-71.525,60.0,-70.987,-72.745,,,,,,
2026-08-20T10:38:32.954,115.146,0.203,9361,AV,AVANZANDO,27.3,1,1,O,OFFBOARD,315.1,315.0,0.1,,0,A,1,BC,1,2.91,40,,,,9.0,1.45,-1.96,-8.7,19.5124416,-99.1293559,19.5124284,-99.1293366,19.5124283,-99.1293389,315.0,1,1,1,A,EN AIRE,YC,aoa_orientado,2,,-63.0,-57.997,,0,ma0,D,8,45,1,15,2,3,1,40,3,10,0.5,-35,3,5,22.5,15,19.5125837,-99.1295635,rssi_avg20_ge_-35dbm (-34.951 dBm),robust_mean,315.0,-64.686,-65.197,150.0,-70.788,-71.525,60.0,-70.987,-72.745,,,,,,
2026-08-20T10:38:33.311,115.504,0.172,9361,AV,AVANZANDO,27.6,1,1,O,OFFBOARD,314.9,315.0,-0.1,,0,A,1,BC,1,3.05,40,,,,9.0,1.56,-2.06,-8.69,19.5124428,-99.129357,19.5124284,-99.1293366,19.5124283,-99.1293389,315.0,1,1,1,A,EN AIRE,YC,aoa_orientado,2,,-62.0,-58.398,,0,ma0,D,8,45,1,15,2,3,1,40,3,10,0.5,-35,3,5,22.5,15,19.5125837,-99.1295635,rssi_avg20_ge_-35dbm (-34.951 dBm),robust_mean,315.0,-64.686,-65.197,150.0,-70.788,-71.525,60.0,-70.987,-72.745,,,,,,
2026-08-20T10:38:33.584,115.777,0.172,9361,AV,AVANZANDO,27.9,1,1,O,OFFBOARD,315.5,315.0,0.5,,0,A,1,BC,1,3.17,40,,,,9.0,1.56,-2.06,-8.69,19.5124435,-99.1293576,19.5124284,-99.1293366,19.5124283,-99.1293389,315.0,1,1,1,A,EN AIRE,YC,aoa_orientado,2,,-63.0,-58.858,,0,ma0,D,8,45,1,15,2,3,1,40,3,10,0.5,-35,3,5,22.5,15,19.5125837,-99.1295635,rssi_avg20_ge_-35dbm (-34.951 dBm),robust_mean,315.0,-64.686,-65.197,150.0,-70.788,-71.525,60.0,-70.987,-72.745,,,,,,
2026-08-20T10:38:33.694,115.887,0.109,9361,AV,AVANZANDO,28.3,1,1,O,OFFBOARD,315.1,315.0,0.1,,0,A,1,BC,1,3.31,40,,,,9.0,1.67,-2.16,-8.69,19.5124446,-99.1293588,19.5124284,-99.1293366,19.5124283,-99.1293389,315.0,1,1,1,A,EN AIRE,YC,aoa_orientado,2,,-57.0,-58.672,,0,ma0,D,8,45,1,15,2,3,1,40,3,10,0.5,-35,3,5,22.5,15,19.5125837,-99.1295635,rssi_avg20_ge_-35dbm (-34.951 dBm),robust_mean,315.0,-64.686,-65.197,150.0,-70.788,-71.525,60.0,-70.987,-72.745,,,,,,
2026-08-20T10:38:33.847,116.04,0.266,9361,AV,AVANZANDO,28.3,1,1,O,OFFBOARD,315.1,315.0,0.1,,0,A,1,BC,1,3.31,40,,,,9.0,1.67,-2.16,-8.69,19.5124446,-99.1293588,19.5124284,-99.1293366,19.5124283,-99.1293389,315.0,1,1,1,A,EN AIRE,YC,aoa_orientado,2,,-61.0,-58.905,,0,ma0,D,8,45,1,15,2,3,1,40,3,10,0.5,-35,3,5,22.5,15,19.5125837,-99.1295635,rssi_avg20_ge_-35dbm (-34.951 dBm),robust_mean,315.0,-64.686,-65.197,150.0,-70.788,-71.525,60.0,-70.987,-72.745,,,,,,
2026-08-20T10:38:35.059,117.252,0.282,9361,AV,AVANZANDO,29.6,1,1,O,OFFBOARD,315.7,315.0,0.7,,0,A,1,BC,1,3.83,40,,,,9.0,2.12,-2.58,-8.69,19.5124476,-99.1293618,19.5124284,-99.1293366,19.5124283,-99.1293389,315.0,1,1,1,A,EN AIRE,YC,aoa_orientado,2,,-65.0,-59.514,,0,ma0,D,8,45,1,15,2,3,1,40,3,10,0.5,-35,3,5,22.5,15,19.5125837,-99.1295635,rssi_avg20_ge_-35dbm (-34.951 dBm),robust_mean,315.0,-64.686,-65.197,150.0,-70.788,-71.525,60.0,-70.987,-72.745,,,,,,
2026-08-20T10:38:36.213,118.406,0.313,9361,AV,AVANZANDO,31.2,1,1,O,OFFBOARD,315.7,315.0,0.7,,0,A,1,BC,1,4.48,40,,,,9.0,2.6,-3.07,-8.71,19.5124522,-99.1293667,19.5124284,-99.1293366,19.5124283,-99.1293389,315.0,1,1,1,A,EN AIRE,YC,aoa_orientado,2,,-55.0,-59.063,,0,ma0,D,8,45,1,15,2,3,1,40,3,10,0.5,-35,3,5,22.5,15,19.5125837,-99.1295635,rssi_avg20_ge_-35dbm (-34.951 dBm),robust_mean,315.0,-64.686,-65.197,150.0,-70.788,-71.525,60.0,-70.987,-72.745,,,,,,
2026-08-20T10:38:36.213,118.406,0.313,9361,AV,AVANZANDO,31.2,1,1,O,OFFBOARD,315.7,315.0,0.7,,0,A,1,BC,1,4.48,40,,,,9.0,2.6,-3.07,-8.71,19.5124522,-99.1293667,19.5124284,-99.1293366,19.5124283,-99.1293389,315.0,1,1,1,A,EN AIRE,YC,aoa_orientado,2,,-56.0,-58.757,,0,ma0,D,8,45,1,15,2,3,1,40,3,10,0.5,-35,3,5,22.5,15,19.5125837,-99.1295635,rssi_avg20_ge_-35dbm (-34.951 dBm),robust_mean,315.0,-64.686,-65.197,150.0,-70.788,-71.525,60.0,-70.987,-72.745,,,,,,
2026-08-20T10:38:36.501,118.693,0.187,9361,AV,AVANZANDO,31.5,1,1,O,OFFBOARD,315.5,315.0,0.5,,0,A,1,BC,1,4.61,40,,,,9.0,2.6,-3.07,-8.71,19.5124528,-99.1293673,19.5124284,-99.1293366,19.5124283,-99.1293389,315.0,1,1,1,A,EN AIRE,YC,aoa_orientado,2,,-56.0,-58.481,,0,ma0,D,8,45,1,15,2,3,1,40,3,10,0.5,-35,3,5,22.5,15,19.5125837,-99.1295635,rssi_avg20_ge_-35dbm (-34.951 dBm),robust_mean,315.0,-64.686,-65.197,150.0,-70.788,-71.525,60.0,-70.987,-72.745,,,,,,
2026-08-20T10:38:36.501,118.694,0.187,9361,AV,AVANZANDO,31.5,1,1,O,OFFBOARD,315.5,315.0,0.5,,0,A,1,BC,1,4.61,40,,,,9.0,2.6,-3.07,-8.71,19.5124528,-99.1293673,19.5124284,-99.1293366,19.5124283,-99.1293389,315.0,1,1,1,A,EN AIRE,YC,aoa_orientado,2,,-53.0,-57.933,,0,ma0,D,8,45,1,15,2,3,1,40,3,10,0.5,-35,3,5,22.5,15,19.5125837,-99.1295635,rssi_avg20_ge_-35dbm (-34.951 dBm),robust_mean,315.0,-64.686,-65.197,150.0,-70.788,-71.525,60.0,-70.987,-72.745,,,,,,
2026-08-20T10:38:36.801,118.993,0.11,9361,AV,AVANZANDO,32.2,1,1,O,OFFBOARD,315.8,315.0,0.8,,0,A,1,BC,1,4.87,40,,,,9.0,2.82,-3.29,-8.71,19.5124546,-99.1293692,19.5124284,-99.1293366,19.5124283,-99.1293389,315.0,1,1,1,A,EN AIRE,YC,aoa_orientado,2,,-54.0,-57.54,,0,ma0,D,8,45,1,15,2,3,1,40,3,10,0.5,-35,3,5,22.5,15,19.5125837,-99.1295635,rssi_avg20_ge_-35dbm (-34.951 dBm),robust_mean,315.0,-64.686,-65.197,150.0,-70.788,-71.525,60.0,-70.987,-72.745,,,,,,
2026-08-20T10:38:36.954,119.146,0.25,9361,AV,AVANZANDO,32.2,1,1,O,OFFBOARD,315.8,315.0,0.8,,0,A,1,BC,1,4.87,40,,,,9.0,2.82,-3.29,-8.71,19.5124546,-99.1293692,19.5124284,-99.1293366,19.5124283,-99.1293389,315.0,1,1,1,A,EN AIRE,YC,aoa_orientado,2,,-54.0,-57.186,,0,ma0,D,8,45,1,15,2,3,1,40,3,10,0.5,-35,3,5,22.5,15,19.5125837,-99.1295635,rssi_avg20_ge_-35dbm (-34.951 dBm),robust_mean,315.0,-64.686,-65.197,150.0,-70.788,-71.525,60.0,-70.987,-72.745,,,,,,
2026-08-20T10:38:36.954,119.146,0.25,9361,AV,AVANZANDO,32.2,1,1,O,OFFBOARD,315.8,315.0,0.8,,0,A,1,BC,1,4.87,40,,,,9.0,2.82,-3.29,-8.71,19.5124546,-99.1293692,19.5124284,-99.1293366,19.5124283,-99.1293389,315.0,1,1,1,A,EN AIRE,YC,aoa_orientado,2,,-54.0,-56.867,,0,ma0,D,8,45,1,15,2,3,1,40,3,10,0.5,-35,3,5,22.5,15,19.5125837,-99.1295635,rssi_avg20_ge_-35dbm (-34.951 dBm),robust_mean,315.0,-64.686,-65.197,150.0,-70.788,-71.525,60.0,-70.987,-72.745,,,,,,
2026-08-20T10:38:37.068,119.261,0.125,9361,AV,AVANZANDO,32.5,1,1,O,OFFBOARD,316.3,315.0,1.3,,0,A,1,BC,1,5.0,40,,,,9.0,2.95,-3.4,-8.72,19.5124553,-99.1293698,19.5124284,-99.1293366,19.5124283,-99.1293389,315.0,1,1,1,A,EN AIRE,YC,aoa_orientado,2,,-54.0,-56.58,,0,ma0,D,8,45,1,15,2,3,1,40,3,10,0.5,-35,3,5,22.5,15,19.5125837,-99.1295635,rssi_avg20_ge_-35dbm (-34.951 dBm),robust_mean,315.0,-64.686,-65.197,150.0,-70.788,-71.525,60.0,-70.987,-72.745,,,,,,
2026-08-20T10:38:37.225,119.418,0.282,9361,AV,AVANZANDO,32.5,1,1,O,OFFBOARD,316.3,315.0,1.3,,0,A,1,BC,1,5.0,40,,,,9.0,2.95,-3.4,-8.72,19.5124553,-99.1293698,19.5124284,-99.1293366,19.5124283,-99.1293389,315.0,1,1,1,A,EN AIRE,YC,aoa_orientado,2,,-54.0,-56.322,,0,ma0,D,8,45,1,15,2,3,1,40,3,10,0.5,-35,3,5,22.5,15,19.5125837,-99.1295635,rssi_avg20_ge_-35dbm (-34.951 dBm),robust_mean,315.0,-64.686,-65.197,150.0,-70.788,-71.525,60.0,-70.987,-72.745,,,,,,
2026-08-20T10:38:37.319,119.512,0.375,9361,AV,AVANZANDO,32.5,1,1,O,OFFBOARD,316.3,315.0,1.3,,0,A,1,BC,1,5.0,40,,,,9.0,2.95,-3.4,-8.72,19.5124553,-99.1293698,19.5124284,-99.1293366,19.5124283,-99.1293389,315.0,1,1,1,A,EN AIRE,YC,aoa_orientado,2,,-54.0,-56.09,,0,ma0,D,8,45,1,15,2,3,1,40,3,10,0.5,-35,3,5,22.5,15,19.5125837,-99.1295635,rssi_avg20_ge_-35dbm (-34.951 dBm),robust_mean,315.0,-64.686,-65.197,150.0,-70.788,-71.525,60.0,-70.987,-72.745,,,,,,
2026-08-20T10:38:37.557,119.749,0.0,9361,AV,AVANZANDO,33.1,1,1,O,OFFBOARD,314.4,315.0,-0.6,,0,A,1,BC,1,5.26,40,,,,9.1,3.22,-3.6,-8.74,19.5124575,-99.1293715,19.5124284,-99.1293366,19.5124283,-99.1293389,315.0,1,1,1,A,EN AIRE,YC,aoa_orientado,2,,-53.0,-55.781,,0,ma0,D,8,45,1,15,2,3,1,40,3,10,0.5,-35,3,5,22.5,15,19.5125837,-99.1295635,rssi_avg20_ge_-35dbm (-34.951 dBm),robust_mean,315.0,-64.686,-65.197,150.0,-70.788,-71.525,60.0,-70.987,-72.745,,,,,,
2026-08-20T10:38:37.736,119.928,0.172,9361,AV,AVANZANDO,33.1,1,1,O,OFFBOARD,314.4,315.0,-0.6,,0,A,1,BC,1,5.26,40,,,,9.1,3.22,-3.6,-8.74,19.5124575,-99.1293715,19.5124284,-99.1293366,19.5124283,-99.1293389,315.0,1,1,1,A,EN AIRE,YC,aoa_orientado,2,,-52.0,-55.403,,0,ma0,D,8,45,1,15,2,3,1,40,3,10,0.5,-35,3,5,22.5,15,19.5125837,-99.1295635,rssi_avg20_ge_-35dbm (-34.951 dBm),robust_mean,315.0,-64.686,-65.197,150.0,-70.788,-71.525,60.0,-70.987,-72.745,,,,,,
2026-08-20T10:38:37.858,120.051,0.125,9361,AV,AVANZANDO,33.5,1,1,O,OFFBOARD,314.5,315.0,-0.5,,0,A,1,BC,1,5.39,40,,,,9.1,3.22,-3.6,-8.74,19.5124582,-99.1293721,19.5124284,-99.1293366,19.5124283,-99.1293389,315.0,1,1,1,A,EN AIRE,YC,aoa_orientado,2,,-54.0,-55.263,,0,ma0,D,8,45,1,15,2,3,1,40,3,10,0.5,-35,3,5,22.5,15,19.5125837,-99.1295635,rssi_avg20_ge_-35dbm (-34.951 dBm),robust_mean,315.0,-64.686,-65.197,150.0,-70.788,-71.525,60.0,-70.987,-72.745,,,,,,
2026-08-20T10:38:38.024,120.217,0.296,9361,AV,AVANZANDO,33.5,1,1,O,OFFBOARD,314.5,315.0,-0.5,,0,A,1,BC,1,5.39,40,,,,9.1,3.22,-3.6,-8.74,19.5124582,-99.1293721,19.5124284,-99.1293366,19.5124283,-99.1293389,315.0,1,1,1,A,EN AIRE,YC,aoa_orientado,2,,-53.0,-55.036,,0,ma0,D,8,45,1,15,2,3,1,40,3,10,0.5,-35,3,5,22.5,15,19.5125837,-99.1295635,rssi_avg20_ge_-35dbm (-34.951 dBm),robust_mean,315.0,-64.686,-65.197,150.0,-70.788,-71.525,60.0,-70.987,-72.745,,,,,,
2026-08-20T10:38:38.149,120.342,0.125,9361,AV,AVANZANDO,33.8,1,1,O,OFFBOARD,314.5,315.0,-0.5,,0,A,1,BC,1,5.52,40,,,,9.0,3.36,-3.7,-8.73,19.5124597,-99.1293733,19.5124284,-99.1293366,19.5124283,-99.1293389,315.0,1,1,1,A,EN AIRE,YC,aoa_orientado,2,,-54.0,-54.933,,0,ma0,D,8,45,1,15,2,3,1,40,3,10,0.5,-35,3,5,22.5,15,19.5125837,-99.1295635,rssi_avg20_ge_-35dbm (-34.951 dBm),robust_mean,315.0,-64.686,-65.197,150.0,-70.788,-71.525,60.0,-70.987,-72.745,,,,,,
2026-08-20T10:38:38.309,120.501,0.282,9361,AV,AVANZANDO,33.8,1,1,O,OFFBOARD,314.5,315.0,-0.5,,0,A,1,BC,1,5.52,40,,,,9.0,3.36,-3.7,-8.73,19.5124597,-99.1293733,19.5124284,-99.1293366,19.5124283,-99.1293389,315.0,1,1,1,A,EN AIRE,YC,aoa_orientado,2,,-54.0,-54.839,,0,ma0,D,8,45,1,15,2,3,1,40,3,10,0.5,-35,3,5,22.5,15,19.5125837,-99.1295635,rssi_avg20_ge_-35dbm (-34.951 dBm),robust_mean,315.0,-64.686,-65.197,150.0,-70.788,-71.525,60.0,-70.987,-72.745,,,,,,
2026-08-20T10:38:38.429,120.622,0.125,9361,AV,AVANZANDO,34.1,1,1,O,OFFBOARD,314.4,315.0,-0.6,,0,A,1,BC,1,5.65,40,,,,9.0,3.48,-3.8,-8.72,19.5124603,-99.1293739,19.5124284,-99.1293366,19.5124283,-99.1293389,315.0,1,1,1,A,EN AIRE,YC,aoa_orientado,2,,-56.0,-54.956,,0,ma0,D,8,45,1,15,2,3,1,40,3,10,0.5,-35,3,5,22.5,15,19.5125837,-99.1295635,rssi_avg20_ge_-35dbm (-34.951 dBm),robust_mean,315.0,-64.686,-65.197,150.0,-70.788,-71.525,60.0,-70.987,-72.745,,,,,,
2026-08-20T10:38:38.586,120.778,0.281,9361,AV,AVANZANDO,34.1,1,1,O,OFFBOARD,314.4,315.0,-0.6,,0,A,1,BC,1,5.65,40,,,,9.0,3.48,-3.8,-8.72,19.5124603,-99.1293739,19.5124284,-99.1293366,19.5124283,-99.1293389,315.0,1,1,1,A,EN AIRE,YC,aoa_orientado,2,,-57.0,-55.16,,0,ma0,D,8,45,1,15,2,3,1,40,3,10,0.5,-35,3,5,22.5,15,19.5125837,-99.1295635,rssi_avg20_ge_-35dbm (-34.951 dBm),robust_mean,315.0,-64.686,-65.197,150.0,-70.788,-71.525,60.0,-70.987,-72.745,,,,,,
2026-08-20T10:38:38.682,120.875,0.375,9361,AV,AVANZANDO,34.1,1,1,O,OFFBOARD,314.4,315.0,-0.6,,0,A,1,BC,1,5.65,40,,,,9.0,3.48,-3.8,-8.72,19.5124603,-99.1293739,19.5124284,-99.1293366,19.5124283,-99.1293389,315.0,1,1,1,A,EN AIRE,YC,aoa_orientado,2,,-58.0,-55.444,,0,ma0,D,8,45,1,15,2,3,1,40,3,10,0.5,-35,3,5,22.5,15,19.5125837,-99.1295635,rssi_avg20_ge_-35dbm (-34.951 dBm),robust_mean,315.0,-64.686,-65.197,150.0,-70.788,-71.525,60.0,-70.987,-72.745,,,,,,
2026-08-20T10:38:38.868,121.061,0.094,9361,AV,AVANZANDO,34.8,1,1,O,OFFBOARD,315.3,315.0,0.3,,0,A,1,BC,1,5.91,40,,,,9.0,3.71,-4.02,-8.69,19.5124621,-99.1293758,19.5124284,-99.1293366,19.5124283,-99.1293389,315.0,1,1,1,A,EN AIRE,YC,aoa_orientado,2,,-59.0,-55.8,,0,ma0,D,8,45,1,15,2,3,1,40,3,10,0.5,-35,3,5,22.5,15,19.5125837,-99.1295635,rssi_avg20_ge_-35dbm (-34.951 dBm),robust_mean,315.0,-64.686,-65.197,150.0,-70.788,-71.525,60.0,-70.987,-72.745,,,,,,
2026-08-20T10:38:39.322,121.515,0.265,9361,AV,AVANZANDO,35.1,1,1,O,OFFBOARD,315.1,315.0,0.1,,0,A,1,BC,1,6.04,40,,,,9.0,3.8,-4.13,-8.69,19.5124626,-99.1293764,19.5124284,-99.1293366,19.5124283,-99.1293389,315.0,1,1,1,A,EN AIRE,YC,aoa_orientado,2,,-60.0,-56.22,,0,ma0,D,8,45,1,15,2,3,1,40,3,10,0.5,-35,3,5,22.5,15,19.5125837,-99.1295635,rssi_avg20_ge_-35dbm (-34.951 dBm),robust_mean,315.0,-64.686,-65.197,150.0,-70.788,-71.525,60.0,-70.987,-72.745,,,,,,
2026-08-20T10:38:39.502,121.694,0.0,9361,AV,AVANZANDO,35.4,1,1,O,OFFBOARD,314.7,315.0,-0.3,,0,A,1,BC,1,6.17,40,,,,9.0,3.8,-4.13,-8.69,19.5124637,-99.1293776,19.5124284,-99.1293366,19.5124283,-99.1293389,315.0,1,1,1,A,EN AIRE,YC,aoa_orientado,2,,-61.0,-56.698,,0,ma0,D,8,45,1,15,2,3,1,40,3,10,0.5,-35,3,5,22.5,15,19.5125837,-99.1295635,rssi_avg20_ge_-35dbm (-34.951 dBm),robust_mean,315.0,-64.686,-65.197,150.0,-70.788,-71.525,60.0,-70.987,-72.745,,,,,,
2026-08-20T10:38:39.794,121.987,0.187,9361,AV,AVANZANDO,35.7,1,1,O,OFFBOARD,314.7,315.0,-0.3,,0,A,1,BC,1,6.3,40,,,,9.0,3.9,-4.24,-8.7,19.5124642,-99.1293782,19.5124284,-99.1293366,19.5124283,-99.1293389,315.0,1,1,1,A,EN AIRE,YC,aoa_orientado,2,,-57.0,-56.728,,0,ma0,D,8,45,1,15,2,3,1,40,3,10,0.5,-35,3,5,22.5,15,19.5125837,-99.1295635,rssi_avg20_ge_-35dbm (-34.951 dBm),robust_mean,315.0,-64.686,-65.197,150.0,-70.788,-71.525,60.0,-70.987,-72.745,,,,,,
2026-08-20T10:38:39.973,122.165,0.016,9361,AV,AVANZANDO,36.1,1,1,O,OFFBOARD,315.0,315.0,0.0,,0,A,1,BC,1,6.43,40,,,,9.0,4.0,-4.34,-8.71,19.5124647,-99.1293788,19.5124284,-99.1293366,19.5124283,-99.1293389,315.0,1,1,1,A,EN AIRE,YC,aoa_orientado,2,,-54.0,-56.455,,0,ma0,D,8,45,1,15,2,3,1,40,3,10,0.5,-35,3,5,22.5,15,19.5125837,-99.1295635,rssi_avg20_ge_-35dbm (-34.951 dBm),robust_mean,315.0,-64.686,-65.197,150.0,-70.788,-71.525,60.0,-70.987,-72.745,,,,,,
2026-08-20T10:38:40.058,122.251,0.094,9361,AV,AVANZANDO,36.1,1,1,O,OFFBOARD,315.0,315.0,0.0,,0,A,1,BC,1,6.43,40,,,,9.0,4.0,-4.34,-8.71,19.5124647,-99.1293788,19.5124284,-99.1293366,19.5124283,-99.1293389,315.0,1,1,1,A,EN AIRE,YC,aoa_orientado,2,,-54.0,-56.21,,0,ma0,D,8,45,1,15,2,3,1,40,3,10,0.5,-35,3,5,22.5,15,19.5125837,-99.1295635,rssi_avg20_ge_-35dbm (-34.951 dBm),robust_mean,315.0,-64.686,-65.197,150.0,-70.788,-71.525,60.0,-70.987,-72.745,,,,,,
2026-08-20T10:38:40.182,122.373,0.219,9361,AV,AVANZANDO,36.1,1,1,O,OFFBOARD,315.0,315.0,0.0,,0,A,1,BC,1,6.43,40,,,,9.0,4.0,-4.34,-8.71,19.5124647,-99.1293788,19.5124284,-99.1293366,19.5124283,-99.1293389,315.0,1,1,1,A,EN AIRE,YC,aoa_orientado,2,,-54.0,-55.989,,0,ma0,D,8,45,1,15,2,3,1,40,3,10,0.5,-35,3,5,22.5,15,19.5125837,-99.1295635,rssi_avg20_ge_-35dbm (-34.951 dBm),robust_mean,315.0,-64.686,-65.197,150.0,-70.788,-71.525,60.0,-70.987,-72.745,,,,,,
2026-08-20T10:38:40.352,122.545,0.391,9361,AV,AVANZANDO,36.1,1,1,O,OFFBOARD,315.0,315.0,0.0,,0,A,1,BC,1,6.43,40,,,,9.0,4.0,-4.34,-8.71,19.5124647,-99.1293788,19.5124284,-99.1293366,19.5124283,-99.1293389,315.0,1,1,1,A,EN AIRE,YC,aoa_orientado,2,,-54.0,-55.79,,0,ma0,D,8,45,1,15,2,3,1,40,3,10,0.5,-35,3,5,22.5,15,19.5125837,-99.1295635,rssi_avg20_ge_-35dbm (-34.951 dBm),robust_mean,315.0,-64.686,-65.197,150.0,-70.788,-71.525,60.0,-70.987,-72.745,,,,,,
2026-08-20T10:38:40.834,123.026,0.297,9361,AV,AVANZANDO,36.7,1,1,O,OFFBOARD,314.5,315.0,-0.5,,0,A,1,BC,1,6.69,40,,,,9.1,4.18,-4.55,-8.74,19.5124662,-99.1293806,19.5124284,-99.1293366,19.5124283,-99.1293389,315.0,1,1,1,A,EN AIRE,YC,aoa_orientado,2,,-52.0,-55.411,,0,ma0,D,8,45,1,15,2,3,1,40,3,10,0.5,-35,3,5,22.5,15,19.5125837,-99.1295635,rssi_avg20_ge_-35dbm (-34.951 dBm),robust_mean,315.0,-64.686,-65.197,150.0,-70.788,-71.525,60.0,-70.987,-72.745,,,,,,
2026-08-20T10:38:41.031,123.223,0.0,9361,AV,AVANZANDO,37.4,1,1,O,OFFBOARD,315.0,315.0,0.0,,0,A,1,BC,1,6.95,40,,,,9.1,4.28,-4.65,-8.74,19.5124678,-99.1293824,19.5124284,-99.1293366,19.5124283,-99.1293389,315.0,1,1,1,A,EN AIRE,YC,aoa_orientado,2,,-50.0,-54.87,,0,ma0,D,8,45,1,15,2,3,1,40,3,10,0.5,-35,3,5,22.5,15,19.5125837,-99.1295635,rssi_avg20_ge_-35dbm (-34.951 dBm),robust_mean,315.0,-64.686,-65.197,150.0,-70.788,-71.525,60.0,-70.987,-72.745,,,,,,
2026-08-20T10:38:41.166,123.359,0.141,9361,AV,AVANZANDO,37.4,1,1,O,OFFBOARD,315.0,315.0,0.0,,0,A,1,BC,1,6.95,40,,,,9.1,4.28,-4.65,-8.74,19.5124678,-99.1293824,19.5124284,-99.1293366,19.5124283,-99.1293389,315.0,1,1,1,A,EN AIRE,YC,aoa_orientado,2,,-49.0,-54.283,,0,ma0,D,8,45,1,15,2,3,1,40,3,10,0.5,-35,3,5,22.5,15,19.5125837,-99.1295635,rssi_avg20_ge_-35dbm (-34.951 dBm),robust_mean,315.0,-64.686,-65.197,150.0,-70.788,-71.525,60.0,-70.987,-72.745,,,,,,
2026-08-20T10:38:41.504,123.696,0.016,9361,AV,AVANZANDO,38.0,1,1,O,OFFBOARD,315.3,315.0,0.3,,0,A,1,BC,1,7.21,40,,,,9.1,4.48,-4.86,-8.76,19.5124694,-99.1293842,19.5124284,-99.1293366,19.5124283,-99.1293389,315.0,1,1,1,A,EN AIRE,YC,aoa_orientado,2,,-51.0,-53.954,,0,ma0,D,8,45,1,15,2,3,1,40,3,10,0.5,-35,3,5,22.5,15,19.5125837,-99.1295635,rssi_avg20_ge_-35dbm (-34.951 dBm),robust_mean,315.0,-64.686,-65.197,150.0,-70.788,-71.525,60.0,-70.987,-72.745,,,,,,
2026-08-20T10:38:41.784,123.976,0.297,9361,AV,AVANZANDO,38.0,1,1,O,OFFBOARD,315.3,315.0,0.3,,0,A,1,BC,1,7.21,40,,,,9.1,4.48,-4.86,-8.76,19.5124694,-99.1293842,19.5124284,-99.1293366,19.5124283,-99.1293389,315.0,1,1,1,A,EN AIRE,YC,aoa_orientado,2,,-52.0,-53.759,,0,ma0,D,8,45,1,15,2,3,1,40,3,10,0.5,-35,3,5,22.5,15,19.5125837,-99.1295635,rssi_avg20_ge_-35dbm (-34.951 dBm),robust_mean,315.0,-64.686,-65.197,150.0,-70.788,-71.525,60.0,-70.987,-72.745,,,,,,
2026-08-20T10:38:41.784,123.976,0.297,9361,AV,AVANZANDO,38.0,1,1,O,OFFBOARD,315.3,315.0,0.3,,0,A,1,BC,1,7.21,40,,,,9.1,4.48,-4.86,-8.76,19.5124694,-99.1293842,19.5124284,-99.1293366,19.5124283,-99.1293389,315.0,1,1,1,A,EN AIRE,YC,aoa_orientado,2,,-53.0,-53.683,,0,ma0,D,8,45,1,15,2,3,1,40,3,10,0.5,-35,3,5,22.5,15,19.5125837,-99.1295635,rssi_avg20_ge_-35dbm (-34.951 dBm),robust_mean,315.0,-64.686,-65.197,150.0,-70.788,-71.525,60.0,-70.987,-72.745,,,,,,
2026-08-20T10:38:41.896,124.089,0.109,9361,AV,AVANZANDO,38.3,1,1,O,OFFBOARD,314.5,315.0,-0.5,,0,A,1,BC,1,7.34,40,,,,9.1,4.59,-4.97,-8.77,19.51247,-99.1293848,19.5124284,-99.1293366,19.5124283,-99.1293389,315.0,1,1,1,A,EN AIRE,YC,aoa_orientado,2,,-52.0,-53.515,,0,ma0,D,8,45,1,15,2,3,1,40,3,10,0.5,-35,3,5,22.5,15,19.5125837,-99.1295635,rssi_avg20_ge_-35dbm (-34.951 dBm),robust_mean,315.0,-64.686,-65.197,150.0,-70.788,-71.525,60.0,-70.987,-72.745,,,,,,
2026-08-20T10:38:42.070,124.262,0.172,9361,AV,AVANZANDO,38.7,1,1,O,OFFBOARD,314.4,315.0,-0.6,,0,A,1,BC,1,7.47,40,,,,9.1,4.71,-5.09,-8.77,19.5124707,-99.1293855,19.5124284,-99.1293366,19.5124283,-99.1293389,315.0,1,1,1,A,EN AIRE,YC,aoa_orientado,2,,-52.0,-53.363,,0,ma0,D,8,45,1,15,2,3,1,40,3,10,0.5,-35,3,5,22.5,15,19.5125837,-99.1295635,rssi_avg20_ge_-35dbm (-34.951 dBm),robust_mean,315.0,-64.686,-65.197,150.0,-70.788,-71.525,60.0,-70.987,-72.745,,,,,,
2026-08-20T10:38:42.159,124.352,0.266,9361,AV,AVANZANDO,38.7,1,1,O,OFFBOARD,314.4,315.0,-0.6,,0,A,1,BC,1,7.47,40,,,,9.1,4.71,-5.09,-8.77,19.5124707,-99.1293855,19.5124284,-99.1293366,19.5124283,-99.1293389,315.0,1,1,1,A,EN AIRE,YC,aoa_orientado,2,,-51.0,-53.127,,0,ma0,D,8,45,1,15,2,3,1,40,3,10,0.5,-35,3,5,22.5,15,19.5125837,-99.1295635,rssi_avg20_ge_-35dbm (-34.951 dBm),robust_mean,315.0,-64.686,-65.197,150.0,-70.788,-71.525,60.0,-70.987,-72.745,,,,,,
2026-08-20T10:38:42.332,124.525,0.094,9361,AV,AVANZANDO,39.0,1,1,O,OFFBOARD,314.5,315.0,-0.5,,0,A,1,BC,1,7.6,40,,,,9.1,4.71,-5.09,-8.77,19.512472,-99.1293869,19.5124284,-99.1293366,19.5124283,-99.1293389,315.0,1,1,1,A,EN AIRE,YC,aoa_orientado,2,,-52.0,-53.014,,0,ma0,D,8,45,1,15,2,3,1,40,3,10,0.5,-35,3,5,22.5,15,19.5125837,-99.1295635,rssi_avg20_ge_-35dbm (-34.951 dBm),robust_mean,315.0,-64.686,-65.197,150.0,-70.788,-71.525,60.0,-70.987,-72.745,,,,,,
2026-08-20T10:38:42.530,124.722,0.0,9361,AV,AVANZANDO,39.3,1,1,O,OFFBOARD,315.0,315.0,0.0,,0,A,1,BC,1,7.73,40,,,,9.1,4.83,-5.21,-8.77,19.5124727,-99.1293876,19.5124284,-99.1293366,19.5124283,-99.1293389,315.0,1,1,1,A,EN AIRE,YC,aoa_orientado,2,,-50.0,-52.713,,0,ma0,D,8,45,1,15,2,3,1,40,3,10,0.5,-35,3,5,22.5,15,19.5125837,-99.1295635,rssi_avg20_ge_-35dbm (-34.951 dBm),robust_mean,315.0,-64.686,-65.197,150.0,-70.788,-71.525,60.0,-70.987,-72.745,,,,,,
2026-08-20T10:38:42.773,124.966,0.25,9361,AV,AVANZANDO,39.3,1,1,O,OFFBOARD,315.0,315.0,0.0,,0,A,1,BC,1,7.73,40,,,,9.1,4.83,-5.21,-8.77,19.5124727,-99.1293876,19.5124284,-99.1293366,19.5124283,-99.1293389,315.0,1,1,1,A,EN AIRE,YC,aoa_orientado,2,,-50.0,-52.442,,0,ma0,D,8,45,1,15,2,3,1,40,3,10,0.5,-35,3,5,22.5,15,19.5125837,-99.1295635,rssi_avg20_ge_-35dbm (-34.951 dBm),robust_mean,315.0,-64.686,-65.197,150.0,-70.788,-71.525,60.0,-70.987,-72.745,,,,,,
2026-08-20T10:38:42.773,124.966,0.25,9361,AV,AVANZANDO,39.3,1,1,O,OFFBOARD,315.0,315.0,0.0,,0,A,1,BC,1,7.73,40,,,,9.1,4.83,-5.21,-8.77,19.5124727,-99.1293876,19.5124284,-99.1293366,19.5124283,-99.1293389,315.0,1,1,1,A,EN AIRE,YC,aoa_orientado,2,,-50.0,-52.197,,0,ma0,D,8,45,1,15,2,3,1,40,3,10,0.5,-35,3,5,22.5,15,19.5125837,-99.1295635,rssi_avg20_ge_-35dbm (-34.951 dBm),robust_mean,315.0,-64.686,-65.197,150.0,-70.788,-71.525,60.0,-70.987,-72.745,,,,,,
2026-08-20T10:38:42.959,125.152,0.188,9361,AV,AVANZANDO,39.6,1,1,O,OFFBOARD,314.3,315.0,-0.7,,0,A,1,BC,1,7.86,40,,,,9.1,4.96,-5.34,-8.77,19.5124734,-99.1293884,19.5124284,-99.1293366,19.5124283,-99.1293389,315.0,1,1,1,A,EN AIRE,YC,aoa_orientado,2,,-51.0,-52.078,,0,ma0,D,8,45,1,15,2,3,1,40,3,10,0.5,-35,3,5,22.5,15,19.5125837,-99.1295635,rssi_avg20_ge_-35dbm (-34.951 dBm),robust_mean,315.0,-64.686,-65.197,150.0,-70.788,-71.525,60.0,-70.987,-72.745,,,,,,
2026-08-20T10:38:43.176,125.369,0.219,9361,AV,AVANZANDO,40.0,1,1,O,OFFBOARD,314.3,315.0,-0.7,,0,A,1,BC,1,7.99,40,,,,9.1,5.09,-5.48,-8.76,19.5124748,-99.12939,19.5124284,-99.1293366,19.5124283,-99.1293389,315.0,1,1,1,A,EN AIRE,YC,aoa_orientado,2,,-49.0,-51.77,,0,ma0,D,8,45,1,15,2,3,1,40,3,10,0.5,-35,3,5,22.5,15,19.5125837,-99.1295635,rssi_avg20_ge_-35dbm (-34.951 dBm),robust_mean,315.0,-64.686,-65.197,150.0,-70.788,-71.525,60.0,-70.987,-72.745,,,,,,
2026-08-20T10:38:43.446,125.639,0.265,9361,AV,AVANZANDO,40.3,1,1,O,OFFBOARD,315.0,315.0,0.0,,0,A,1,BC,1,8.12,40,,,,9.1,5.21,-5.61,-8.76,19.5124755,-99.1293907,19.5124284,-99.1293366,19.5124283,-99.1293389,315.0,1,1,1,A,EN AIRE,YC,aoa_orientado,2,,-49.0,-51.493,,0,ma0,D,8,45,1,15,2,3,1,40,3,10,0.5,-35,3,5,22.5,15,19.5125837,-99.1295635,rssi_avg20_ge_-35dbm (-34.951 dBm),robust_mean,315.0,-64.686,-65.197,150.0,-70.788,-71.525,60.0,-70.987,-72.745,,,,,,
2026-08-20T10:38:43.550,125.742,0.375,9361,AV,AVANZANDO,40.3,1,1,O,OFFBOARD,315.0,315.0,0.0,,0,A,1,BC,1,8.12,40,,,,9.1,5.21,-5.61,-8.76,19.5124755,-99.1293907,19.5124284,-99.1293366,19.5124283,-99.1293389,315.0,1,1,1,A,EN AIRE,YC,aoa_orientado,2,,-49.0,-51.244,,0,ma0,D,8,45,1,15,2,3,1,40,3,10,0.5,-35,3,5,22.5,15,19.5125837,-99.1295635,rssi_avg20_ge_-35dbm (-34.951 dBm),robust_mean,315.0,-64.686,-65.197,150.0,-70.788,-71.525,60.0,-70.987,-72.745,,,,,,
2026-08-20T10:38:43.550,125.742,0.375,9361,AV,AVANZANDO,40.3,1,1,O,OFFBOARD,315.0,315.0,0.0,,0,A,1,BC,1,8.12,40,,,,9.1,5.21,-5.61,-8.76,19.5124755,-99.1293907,19.5124284,-99.1293366,19.5124283,-99.1293389,315.0,1,1,1,A,EN AIRE,YC,aoa_orientado,2,,-49.0,-51.019,,0,ma0,D,8,45,1,15,2,3,1,40,3,10,0.5,-35,3,5,22.5,15,19.5125837,-99.1295635,rssi_avg20_ge_-35dbm (-34.951 dBm),robust_mean,315.0,-64.686,-65.197,150.0,-70.788,-71.525,60.0,-70.987,-72.745,,,,,,
2026-08-20T10:38:43.733,125.926,0.172,9361,AV,AVANZANDO,40.6,1,1,O,OFFBOARD,315.3,315.0,0.3,,0,A,1,BC,1,8.25,40,,,,9.1,5.21,-5.61,-8.76,19.5124761,-99.1293914,19.5124284,-99.1293366,19.5124283,-99.1293389,315.0,1,1,1,A,EN AIRE,YC,aoa_orientado,2,,-49.0,-50.817,,0,ma0,D,8,45,1,15,2,3,1,40,3,10,0.5,-35,3,5,22.5,15,19.5125837,-99.1295635,rssi_avg20_ge_-35dbm (-34.951 dBm),robust_mean,315.0,-64.686,-65.197,150.0,-70.788,-71.525,60.0,-70.987,-72.745,,,,,,
2026-08-20T10:38:43.920,126.113,0.0,9361,AV,AVANZANDO,40.9,1,1,O,OFFBOARD,314.7,315.0,-0.3,,0,A,1,BC,1,8.38,40,,,,9.1,5.32,-5.74,-8.76,19.5124772,-99.129393,19.5124284,-99.1293366,19.5124283,-99.1293389,315.0,1,1,1,A,EN AIRE,YC,aoa_orientado,2,,-49.0,-50.636,,0,ma0,D,8,45,1,15,2,3,1,40,3,10,0.5,-35,3,5,22.5,15,19.5125837,-99.1295635,rssi_avg20_ge_-35dbm (-34.951 dBm),robust_mean,315.0,-64.686,-65.197,150.0,-70.788,-71.525,60.0,-70.987,-72.745,,,,,,
2026-08-20T10:38:44.005,126.198,0.094,9361,AV,AVANZANDO,40.9,1,1,O,OFFBOARD,314.7,315.0,-0.3,,0,A,1,BC,1,8.38,40,,,,9.1,5.32,-5.74,-8.76,19.5124772,-99.129393,19.5124284,-99.1293366,19.5124283,-99.1293389,315.0,1,1,1,A,EN AIRE,YC,aoa_orientado,2,,-49.0,-50.472,,0,ma0,D,8,45,1,15,2,3,1,40,3,10,0.5,-35,3,5,22.5,15,19.5125837,-99.1295635,rssi_avg20_ge_-35dbm (-34.951 dBm),robust_mean,315.0,-64.686,-65.197,150.0,-70.788,-71.525,60.0,-70.987,-72.745,,,,,,
2026-08-20T10:38:44.220,126.413,0.188,9361,AV,AVANZANDO,41.3,1,1,O,OFFBOARD,315.0,315.0,0.0,,0,A,1,BC,1,8.51,40,,,,9.1,5.42,-5.88,-8.77,19.5124777,-99.1293938,19.5124284,-99.1293366,19.5124283,-99.1293389,315.0,1,1,1,A,EN AIRE,YC,aoa_orientado,2,,-48.0,-50.225,,0,ma0,D,8,45,1,15,2,3,1,40,3,10,0.5,-35,3,5,22.5,15,19.5125837,-99.1295635,rssi_avg20_ge_-35dbm (-34.951 dBm),robust_mean,315.0,-64.686,-65.197,150.0,-70.788,-71.525,60.0,-70.987,-72.745,,,,,,
2026-08-20T10:38:44.344,126.536,0.125,9361,AV,AVANZANDO,41.6,1,1,O,OFFBOARD,314.7,315.0,-0.3,,0,A,1,BC,1,8.64,40,,,,9.1,5.52,-6.02,-8.77,19.5124788,-99.1293954,19.5124284,-99.1293366,19.5124283,-99.1293389,315.0,1,1,1,A,EN AIRE,YC,aoa_orientado,2,,-48.0,-50.002,,0,ma0,D,8,45,1,15,2,3,1,40,3,10,0.5,-35,3,5,22.5,15,19.5125837,-99.1295635,rssi_avg20_ge_-35dbm (-34.951 dBm),robust_mean,315.0,-64.686,-65.197,150.0,-70.788,-71.525,60.0,-70.987,-72.745,,,,,,
2026-08-20T10:38:44.499,126.691,0.281,9361,AV,AVANZANDO,41.6,1,1,O,OFFBOARD,314.7,315.0,-0.3,,0,A,1,BC,1,8.64,40,,,,9.1,5.52,-6.02,-8.77,19.5124788,-99.1293954,19.5124284,-99.1293366,19.5124283,-99.1293389,315.0,1,1,1,A,EN AIRE,YC,aoa_orientado,2,,-49.0,-49.902,,0,ma0,D,8,45,1,15,2,3,1,40,3,10,0.5,-35,3,5,22.5,15,19.5125837,-99.1295635,rssi_avg20_ge_-35dbm (-34.951 dBm),robust_mean,315.0,-64.686,-65.197,150.0,-70.788,-71.525,60.0,-70.987,-72.745,,,,,,
2026-08-20T10:38:44.590,126.783,0.375,9361,AV,AVANZANDO,41.6,1,1,O,OFFBOARD,314.7,315.0,-0.3,,0,A,1,BC,1,8.64,40,,,,9.1,5.52,-6.02,-8.77,19.5124788,-99.1293954,19.5124284,-99.1293366,19.5124283,-99.1293389,315.0,1,1,1,A,EN AIRE,YC,aoa_orientado,2,,-47.0,-49.612,,0,ma0,D,8,45,1,15,2,3,1,40,3,10,0.5,-35,3,5,22.5,15,19.5125837,-99.1295635,rssi_avg20_ge_-35dbm (-34.951 dBm),robust_mean,315.0,-64.686,-65.197,150.0,-70.788,-71.525,60.0,-70.987,-72.745,,,,,,
2026-08-20T10:38:44.813,127.006,0.016,9361,AV,AVANZANDO,42.2,1,1,O,OFFBOARD,315.5,315.0,0.5,,0,A,1,BC,1,8.9,40,,,,9.1,5.72,-6.28,-8.74,19.5124799,-99.1293969,19.5124284,-99.1293366,19.5124283,-99.1293389,315.0,1,1,1,A,EN AIRE,YC,aoa_orientado,2,,-46.0,-49.251,,0,ma0,D,8,45,1,15,2,3,1,40,3,10,0.5,-35,3,5,22.5,15,19.5125837,-99.1295635,rssi_avg20_ge_-35dbm (-34.951 dBm),robust_mean,315.0,-64.686,-65.197,150.0,-70.788,-71.525,60.0,-70.987,-72.745,,,,,,
2026-08-20T10:38:44.976,127.167,0.188,9361,AV,AVANZANDO,42.2,1,1,O,OFFBOARD,315.5,315.0,0.5,,0,A,1,BC,1,8.9,40,,,,9.1,5.72,-6.28,-8.74,19.5124799,-99.1293969,19.5124284,-99.1293366,19.5124283,-99.1293389,315.0,1,1,1,A,EN AIRE,YC,aoa_orientado,2,,-48.0,-49.126,,0,ma0,D,8,45,1,15,2,3,1,40,3,10,0.5,-35,3,5,22.5,15,19.5125837,-99.1295635,rssi_avg20_ge_-35dbm (-34.951 dBm),robust_mean,315.0,-64.686,-65.197,150.0,-70.788,-71.525,60.0,-70.987,-72.745,,,,,,
2026-08-20T10:38:45.070,127.263,0.281,9361,AV,AVANZANDO,42.2,1,1,O,OFFBOARD,315.5,315.0,0.5,,0,A,1,BC,1,8.9,40,,,,9.1,5.72,-6.28,-8.74,19.5124799,-99.1293969,19.5124284,-99.1293366,19.5124283,-99.1293389,315.0,1,1,1,A,EN AIRE,YC,aoa_orientado,2,,-46.0,-48.813,,0,ma0,D,8,45,1,15,2,3,1,40,3,10,0.5,-35,3,5,22.5,15,19.5125837,-99.1295635,rssi_avg20_ge_-35dbm (-34.951 dBm),robust_mean,315.0,-64.686,-65.197,150.0,-70.788,-71.525,60.0,-70.987,-72.745,,,,,,
2026-08-20T10:38:45.483,127.675,0.204,9361,AV,AVANZANDO,42.9,1,1,O,OFFBOARD,315.5,315.0,0.5,,0,A,1,BC,1,9.16,40,,,,9.0,5.83,-6.4,-8.73,19.5124817,-99.1293989,19.5124284,-99.1293366,19.5124283,-99.1293389,315.0,1,1,1,A,EN AIRE,YC,aoa_orientado,2,,-48.0,-48.732,,0,ma0,D,8,45,1,15,2,3,1,40,3,10,0.5,-35,3,5,22.5,15,19.5125837,-99.1295635,rssi_avg20_ge_-35dbm (-34.951 dBm),robust_mean,315.0,-64.686,-65.197,150.0,-70.788,-71.525,60.0,-70.987,-72.745,,,,,,
2026-08-20T10:38:45.483,127.675,0.204,9361,AV,AVANZANDO,42.9,1,1,O,OFFBOARD,315.5,315.0,0.5,,0,A,1,BC,1,9.16,40,,,,9.0,5.83,-6.4,-8.73,19.5124817,-99.1293989,19.5124284,-99.1293366,19.5124283,-99.1293389,315.0,1,1,1,A,EN AIRE,YC,aoa_orientado,2,,-49.0,-48.759,,0,ma0,D,8,45,1,15,2,3,1,40,3,10,0.5,-35,3,5,22.5,15,19.5125837,-99.1295635,rssi_avg20_ge_-35dbm (-34.951 dBm),robust_mean,315.0,-64.686,-65.197,150.0,-70.788,-71.525,60.0,-70.987,-72.745,,,,,,
2026-08-20T10:38:45.664,127.857,0.391,9361,AV,AVANZANDO,42.9,1,1,O,OFFBOARD,315.5,315.0,0.5,,0,A,1,BC,1,9.16,40,,,,9.0,5.83,-6.4,-8.73,19.5124817,-99.1293989,19.5124284,-99.1293366,19.5124283,-99.1293389,315.0,1,1,1,A,EN AIRE,YC,aoa_orientado,2,,-49.0,-48.783,,0,ma0,D,8,45,1,15,2,3,1,40,3,10,0.5,-35,3,5,22.5,15,19.5125837,-99.1295635,rssi_avg20_ge_-35dbm (-34.951 dBm),robust_mean,315.0,-64.686,-65.197,150.0,-70.788,-71.525,60.0,-70.987,-72.745,,,,,,
2026-08-20T10:38:45.743,127.935,0.469,9361,AV,AVANZANDO,42.9,1,1,O,OFFBOARD,315.5,315.0,0.5,,0,A,1,BC,1,9.16,40,,,,9.0,5.83,-6.4,-8.73,19.5124817,-99.1293989,19.5124284,-99.1293366,19.5124283,-99.1293389,315.0,1,1,1,A,EN AIRE,YC,aoa_orientado,2,,-48.0,-48.704,,0,ma0,D,8,45,1,15,2,3,1,40,3,10,0.5,-35,3,5,22.5,15,19.5125837,-99.1295635,rssi_avg20_ge_-35dbm (-34.951 dBm),robust_mean,315.0,-64.686,-65.197,150.0,-70.788,-71.525,60.0,-70.987,-72.745,,,,,,
2026-08-20T10:38:45.952,128.144,0.672,9361,AV,AVANZANDO,42.9,1,1,O,OFFBOARD,315.5,315.0,0.5,,0,A,1,BC,1,9.16,40,,,,9.0,5.83,-6.4,-8.73,19.5124817,-99.1293989,19.5124284,-99.1293366,19.5124283,-99.1293389,315.0,1,1,1,A,EN AIRE,YC,aoa_orientado,2,,-49.0,-48.734,,0,ma0,D,8,45,1,15,2,3,1,40,3,10,0.5,-35,3,5,22.5,15,19.5125837,-99.1295635,rssi_avg20_ge_-35dbm (-34.951 dBm),robust_mean,315.0,-64.686,-65.197,150.0,-70.788,-71.525,60.0,-70.987,-72.745,,,,,,
2026-08-20T10:38:46.145,128.338,0.015,9361,AV,AVANZANDO,43.9,1,1,O,OFFBOARD,315.2,315.0,0.2,,0,A,1,BC,1,9.55,40,,,,9.0,6.19,-6.73,-8.7,19.5124842,-99.1294014,19.5124284,-99.1293366,19.5124283,-99.1293389,315.0,1,1,1,A,EN AIRE,YC,aoa_orientado,2,,-49.0,-48.761,,0,ma0,D,8,45,1,15,2,3,1,40,3,10,0.5,-35,3,5,22.5,15,19.5125837,-99.1295635,rssi_avg20_ge_-35dbm (-34.951 dBm),robust_mean,315.0,-64.686,-65.197,150.0,-70.788,-71.525,60.0,-70.987,-72.745,,,,,,
2026-08-20T10:38:46.418,128.61,0.281,9361,AV,AVANZANDO,43.9,1,1,O,OFFBOARD,315.2,315.0,0.2,,0,A,1,BC,1,9.55,40,,,,9.0,6.19,-6.73,-8.7,19.5124842,-99.1294014,19.5124284,-99.1293366,19.5124283,-99.1293389,315.0,1,1,1,A,EN AIRE,YC,aoa_orientado,2,,-48.0,-48.685,,0,ma0,D,8,45,1,15,2,3,1,40,3,10,0.5,-35,3,5,22.5,15,19.5125837,-99.1295635,rssi_avg20_ge_-35dbm (-34.951 dBm),robust_mean,315.0,-64.686,-65.197,150.0,-70.788,-71.525,60.0,-70.987,-72.745,,,,,,
2026-08-20T10:38:46.418,128.61,0.281,9361,AV,AVANZANDO,43.9,1,1,O,OFFBOARD,315.2,315.0,0.2,,0,A,1,BC,1,9.55,40,,,,9.0,6.19,-6.73,-8.7,19.5124842,-99.1294014,19.5124284,-99.1293366,19.5124283,-99.1293389,315.0,1,1,1,A,EN AIRE,YC,aoa_orientado,2,,-46.0,-48.416,,0,ma0,D,8,45,1,15,2,3,1,40,3,10,0.5,-35,3,5,22.5,15,19.5125837,-99.1295635,rssi_avg20_ge_-35dbm (-34.951 dBm),robust_mean,315.0,-64.686,-65.197,150.0,-70.788,-71.525,60.0,-70.987,-72.745,,,,,,
2026-08-20T10:38:46.682,128.875,0.266,9361,AV,AVANZANDO,44.2,1,1,O,OFFBOARD,315.0,315.0,0.0,,0,A,1,BC,1,9.68,40,,,,9.0,6.3,-6.84,-8.71,19.5124855,-99.1294027,19.5124284,-99.1293366,19.5124283,-99.1293389,315.0,1,1,1,A,EN AIRE,YC,aoa_orientado,2,,-49.0,-48.474,,0,ma0,D,8,45,1,15,2,3,1,40,3,10,0.5,-35,3,5,22.5,15,19.5125837,-99.1295635,rssi_avg20_ge_-35dbm (-34.951 dBm),robust_mean,315.0,-64.686,-65.197,150.0,-70.788,-71.525,60.0,-70.987,-72.745,,,,,,
2026-08-20T10:38:46.683,128.876,0.266,9361,AV,AVANZANDO,44.2,1,1,O,OFFBOARD,315.0,315.0,0.0,,0,A,1,BC,1,9.68,40,,,,9.0,6.3,-6.84,-8.71,19.5124855,-99.1294027,19.5124284,-99.1293366,19.5124283,-99.1293389,315.0,1,1,1,A,EN AIRE,YC,aoa_orientado,2,,-48.0,-48.427,,0,ma0,D,8,45,1,15,2,3,1,40,3,10,0.5,-35,3,5,22.5,15,19.5125837,-99.1295635,rssi_avg20_ge_-35dbm (-34.951 dBm),robust_mean,315.0,-64.686,-65.197,150.0,-70.788,-71.525,60.0,-70.987,-72.745,,,,,,
2026-08-20T10:38:46.795,128.988,0.109,9361,AV,AVANZANDO,44.5,1,1,O,OFFBOARD,314.8,315.0,-0.2,,0,A,1,BC,1,9.81,40,,,,9.0,6.3,-6.84,-8.71,19.512486,-99.1294034,19.5124284,-99.1293366,19.5124283,-99.1293389,315.0,1,1,1,A,EN AIRE,YC,aoa_orientado,2,,-48.0,-48.384,,0,ma0,D,8,45,1,15,2,3,1,40,3,10,0.5,-35,3,5,22.5,15,19.5125837,-99.1295635,rssi_avg20_ge_-35dbm (-34.951 dBm),robust_mean,315.0,-64.686,-65.197,150.0,-70.788,-71.525,60.0,-70.987,-72.745,,,,,,
2026-08-20T10:38:46.950,129.143,0.265,9361,AV,AVANZANDO,44.5,1,1,O,OFFBOARD,314.8,315.0,-0.2,,0,A,1,BC,1,9.81,40,,,,9.0,6.3,-6.84,-8.71,19.512486,-99.1294034,19.5124284,-99.1293366,19.5124283,-99.1293389,315.0,1,1,1,A,EN AIRE,YC,aoa_orientado,2,,-50.0,-48.546,,0,ma0,D,8,45,1,15,2,3,1,40,3,10,0.5,-35,3,5,22.5,15,19.5125837,-99.1295635,rssi_avg20_ge_-35dbm (-34.951 dBm),robust_mean,315.0,-64.686,-65.197,150.0,-70.788,-71.525,60.0,-70.987,-72.745,,,,,,
2026-08-20T10:38:47.043,129.236,0.359,9361,AV,AVANZANDO,44.5,1,1,O,OFFBOARD,314.8,315.0,-0.2,,0,A,1,BC,1,9.81,40,,,,9.0,6.3,-6.84,-8.71,19.512486,-99.1294034,19.5124284,-99.1293366,19.5124283,-99.1293389,315.0,1,1,1,A,EN AIRE,YC,aoa_orientado,2,,-50.0,-48.691,,0,ma0,D,8,45,1,15,2,3,1,40,3,10,0.5,-35,3,5,22.5,15,19.5125837,-99.1295635,rssi_avg20_ge_-35dbm (-34.951 dBm),robust_mean,315.0,-64.686,-65.197,150.0,-70.788,-71.525,60.0,-70.987,-72.745,,,,,,
2026-08-20T10:38:47.329,129.521,0.64,9361,AV,AVANZANDO,44.5,1,1,O,OFFBOARD,314.8,315.0,-0.2,,0,A,1,BC,1,9.81,40,,,,9.0,6.3,-6.84,-8.71,19.512486,-99.1294034,19.5124284,-99.1293366,19.5124283,-99.1293389,315.0,1,1,1,A,EN AIRE,YC,aoa_orientado,2,,-53.0,-49.122,,0,ma0,D,8,45,1,15,2,3,1,40,3,10,0.5,-35,3,5,22.5,15,19.5125837,-99.1295635,rssi_avg20_ge_-35dbm (-34.951 dBm),robust_mean,315.0,-64.686,-65.197,150.0,-70.788,-71.525,60.0,-70.987,-72.745,,,,,,
2026-08-20T10:38:47.329,129.521,0.64,9361,AV,AVANZANDO,44.5,1,1,O,OFFBOARD,314.8,315.0,-0.2,,0,A,1,BC,1,9.81,40,,,,9.0,6.3,-6.84,-8.71,19.512486,-99.1294034,19.5124284,-99.1293366,19.5124283,-99.1293389,315.0,1,1,1,A,EN AIRE,YC,aoa_orientado,2,,-54.0,-49.61,,0,ma0,D,8,45,1,15,2,3,1,40,3,10,0.5,-35,3,5,22.5,15,19.5125837,-99.1295635,rssi_avg20_ge_-35dbm (-34.951 dBm),robust_mean,315.0,-64.686,-65.197,150.0,-70.788,-71.525,60.0,-70.987,-72.745,,,,,,
2026-08-20T10:38:47.614,129.807,0.937,9361,AV,AVANZANDO,44.5,1,1,O,OFFBOARD,314.8,315.0,-0.2,,0,A,1,BC,1,9.81,40,,,,9.0,6.3,-6.84,-8.71,19.512486,-99.1294034,19.5124284,-99.1293366,19.5124283,-99.1293389,315.0,1,1,1,A,EN AIRE,YC,aoa_orientado,2,,-54.0,-50.049,,0,ma0,D,8,45,1,15,2,3,1,40,3,10,0.5,-35,3,5,22.5,15,19.5125837,-99.1295635,rssi_avg20_ge_-35dbm (-34.951 dBm),robust_mean,315.0,-64.686,-65.197,150.0,-70.788,-71.525,60.0,-70.987,-72.745,,,,,,
2026-08-20T10:38:47.700,129.893,1.015,9361,AV,AVANZANDO,44.5,1,1,O,OFFBOARD,314.8,315.0,-0.2,,0,A,1,BC,1,9.81,40,,,,9.0,6.3,-6.84,-8.71,19.512486,-99.1294034,19.5124284,-99.1293366,19.5124283,-99.1293389,315.0,1,1,1,A,EN AIRE,YC,aoa_orientado,2,,-55.0,-50.544,,0,ma0,D,8,45,1,15,2,3,1,40,3,10,0.5,-35,3,5,22.5,15,19.5125837,-99.1295635,rssi_avg20_ge_-35dbm (-34.951 dBm),robust_mean,315.0,-64.686,-65.197,150.0,-70.788,-71.525,60.0,-70.987,-72.745,,,,,,
2026-08-20T10:38:47.900,130.093,1.218,9361,AV,AVANZANDO,44.5,1,1,O,OFFBOARD,314.8,315.0,-0.2,,0,A,1,BC,1,9.81,40,,,,9.0,6.3,-6.84,-8.71,19.512486,-99.1294034,19.5124284,-99.1293366,19.5124283,-99.1293389,315.0,1,1,1,A,EN AIRE,YC,aoa_orientado,2,,-55.0,-50.99,,0,ma0,D,8,45,1,15,2,3,1,40,3,10,0.5,-35,3,5,22.5,15,19.5125837,-99.1295635,rssi_avg20_ge_-35dbm (-34.951 dBm),robust_mean,315.0,-64.686,-65.197,150.0,-70.788,-71.525,60.0,-70.987,-72.745,,,,,,
2026-08-20T10:38:47.992,130.185,1.312,9361,AV,AVANZANDO,44.5,1,1,O,OFFBOARD,314.8,315.0,-0.2,,0,A,1,BC,1,9.81,40,,,,9.0,6.3,-6.84,-8.71,19.512486,-99.1294034,19.5124284,-99.1293366,19.5124283,-99.1293389,315.0,1,1,1,A,EN AIRE,YC,aoa_orientado,2,,-54.0,-51.291,,0,ma0,D,8,45,1,15,2,3,1,40,3,10,0.5,-35,3,5,22.5,15,19.5125837,-99.1295635,rssi_avg20_ge_-35dbm (-34.951 dBm),robust_mean,315.0,-64.686,-65.197,150.0,-70.788,-71.525,60.0,-70.987,-72.745,,,,,,
2026-08-20T10:38:48.059,130.252,1.375,9361,AV,AVANZANDO,44.5,1,1,O,OFFBOARD,314.8,315.0,-0.2,,0,A,1,BC,1,9.81,40,,,,9.0,6.3,-6.84,-8.71,19.512486,-99.1294034,19.5124284,-99.1293366,19.5124283,-99.1293389,315.0,1,1,1,A,EN AIRE,YC,aoa_orientado,2,,-53.0,-51.462,,0,ma0,D,8,45,1,15,2,3,1,40,3,10,0.5,-35,3,5,22.5,15,19.5125837,-99.1295635,rssi_avg20_ge_-35dbm (-34.951 dBm),robust_mean,315.0,-64.686,-65.197,150.0,-70.788,-71.525,60.0,-70.987,-72.745,,,,,,
2026-08-20T10:38:48.185,130.377,1.5,9361,AV,AVANZANDO,44.5,1,1,O,OFFBOARD,314.8,315.0,-0.2,,0,A,1,BC,1,9.81,40,,,,9.0,6.3,-6.84,-8.71,19.512486,-99.1294034,19.5124284,-99.1293366,19.5124283,-99.1293389,315.0,1,1,1,A,EN AIRE,YC,aoa_orientado,2,,-53.0,-51.615,,0,ma0,D,8,45,1,15,2,3,1,40,3,10,0.5,-35,3,5,22.5,15,19.5125837,-99.1295635,rssi_avg20_ge_-35dbm (-34.951 dBm),robust_mean,315.0,-64.686,-65.197,150.0,-70.788,-71.525,60.0,-70.987,-72.745,,,,,,
2026-08-20T10:38:48.406,130.599,0.015,9361,SB,SEMI_BARRIDO,45.0,1,1,O,OFFBOARD,300.1,300.0,0.1,300.0,1,D,2,SB,1,10.0,40,,,,9.0,6.87,-7.44,-8.72,19.5124905,-99.1294083,19.5124284,-99.1293366,19.5124905,-99.1294083,300.0,1,1,1,A,EN AIRE,YC,aoa_orientado,2,,-54.0,-51.854,300.0,1,,D,8,45,1,15,2,3,1,40,3,10,0.5,-35,3,5,22.5,15,19.5125837,-99.1295635,rssi_avg20_ge_-35dbm (-34.951 dBm),peak_only,300.0,-53.624,-53.624,305.0,-55.851,-55.851,310.0,-56.307,-56.307,,,,,,
2026-08-20T10:38:48.594,130.787,0.203,9361,SB,SEMI_BARRIDO,45.0,1,1,O,OFFBOARD,300.1,300.0,0.1,300.0,1,D,2,SB,1,10.0,40,,,,9.0,6.87,-7.44,-8.72,19.5124905,-99.1294083,19.5124284,-99.1293366,19.5124905,-99.1294083,300.0,1,1,1,A,EN AIRE,YC,aoa_orientado,2,,-54.0,-52.069,300.0,1,,D,8,45,1,15,2,3,1,40,3,10,0.5,-35,3,5,22.5,15,19.5125837,-99.1295635,rssi_avg20_ge_-35dbm (-34.951 dBm),peak_only,300.0,-53.624,-53.624,305.0,-55.851,-55.851,310.0,-56.307,-56.307,,,,,,
2026-08-20T10:38:48.864,131.057,0.484,9361,SB,SEMI_BARRIDO,45.0,1,1,O,OFFBOARD,300.1,300.0,0.1,300.0,1,D,2,SB,1,10.0,40,,,,9.0,6.87,-7.44,-8.72,19.5124905,-99.1294083,19.5124284,-99.1293366,19.5124905,-99.1294083,300.0,1,1,1,A,EN AIRE,YC,aoa_orientado,2,,-56.0,-52.462,300.0,1,,D,8,45,1,15,2,3,1,40,3,10,0.5,-35,3,5,22.5,15,19.5125837,-99.1295635,rssi_avg20_ge_-35dbm (-34.951 dBm),peak_only,300.0,-53.624,-53.624,305.0,-55.851,-55.851,310.0,-56.307,-56.307,,,,,,
2026-08-20T10:38:48.864,131.057,0.484,9361,SB,SEMI_BARRIDO,45.0,1,1,O,OFFBOARD,300.1,300.0,0.1,300.0,1,D,2,SB,1,10.0,40,,,,9.0,6.87,-7.44,-8.72,19.5124905,-99.1294083,19.5124284,-99.1293366,19.5124905,-99.1294083,300.0,1,1,1,A,EN AIRE,YC,aoa_orientado,2,,-55.0,-52.716,300.0,1,,D,8,45,1,15,2,3,1,40,3,10,0.5,-35,3,5,22.5,15,19.5125837,-99.1295635,rssi_avg20_ge_-35dbm (-34.951 dBm),peak_only,300.0,-53.624,-53.624,305.0,-55.851,-55.851,310.0,-56.307,-56.307,,,,,,
2026-08-20T10:38:48.982,131.175,0.11,9361,SB,SEMI_BARRIDO,45.0,1,1,O,OFFBOARD,300.9,300.0,0.9,300.0,1,D,2,SB,1,10.0,40,,,,9.0,6.92,-7.49,-8.72,19.512491,-99.1294088,19.5124284,-99.1293366,19.5124905,-99.1294083,300.0,1,1,1,A,EN AIRE,YC,aoa_orientado,2,,-58.0,-53.244,300.0,1,,D,8,45,1,15,2,3,1,40,3,10,0.5,-35,3,5,22.5,15,19.5125837,-99.1295635,rssi_avg20_ge_-35dbm (-34.951 dBm),peak_only,300.0,-53.624,-53.624,305.0,-55.851,-55.851,310.0,-56.307,-56.307,,,,,,
2026-08-20T10:38:49.254,131.447,0.281,9361,SB,SEMI_BARRIDO,45.0,1,1,O,OFFBOARD,300.6,300.0,0.6,300.0,1,D,2,SB,1,10.0,40,,,,9.0,6.95,-7.51,-8.73,19.5124912,-99.1294089,19.5124284,-99.1293366,19.5124905,-99.1294083,300.0,1,1,1,A,EN AIRE,YC,aoa_orientado,2,,-57.0,-53.62,300.0,1,,D,8,45,1,15,2,3,1,40,3,10,0.5,-35,3,5,22.5,15,19.5125837,-99.1295635,rssi_avg20_ge_-35dbm (-34.951 dBm),peak_only,300.0,-53.624,-53.624,305.0,-55.851,-55.851,310.0,-56.307,-56.307,,,,,,
2026-08-20T10:38:49.343,131.536,0.0,9361,SB,SEMI_BARRIDO,45.0,1,1,O,OFFBOARD,300.3,300.0,0.3,300.0,1,D,2,SB,1,10.0,40,,,,9.1,6.95,-7.51,-8.73,19.5124913,-99.129409,19.5124284,-99.1293366,19.5124905,-99.1294083,300.0,1,1,1,A,EN AIRE,YC,aoa_orientado,2,,-58.0,-54.058,300.0,1,,D,8,45,1,15,2,3,1,40,3,10,0.5,-35,3,5,22.5,15,19.5125837,-99.1295635,rssi_avg20_ge_-35dbm (-34.951 dBm),peak_only,300.0,-53.624,-53.624,305.0,-55.851,-55.851,310.0,-56.307,-56.307,,,,,,
2026-08-20T10:38:49.618,131.81,0.281,9361,SB,SEMI_BARRIDO,45.0,1,1,O,OFFBOARD,300.3,300.0,0.3,300.0,1,D,2,SB,1,10.0,40,,,,9.1,6.95,-7.51,-8.73,19.5124913,-99.129409,19.5124284,-99.1293366,19.5124905,-99.1294083,300.0,1,1,1,A,EN AIRE,YC,aoa_orientado,2,,-57.0,-54.352,300.0,1,,D,8,45,1,15,2,3,1,40,3,10,0.5,-35,3,5,22.5,15,19.5125837,-99.1295635,rssi_avg20_ge_-35dbm (-34.951 dBm),peak_only,300.0,-53.624,-53.624,305.0,-55.851,-55.851,310.0,-56.307,-56.307,,,,,,
2026-08-20T10:38:49.806,131.999,0.469,9361,SB,SEMI_BARRIDO,45.0,1,1,O,OFFBOARD,300.3,300.0,0.3,300.0,1,D,2,SB,1,10.0,40,,,,9.1,6.95,-7.51,-8.73,19.5124913,-99.129409,19.5124284,-99.1293366,19.5124905,-99.1294083,300.0,1,1,1,A,EN AIRE,YC,aoa_orientado,2,,-55.0,-54.417,300.0,1,,D,8,45,1,15,2,3,1,40,3,10,0.5,-35,3,5,22.5,15,19.5125837,-99.1295635,rssi_avg20_ge_-35dbm (-34.951 dBm),peak_only,300.0,-53.624,-53.624,305.0,-55.851,-55.851,310.0,-56.307,-56.307,,,,,,
2026-08-20T10:38:49.974,132.166,0.094,9361,SB,SEMI_BARRIDO,45.0,1,1,O,OFFBOARD,299.6,300.0,-0.4,300.0,1,D,2,SB,1,10.0,40,,,,9.1,6.96,-7.52,-8.76,19.5124912,-99.129409,19.5124284,-99.1293366,19.5124905,-99.1294083,300.0,1,1,1,A,EN AIRE,YC,aoa_orientado,2,,-54.0,-54.375,300.0,1,,D,8,45,1,15,2,3,1,40,3,10,0.5,-35,3,5,22.5,15,19.5125837,-99.1295635,rssi_avg20_ge_-35dbm (-34.951 dBm),peak_only,300.0,-53.624,-53.624,305.0,-55.851,-55.851,310.0,-56.307,-56.307,,,,,,
2026-08-20T10:38:50.169,132.361,0.281,9361,SB,SEMI_BARRIDO,45.0,1,1,O,OFFBOARD,299.6,300.0,-0.4,300.0,1,D,2,SB,1,10.0,40,,,,9.1,6.96,-7.52,-8.76,19.5124912,-99.129409,19.5124284,-99.1293366,19.5124905,-99.1294083,300.0,1,1,1,A,EN AIRE,YC,aoa_orientado,2,,-56.0,-54.537,300.0,1,,D,8,45,1,15,2,3,1,40,3,10,0.5,-35,3,5,22.5,15,19.5125837,-99.1295635,rssi_avg20_ge_-35dbm (-34.951 dBm),peak_only,300.0,-53.624,-53.624,305.0,-55.851,-55.851,310.0,-56.307,-56.307,,,,,,
2026-08-20T10:38:50.252,132.445,0.375,9361,SB,SEMI_BARRIDO,45.0,1,1,O,OFFBOARD,299.6,300.0,-0.4,300.0,1,D,2,SB,1,10.0,40,,,,9.1,6.96,-7.52,-8.76,19.5124912,-99.129409,19.5124284,-99.1293366,19.5124905,-99.1294083,300.0,1,1,1,A,EN AIRE,YC,aoa_orientado,2,,-55.0,-54.584,300.0,1,,D,8,45,1,15,2,3,1,40,3,10,0.5,-35,3,5,22.5,15,19.5125837,-99.1295635,rssi_avg20_ge_-35dbm (-34.951 dBm),peak_only,300.0,-53.624,-53.624,305.0,-55.851,-55.851,310.0,-56.307,-56.307,,,,,,
2026-08-20T10:38:50.469,132.661,0.188,9361,SB,SEMI_BARRIDO,45.0,1,1,O,OFFBOARD,300.3,300.0,0.3,300.0,1,D,2,SB,1,10.0,40,,,,9.1,6.93,-7.51,-8.78,19.5124909,-99.1294089,19.5124284,-99.1293366,19.5124905,-99.1294083,300.0,1,1,1,A,EN AIRE,YC,aoa_orientado,2,,-57.0,-54.825,300.0,1,,D,8,45,1,15,2,3,1,40,3,10,0.5,-35,3,5,22.5,15,19.5125837,-99.1295635,rssi_avg20_ge_-35dbm (-34.951 dBm),peak_only,300.0,-53.624,-53.624,305.0,-55.851,-55.851,310.0,-56.307,-56.307,,,,,,
2026-08-20T10:38:50.597,132.79,0.141,9361,SB,SEMI_BARRIDO,45.0,1,1,O,OFFBOARD,299.8,299.7,0.1,,0,D,2,SB,1,10.0,40,,,,9.1,6.9,-7.5,-8.81,19.5124908,-99.1294088,19.5124284,-99.1293366,19.5124905,-99.1294083,300.0,1,1,1,A,EN AIRE,YC,aoa_orientado,2,,-61.0,-55.443,,0,ma0,D,8,45,1,15,2,3,1,40,3,10,0.5,-35,3,5,22.5,15,19.5125837,-99.1295635,rssi_avg20_ge_-35dbm (-34.951 dBm),peak_only,300.0,-53.624,-53.624,305.0,-55.851,-55.851,310.0,-56.307,-56.307,,,,,,
2026-08-20T10:38:50.755,132.948,0.297,9361,SB,SEMI_BARRIDO,45.0,1,1,O,OFFBOARD,299.8,299.7,0.1,,0,D,2,SB,1,10.0,40,,,,9.1,6.9,-7.5,-8.81,19.5124908,-99.1294088,19.5124284,-99.1293366,19.5124905,-99.1294083,300.0,1,1,1,A,EN AIRE,YC,aoa_orientado,2,,-64.0,-56.299,,0,ma0,D,8,45,1,15,2,3,1,40,3,10,0.5,-35,3,5,22.5,15,19.5125837,-99.1295635,rssi_avg20_ge_-35dbm (-34.951 dBm),peak_only,300.0,-53.624,-53.624,305.0,-55.851,-55.851,310.0,-56.307,-56.307,,,,,,
2026-08-20T10:38:50.851,133.044,0.391,9361,SB,SEMI_BARRIDO,45.0,1,1,O,OFFBOARD,299.8,299.7,0.1,,0,D,2,SB,1,10.0,40,,,,9.1,6.9,-7.5,-8.81,19.5124908,-99.1294088,19.5124284,-99.1293366,19.5124905,-99.1294083,300.0,1,1,1,A,EN AIRE,YC,aoa_orientado,2,,-58.0,-56.469,,0,ma0,D,8,45,1,15,2,3,1,40,3,10,0.5,-35,3,5,22.5,15,19.5125837,-99.1295635,rssi_avg20_ge_-35dbm (-34.951 dBm),peak_only,300.0,-53.624,-53.624,305.0,-55.851,-55.851,310.0,-56.307,-56.307,,,,,,
2026-08-20T10:38:51.029,133.221,0.093,9361,SB,SEMI_BARRIDO,45.0,1,1,O,OFFBOARD,299.7,305.0,-5.3,305.0,1,D,2,SB,1,10.0,40,,,,9.1,6.9,-7.5,-8.81,19.5124905,-99.1294087,19.5124284,-99.1293366,19.5124905,-99.1294083,300.0,1,1,1,A,EN AIRE,YC,aoa_orientado,2,,-56.0,-56.422,305.0,1,,D,8,45,1,15,2,3,1,40,3,10,0.5,-35,3,5,22.5,15,19.5125837,-99.1295635,rssi_avg20_ge_-35dbm (-34.951 dBm),peak_only,300.0,-53.624,-53.624,305.0,-55.851,-55.851,310.0,-56.307,-56.307,,,,,,
2026-08-20T10:38:51.152,133.345,0.109,9361,SB,SEMI_BARRIDO,45.0,1,1,O,OFFBOARD,305.2,305.0,0.2,305.0,1,D,2,SB,1,10.0,40,,,,9.2,6.88,-7.49,-8.83,19.5124905,-99.1294086,19.5124284,-99.1293366,19.5124905,-99.1294083,300.0,1,1,1,A,EN AIRE,YC,aoa_orientado,2,,-55.0,-56.28,305.0,1,,D,8,45,1,15,2,3,1,40,3,10,0.5,-35,3,5,22.5,15,19.5125837,-99.1295635,rssi_avg20_ge_-35dbm (-34.951 dBm),peak_only,300.0,-53.624,-53.624,305.0,-55.851,-55.851,310.0,-56.307,-56.307,,,,,,
2026-08-20T10:38:51.308,133.501,0.266,9361,SB,SEMI_BARRIDO,45.0,1,1,O,OFFBOARD,305.2,305.0,0.2,305.0,1,D,2,SB,1,10.0,40,,,,9.2,6.88,-7.49,-8.83,19.5124905,-99.1294086,19.5124284,-99.1293366,19.5124905,-99.1294083,300.0,1,1,1,A,EN AIRE,YC,aoa_orientado,2,,-54.0,-56.052,305.0,1,,D,8,45,1,15,2,3,1,40,3,10,0.5,-35,3,5,22.5,15,19.5125837,-99.1295635,rssi_avg20_ge_-35dbm (-34.951 dBm),peak_only,300.0,-53.624,-53.624,305.0,-55.851,-55.851,310.0,-56.307,-56.307,,,,,,
2026-08-20T10:38:51.397,133.589,0.359,9361,SB,SEMI_BARRIDO,45.0,1,1,O,OFFBOARD,305.2,305.0,0.2,305.0,1,D,2,SB,1,10.0,40,,,,9.2,6.88,-7.49,-8.83,19.5124905,-99.1294086,19.5124284,-99.1293366,19.5124905,-99.1294083,300.0,1,1,1,A,EN AIRE,YC,aoa_orientado,2,,-54.0,-55.847,305.0,1,,D,8,45,1,15,2,3,1,40,3,10,0.5,-35,3,5,22.5,15,19.5125837,-99.1295635,rssi_avg20_ge_-35dbm (-34.951 dBm),peak_only,300.0,-53.624,-53.624,305.0,-55.851,-55.851,310.0,-56.307,-56.307,,,,,,
2026-08-20T10:38:51.682,133.875,0.641,9361,SB,SEMI_BARRIDO,45.0,1,1,O,OFFBOARD,305.2,305.0,0.2,305.0,1,D,2,SB,1,10.0,40,,,,9.2,6.88,-7.49,-8.83,19.5124905,-99.1294086,19.5124284,-99.1293366,19.5124905,-99.1294083,300.0,1,1,1,A,EN AIRE,YC,aoa_orientado,2,,-55.0,-55.762,305.0,1,,D,8,45,1,15,2,3,1,40,3,10,0.5,-35,3,5,22.5,15,19.5125837,-99.1295635,rssi_avg20_ge_-35dbm (-34.951 dBm),peak_only,300.0,-53.624,-53.624,305.0,-55.851,-55.851,310.0,-56.307,-56.307,,,,,,
2026-08-20T10:38:52.088,134.281,0.203,9361,SB,SEMI_BARRIDO,45.0,1,1,O,OFFBOARD,304.9,305.0,-0.1,305.0,1,D,2,SB,1,10.0,40,,,,9.1,6.87,-7.4,-8.83,19.5124904,-99.1294079,19.5124284,-99.1293366,19.5124905,-99.1294083,300.0,1,1,1,A,EN AIRE,YC,aoa_orientado,2,,-60.0,-56.186,305.0,1,,D,8,45,1,15,2,3,1,40,3,10,0.5,-35,3,5,22.5,15,19.5125837,-99.1295635,rssi_avg20_ge_-35dbm (-34.951 dBm),peak_only,300.0,-53.624,-53.624,305.0,-55.851,-55.851,310.0,-56.307,-56.307,,,,,,
2026-08-20T10:38:52.215,134.407,0.125,9361,SB,SEMI_BARRIDO,45.0,1,1,O,OFFBOARD,304.8,305.0,-0.2,305.0,1,D,2,SB,1,10.0,40,,,,9.1,6.86,-7.36,-8.83,19.5124903,-99.1294074,19.5124284,-99.1293366,19.5124905,-99.1294083,300.0,1,1,1,A,EN AIRE,YC,aoa_orientado,2,,-57.0,-56.267,305.0,1,,D,8,45,1,15,2,3,1,40,3,10,0.5,-35,3,5,22.5,15,19.5125837,-99.1295635,rssi_avg20_ge_-35dbm (-34.951 dBm),peak_only,300.0,-53.624,-53.624,305.0,-55.851,-55.851,310.0,-56.307,-56.307,,,,,,
2026-08-20T10:38:52.371,134.564,0.281,9361,SB,SEMI_BARRIDO,45.0,1,1,O,OFFBOARD,304.8,305.0,-0.2,305.0,1,D,2,SB,1,10.0,40,,,,9.1,6.86,-7.36,-8.83,19.5124903,-99.1294074,19.5124284,-99.1293366,19.5124905,-99.1294083,300.0,1,1,1,A,EN AIRE,YC,aoa_orientado,2,,-55.0,-56.14,305.0,1,,D,8,45,1,15,2,3,1,40,3,10,0.5,-35,3,5,22.5,15,19.5125837,-99.1295635,rssi_avg20_ge_-35dbm (-34.951 dBm),peak_only,300.0,-53.624,-53.624,305.0,-55.851,-55.851,310.0,-56.307,-56.307,,,,,,
2026-08-20T10:38:52.503,134.696,0.141,9361,SB,SEMI_BARRIDO,45.0,1,1,O,OFFBOARD,304.7,305.0,-0.3,305.0,1,D,2,SB,1,10.0,40,,,,9.1,6.86,-7.36,-8.83,19.5124904,-99.1294073,19.5124284,-99.1293366,19.5124905,-99.1294083,300.0,1,1,1,A,EN AIRE,YC,aoa_orientado,2,,-55.0,-56.026,305.0,1,,D,8,45,1,15,2,3,1,40,3,10,0.5,-35,3,5,22.5,15,19.5125837,-99.1295635,rssi_avg20_ge_-35dbm (-34.951 dBm),peak_only,300.0,-53.624,-53.624,305.0,-55.851,-55.851,310.0,-56.307,-56.307,,,,,,
2026-08-20T10:38:52.683,134.876,0.313,9361,SB,SEMI_BARRIDO,45.0,1,1,O,OFFBOARD,304.7,305.0,-0.3,305.0,1,D,2,SB,1,10.0,40,,,,9.1,6.86,-7.36,-8.83,19.5124904,-99.1294073,19.5124284,-99.1293366,19.5124905,-99.1294083,300.0,1,1,1,A,EN AIRE,YC,aoa_orientado,2,,-55.0,-55.924,305.0,1,,D,8,45,1,15,2,3,1,40,3,10,0.5,-35,3,5,22.5,15,19.5125837,-99.1295635,rssi_avg20_ge_-35dbm (-34.951 dBm),peak_only,300.0,-53.624,-53.624,305.0,-55.851,-55.851,310.0,-56.307,-56.307,,,,,,
2026-08-20T10:38:52.802,134.995,0.125,9361,SB,SEMI_BARRIDO,45.0,1,1,O,OFFBOARD,305.0,305.0,0.0,305.0,1,D,2,SB,1,10.0,40,,,,9.1,6.86,-7.33,-8.81,19.5124904,-99.1294071,19.5124284,-99.1293366,19.5124905,-99.1294083,300.0,1,1,1,A,EN AIRE,YC,aoa_orientado,2,,-54.0,-55.731,305.0,1,,D,8,45,1,15,2,3,1,40,3,10,0.5,-35,3,5,22.5,15,19.5125837,-99.1295635,rssi_avg20_ge_-35dbm (-34.951 dBm),peak_only,300.0,-53.624,-53.624,305.0,-55.851,-55.851,310.0,-56.307,-56.307,,,,,,
2026-08-20T10:38:52.962,135.155,0.281,9361,SB,SEMI_BARRIDO,45.0,1,1,O,OFFBOARD,305.0,305.0,0.0,305.0,1,D,2,SB,1,10.0,40,,,,9.1,6.86,-7.33,-8.81,19.5124904,-99.1294071,19.5124284,-99.1293366,19.5124905,-99.1294083,300.0,1,1,1,A,EN AIRE,YC,aoa_orientado,2,,-53.0,-55.458,305.0,1,,D,8,45,1,15,2,3,1,40,3,10,0.5,-35,3,5,22.5,15,19.5125837,-99.1295635,rssi_avg20_ge_-35dbm (-34.951 dBm),peak_only,300.0,-53.624,-53.624,305.0,-55.851,-55.851,310.0,-56.307,-56.307,,,,,,
2026-08-20T10:38:53.066,135.259,0.39,9361,SB,SEMI_BARRIDO,45.0,1,1,O,OFFBOARD,305.0,305.0,0.0,305.0,1,D,2,SB,1,10.0,40,,,,9.1,6.86,-7.33,-8.81,19.5124904,-99.1294071,19.5124284,-99.1293366,19.5124905,-99.1294083,300.0,1,1,1,A,EN AIRE,YC,aoa_orientado,2,,-52.0,-55.112,305.0,1,,D,8,45,1,15,2,3,1,40,3,10,0.5,-35,3,5,22.5,15,19.5125837,-99.1295635,rssi_avg20_ge_-35dbm (-34.951 dBm),peak_only,300.0,-53.624,-53.624,305.0,-55.851,-55.851,310.0,-56.307,-56.307,,,,,,
2026-08-20T10:38:53.235,135.427,0.547,9361,SB,SEMI_BARRIDO,45.0,1,1,O,OFFBOARD,305.0,305.0,0.0,305.0,1,D,2,SB,1,10.0,40,,,,9.1,6.86,-7.33,-8.81,19.5124904,-99.1294071,19.5124284,-99.1293366,19.5124905,-99.1294083,300.0,1,1,1,A,EN AIRE,YC,aoa_orientado,2,,-51.0,-54.701,305.0,1,,D,8,45,1,15,2,3,1,40,3,10,0.5,-35,3,5,22.5,15,19.5125837,-99.1295635,rssi_avg20_ge_-35dbm (-34.951 dBm),peak_only,300.0,-53.624,-53.624,305.0,-55.851,-55.851,310.0,-56.307,-56.307,,,,,,
2026-08-20T10:38:53.506,135.699,0.828,9361,SB,SEMI_BARRIDO,45.0,1,1,O,OFFBOARD,305.0,305.0,0.0,305.0,1,D,2,SB,1,10.0,40,,,,9.1,6.86,-7.33,-8.81,19.5124904,-99.1294071,19.5124284,-99.1293366,19.5124905,-99.1294083,300.0,1,1,1,A,EN AIRE,YC,aoa_orientado,2,,-86.0,-57.831,,0,telemetry_stale,D,8,45,1,15,2,3,1,40,3,10,0.5,-35,3,5,22.5,15,19.5125837,-99.1295635,rssi_avg20_ge_-35dbm (-34.951 dBm),peak_only,300.0,-53.624,-53.624,305.0,-55.851,-55.851,310.0,-56.307,-56.307,,,,,,
2026-08-20T10:38:53.506,135.699,0.828,9361,SB,SEMI_BARRIDO,45.0,1,1,O,OFFBOARD,305.0,305.0,0.0,305.0,1,D,2,SB,1,10.0,40,,,,9.1,6.86,-7.33,-8.81,19.5124904,-99.1294071,19.5124284,-99.1293366,19.5124905,-99.1294083,300.0,1,1,1,A,EN AIRE,YC,aoa_orientado,2,,-51.0,-57.148,,0,telemetry_stale,D,8,45,1,15,2,3,1,40,3,10,0.5,-35,3,5,22.5,15,19.5125837,-99.1295635,rssi_avg20_ge_-35dbm (-34.951 dBm),peak_only,300.0,-53.624,-53.624,305.0,-55.851,-55.851,310.0,-56.307,-56.307,,,,,,
2026-08-20T10:38:53.620,135.812,0.109,9361,SB,SEMI_BARRIDO,45.0,1,1,O,OFFBOARD,305.0,305.0,0.0,,0,D,2,SB,1,10.0,40,,,,9.1,6.9,-7.25,-8.77,19.5124907,-99.1294065,19.5124284,-99.1293366,19.5124905,-99.1294083,300.0,1,1,1,A,EN AIRE,YC,aoa_orientado,2,,-53.0,-56.733,,0,ma0,D,8,45,1,15,2,3,1,40,3,10,0.5,-35,3,5,22.5,15,19.5125837,-99.1295635,rssi_avg20_ge_-35dbm (-34.951 dBm),peak_only,300.0,-53.624,-53.624,305.0,-55.851,-55.851,310.0,-56.307,-56.307,,,,,,
2026-08-20T10:38:53.807,135.999,0.188,9361,SB,SEMI_BARRIDO,45.0,1,1,O,OFFBOARD,305.4,310.0,-4.6,310.0,1,D,2,SB,1,10.0,40,,,,9.1,6.9,-7.25,-8.77,19.5124908,-99.1294063,19.5124284,-99.1293366,19.5124905,-99.1294083,300.0,1,1,1,A,EN AIRE,YC,aoa_orientado,2,,-54.0,-56.46,310.0,1,,D,8,45,1,15,2,3,1,40,3,10,0.5,-35,3,5,22.5,15,19.5125837,-99.1295635,rssi_avg20_ge_-35dbm (-34.951 dBm),peak_only,300.0,-53.624,-53.624,305.0,-55.851,-55.851,310.0,-56.307,-56.307,,,,,,
2026-08-20T10:38:54.100,136.293,0.125,9361,SB,SEMI_BARRIDO,45.0,1,1,O,OFFBOARD,310.1,310.0,0.1,310.0,1,D,2,SB,1,10.0,40,,,,9.1,6.92,-7.24,-8.76,19.5124909,-99.1294063,19.5124284,-99.1293366,19.5124905,-99.1294083,300.0,1,1,1,A,EN AIRE,YC,aoa_orientado,2,,-55.0,-56.314,310.0,1,,D,8,45,1,15,2,3,1,40,3,10,0.5,-35,3,5,22.5,15,19.5125837,-99.1295635,rssi_avg20_ge_-35dbm (-34.951 dBm),peak_only,300.0,-53.624,-53.624,305.0,-55.851,-55.851,310.0,-56.307,-56.307,,,,,,
2026-08-20T10:38:54.192,136.385,0.218,9361,SB,SEMI_BARRIDO,45.0,1,1,O,OFFBOARD,310.1,310.0,0.1,310.0,1,D,2,SB,1,10.0,40,,,,9.1,6.92,-7.24,-8.76,19.5124909,-99.1294063,19.5124284,-99.1293366,19.5124905,-99.1294083,300.0,1,1,1,A,EN AIRE,YC,aoa_orientado,2,,-56.0,-56.282,310.0,1,,D,8,45,1,15,2,3,1,40,3,10,0.5,-35,3,5,22.5,15,19.5125837,-99.1295635,rssi_avg20_ge_-35dbm (-34.951 dBm),peak_only,300.0,-53.624,-53.624,305.0,-55.851,-55.851,310.0,-56.307,-56.307,,,,,,
2026-08-20T10:38:54.959,137.151,0.203,9361,SB,SEMI_BARRIDO,45.0,1,1,O,OFFBOARD,309.8,310.0,-0.2,310.0,1,D,2,SB,1,10.0,40,,,,9.0,6.93,-7.27,-8.73,19.5124909,-99.1294066,19.5124284,-99.1293366,19.5124905,-99.1294083,300.0,1,1,1,A,EN AIRE,YC,aoa_orientado,2,,-56.0,-56.254,310.0,1,,D,8,45,1,15,2,3,1,40,3,10,0.5,-35,3,5,22.5,15,19.5125837,-99.1295635,rssi_avg20_ge_-35dbm (-34.951 dBm),peak_only,300.0,-53.624,-53.624,305.0,-55.851,-55.851,310.0,-56.307,-56.307,,,,,,
2026-08-20T10:38:54.960,137.152,0.203,9361,SB,SEMI_BARRIDO,45.0,1,1,O,OFFBOARD,309.8,310.0,-0.2,310.0,1,D,2,SB,1,10.0,40,,,,9.0,6.93,-7.27,-8.73,19.5124909,-99.1294066,19.5124284,-99.1293366,19.5124905,-99.1294083,300.0,1,1,1,A,EN AIRE,YC,aoa_orientado,2,,-54.0,-56.029,310.0,1,,D,8,45,1,15,2,3,1,40,3,10,0.5,-35,3,5,22.5,15,19.5125837,-99.1295635,rssi_avg20_ge_-35dbm (-34.951 dBm),peak_only,300.0,-53.624,-53.624,305.0,-55.851,-55.851,310.0,-56.307,-56.307,,,,,,
2026-08-20T10:38:54.960,137.152,0.203,9361,SB,SEMI_BARRIDO,45.0,1,1,O,OFFBOARD,309.8,310.0,-0.2,310.0,1,D,2,SB,1,10.0,40,,,,9.0,6.93,-7.27,-8.73,19.5124909,-99.1294066,19.5124284,-99.1293366,19.5124905,-99.1294083,300.0,1,1,1,A,EN AIRE,YC,aoa_orientado,2,,-56.0,-56.026,310.0,1,,D,8,45,1,15,2,3,1,40,3,10,0.5,-35,3,5,22.5,15,19.5125837,-99.1295635,rssi_avg20_ge_-35dbm (-34.951 dBm),peak_only,300.0,-53.624,-53.624,305.0,-55.851,-55.851,310.0,-56.307,-56.307,,,,,,
2026-08-20T10:38:56.019,138.212,0.281,9361,SB,SEMI_BARRIDO,45.0,1,1,O,OFFBOARD,309.6,310.0,-0.4,310.0,1,D,2,SB,1,10.0,40,,,,9.0,6.94,-7.35,-8.7,19.512491,-99.1294075,19.5124284,-99.1293366,19.5124905,-99.1294083,300.0,1,1,1,A,EN AIRE,YC,aoa_orientado,2,,-61.0,-56.523,310.0,1,,D,8,45,1,15,2,3,1,40,3,10,0.5,-35,3,5,22.5,15,19.5125837,-99.1295635,rssi_avg20_ge_-35dbm (-34.951 dBm),peak_only,300.0,-53.624,-53.624,305.0,-55.851,-55.851,310.0,-56.307,-56.307,,,,,,
2026-08-20T10:38:56.290,138.483,0.266,9361,SB,SEMI_BARRIDO,45.0,1,1,O,OFFBOARD,310.0,310.0,0.0,310.0,1,D,2,SB,1,10.0,40,,,,9.0,6.93,-7.37,-8.68,19.512491,-99.1294076,19.5124284,-99.1293366,19.5124905,-99.1294083,300.0,1,1,1,A,EN AIRE,YC,aoa_orientado,2,,-57.0,-56.571,310.0,1,,D,8,45,1,15,2,3,1,40,3,10,0.5,-35,3,5,22.5,15,19.5125837,-99.1295635,rssi_avg20_ge_-35dbm (-34.951 dBm),peak_only,300.0,-53.624,-53.624,305.0,-55.851,-55.851,310.0,-56.307,-56.307,,,,,,
2026-08-20T10:38:56.395,138.588,0.109,9361,SB,SEMI_BARRIDO,45.0,1,1,O,OFFBOARD,309.7,309.7,0.0,,0,D,2,SB,1,10.0,40,,,,9.0,6.93,-7.38,-8.66,19.512491,-99.1294077,19.5124284,-99.1293366,19.5124905,-99.1294083,300.0,1,1,1,A,EN AIRE,YC,aoa_orientado,2,,-57.0,-56.614,,0,ma0,D,8,45,1,15,2,3,1,40,3,10,0.5,-35,3,5,22.5,15,19.5125837,-99.1295635,rssi_avg20_ge_-35dbm (-34.951 dBm),peak_only,300.0,-53.624,-53.624,305.0,-55.851,-55.851,310.0,-56.307,-56.307,,,,,,
2026-08-20T10:38:56.395,138.588,0.109,9361,SB,SEMI_BARRIDO,45.0,1,1,O,OFFBOARD,309.7,309.7,0.0,,0,D,2,SB,1,10.0,40,,,,9.0,6.93,-7.38,-8.66,19.512491,-99.1294077,19.5124284,-99.1293366,19.5124905,-99.1294083,300.0,1,1,1,A,EN AIRE,YC,aoa_orientado,2,,-58.0,-56.753,,0,ma0,D,8,45,1,15,2,3,1,40,3,10,0.5,-35,3,5,22.5,15,19.5125837,-99.1295635,rssi_avg20_ge_-35dbm (-34.951 dBm),peak_only,300.0,-53.624,-53.624,305.0,-55.851,-55.851,310.0,-56.307,-56.307,,,,,,
2026-08-20T10:38:56.395,138.588,0.109,9361,SB,SEMI_BARRIDO,45.0,1,1,O,OFFBOARD,309.7,309.7,0.0,,0,D,2,SB,1,10.0,40,,,,9.0,6.93,-7.38,-8.66,19.512491,-99.1294077,19.5124284,-99.1293366,19.5124905,-99.1294083,300.0,1,1,1,A,EN AIRE,YC,aoa_orientado,2,,-58.0,-56.877,,0,ma0,D,8,45,1,15,2,3,1,40,3,10,0.5,-35,3,5,22.5,15,19.5125837,-99.1295635,rssi_avg20_ge_-35dbm (-34.951 dBm),peak_only,300.0,-53.624,-53.624,305.0,-55.851,-55.851,310.0,-56.307,-56.307,,,,,,
2026-08-20T10:38:56.395,138.588,0.109,9361,SB,SEMI_BARRIDO,45.0,1,1,O,OFFBOARD,309.7,309.7,0.0,,0,D,2,SB,1,10.0,40,,,,9.0,6.93,-7.38,-8.66,19.512491,-99.1294077,19.5124284,-99.1293366,19.5124905,-99.1294083,300.0,1,1,1,A,EN AIRE,YC,aoa_orientado,2,,-59.0,-57.09,,0,ma0,D,8,45,1,15,2,3,1,40,3,10,0.5,-35,3,5,22.5,15,19.5125837,-99.1295635,rssi_avg20_ge_-35dbm (-34.951 dBm),peak_only,300.0,-53.624,-53.624,305.0,-55.851,-55.851,310.0,-56.307,-56.307,,,,,,
2026-08-20T10:38:56.566,138.759,0.281,9361,SB,SEMI_BARRIDO,45.0,1,1,O,OFFBOARD,309.7,309.7,0.0,,0,D,2,SB,1,10.0,40,,,,9.0,6.93,-7.38,-8.66,19.512491,-99.1294077,19.5124284,-99.1293366,19.5124905,-99.1294083,300.0,1,1,1,A,EN AIRE,YC,aoa_orientado,2,,-58.0,-57.181,,0,ma0,D,8,45,1,15,2,3,1,40,3,10,0.5,-35,3,5,22.5,15,19.5125837,-99.1295635,rssi_avg20_ge_-35dbm (-34.951 dBm),peak_only,300.0,-53.624,-53.624,305.0,-55.851,-55.851,310.0,-56.307,-56.307,,,,,,
2026-08-20T10:38:56.566,138.759,0.281,9361,SB,SEMI_BARRIDO,45.0,1,1,O,OFFBOARD,309.7,309.7,0.0,,0,D,2,SB,1,10.0,40,,,,9.0,6.93,-7.38,-8.66,19.512491,-99.1294077,19.5124284,-99.1293366,19.5124905,-99.1294083,300.0,1,1,1,A,EN AIRE,YC,aoa_orientado,2,,-60.0,-57.463,,0,ma0,D,8,45,1,15,2,3,1,40,3,10,0.5,-35,3,5,22.5,15,19.5125837,-99.1295635,rssi_avg20_ge_-35dbm (-34.951 dBm),peak_only,300.0,-53.624,-53.624,305.0,-55.851,-55.851,310.0,-56.307,-56.307,,,,,,
2026-08-20T10:38:56.658,138.851,0.078,9361,SB,SEMI_BARRIDO,45.0,1,1,O,OFFBOARD,309.5,315.0,-5.5,315.0,1,D,2,SB,1,10.0,40,,,,9.0,6.93,-7.38,-8.66,19.512491,-99.1294077,19.5124284,-99.1293366,19.5124905,-99.1294083,300.0,1,1,1,A,EN AIRE,YC,aoa_orientado,2,,-62.0,-57.916,315.0,1,,D,8,45,1,15,2,3,1,40,3,10,0.5,-35,3,5,22.5,15,19.5125837,-99.1295635,rssi_avg20_ge_-35dbm (-34.951 dBm),peak_only,300.0,-53.624,-53.624,305.0,-55.851,-55.851,310.0,-56.307,-56.307,,,,,,
2026-08-20T10:38:56.658,138.851,0.078,9361,SB,SEMI_BARRIDO,45.0,1,1,O,OFFBOARD,309.5,315.0,-5.5,315.0,1,D,2,SB,1,10.0,40,,,,9.0,6.93,-7.38,-8.66,19.512491,-99.1294077,19.5124284,-99.1293366,19.5124905,-99.1294083,300.0,1,1,1,A,EN AIRE,YC,aoa_orientado,2,,-64.0,-58.525,315.0,1,,D,8,45,1,15,2,3,1,40,3,10,0.5,-35,3,5,22.5,15,19.5125837,-99.1295635,rssi_avg20_ge_-35dbm (-34.951 dBm),peak_only,300.0,-53.624,-53.624,305.0,-55.851,-55.851,310.0,-56.307,-56.307,,,,,,
2026-08-20T10:38:58.295,140.487,0.187,9361,SB,SEMI_BARRIDO,45.0,1,1,O,OFFBOARD,314.7,315.0,-0.3,315.0,1,D,2,SB,1,10.0,40,,,,9.0,6.91,-7.37,-8.69,19.5124907,-99.1294075,19.5124284,-99.1293366,19.5124905,-99.1294083,300.0,1,1,1,A,EN AIRE,YC,aoa_orientado,2,,-61.0,-58.772,315.0,1,,D,8,45,1,15,2,3,1,40,3,10,0.5,-35,3,5,22.5,15,19.5125837,-99.1295635,rssi_avg20_ge_-35dbm (-34.951 dBm),peak_only,300.0,-53.624,-53.624,305.0,-55.851,-55.851,310.0,-56.307,-56.307,,,,,,
2026-08-20T10:38:58.777,140.969,0.109,9361,SB,SEMI_BARRIDO,45.0,1,1,O,OFFBOARD,315.0,315.0,0.0,315.0,1,D,2,SB,1,10.0,40,,,,9.0,6.88,-7.36,-8.7,19.5124905,-99.1294074,19.5124284,-99.1293366,19.5124905,-99.1294083,300.0,1,1,1,A,EN AIRE,YC,aoa_orientado,2,,-60.0,-58.895,315.0,1,,D,8,45,1,15,2,3,1,40,3,10,0.5,-35,3,5,22.5,15,19.5125837,-99.1295635,rssi_avg20_ge_-35dbm (-34.951 dBm),peak_only,300.0,-53.624,-53.624,305.0,-55.851,-55.851,310.0,-56.307,-56.307,,,,,,
2026-08-20T10:38:58.777,140.969,0.109,9361,SB,SEMI_BARRIDO,45.0,1,1,O,OFFBOARD,315.0,315.0,0.0,315.0,1,D,2,SB,1,10.0,40,,,,9.0,6.88,-7.36,-8.7,19.5124905,-99.1294074,19.5124284,-99.1293366,19.5124905,-99.1294083,300.0,1,1,1,A,EN AIRE,YC,aoa_orientado,2,,-59.0,-58.905,315.0,1,,D,8,45,1,15,2,3,1,40,3,10,0.5,-35,3,5,22.5,15,19.5125837,-99.1295635,rssi_avg20_ge_-35dbm (-34.951 dBm),peak_only,300.0,-53.624,-53.624,305.0,-55.851,-55.851,310.0,-56.307,-56.307,,,,,,
2026-08-20T10:38:58.964,141.156,0.188,9361,SB,SEMI_BARRIDO,45.0,1,1,O,OFFBOARD,314.7,315.0,-0.3,315.0,1,D,2,SB,1,10.0,40,,,,9.0,6.88,-7.36,-8.7,19.5124905,-99.1294074,19.5124284,-99.1293366,19.5124905,-99.1294083,300.0,1,1,1,A,EN AIRE,YC,aoa_orientado,2,,-60.0,-59.015,315.0,1,,D,8,45,1,15,2,3,1,40,3,10,0.5,-35,3,5,22.5,15,19.5125837,-99.1295635,rssi_avg20_ge_-35dbm (-34.951 dBm),peak_only,300.0,-53.624,-53.624,305.0,-55.851,-55.851,310.0,-56.307,-56.307,,,,,,
2026-08-20T10:38:58.964,141.156,0.188,9361,SB,SEMI_BARRIDO,45.0,1,1,O,OFFBOARD,314.7,315.0,-0.3,315.0,1,D,2,SB,1,10.0,40,,,,9.0,6.88,-7.36,-8.7,19.5124905,-99.1294074,19.5124284,-99.1293366,19.5124905,-99.1294083,300.0,1,1,1,A,EN AIRE,YC,aoa_orientado,2,,-58.0,-58.913,315.0,1,,D,8,45,1,15,2,3,1,40,3,10,0.5,-35,3,5,22.5,15,19.5125837,-99.1295635,rssi_avg20_ge_-35dbm (-34.951 dBm),peak_only,300.0,-53.624,-53.624,305.0,-55.851,-55.851,310.0,-56.307,-56.307,,,,,,
2026-08-20T10:38:58.965,141.157,0.188,9361,SB,SEMI_BARRIDO,45.0,1,1,O,OFFBOARD,314.7,315.0,-0.3,315.0,1,D,2,SB,1,10.0,40,,,,9.0,6.88,-7.36,-8.7,19.5124905,-99.1294074,19.5124284,-99.1293366,19.5124905,-99.1294083,300.0,1,1,1,A,EN AIRE,YC,aoa_orientado,2,,-59.0,-58.922,315.0,1,,D,8,45,1,15,2,3,1,40,3,10,0.5,-35,3,5,22.5,15,19.5125837,-99.1295635,rssi_avg20_ge_-35dbm (-34.951 dBm),peak_only,300.0,-53.624,-53.624,305.0,-55.851,-55.851,310.0,-56.307,-56.307,,,,,,
2026-08-20T10:38:58.965,141.157,0.188,9361,SB,SEMI_BARRIDO,45.0,1,1,O,OFFBOARD,314.7,315.0,-0.3,315.0,1,D,2,SB,1,10.0,40,,,,9.0,6.88,-7.36,-8.7,19.5124905,-99.1294074,19.5124284,-99.1293366,19.5124905,-99.1294083,300.0,1,1,1,A,EN AIRE,YC,aoa_orientado,2,,-58.0,-58.83,315.0,1,,D,8,45,1,15,2,3,1,40,3,10,0.5,-35,3,5,22.5,15,19.5125837,-99.1295635,rssi_avg20_ge_-35dbm (-34.951 dBm),peak_only,300.0,-53.624,-53.624,305.0,-55.851,-55.851,310.0,-56.307,-56.307,,,,,,
2026-08-20T10:38:59.324,141.516,0.187,9361,SB,SEMI_BARRIDO,45.0,1,1,O,OFFBOARD,314.9,314.9,0.0,,0,D,2,SB,1,10.0,40,,,,9.0,6.87,-7.35,-8.71,19.5124905,-99.1294074,19.5124284,-99.1293366,19.5124905,-99.1294083,300.0,1,1,1,A,EN AIRE,YC,aoa_orientado,2,,-60.0,-58.947,,0,ma0,D,8,45,1,15,2,3,1,40,3,10,0.5,-35,3,5,22.5,15,19.5125837,-99.1295635,rssi_avg20_ge_-35dbm (-34.951 dBm),peak_only,300.0,-53.624,-53.624,305.0,-55.851,-55.851,310.0,-56.307,-56.307,,,,,,
2026-08-20T10:38:59.490,141.683,0.094,9361,SB,SEMI_BARRIDO,45.0,1,1,O,OFFBOARD,314.2,320.0,-5.8,320.0,1,D,2,SB,1,10.0,40,,,,9.0,6.87,-7.35,-8.71,19.5124904,-99.1294074,19.5124284,-99.1293366,19.5124905,-99.1294083,300.0,1,1,1,A,EN AIRE,YC,aoa_orientado,2,,-61.0,-59.152,320.0,1,,D,8,45,1,15,2,3,1,40,3,10,0.5,-35,3,5,22.5,15,19.5125837,-99.1295635,rssi_avg20_ge_-35dbm (-34.951 dBm),peak_only,300.0,-53.624,-53.624,305.0,-55.851,-55.851,310.0,-56.307,-56.307,,,,,,
2026-08-20T10:38:59.874,142.067,0.187,9361,SB,SEMI_BARRIDO,45.0,1,1,O,OFFBOARD,319.0,320.0,-1.0,320.0,1,D,2,SB,1,10.0,40,,,,9.1,6.87,-7.35,-8.73,19.5124904,-99.1294074,19.5124284,-99.1293366,19.5124905,-99.1294083,300.0,1,1,1,A,EN AIRE,YC,aoa_orientado,2,,-65.0,-59.737,320.0,1,,D,8,45,1,15,2,3,1,40,3,10,0.5,-35,3,5,22.5,15,19.5125837,-99.1295635,rssi_avg20_ge_-35dbm (-34.951 dBm),peak_only,300.0,-53.624,-53.624,305.0,-55.851,-55.851,310.0,-56.307,-56.307,,,,,,
2026-08-20T10:39:02.383,144.575,0.313,9361,SB,SEMI_BARRIDO,45.0,1,1,O,OFFBOARD,319.8,319.8,0.0,,0,D,2,SB,1,10.0,40,,,,9.0,6.92,-7.38,-8.72,19.5124909,-99.1294076,19.5124284,-99.1293366,19.5124905,-99.1294083,300.0,1,1,1,A,EN AIRE,YC,aoa_orientado,2,,-54.0,-59.163,,0,ma0,D,8,45,1,15,2,3,1,40,3,10,0.5,-35,3,5,22.5,15,19.5125837,-99.1295635,rssi_avg20_ge_-35dbm (-34.951 dBm),peak_only,300.0,-53.624,-53.624,305.0,-55.851,-55.851,310.0,-56.307,-56.307,,,,,,
2026-08-20T10:39:02.667,144.859,0.172,9361,SB,SEMI_BARRIDO,45.0,1,1,O,OFFBOARD,324.3,325.0,-0.7,325.0,1,D,2,SB,1,10.0,40,,,,9.0,6.92,-7.38,-8.71,19.512491,-99.1294076,19.5124284,-99.1293366,19.5124905,-99.1294083,300.0,1,1,1,A,EN AIRE,YC,aoa_orientado,2,,-79.0,-61.147,325.0,1,,D,8,45,1,15,2,3,1,40,3,10,0.5,-35,3,5,22.5,15,19.5125837,-99.1295635,rssi_avg20_ge_-35dbm (-34.951 dBm),peak_only,300.0,-53.624,-53.624,305.0,-55.851,-55.851,310.0,-56.307,-56.307,,,,,,
2026-08-20T10:39:03.132,145.325,0.281,9361,SB,SEMI_BARRIDO,45.0,1,1,O,OFFBOARD,326.8,325.0,1.8,325.0,1,D,2,SB,1,10.0,40,,,,9.0,6.94,-7.37,-8.69,19.512491,-99.1294074,19.5124284,-99.1293366,19.5124905,-99.1294083,300.0,1,1,1,A,EN AIRE,YC,aoa_orientado,2,,-79.0,-62.932,325.0,1,,D,8,45,1,15,2,3,1,40,3,10,0.5,-35,3,5,22.5,15,19.5125837,-99.1295635,rssi_avg20_ge_-35dbm (-34.951 dBm),peak_only,300.0,-53.624,-53.624,305.0,-55.851,-55.851,310.0,-56.307,-56.307,,,,,,
2026-08-20T10:39:03.675,145.868,0.297,9361,SB,SEMI_BARRIDO,45.0,1,1,O,OFFBOARD,325.5,325.0,0.5,325.0,1,D,2,SB,1,10.0,40,,,,9.0,6.93,-7.32,-8.7,19.5124909,-99.129407,19.5124284,-99.1293366,19.5124905,-99.1294083,300.0,1,1,1,A,EN AIRE,YC,aoa_orientado,2,,-80.0,-64.639,325.0,1,,D,8,45,1,15,2,3,1,40,3,10,0.5,-35,3,5,22.5,15,19.5125837,-99.1295635,rssi_avg20_ge_-35dbm (-34.951 dBm),peak_only,300.0,-53.624,-53.624,305.0,-55.851,-55.851,310.0,-56.307,-56.307,,,,,,
2026-08-20T10:39:04.038,146.231,0.359,9361,SB,SEMI_BARRIDO,45.0,1,1,O,OFFBOARD,325.2,325.0,0.2,325.0,1,D,2,SB,1,10.0,40,,,,9.0,6.92,-7.3,-8.72,19.5124909,-99.1294069,19.5124284,-99.1293366,19.5124905,-99.1294083,300.0,1,1,1,A,EN AIRE,YC,aoa_orientado,2,,-79.0,-66.075,325.0,1,,D,8,45,1,15,2,3,1,40,3,10,0.5,-35,3,5,22.5,15,19.5125837,-99.1295635,rssi_avg20_ge_-35dbm (-34.951 dBm),peak_only,300.0,-53.624,-53.624,305.0,-55.851,-55.851,310.0,-56.307,-56.307,,,,,,
2026-08-20T10:39:04.401,146.594,0.281,9361,SB,SEMI_BARRIDO,45.0,1,1,O,OFFBOARD,324.8,325.0,-0.2,325.0,1,D,2,SB,1,10.0,40,,,,9.0,6.92,-7.29,-8.73,19.5124909,-99.1294067,19.5124284,-99.1293366,19.5124905,-99.1294083,300.0,1,1,1,A,EN AIRE,YC,aoa_orientado,2,,-75.0,-66.968,325.0,1,,D,8,45,1,15,2,3,1,40,3,10,0.5,-35,3,5,22.5,15,19.5125837,-99.1295635,rssi_avg20_ge_-35dbm (-34.951 dBm),peak_only,300.0,-53.624,-53.624,305.0,-55.851,-55.851,310.0,-56.307,-56.307,,,,,,
2026-08-20T10:39:04.401,146.594,0.281,9361,SB,SEMI_BARRIDO,45.0,1,1,O,OFFBOARD,324.8,325.0,-0.2,325.0,1,D,2,SB,1,10.0,40,,,,9.0,6.92,-7.29,-8.73,19.5124909,-99.1294067,19.5124284,-99.1293366,19.5124905,-99.1294083,300.0,1,1,1,A,EN AIRE,YC,aoa_orientado,2,,-77.0,-67.971,325.0,1,,D,8,45,1,15,2,3,1,40,3,10,0.5,-35,3,5,22.5,15,19.5125837,-99.1295635,rssi_avg20_ge_-35dbm (-34.951 dBm),peak_only,300.0,-53.624,-53.624,305.0,-55.851,-55.851,310.0,-56.307,-56.307,,,,,,
2026-08-20T10:39:04.667,146.859,0.266,9361,SB,SEMI_BARRIDO,45.0,1,1,O,OFFBOARD,325.3,325.0,0.3,325.0,1,D,2,SB,1,10.0,40,,,,9.0,6.92,-7.28,-8.72,19.5124909,-99.1294067,19.5124284,-99.1293366,19.5124905,-99.1294083,300.0,1,1,1,A,EN AIRE,YC,aoa_orientado,2,,-78.0,-68.974,325.0,1,,D,8,45,1,15,2,3,1,40,3,10,0.5,-35,3,5,22.5,15,19.5125837,-99.1295635,rssi_avg20_ge_-35dbm (-34.951 dBm),peak_only,300.0,-53.624,-53.624,305.0,-55.851,-55.851,310.0,-56.307,-56.307,,,,,,
2026-08-20T10:39:04.930,147.123,0.266,9361,SB,SEMI_BARRIDO,45.0,1,1,O,OFFBOARD,325.6,325.0,0.6,325.0,1,D,2,SB,1,10.0,40,,,,9.0,6.93,-7.27,-8.72,19.5124909,-99.1294066,19.5124284,-99.1293366,19.5124905,-99.1294083,300.0,1,1,1,A,EN AIRE,YC,aoa_orientado,2,,-78.0,-69.876,325.0,1,,D,8,45,1,15,2,3,1,40,3,10,0.5,-35,3,5,22.5,15,19.5125837,-99.1295635,rssi_avg20_ge_-35dbm (-34.951 dBm),peak_only,300.0,-53.624,-53.624,305.0,-55.851,-55.851,310.0,-56.307,-56.307,,,,,,
2026-08-20T10:39:04.930,147.123,0.266,9361,SB,SEMI_BARRIDO,45.0,1,1,O,OFFBOARD,325.6,325.0,0.6,325.0,1,D,2,SB,1,10.0,40,,,,9.0,6.93,-7.27,-8.72,19.5124909,-99.1294066,19.5124284,-99.1293366,19.5124905,-99.1294083,300.0,1,1,1,A,EN AIRE,YC,aoa_orientado,2,,-78.0,-70.689,325.0,1,,D,8,45,1,15,2,3,1,40,3,10,0.5,-35,3,5,22.5,15,19.5125837,-99.1295635,rssi_avg20_ge_-35dbm (-34.951 dBm),peak_only,300.0,-53.624,-53.624,305.0,-55.851,-55.851,310.0,-56.307,-56.307,,,,,,
2026-08-20T10:39:05.342,147.535,0.125,9361,SB,SEMI_BARRIDO,45.0,1,1,O,OFFBOARD,325.1,330.0,-4.9,330.0,1,D,2,SB,1,10.0,40,,,,9.1,6.92,-7.27,-8.75,19.5124909,-99.1294066,19.5124284,-99.1293366,19.5124905,-99.1294083,300.0,1,1,1,A,EN AIRE,YC,aoa_orientado,2,,-73.0,-70.92,330.0,1,,D,8,45,1,15,2,3,1,40,3,10,0.5,-35,3,5,22.5,15,19.5125837,-99.1295635,rssi_avg20_ge_-35dbm (-34.951 dBm),peak_only,300.0,-53.624,-53.624,305.0,-55.851,-55.851,310.0,-56.307,-56.307,,,,,,
2026-08-20T10:39:05.503,147.695,0.297,9361,SB,SEMI_BARRIDO,45.0,1,1,O,OFFBOARD,325.1,330.0,-4.9,330.0,1,D,2,SB,1,10.0,40,,,,9.1,6.92,-7.27,-8.75,19.5124909,-99.1294066,19.5124284,-99.1293366,19.5124905,-99.1294083,300.0,1,1,1,A,EN AIRE,YC,aoa_orientado,2,,-74.0,-71.228,330.0,1,,D,8,45,1,15,2,3,1,40,3,10,0.5,-35,3,5,22.5,15,19.5125837,-99.1295635,rssi_avg20_ge_-35dbm (-34.951 dBm),peak_only,300.0,-53.624,-53.624,305.0,-55.851,-55.851,310.0,-56.307,-56.307,,,,,,
2026-08-20T10:39:05.803,147.996,0.172,9361,SB,SEMI_BARRIDO,45.0,1,1,O,OFFBOARD,330.3,330.0,0.3,330.0,1,D,2,SB,1,10.0,40,,,,9.1,6.93,-7.28,-8.76,19.5124909,-99.1294069,19.5124284,-99.1293366,19.5124905,-99.1294083,300.0,1,1,1,A,EN AIRE,YC,aoa_orientado,2,,-73.0,-71.405,330.0,1,,D,8,45,1,15,2,3,1,40,3,10,0.5,-35,3,5,22.5,15,19.5125837,-99.1295635,rssi_avg20_ge_-35dbm (-34.951 dBm),peak_only,300.0,-53.624,-53.624,305.0,-55.851,-55.851,310.0,-56.307,-56.307,,,,,,
2026-08-20T10:39:06.353,148.546,0.094,9361,SB,SEMI_BARRIDO,45.0,1,1,O,OFFBOARD,329.7,330.0,-0.3,330.0,1,D,2,SB,1,10.0,40,,,,9.1,6.93,-7.33,-8.76,19.5124909,-99.1294073,19.5124284,-99.1293366,19.5124905,-99.1294083,300.0,1,1,1,A,EN AIRE,YC,aoa_orientado,2,,-74.0,-71.665,330.0,1,,D,8,45,1,15,2,3,1,40,3,10,0.5,-35,3,5,22.5,15,19.5125837,-99.1295635,rssi_avg20_ge_-35dbm (-34.951 dBm),peak_only,300.0,-53.624,-53.624,305.0,-55.851,-55.851,310.0,-56.307,-56.307,,,,,,
2026-08-20T10:39:06.466,148.659,0.203,9361,SB,SEMI_BARRIDO,45.0,1,1,O,OFFBOARD,329.7,330.0,-0.3,330.0,1,D,2,SB,1,10.0,40,,,,9.1,6.93,-7.33,-8.76,19.5124909,-99.1294073,19.5124284,-99.1293366,19.5124905,-99.1294083,300.0,1,1,1,A,EN AIRE,YC,aoa_orientado,2,,-75.0,-71.998,330.0,1,,D,8,45,1,15,2,3,1,40,3,10,0.5,-35,3,5,22.5,15,19.5125837,-99.1295635,rssi_avg20_ge_-35dbm (-34.951 dBm),peak_only,300.0,-53.624,-53.624,305.0,-55.851,-55.851,310.0,-56.307,-56.307,,,,,,
2026-08-20T10:39:06.565,148.757,0.015,9361,SB,SEMI_BARRIDO,45.0,1,1,O,OFFBOARD,329.5,330.0,-0.5,330.0,1,D,2,SB,1,10.0,40,,,,9.1,6.93,-7.33,-8.76,19.5124909,-99.1294073,19.5124284,-99.1293366,19.5124905,-99.1294083,300.0,1,1,1,A,EN AIRE,YC,aoa_orientado,2,,-75.0,-72.298,330.0,1,,D,8,45,1,15,2,3,1,40,3,10,0.5,-35,3,5,22.5,15,19.5125837,-99.1295635,rssi_avg20_ge_-35dbm (-34.951 dBm),peak_only,300.0,-53.624,-53.624,305.0,-55.851,-55.851,310.0,-56.307,-56.307,,,,,,
2026-08-20T10:39:06.565,148.757,0.015,9361,SB,SEMI_BARRIDO,45.0,1,1,O,OFFBOARD,329.5,330.0,-0.5,330.0,1,D,2,SB,1,10.0,40,,,,9.1,6.93,-7.33,-8.76,19.5124909,-99.1294073,19.5124284,-99.1293366,19.5124905,-99.1294083,300.0,1,1,1,A,EN AIRE,YC,aoa_orientado,2,,-75.0,-72.568,330.0,1,,D,8,45,1,15,2,3,1,40,3,10,0.5,-35,3,5,22.5,15,19.5125837,-99.1295635,rssi_avg20_ge_-35dbm (-34.951 dBm),peak_only,300.0,-53.624,-53.624,305.0,-55.851,-55.851,310.0,-56.307,-56.307,,,,,,
2026-08-20T10:39:06.648,148.841,0.093,9361,SB,SEMI_BARRIDO,45.0,1,1,O,OFFBOARD,329.5,330.0,-0.5,330.0,1,D,2,SB,1,10.0,40,,,,9.1,6.93,-7.33,-8.76,19.5124909,-99.1294073,19.5124284,-99.1293366,19.5124905,-99.1294083,300.0,1,1,1,A,EN AIRE,YC,aoa_orientado,2,,-75.0,-72.812,330.0,1,,D,8,45,1,15,2,3,1,40,3,10,0.5,-35,3,5,22.5,15,19.5125837,-99.1295635,rssi_avg20_ge_-35dbm (-34.951 dBm),peak_only,300.0,-53.624,-53.624,305.0,-55.851,-55.851,310.0,-56.307,-56.307,,,,,,
2026-08-20T10:39:06.850,149.043,0.188,9361,SB,SEMI_BARRIDO,45.0,1,1,O,OFFBOARD,329.9,330.0,-0.1,330.0,1,D,2,SB,1,10.0,40,,,,9.1,6.92,-7.38,-8.77,19.5124909,-99.1294076,19.5124284,-99.1293366,19.5124905,-99.1294083,300.0,1,1,1,A,EN AIRE,YC,aoa_orientado,2,,-75.0,-73.03,330.0,1,,D,8,45,1,15,2,3,1,40,3,10,0.5,-35,3,5,22.5,15,19.5125837,-99.1295635,rssi_avg20_ge_-35dbm (-34.951 dBm),peak_only,300.0,-53.624,-53.624,305.0,-55.851,-55.851,310.0,-56.307,-56.307,,,,,,
2026-08-20T10:39:07.228,149.421,0.204,9361,SB,SEMI_BARRIDO,45.0,1,1,O,OFFBOARD,329.9,330.0,-0.1,330.0,1,D,2,SB,1,10.0,40,,,,9.1,6.92,-7.38,-8.77,19.5124908,-99.1294077,19.5124284,-99.1293366,19.5124905,-99.1294083,300.0,1,1,1,A,EN AIRE,YC,aoa_orientado,2,,-73.0,-73.027,330.0,1,,D,8,45,1,15,2,3,1,40,3,10,0.5,-35,3,5,22.5,15,19.5125837,-99.1295635,rssi_avg20_ge_-35dbm (-34.951 dBm),peak_only,300.0,-53.624,-53.624,305.0,-55.851,-55.851,310.0,-56.307,-56.307,,,,,,
2026-08-20T10:39:07.397,149.589,0.093,9361,SB,SEMI_BARRIDO,45.0,1,1,O,OFFBOARD,329.8,330.0,-0.2,330.0,1,D,2,SB,1,10.0,40,,,,9.1,6.91,-7.39,-8.77,19.5124907,-99.1294077,19.5124284,-99.1293366,19.5124905,-99.1294083,300.0,1,1,1,A,EN AIRE,YC,aoa_orientado,2,,-74.0,-73.125,330.0,1,,D,8,45,1,15,2,3,1,40,3,10,0.5,-35,3,5,22.5,15,19.5125837,-99.1295635,rssi_avg20_ge_-35dbm (-34.951 dBm),peak_only,300.0,-53.624,-53.624,305.0,-55.851,-55.851,310.0,-56.307,-56.307,,,,,,
2026-08-20T10:39:07.397,149.589,0.093,9361,SB,SEMI_BARRIDO,45.0,1,1,O,OFFBOARD,329.8,330.0,-0.2,330.0,1,D,2,SB,1,10.0,40,,,,9.1,6.91,-7.39,-8.77,19.5124907,-99.1294077,19.5124284,-99.1293366,19.5124905,-99.1294083,300.0,1,1,1,A,EN AIRE,YC,aoa_orientado,2,,-73.0,-73.112,330.0,1,,D,8,45,1,15,2,3,1,40,3,10,0.5,-35,3,5,22.5,15,19.5125837,-99.1295635,rssi_avg20_ge_-35dbm (-34.951 dBm),peak_only,300.0,-53.624,-53.624,305.0,-55.851,-55.851,310.0,-56.307,-56.307,,,,,,
2026-08-20T10:39:07.499,149.692,0.187,9361,SB,SEMI_BARRIDO,45.0,1,1,O,OFFBOARD,329.8,330.0,-0.2,330.0,1,D,2,SB,1,10.0,40,,,,9.1,6.91,-7.39,-8.77,19.5124907,-99.1294077,19.5124284,-99.1293366,19.5124905,-99.1294083,300.0,1,1,1,A,EN AIRE,YC,aoa_orientado,2,,-73.0,-73.101,330.0,1,,D,8,45,1,15,2,3,1,40,3,10,0.5,-35,3,5,22.5,15,19.5125837,-99.1295635,rssi_avg20_ge_-35dbm (-34.951 dBm),peak_only,300.0,-53.624,-53.624,305.0,-55.851,-55.851,310.0,-56.307,-56.307,,,,,,
2026-08-20T10:39:07.587,149.78,0.0,9361,SB,SEMI_BARRIDO,45.0,1,1,O,OFFBOARD,330.1,330.0,0.1,330.0,1,D,2,SB,1,10.0,40,,,,9.1,6.9,-7.38,-8.76,19.5124907,-99.1294076,19.5124284,-99.1293366,19.5124905,-99.1294083,300.0,1,1,1,A,EN AIRE,YC,aoa_orientado,2,,-73.0,-73.091,330.0,1,,D,8,45,1,15,2,3,1,40,3,10,0.5,-35,3,5,22.5,15,19.5125837,-99.1295635,rssi_avg20_ge_-35dbm (-34.951 dBm),peak_only,300.0,-53.624,-53.624,305.0,-55.851,-55.851,310.0,-56.307,-56.307,,,,,,
2026-08-20T10:39:07.804,149.997,0.125,9361,QA,ESPERANDO_AOA,45.0,1,1,O,OFFBOARD,329.8,330.0,-0.2,,0,D,2,SB,1,10.0,40,,,,9.1,6.91,-7.37,-8.75,19.5124908,-99.1294075,19.5124284,-99.1293366,19.5124905,-99.1294083,300.0,1,1,1,A,EN AIRE,YC,aoa_orientado,2,,-71.0,-72.882,,0,ma0,D,8,45,1,15,2,3,1,40,3,10,0.5,-35,3,5,22.5,15,19.5125837,-99.1295635,rssi_avg20_ge_-35dbm (-34.951 dBm),peak_only,300.0,-53.624,-53.624,305.0,-55.851,-55.851,310.0,-56.307,-56.307,,,,,,
2026-08-20T10:39:07.804,149.997,0.125,9361,QA,ESPERANDO_AOA,45.0,1,1,O,OFFBOARD,329.8,330.0,-0.2,,0,D,2,SB,1,10.0,40,,,,9.1,6.91,-7.37,-8.75,19.5124908,-99.1294075,19.5124284,-99.1293366,19.5124905,-99.1294083,300.0,1,1,1,A,EN AIRE,YC,aoa_orientado,2,,-72.0,-72.794,,0,ma0,D,8,45,1,15,2,3,1,40,3,10,0.5,-35,3,5,22.5,15,19.5125837,-99.1295635,rssi_avg20_ge_-35dbm (-34.951 dBm),peak_only,300.0,-53.624,-53.624,305.0,-55.851,-55.851,310.0,-56.307,-56.307,,,,,,
2026-08-20T10:39:08.082,150.275,0.125,9361,QA,ESPERANDO_AOA,45.0,1,1,O,OFFBOARD,330.3,330.0,0.3,,0,D,2,SB,1,10.0,40,,,,9.1,6.92,-7.36,-8.74,19.5124908,-99.1294075,19.5124284,-99.1293366,19.5124905,-99.1294083,300.0,1,1,1,A,EN AIRE,YC,aoa_orientado,2,,-72.0,-72.714,,0,ma0,D,8,45,1,15,2,3,1,40,3,10,0.5,-35,3,5,22.5,15,19.5125837,-99.1295635,rssi_avg20_ge_-35dbm (-34.951 dBm),peak_only,300.0,-53.624,-53.624,305.0,-55.851,-55.851,310.0,-56.307,-56.307,,,,,,
2026-08-20T10:39:08.240,150.433,0.281,9361,QA,ESPERANDO_AOA,45.0,1,1,O,OFFBOARD,330.3,330.0,0.3,,0,D,2,SB,1,10.0,40,,,,9.1,6.92,-7.36,-8.74,19.5124908,-99.1294075,19.5124284,-99.1293366,19.5124905,-99.1294083,300.0,1,1,1,A,EN AIRE,YC,aoa_orientado,2,,-72.0,-72.643,,0,ma0,D,8,45,1,15,2,3,1,40,3,10,0.5,-35,3,5,22.5,15,19.5125837,-99.1295635,rssi_avg20_ge_-35dbm (-34.951 dBm),peak_only,300.0,-53.624,-53.624,305.0,-55.851,-55.851,310.0,-56.307,-56.307,,,,,,
2026-08-20T10:39:08.331,150.524,0.375,9361,QA,ESPERANDO_AOA,45.0,1,1,O,OFFBOARD,330.3,330.0,0.3,,0,D,2,SB,1,10.0,40,,,,9.1,6.92,-7.36,-8.74,19.5124908,-99.1294075,19.5124284,-99.1293366,19.5124905,-99.1294083,300.0,1,1,1,A,EN AIRE,YC,aoa_orientado,2,,-72.0,-72.579,,0,ma0,D,8,45,1,15,2,3,1,40,3,10,0.5,-35,3,5,22.5,15,19.5125837,-99.1295635,rssi_avg20_ge_-35dbm (-34.951 dBm),peak_only,300.0,-53.624,-53.624,305.0,-55.851,-55.851,310.0,-56.307,-56.307,,,,,,
2026-08-20T10:39:08.513,150.706,0.094,9361,QA,ESPERANDO_AOA,45.0,1,1,O,OFFBOARD,330.2,330.0,0.2,,0,D,2,SB,1,10.0,40,,,,9.0,6.93,-7.35,-8.73,19.512491,-99.1294074,19.5124284,-99.1293366,19.5124905,-99.1294083,300.0,1,1,1,A,EN AIRE,YC,aoa_orientado,2,,-70.0,-72.321,,0,ma0,D,8,45,1,15,2,3,1,40,3,10,0.5,-35,3,5,22.5,15,19.5125837,-99.1295635,rssi_avg20_ge_-35dbm (-34.951 dBm),peak_only,300.0,-53.624,-53.624,305.0,-55.851,-55.851,310.0,-56.307,-56.307,,,,,,
2026-08-20T10:39:08.643,150.836,0.14,9361,QA,ESPERANDO_AOA,45.0,1,1,O,OFFBOARD,330.2,330.0,0.2,,0,D,2,SB,1,10.0,40,,,,9.0,6.93,-7.35,-8.73,19.5124911,-99.1294074,19.5124284,-99.1293366,19.5124905,-99.1294083,300.0,1,1,1,A,EN AIRE,YC,aoa_orientado,2,,-70.0,-72.089,,0,ma0,D,8,45,1,15,2,3,1,40,3,10,0.5,-35,3,5,22.5,15,19.5125837,-99.1295635,rssi_avg20_ge_-35dbm (-34.951 dBm),peak_only,300.0,-53.624,-53.624,305.0,-55.851,-55.851,310.0,-56.307,-56.307,,,,,,
2026-08-20T10:39:08.928,151.121,0.125,9361,YA,ORIENTANDO_AOA,45.0,1,1,O,OFFBOARD,330.7,330.7,0.0,,0,D,2,SB,1,10.0,40,,,,9.0,6.94,-7.35,-8.73,19.5124911,-99.1294074,19.5124284,-99.1293366,19.5124905,-99.1294083,300.0,1,1,1,A,EN AIRE,Y,orientar_aoa,3,,-69.0,-71.78,,0,ma0,D,8,45,1,15,2,3,1,40,3,10,0.5,-35,3,5,22.5,15,19.5125837,-99.1295635,rssi_avg20_ge_-35dbm (-34.951 dBm),peak_only,300.0,-53.624,-53.624,305.0,-55.851,-55.851,310.0,-56.307,-56.307,,,,,,
2026-08-20T10:39:09.095,151.288,0.281,9361,YA,ORIENTANDO_AOA,45.0,1,1,O,OFFBOARD,330.7,330.7,0.0,,0,D,2,SB,1,10.0,40,,,,9.0,6.94,-7.35,-8.73,19.5124911,-99.1294074,19.5124284,-99.1293366,19.5124905,-99.1294083,300.0,1,1,1,A,EN AIRE,Y,orientar_aoa,3,,-70.0,-71.602,,0,ma0,D,8,45,1,15,2,3,1,40,3,10,0.5,-35,3,5,22.5,15,19.5125837,-99.1295635,rssi_avg20_ge_-35dbm (-34.951 dBm),peak_only,300.0,-53.624,-53.624,305.0,-55.851,-55.851,310.0,-56.307,-56.307,,,,,,
2026-08-20T10:39:09.218,151.411,0.125,9361,YA,ORIENTANDO_AOA,45.0,1,1,O,OFFBOARD,330.1,321.3,8.8,,0,D,2,SB,1,10.0,40,,,,9.1,6.95,-7.36,-8.74,19.5124912,-99.1294075,19.5124284,-99.1293366,19.5124905,-99.1294083,300.0,1,1,1,A,EN AIRE,Y,orientar_aoa,3,,-70.0,-71.442,,0,ma0,D,8,45,1,15,2,3,1,40,3,10,0.5,-35,3,5,22.5,15,19.5125837,-99.1295635,rssi_avg20_ge_-35dbm (-34.951 dBm),peak_only,300.0,-53.624,-53.624,305.0,-55.851,-55.851,310.0,-56.307,-56.307,,,,,,
2026-08-20T10:39:09.367,151.56,0.281,9361,YA,ORIENTANDO_AOA,45.0,1,1,O,OFFBOARD,330.1,321.3,8.8,,0,D,2,SB,1,10.0,40,,,,9.1,6.95,-7.36,-8.74,19.5124912,-99.1294075,19.5124284,-99.1293366,19.5124905,-99.1294083,300.0,1,1,1,A,EN AIRE,Y,orientar_aoa,3,,-69.0,-71.197,,0,ma0,D,8,45,1,15,2,3,1,40,3,10,0.5,-35,3,5,22.5,15,19.5125837,-99.1295635,rssi_avg20_ge_-35dbm (-34.951 dBm),peak_only,300.0,-53.624,-53.624,305.0,-55.851,-55.851,310.0,-56.307,-56.307,,,,,,
2026-08-20T10:39:09.627,151.82,0.266,9361,YA,ORIENTANDO_AOA,45.0,1,1,O,OFFBOARD,325.4,311.8,13.6,,0,D,2,SB,1,10.0,40,,,,9.1,6.96,-7.36,-8.74,19.5124912,-99.1294075,19.5124284,-99.1293366,19.5124905,-99.1294083,300.0,1,1,1,A,EN AIRE,Y,orientar_aoa,3,,-69.0,-70.978,,0,ma0,D,8,45,1,15,2,3,1,40,3,10,0.5,-35,3,5,22.5,15,19.5125837,-99.1295635,rssi_avg20_ge_-35dbm (-34.951 dBm),peak_only,300.0,-53.624,-53.624,305.0,-55.851,-55.851,310.0,-56.307,-56.307,,,,,,
2026-08-20T10:39:09.627,151.82,0.266,9361,YA,ORIENTANDO_AOA,45.0,1,1,O,OFFBOARD,325.4,311.8,13.6,,0,D,2,SB,1,10.0,40,,,,9.1,6.96,-7.36,-8.74,19.5124912,-99.1294075,19.5124284,-99.1293366,19.5124905,-99.1294083,300.0,1,1,1,A,EN AIRE,Y,orientar_aoa,3,,-69.0,-70.78,,0,ma0,D,8,45,1,15,2,3,1,40,3,10,0.5,-35,3,5,22.5,15,19.5125837,-99.1295635,rssi_avg20_ge_-35dbm (-34.951 dBm),peak_only,300.0,-53.624,-53.624,305.0,-55.851,-55.851,310.0,-56.307,-56.307,,,,,,
2026-08-20T10:39:09.721,151.914,0.36,9361,YA,ORIENTANDO_AOA,45.0,1,1,O,OFFBOARD,325.4,311.8,13.6,,0,D,2,SB,1,10.0,40,,,,9.1,6.96,-7.36,-8.74,19.5124912,-99.1294075,19.5124284,-99.1293366,19.5124905,-99.1294083,300.0,1,1,1,A,EN AIRE,Y,orientar_aoa,3,,-70.0,-70.702,,0,ma0,D,8,45,1,15,2,3,1,40,3,10,0.5,-35,3,5,22.5,15,19.5125837,-99.1295635,rssi_avg20_ge_-35dbm (-34.951 dBm),peak_only,300.0,-53.624,-53.624,305.0,-55.851,-55.851,310.0,-56.307,-56.307,,,,,,
2026-08-20T10:39:10.094,152.287,0.266,9361,YA,ORIENTANDO_AOA,45.0,1,1,O,OFFBOARD,303.9,300.0,3.9,,0,D,2,SB,1,10.0,40,,,,9.1,6.96,-7.37,-8.75,19.5124913,-99.1294077,19.5124284,-99.1293366,19.5124905,-99.1294083,300.0,1,1,1,A,EN AIRE,Y,orientar_aoa,3,,-48.0,-68.432,,0,ma0,D,8,45,1,15,2,3,1,40,3,10,0.5,-35,3,5,22.5,15,19.5125837,-99.1295635,rssi_avg20_ge_-35dbm (-34.951 dBm),peak_only,300.0,-53.624,-53.624,305.0,-55.851,-55.851,310.0,-56.307,-56.307,,,,,,
2026-08-20T10:39:10.094,152.287,0.266,9361,YA,ORIENTANDO_AOA,45.0,1,1,O,OFFBOARD,303.9,300.0,3.9,,0,D,2,SB,1,10.0,40,,,,9.1,6.96,-7.37,-8.75,19.5124913,-99.1294077,19.5124284,-99.1293366,19.5124905,-99.1294083,300.0,1,1,1,A,EN AIRE,Y,orientar_aoa,3,,-49.0,-66.489,,0,ma0,D,8,45,1,15,2,3,1,40,3,10,0.5,-35,3,5,22.5,15,19.5125837,-99.1295635,rssi_avg20_ge_-35dbm (-34.951 dBm),peak_only,300.0,-53.624,-53.624,305.0,-55.851,-55.851,310.0,-56.307,-56.307,,,,,,
2026-08-20T10:39:10.194,152.387,0.375,9361,YA,ORIENTANDO_AOA,45.0,1,1,O,OFFBOARD,303.9,300.0,3.9,,0,D,2,SB,1,10.0,40,,,,9.1,6.96,-7.37,-8.75,19.5124913,-99.1294077,19.5124284,-99.1293366,19.5124905,-99.1294083,300.0,1,1,1,A,EN AIRE,Y,orientar_aoa,3,,-49.0,-64.74,,0,ma0,D,8,45,1,15,2,3,1,40,3,10,0.5,-35,3,5,22.5,15,19.5125837,-99.1295635,rssi_avg20_ge_-35dbm (-34.951 dBm),peak_only,300.0,-53.624,-53.624,305.0,-55.851,-55.851,310.0,-56.307,-56.307,,,,,,
2026-08-20T10:39:10.598,152.791,0.204,9361,YA,ORIENTANDO_AOA,45.0,1,1,O,OFFBOARD,297.3,300.0,-2.7,,0,D,2,SB,1,10.0,40,,,,9.1,6.97,-7.39,-8.74,19.5124913,-99.1294078,19.5124284,-99.1293366,19.5124905,-99.1294083,300.0,1,1,1,A,EN AIRE,Y,orientar_aoa,3,,-49.0,-63.166,,0,ma0,D,8,45,1,15,2,3,1,40,3,10,0.5,-35,3,5,22.5,15,19.5125837,-99.1295635,rssi_avg20_ge_-35dbm (-34.951 dBm),peak_only,300.0,-53.624,-53.624,305.0,-55.851,-55.851,310.0,-56.307,-56.307,,,,,,
2026-08-20T10:39:10.598,152.791,0.204,9361,YA,ORIENTANDO_AOA,45.0,1,1,O,OFFBOARD,297.3,300.0,-2.7,,0,D,2,SB,1,10.0,40,,,,9.1,6.97,-7.39,-8.74,19.5124913,-99.1294078,19.5124284,-99.1293366,19.5124905,-99.1294083,300.0,1,1,1,A,EN AIRE,Y,orientar_aoa,3,,-48.0,-61.649,,0,ma0,D,8,45,1,15,2,3,1,40,3,10,0.5,-35,3,5,22.5,15,19.5125837,-99.1295635,rssi_avg20_ge_-35dbm (-34.951 dBm),peak_only,300.0,-53.624,-53.624,305.0,-55.851,-55.851,310.0,-56.307,-56.307,,,,,,
2026-08-20T10:39:10.726,152.918,0.125,9361,YA,ORIENTANDO_AOA,45.0,1,1,O,OFFBOARD,300.8,300.0,0.8,,0,D,2,SB,1,10.0,40,,,,9.1,6.96,-7.39,-8.74,19.5124912,-99.1294078,19.5124284,-99.1293366,19.5124905,-99.1294083,300.0,1,1,1,A,EN AIRE,Y,orientar_aoa,3,,-48.0,-60.284,,0,ma0,D,8,45,1,15,2,3,1,40,3,10,0.5,-35,3,5,22.5,15,19.5125837,-99.1295635,rssi_avg20_ge_-35dbm (-34.951 dBm),peak_only,300.0,-53.624,-53.624,305.0,-55.851,-55.851,310.0,-56.307,-56.307,,,,,,
2026-08-20T10:39:10.894,153.087,0.296,9361,YA,ORIENTANDO_AOA,45.0,1,1,O,OFFBOARD,300.8,300.0,0.8,,0,D,2,SB,1,10.0,40,,,,9.1,6.96,-7.39,-8.74,19.5124912,-99.1294078,19.5124284,-99.1293366,19.5124905,-99.1294083,300.0,1,1,1,A,EN AIRE,Y,orientar_aoa,3,,-47.0,-58.956,,0,ma0,D,8,45,1,15,2,3,1,40,3,10,0.5,-35,3,5,22.5,15,19.5125837,-99.1295635,rssi_avg20_ge_-35dbm (-34.951 dBm),peak_only,300.0,-53.624,-53.624,305.0,-55.851,-55.851,310.0,-56.307,-56.307,,,,,,
2026-08-20T10:39:11.016,153.209,0.11,9361,YA,ORIENTANDO_AOA,45.0,1,1,O,OFFBOARD,301.7,300.0,1.7,,0,D,2,SB,1,10.0,40,,,,9.1,6.96,-7.39,-8.74,19.5124912,-99.1294077,19.5124284,-99.1293366,19.5124905,-99.1294083,300.0,1,1,1,A,EN AIRE,Y,orientar_aoa,3,,-48.0,-57.86,,0,ma0,D,8,45,1,15,2,3,1,40,3,10,0.5,-35,3,5,22.5,15,19.5125837,-99.1295635,rssi_avg20_ge_-35dbm (-34.951 dBm),peak_only,300.0,-53.624,-53.624,305.0,-55.851,-55.851,310.0,-56.307,-56.307,,,,,,
2026-08-20T10:39:11.178,153.371,0.282,9361,YA,ORIENTANDO_AOA,45.0,1,1,O,OFFBOARD,301.7,300.0,1.7,,0,D,2,SB,1,10.0,40,,,,9.1,6.96,-7.39,-8.74,19.5124912,-99.1294077,19.5124284,-99.1293366,19.5124905,-99.1294083,300.0,1,1,1,A,EN AIRE,Y,orientar_aoa,3,,-49.0,-56.974,,0,ma0,D,8,45,1,15,2,3,1,40,3,10,0.5,-35,3,5,22.5,15,19.5125837,-99.1295635,rssi_avg20_ge_-35dbm (-34.951 dBm),peak_only,300.0,-53.624,-53.624,305.0,-55.851,-55.851,310.0,-56.307,-56.307,,,,,,
2026-08-20T10:39:11.297,153.49,0.109,9361,AV,AVANZANDO,45.1,1,1,O,OFFBOARD,301.5,300.0,1.5,,0,A,2,SB,2,10.05,40,,,,9.1,6.95,-7.37,-8.74,19.5124911,-99.1294076,19.5124284,-99.1293366,19.5124905,-99.1294083,300.0,1,1,1,A,EN AIRE,YC,aoa_orientado,3,,-49.0,-56.177,,0,ma0,D,8,45,1,15,2,3,1,40,3,10,0.5,-35,3,5,22.5,15,19.5125837,-99.1295635,rssi_avg20_ge_-35dbm (-34.951 dBm),peak_only,300.0,-53.624,-53.624,305.0,-55.851,-55.851,310.0,-56.307,-56.307,,,,,,
2026-08-20T10:39:11.460,153.653,0.281,9361,AV,AVANZANDO,45.1,1,1,O,OFFBOARD,301.5,300.0,1.5,,0,A,2,SB,2,10.05,40,,,,9.1,6.95,-7.37,-8.74,19.5124911,-99.1294076,19.5124284,-99.1293366,19.5124905,-99.1294083,300.0,1,1,1,A,EN AIRE,YC,aoa_orientado,3,,-49.0,-55.459,,0,ma0,D,8,45,1,15,2,3,1,40,3,10,0.5,-35,3,5,22.5,15,19.5125837,-99.1295635,rssi_avg20_ge_-35dbm (-34.951 dBm),peak_only,300.0,-53.624,-53.624,305.0,-55.851,-55.851,310.0,-56.307,-56.307,,,,,,
2026-08-20T10:39:11.582,153.774,0.125,9361,AV,AVANZANDO,45.5,1,1,O,OFFBOARD,300.1,300.0,0.1,,0,A,2,SB,2,10.18,40,,,,9.1,6.95,-7.37,-8.74,19.512491,-99.1294075,19.5124284,-99.1293366,19.5124905,-99.1294083,300.0,1,1,1,A,EN AIRE,YC,aoa_orientado,3,,-49.0,-54.813,,0,ma0,D,8,45,1,15,2,3,1,40,3,10,0.5,-35,3,5,22.5,15,19.5125837,-99.1295635,rssi_avg20_ge_-35dbm (-34.951 dBm),peak_only,300.0,-53.624,-53.624,305.0,-55.851,-55.851,310.0,-56.307,-56.307,,,,,,
2026-08-20T10:39:11.745,153.938,0.281,9361,AV,AVANZANDO,45.5,1,1,O,OFFBOARD,300.1,300.0,0.1,,0,A,2,SB,2,10.18,40,,,,9.1,6.95,-7.37,-8.74,19.512491,-99.1294075,19.5124284,-99.1293366,19.5124905,-99.1294083,300.0,1,1,1,A,EN AIRE,YC,aoa_orientado,3,,-49.0,-54.232,,0,ma0,D,8,45,1,15,2,3,1,40,3,10,0.5,-35,3,5,22.5,15,19.5125837,-99.1295635,rssi_avg20_ge_-35dbm (-34.951 dBm),peak_only,300.0,-53.624,-53.624,305.0,-55.851,-55.851,310.0,-56.307,-56.307,,,,,,
2026-08-20T10:39:11.873,154.066,0.125,9361,AV,AVANZANDO,45.8,1,1,O,OFFBOARD,300.3,300.0,0.3,,0,A,2,SB,2,10.31,40,,,,9.1,6.93,-7.37,-8.75,19.5124909,-99.1294076,19.5124284,-99.1293366,19.5124905,-99.1294083,300.0,1,1,1,A,EN AIRE,YC,aoa_orientado,3,,-48.0,-53.609,,0,ma0,D,8,45,1,15,2,3,1,40,3,10,0.5,-35,3,5,22.5,15,19.5125837,-99.1295635,rssi_avg20_ge_-35dbm (-34.951 dBm),peak_only,300.0,-53.624,-53.624,305.0,-55.851,-55.851,310.0,-56.307,-56.307,,,,,,
2026-08-20T10:39:12.055,154.248,0.188,9361,AV,AVANZANDO,46.1,1,1,O,OFFBOARD,300.2,300.0,0.2,,0,A,2,SB,2,10.44,40,,,,9.1,6.93,-7.38,-8.75,19.512491,-99.1294079,19.5124284,-99.1293366,19.5124905,-99.1294083,300.0,1,1,1,A,EN AIRE,YC,aoa_orientado,3,,-48.0,-53.048,,0,ma0,D,8,45,1,15,2,3,1,40,3,10,0.5,-35,3,5,22.5,15,19.5125837,-99.1295635,rssi_avg20_ge_-35dbm (-34.951 dBm),peak_only,300.0,-53.624,-53.624,305.0,-55.851,-55.851,310.0,-56.307,-56.307,,,,,,
2026-08-20T10:39:12.156,154.348,0.281,9361,AV,AVANZANDO,46.1,1,1,O,OFFBOARD,300.2,300.0,0.2,,0,A,2,SB,2,10.44,40,,,,9.1,6.93,-7.38,-8.75,19.512491,-99.1294079,19.5124284,-99.1293366,19.5124905,-99.1294083,300.0,1,1,1,A,EN AIRE,YC,aoa_orientado,3,,-48.0,-52.543,,0,ma0,D,8,45,1,15,2,3,1,40,3,10,0.5,-35,3,5,22.5,15,19.5125837,-99.1295635,rssi_avg20_ge_-35dbm (-34.951 dBm),peak_only,300.0,-53.624,-53.624,305.0,-55.851,-55.851,310.0,-56.307,-56.307,,,,,,
2026-08-20T10:39:12.331,154.524,0.094,9361,AV,AVANZANDO,46.4,1,1,O,OFFBOARD,300.4,300.0,0.4,,0,A,2,SB,2,10.57,40,,,,9.1,6.95,-7.42,-8.74,19.5124912,-99.1294081,19.5124284,-99.1293366,19.5124905,-99.1294083,300.0,1,1,1,A,EN AIRE,YC,aoa_orientado,3,,-47.0,-51.989,,0,ma0,D,8,45,1,15,2,3,1,40,3,10,0.5,-35,3,5,22.5,15,19.5125837,-99.1295635,rssi_avg20_ge_-35dbm (-34.951 dBm),peak_only,300.0,-53.624,-53.624,305.0,-55.851,-55.851,310.0,-56.307,-56.307,,,,,,
2026-08-20T10:39:12.533,154.726,0.297,9361,AV,AVANZANDO,46.4,1,1,O,OFFBOARD,300.4,300.0,0.4,,0,A,2,SB,2,10.57,40,,,,9.1,6.95,-7.42,-8.74,19.5124912,-99.1294081,19.5124284,-99.1293366,19.5124905,-99.1294083,300.0,1,1,1,A,EN AIRE,YC,aoa_orientado,3,,-48.0,-51.59,,0,ma0,D,8,45,1,15,2,3,1,40,3,10,0.5,-35,3,5,22.5,15,19.5125837,-99.1295635,rssi_avg20_ge_-35dbm (-34.951 dBm),peak_only,300.0,-53.624,-53.624,305.0,-55.851,-55.851,310.0,-56.307,-56.307,,,,,,
2026-08-20T10:39:12.804,154.997,0.266,9361,AV,AVANZANDO,46.8,1,1,O,OFFBOARD,300.2,300.0,0.2,,0,A,2,SB,2,10.7,40,,,,9.0,7.0,-7.49,-8.72,19.5124915,-99.1294085,19.5124284,-99.1293366,19.5124905,-99.1294083,300.0,1,1,1,A,EN AIRE,YC,aoa_orientado,3,,-48.0,-51.231,,0,ma0,D,8,45,1,15,2,3,1,40,3,10,0.5,-35,3,5,22.5,15,19.5125837,-99.1295635,rssi_avg20_ge_-35dbm (-34.951 dBm),peak_only,300.0,-53.624,-53.624,305.0,-55.851,-55.851,310.0,-56.307,-56.307,,,,,,
2026-08-20T10:39:12.804,154.997,0.266,9361,AV,AVANZANDO,46.8,1,1,O,OFFBOARD,300.2,300.0,0.2,,0,A,2,SB,2,10.7,40,,,,9.0,7.0,-7.49,-8.72,19.5124915,-99.1294085,19.5124284,-99.1293366,19.5124905,-99.1294083,300.0,1,1,1,A,EN AIRE,YC,aoa_orientado,3,,-48.0,-50.908,,0,ma0,D,8,45,1,15,2,3,1,40,3,10,0.5,-35,3,5,22.5,15,19.5125837,-99.1295635,rssi_avg20_ge_-35dbm (-34.951 dBm),peak_only,300.0,-53.624,-53.624,305.0,-55.851,-55.851,310.0,-56.307,-56.307,,,,,,
2026-08-20T10:39:12.928,155.121,0.125,9361,AV,AVANZANDO,47.1,1,1,O,OFFBOARD,299.9,300.0,-0.1,,0,A,2,SB,2,10.83,40,,,,9.0,7.0,-7.49,-8.72,19.5124921,-99.1294094,19.5124284,-99.1293366,19.5124905,-99.1294083,300.0,1,1,1,A,EN AIRE,YC,aoa_orientado,3,,-49.0,-50.717,,0,ma0,D,8,45,1,15,2,3,1,40,3,10,0.5,-35,3,5,22.5,15,19.5125837,-99.1295635,rssi_avg20_ge_-35dbm (-34.951 dBm),peak_only,300.0,-53.624,-53.624,305.0,-55.851,-55.851,310.0,-56.307,-56.307,,,,,,
2026-08-20T10:39:13.107,155.3,0.172,9361,AV,AVANZANDO,47.4,1,1,O,OFFBOARD,299.5,300.0,-0.5,,0,A,2,SB,2,10.96,40,,,,9.0,7.05,-7.56,-8.71,19.5124924,-99.12941,19.5124284,-99.1293366,19.5124905,-99.1294083,300.0,1,1,1,A,EN AIRE,YC,aoa_orientado,3,,-48.0,-50.445,,0,ma0,D,8,45,1,15,2,3,1,40,3,10,0.5,-35,3,5,22.5,15,19.5125837,-99.1295635,rssi_avg20_ge_-35dbm (-34.951 dBm),peak_only,300.0,-53.624,-53.624,305.0,-55.851,-55.851,310.0,-56.307,-56.307,,,,,,
2026-08-20T10:39:13.228,155.421,0.125,9361,AV,AVANZANDO,47.7,1,1,O,OFFBOARD,299.4,300.0,-0.6,,0,A,2,SB,2,11.09,40,,,,9.0,7.12,-7.67,-8.7,19.5124931,-99.1294112,19.5124284,-99.1293366,19.5124905,-99.1294083,300.0,1,1,1,A,EN AIRE,YC,aoa_orientado,3,,-47.0,-50.101,,0,ma0,D,8,45,1,15,2,3,1,40,3,10,0.5,-35,3,5,22.5,15,19.5125837,-99.1295635,rssi_avg20_ge_-35dbm (-34.951 dBm),peak_only,300.0,-53.624,-53.624,305.0,-55.851,-55.851,310.0,-56.307,-56.307,,,,,,
2026-08-20T10:39:13.385,155.578,0.281,9361,AV,AVANZANDO,47.7,1,1,O,OFFBOARD,299.4,300.0,-0.6,,0,A,2,SB,2,11.09,40,,,,9.0,7.12,-7.67,-8.7,19.5124931,-99.1294112,19.5124284,-99.1293366,19.5124905,-99.1294083,300.0,1,1,1,A,EN AIRE,YC,aoa_orientado,3,,-47.0,-49.791,,0,ma0,D,8,45,1,15,2,3,1,40,3,10,0.5,-35,3,5,22.5,15,19.5125837,-99.1295635,rssi_avg20_ge_-35dbm (-34.951 dBm),peak_only,300.0,-53.624,-53.624,305.0,-55.851,-55.851,310.0,-56.307,-56.307,,,,,,
2026-08-20T10:39:13.655,155.848,0.093,9361,AV,AVANZANDO,48.1,1,1,O,OFFBOARD,299.9,300.0,-0.1,,0,A,2,SB,2,11.22,40,,,,9.0,7.19,-7.78,-8.68,19.5124935,-99.1294119,19.5124284,-99.1293366,19.5124905,-99.1294083,300.0,1,1,1,A,EN AIRE,YC,aoa_orientado,3,,-46.0,-49.412,,0,ma0,D,8,45,1,15,2,3,1,40,3,10,0.5,-35,3,5,22.5,15,19.5125837,-99.1295635,rssi_avg20_ge_-35dbm (-34.951 dBm),peak_only,300.0,-53.624,-53.624,305.0,-55.851,-55.851,310.0,-56.307,-56.307,,,,,,
2026-08-20T10:39:13.656,155.849,0.093,9361,AV,AVANZANDO,48.1,1,1,O,OFFBOARD,299.9,300.0,-0.1,,0,A,2,SB,2,11.22,40,,,,9.0,7.19,-7.78,-8.68,19.5124935,-99.1294119,19.5124284,-99.1293366,19.5124905,-99.1294083,300.0,1,1,1,A,EN AIRE,YC,aoa_orientado,3,,-46.0,-49.07,,0,ma0,D,8,45,1,15,2,3,1,40,3,10,0.5,-35,3,5,22.5,15,19.5125837,-99.1295635,rssi_avg20_ge_-35dbm (-34.951 dBm),peak_only,300.0,-53.624,-53.624,305.0,-55.851,-55.851,310.0,-56.307,-56.307,,,,,,
2026-08-20T10:39:13.773,155.966,0.218,9361,AV,AVANZANDO,48.1,1,1,O,OFFBOARD,299.9,300.0,-0.1,,0,A,2,SB,2,11.22,40,,,,9.0,7.19,-7.78,-8.68,19.5124935,-99.1294119,19.5124284,-99.1293366,19.5124905,-99.1294083,300.0,1,1,1,A,EN AIRE,YC,aoa_orientado,3,,-46.0,-48.763,,0,ma0,D,8,45,1,15,2,3,1,40,3,10,0.5,-35,3,5,22.5,15,19.5125837,-99.1295635,rssi_avg20_ge_-35dbm (-34.951 dBm),peak_only,300.0,-53.624,-53.624,305.0,-55.851,-55.851,310.0,-56.307,-56.307,,,,,,
2026-08-20T10:39:13.961,156.153,0.109,9361,AV,AVANZANDO,48.4,1,1,O,OFFBOARD,300.0,300.0,0.0,,0,A,2,SB,2,11.35,40,,,,9.0,7.26,-7.91,-8.65,19.5124939,-99.1294126,19.5124284,-99.1293366,19.5124905,-99.1294083,300.0,1,1,1,A,EN AIRE,YC,aoa_orientado,3,,-47.0,-48.587,,0,ma0,D,8,45,1,15,2,3,1,40,3,10,0.5,-35,3,5,22.5,15,19.5125837,-99.1295635,rssi_avg20_ge_-35dbm (-34.951 dBm),peak_only,300.0,-53.624,-53.624,305.0,-55.851,-55.851,310.0,-56.307,-56.307,,,,,,
2026-08-20T10:39:14.177,156.369,0.203,9361,AV,AVANZANDO,48.7,1,1,O,OFFBOARD,300.1,300.0,0.1,,0,A,2,SB,2,11.48,40,,,,8.9,7.26,-7.91,-8.65,19.5124944,-99.1294133,19.5124284,-99.1293366,19.5124905,-99.1294083,300.0,1,1,1,A,EN AIRE,YC,aoa_orientado,3,,-46.0,-48.328,,0,ma0,D,8,45,1,15,2,3,1,40,3,10,0.5,-35,3,5,22.5,15,19.5125837,-99.1295635,rssi_avg20_ge_-35dbm (-34.951 dBm),peak_only,300.0,-53.624,-53.624,305.0,-55.851,-55.851,310.0,-56.307,-56.307,,,,,,
2026-08-20T10:39:14.307,156.499,0.125,9361,AV,AVANZANDO,49.0,1,1,O,OFFBOARD,299.7,300.0,-0.3,,0,A,2,SB,2,11.61,40,,,,8.9,7.35,-8.04,-8.61,19.5124953,-99.129415,19.5124284,-99.1293366,19.5124905,-99.1294083,300.0,1,1,1,A,EN AIRE,YC,aoa_orientado,3,,-47.0,-48.196,,0,ma0,D,8,45,1,15,2,3,1,40,3,10,0.5,-35,3,5,22.5,15,19.5125837,-99.1295635,rssi_avg20_ge_-35dbm (-34.951 dBm),peak_only,300.0,-53.624,-53.624,305.0,-55.851,-55.851,310.0,-56.307,-56.307,,,,,,
2026-08-20T10:39:14.464,156.657,0.281,9361,AV,AVANZANDO,49.0,1,1,O,OFFBOARD,299.7,300.0,-0.3,,0,A,2,SB,2,11.61,40,,,,8.9,7.35,-8.04,-8.61,19.5124953,-99.129415,19.5124284,-99.1293366,19.5124905,-99.1294083,300.0,1,1,1,A,EN AIRE,YC,aoa_orientado,3,,-47.0,-48.076,,0,ma0,D,8,45,1,15,2,3,1,40,3,10,0.5,-35,3,5,22.5,15,19.5125837,-99.1295635,rssi_avg20_ge_-35dbm (-34.951 dBm),peak_only,300.0,-53.624,-53.624,305.0,-55.851,-55.851,310.0,-56.307,-56.307,,,,,,
2026-08-20T10:39:14.560,156.753,0.375,9361,AV,AVANZANDO,49.0,1,1,O,OFFBOARD,299.7,300.0,-0.3,,0,A,2,SB,2,11.61,40,,,,8.9,7.35,-8.04,-8.61,19.5124953,-99.129415,19.5124284,-99.1293366,19.5124905,-99.1294083,300.0,1,1,1,A,EN AIRE,YC,aoa_orientado,3,,-46.0,-47.868,,0,ma0,D,8,45,1,15,2,3,1,40,3,10,0.5,-35,3,5,22.5,15,19.5125837,-99.1295635,rssi_avg20_ge_-35dbm (-34.951 dBm),peak_only,300.0,-53.624,-53.624,305.0,-55.851,-55.851,310.0,-56.307,-56.307,,,,,,
2026-08-20T10:39:14.740,156.932,0.094,9361,AV,AVANZANDO,49.4,1,1,O,OFFBOARD,299.9,300.0,-0.1,,0,A,2,SB,2,11.74,40,,,,8.9,7.44,-8.19,-8.58,19.5124959,-99.1294159,19.5124284,-99.1293366,19.5124905,-99.1294083,300.0,1,1,1,A,EN AIRE,YC,aoa_orientado,3,,-44.0,-47.482,,0,ma0,D,8,45,1,15,2,3,1,40,3,10,0.5,-35,3,5,22.5,15,19.5125837,-99.1295635,rssi_avg20_ge_-35dbm (-34.951 dBm),peak_only,300.0,-53.624,-53.624,305.0,-55.851,-55.851,310.0,-56.307,-56.307,,,,,,
2026-08-20T10:39:14.937,157.13,0.282,9361,AV,AVANZANDO,49.4,1,1,O,OFFBOARD,299.9,300.0,-0.1,,0,A,2,SB,2,11.74,40,,,,8.9,7.44,-8.19,-8.58,19.5124959,-99.1294159,19.5124284,-99.1293366,19.5124905,-99.1294083,300.0,1,1,1,A,EN AIRE,YC,aoa_orientado,3,,-45.0,-47.233,,0,ma0,D,8,45,1,15,2,3,1,40,3,10,0.5,-35,3,5,22.5,15,19.5125837,-99.1295635,rssi_avg20_ge_-35dbm (-34.951 dBm),peak_only,300.0,-53.624,-53.624,305.0,-55.851,-55.851,310.0,-56.307,-56.307,,,,,,
2026-08-20T10:39:15.009,157.202,0.36,9361,AV,AVANZANDO,49.4,1,1,O,OFFBOARD,299.9,300.0,-0.1,,0,A,2,SB,2,11.74,40,,,,8.9,7.44,-8.19,-8.58,19.5124959,-99.1294159,19.5124284,-99.1293366,19.5124905,-99.1294083,300.0,1,1,1,A,EN AIRE,YC,aoa_orientado,3,,-45.0,-47.01,,0,ma0,D,8,45,1,15,2,3,1,40,3,10,0.5,-35,3,5,22.5,15,19.5125837,-99.1295635,rssi_avg20_ge_-35dbm (-34.951 dBm),peak_only,300.0,-53.624,-53.624,305.0,-55.851,-55.851,310.0,-56.307,-56.307,,,,,,
2026-08-20T10:39:15.144,157.337,0.109,9361,AV,AVANZANDO,50.0,1,1,O,OFFBOARD,299.9,300.0,-0.1,,0,A,2,SB,2,12.01,40,,,,8.9,7.62,-8.49,-8.56,19.5124972,-99.1294184,19.5124284,-99.1293366,19.5124905,-99.1294083,300.0,1,1,1,A,EN AIRE,YC,aoa_orientado,3,,-45.0,-46.809,,0,ma0,D,8,45,1,15,2,3,1,40,3,10,0.5,-35,3,5,22.5,15,19.5125837,-99.1295635,rssi_avg20_ge_-35dbm (-34.951 dBm),peak_only,300.0,-53.624,-53.624,305.0,-55.851,-55.851,310.0,-56.307,-56.307,,,,,,
2026-08-20T10:39:15.425,157.618,0.203,9361,AV,AVANZANDO,50.3,1,1,O,OFFBOARD,300.0,300.0,0.0,,0,A,2,SB,2,12.14,40,,,,8.9,7.7,-8.64,-8.55,19.5124982,-99.1294202,19.5124284,-99.1293366,19.5124905,-99.1294083,300.0,1,1,1,A,EN AIRE,YC,aoa_orientado,3,,-47.0,-46.828,,0,ma0,D,8,45,1,15,2,3,1,40,3,10,0.5,-35,3,5,22.5,15,19.5125837,-99.1295635,rssi_avg20_ge_-35dbm (-34.951 dBm),peak_only,300.0,-53.624,-53.624,305.0,-55.851,-55.851,310.0,-56.307,-56.307,,,,,,
2026-08-20T10:39:15.574,157.767,0.343,9361,AV,AVANZANDO,50.3,1,1,O,OFFBOARD,300.0,300.0,0.0,,0,A,2,SB,2,12.14,40,,,,8.9,7.7,-8.64,-8.55,19.5124982,-99.1294202,19.5124284,-99.1293366,19.5124905,-99.1294083,300.0,1,1,1,A,EN AIRE,YC,aoa_orientado,3,,-48.0,-46.945,,0,ma0,D,8,45,1,15,2,3,1,40,3,10,0.5,-35,3,5,22.5,15,19.5125837,-99.1295635,rssi_avg20_ge_-35dbm (-34.951 dBm),peak_only,300.0,-53.624,-53.624,305.0,-55.851,-55.851,310.0,-56.307,-56.307,,,,,,
2026-08-20T10:39:15.807,158.0,0.203,9361,AV,AVANZANDO,50.7,1,1,O,OFFBOARD,300.0,300.0,0.0,,0,A,2,SB,2,12.27,40,,,,8.9,7.7,-8.64,-8.55,19.5124986,-99.1294211,19.5124284,-99.1293366,19.5124905,-99.1294083,300.0,1,1,1,A,EN AIRE,YC,aoa_orientado,3,,-49.0,-47.151,,0,ma0,D,8,45,1,15,2,3,1,40,3,10,0.5,-35,3,5,22.5,15,19.5125837,-99.1295635,rssi_avg20_ge_-35dbm (-34.951 dBm),peak_only,300.0,-53.624,-53.624,305.0,-55.851,-55.851,310.0,-56.307,-56.307,,,,,,
2026-08-20T10:39:15.895,158.088,0.296,9361,AV,AVANZANDO,50.7,1,1,O,OFFBOARD,300.0,300.0,0.0,,0,A,2,SB,2,12.27,40,,,,8.9,7.7,-8.64,-8.55,19.5124986,-99.1294211,19.5124284,-99.1293366,19.5124905,-99.1294083,300.0,1,1,1,A,EN AIRE,YC,aoa_orientado,3,,-51.0,-47.536,,0,ma0,D,8,45,1,15,2,3,1,40,3,10,0.5,-35,3,5,22.5,15,19.5125837,-99.1295635,rssi_avg20_ge_-35dbm (-34.951 dBm),peak_only,300.0,-53.624,-53.624,305.0,-55.851,-55.851,310.0,-56.307,-56.307,,,,,,
2026-08-20T10:39:16.136,158.329,0.047,9361,AV,AVANZANDO,51.3,1,1,O,OFFBOARD,300.1,300.0,0.1,,0,A,2,SB,2,12.53,40,,,,8.9,7.78,-8.79,-8.55,19.512499,-99.129422,19.5124284,-99.1293366,19.5124905,-99.1294083,300.0,1,1,1,A,EN AIRE,YC,aoa_orientado,3,,-52.0,-47.982,,0,ma0,D,8,45,1,15,2,3,1,40,3,10,0.5,-35,3,5,22.5,15,19.5125837,-99.1295635,rssi_avg20_ge_-35dbm (-34.951 dBm),peak_only,300.0,-53.624,-53.624,305.0,-55.851,-55.851,310.0,-56.307,-56.307,,,,,,
2026-08-20T10:39:16.299,158.492,0.219,9361,AV,AVANZANDO,51.3,1,1,O,OFFBOARD,300.1,300.0,0.1,,0,A,2,SB,2,12.53,40,,,,8.9,7.78,-8.79,-8.55,19.512499,-99.129422,19.5124284,-99.1293366,19.5124905,-99.1294083,300.0,1,1,1,A,EN AIRE,YC,aoa_orientado,3,,-51.0,-48.284,,0,ma0,D,8,45,1,15,2,3,1,40,3,10,0.5,-35,3,5,22.5,15,19.5125837,-99.1295635,rssi_avg20_ge_-35dbm (-34.951 dBm),peak_only,300.0,-53.624,-53.624,305.0,-55.851,-55.851,310.0,-56.307,-56.307,,,,,,
2026-08-20T10:39:16.475,158.668,0.391,9361,AV,AVANZANDO,51.3,1,1,O,OFFBOARD,300.1,300.0,0.1,,0,A,2,SB,2,12.53,40,,,,8.9,7.78,-8.79,-8.55,19.512499,-99.129422,19.5124284,-99.1293366,19.5124905,-99.1294083,300.0,1,1,1,A,EN AIRE,YC,aoa_orientado,3,,-52.0,-48.656,,0,ma0,D,8,45,1,15,2,3,1,40,3,10,0.5,-35,3,5,22.5,15,19.5125837,-99.1295635,rssi_avg20_ge_-35dbm (-34.951 dBm),peak_only,300.0,-53.624,-53.624,305.0,-55.851,-55.851,310.0,-56.307,-56.307,,,,,,
2026-08-20T10:39:16.645,158.838,0.031,9361,AV,AVANZANDO,52.0,1,1,O,OFFBOARD,299.8,300.0,-0.2,,0,A,2,SB,2,12.79,40,,,,8.9,8.03,-9.25,-8.56,19.5125008,-99.1294255,19.5124284,-99.1293366,19.5124905,-99.1294083,300.0,1,1,1,A,EN AIRE,YC,aoa_orientado,3,,-59.0,-49.69,,0,ma0,D,8,45,1,15,2,3,1,40,3,10,0.5,-35,3,5,22.5,15,19.5125837,-99.1295635,rssi_avg20_ge_-35dbm (-34.951 dBm),peak_only,300.0,-53.624,-53.624,305.0,-55.851,-55.851,310.0,-56.307,-56.307,,,,,,
2026-08-20T10:39:16.808,159.001,0.188,9361,AV,AVANZANDO,52.0,1,1,O,OFFBOARD,299.8,300.0,-0.2,,0,A,2,SB,2,12.79,40,,,,8.9,8.03,-9.25,-8.56,19.5125008,-99.1294255,19.5124284,-99.1293366,19.5124905,-99.1294083,300.0,1,1,1,A,EN AIRE,YC,aoa_orientado,3,,-57.0,-50.421,,0,ma0,D,8,45,1,15,2,3,1,40,3,10,0.5,-35,3,5,22.5,15,19.5125837,-99.1295635,rssi_avg20_ge_-35dbm (-34.951 dBm),peak_only,300.0,-53.624,-53.624,305.0,-55.851,-55.851,310.0,-56.307,-56.307,,,,,,
2026-08-20T10:39:16.903,159.096,0.281,9361,AV,AVANZANDO,52.0,1,1,O,OFFBOARD,299.8,300.0,-0.2,,0,A,2,SB,2,12.79,40,,,,8.9,8.03,-9.25,-8.56,19.5125008,-99.1294255,19.5124284,-99.1293366,19.5124905,-99.1294083,300.0,1,1,1,A,EN AIRE,YC,aoa_orientado,3,,-58.0,-51.179,,0,ma0,D,8,45,1,15,2,3,1,40,3,10,0.5,-35,3,5,22.5,15,19.5125837,-99.1295635,rssi_avg20_ge_-35dbm (-34.951 dBm),peak_only,300.0,-53.624,-53.624,305.0,-55.851,-55.851,310.0,-56.307,-56.307,,,,,,
2026-08-20T10:39:17.130,159.323,0.031,9361,AV,AVANZANDO,52.6,1,1,O,OFFBOARD,299.6,300.0,-0.4,,0,A,2,SB,2,13.05,40,,,,8.9,8.12,-9.39,-8.54,19.5125023,-99.1294278,19.5124284,-99.1293366,19.5124905,-99.1294083,300.0,1,1,1,A,EN AIRE,YC,aoa_orientado,3,,-50.0,-51.061,,0,ma0,D,8,45,1,15,2,3,1,40,3,10,0.5,-35,3,5,22.5,15,19.5125837,-99.1295635,rssi_avg20_ge_-35dbm (-34.951 dBm),peak_only,300.0,-53.624,-53.624,305.0,-55.851,-55.851,310.0,-56.307,-56.307,,,,,,
2026-08-20T10:39:17.295,159.486,0.187,9361,AV,AVANZANDO,52.6,1,1,O,OFFBOARD,299.6,300.0,-0.4,,0,A,2,SB,2,13.05,40,,,,8.9,8.12,-9.39,-8.54,19.5125023,-99.1294278,19.5124284,-99.1293366,19.5124905,-99.1294083,300.0,1,1,1,A,EN AIRE,YC,aoa_orientado,3,,-48.0,-50.755,,0,ma0,D,8,45,1,15,2,3,1,40,3,10,0.5,-35,3,5,22.5,15,19.5125837,-99.1295635,rssi_avg20_ge_-35dbm (-34.951 dBm),peak_only,300.0,-53.624,-53.624,305.0,-55.851,-55.851,310.0,-56.307,-56.307,,,,,,
2026-08-20T10:39:17.405,159.598,0.109,9361,AV,AVANZANDO,52.9,1,1,O,OFFBOARD,299.3,300.0,-0.7,,0,A,2,SB,2,13.18,40,,,,8.9,8.21,-9.52,-8.54,19.5125028,-99.1294285,19.5124284,-99.1293366,19.5124905,-99.1294083,300.0,1,1,1,A,EN AIRE,YC,aoa_orientado,3,,-43.0,-49.979,,0,ma0,D,8,45,1,15,2,3,1,40,3,10,0.5,-35,3,5,22.5,15,19.5125837,-99.1295635,rssi_avg20_ge_-35dbm (-34.951 dBm),peak_only,300.0,-53.624,-53.624,305.0,-55.851,-55.851,310.0,-56.307,-56.307,,,,,,
2026-08-20T10:39:17.560,159.753,0.266,9361,AV,AVANZANDO,52.9,1,1,O,OFFBOARD,299.3,300.0,-0.7,,0,A,2,SB,2,13.18,40,,,,8.9,8.21,-9.52,-8.54,19.5125028,-99.1294285,19.5124284,-99.1293366,19.5124905,-99.1294083,300.0,1,1,1,A,EN AIRE,YC,aoa_orientado,3,,-43.0,-49.281,,0,ma0,D,8,45,1,15,2,3,1,40,3,10,0.5,-35,3,5,22.5,15,19.5125837,-99.1295635,rssi_avg20_ge_-35dbm (-34.951 dBm),peak_only,300.0,-53.624,-53.624,305.0,-55.851,-55.851,310.0,-56.307,-56.307,,,,,,
2026-08-20T10:39:17.654,159.847,0.359,9361,AV,AVANZANDO,52.9,1,1,O,OFFBOARD,299.3,300.0,-0.7,,0,A,2,SB,2,13.18,40,,,,8.9,8.21,-9.52,-8.54,19.5125028,-99.1294285,19.5124284,-99.1293366,19.5124905,-99.1294083,300.0,1,1,1,A,EN AIRE,YC,aoa_orientado,3,,-43.0,-48.653,,0,ma0,D,8,45,1,15,2,3,1,40,3,10,0.5,-35,3,5,22.5,15,19.5125837,-99.1295635,rssi_avg20_ge_-35dbm (-34.951 dBm),peak_only,300.0,-53.624,-53.624,305.0,-55.851,-55.851,310.0,-56.307,-56.307,,,,,,
2026-08-20T10:39:18.033,160.225,0.281,9361,AV,AVANZANDO,53.3,1,1,O,OFFBOARD,299.5,300.0,-0.5,,0,A,2,SB,2,13.31,40,,,,8.9,8.29,-9.65,-8.55,19.5125036,-99.1294301,19.5124284,-99.1293366,19.5124905,-99.1294083,300.0,1,1,1,A,EN AIRE,YC,aoa_orientado,3,,-40.0,-47.788,,0,ma0,D,8,45,1,15,2,3,1,40,3,10,0.5,-35,3,5,22.5,15,19.5125837,-99.1295635,rssi_avg20_ge_-35dbm (-34.951 dBm),peak_only,300.0,-53.624,-53.624,305.0,-55.851,-55.851,310.0,-56.307,-56.307,,,,,,
2026-08-20T10:39:18.033,160.225,0.281,9361,AV,AVANZANDO,53.3,1,1,O,OFFBOARD,299.5,300.0,-0.5,,0,A,2,SB,2,13.31,40,,,,8.9,8.29,-9.65,-8.55,19.5125036,-99.1294301,19.5124284,-99.1293366,19.5124905,-99.1294083,300.0,1,1,1,A,EN AIRE,YC,aoa_orientado,3,,-39.0,-46.909,,0,ma0,D,8,45,1,15,2,3,1,40,3,10,0.5,-35,3,5,22.5,15,19.5125837,-99.1295635,rssi_avg20_ge_-35dbm (-34.951 dBm),peak_only,300.0,-53.624,-53.624,305.0,-55.851,-55.851,310.0,-56.307,-56.307,,,,,,
2026-08-20T10:39:18.140,160.333,0.11,9361,AV,AVANZANDO,53.6,1,1,O,OFFBOARD,300.0,300.0,0.0,,0,A,2,SB,2,13.44,40,,,,8.9,8.36,-9.79,-8.55,19.512504,-99.1294309,19.5124284,-99.1293366,19.5124905,-99.1294083,300.0,1,1,1,A,EN AIRE,YC,aoa_orientado,3,,-39.0,-46.118,,0,ma0,D,8,45,1,15,2,3,1,40,3,10,0.5,-35,3,5,22.5,15,19.5125837,-99.1295635,rssi_avg20_ge_-35dbm (-34.951 dBm),peak_only,300.0,-53.624,-53.624,305.0,-55.851,-55.851,310.0,-56.307,-56.307,,,,,,
2026-08-20T10:39:18.311,160.504,0.172,9361,AV,AVANZANDO,53.9,1,1,O,OFFBOARD,300.4,300.0,0.4,,0,A,2,SB,2,13.57,40,,,,8.9,8.43,-9.95,-8.56,19.5125046,-99.1294327,19.5124284,-99.1293366,19.5124905,-99.1294083,300.0,1,1,1,A,EN AIRE,YC,aoa_orientado,3,,-39.0,-45.406,,0,ma0,D,8,45,1,15,2,3,1,40,3,10,0.5,-35,3,5,22.5,15,19.5125837,-99.1295635,rssi_avg20_ge_-35dbm (-34.951 dBm),peak_only,300.0,-53.624,-53.624,305.0,-55.851,-55.851,310.0,-56.307,-56.307,,,,,,
2026-08-20T10:39:18.494,160.687,0.359,9361,AV,AVANZANDO,53.9,1,1,O,OFFBOARD,300.4,300.0,0.4,,0,A,2,SB,2,13.57,40,,,,8.9,8.43,-9.95,-8.56,19.5125046,-99.1294327,19.5124284,-99.1293366,19.5124905,-99.1294083,300.0,1,1,1,A,EN AIRE,YC,aoa_orientado,3,,-77.0,-48.566,,0,ma0,D,8,45,1,15,2,3,1,40,3,10,0.5,-35,3,5,22.5,15,19.5125837,-99.1295635,rssi_avg20_ge_-35dbm (-34.951 dBm),peak_only,300.0,-53.624,-53.624,305.0,-55.851,-55.851,310.0,-56.307,-56.307,,,,,,
2026-08-20T10:39:18.567,160.76,0.437,9361,AV,AVANZANDO,53.9,1,1,O,OFFBOARD,300.4,300.0,0.4,,0,A,2,SB,2,13.57,40,,,,8.9,8.43,-9.95,-8.56,19.5125046,-99.1294327,19.5124284,-99.1293366,19.5124905,-99.1294083,300.0,1,1,1,A,EN AIRE,YC,aoa_orientado,3,,-40.0,-47.709,,0,ma0,D,8,45,1,15,2,3,1,40,3,10,0.5,-35,3,5,22.5,15,19.5125837,-99.1295635,rssi_avg20_ge_-35dbm (-34.951 dBm),peak_only,300.0,-53.624,-53.624,305.0,-55.851,-55.851,310.0,-56.307,-56.307,,,,,,
2026-08-20T10:39:18.767,160.96,0.625,9361,AV,AVANZANDO,53.9,1,1,O,OFFBOARD,300.4,300.0,0.4,,0,A,2,SB,2,13.57,40,,,,8.9,8.43,-9.95,-8.56,19.5125046,-99.1294327,19.5124284,-99.1293366,19.5124905,-99.1294083,300.0,1,1,1,A,EN AIRE,YC,aoa_orientado,3,,-42.0,-47.138,,0,ma0,D,8,45,1,15,2,3,1,40,3,10,0.5,-35,3,5,22.5,15,19.5125837,-99.1295635,rssi_avg20_ge_-35dbm (-34.951 dBm),peak_only,300.0,-53.624,-53.624,305.0,-55.851,-55.851,310.0,-56.307,-56.307,,,,,,
2026-08-20T10:39:18.860,161.053,0.094,9361,AV,AVANZANDO,54.6,1,1,O,OFFBOARD,300.7,300.0,0.7,,0,A,2,SB,2,13.83,40,,,,8.9,8.49,-10.1,-8.57,19.5125053,-99.1294345,19.5124284,-99.1293366,19.5124905,-99.1294083,300.0,1,1,1,A,EN AIRE,YC,aoa_orientado,3,,-43.0,-46.724,,0,ma0,D,8,45,1,15,2,3,1,40,3,10,0.5,-35,3,5,22.5,15,19.5125837,-99.1295635,rssi_avg20_ge_-35dbm (-34.951 dBm),peak_only,300.0,-53.624,-53.624,305.0,-55.851,-55.851,310.0,-56.307,-56.307,,,,,,
2026-08-20T10:39:19.044,161.237,0.281,9361,AV,AVANZANDO,54.6,1,1,O,OFFBOARD,300.7,300.0,0.7,,0,A,2,SB,2,13.83,40,,,,8.9,8.49,-10.1,-8.57,19.5125053,-99.1294345,19.5124284,-99.1293366,19.5124905,-99.1294083,300.0,1,1,1,A,EN AIRE,YC,aoa_orientado,3,,-47.0,-46.752,,0,ma0,D,8,45,1,15,2,3,1,40,3,10,0.5,-35,3,5,22.5,15,19.5125837,-99.1295635,rssi_avg20_ge_-35dbm (-34.951 dBm),peak_only,300.0,-53.624,-53.624,305.0,-55.851,-55.851,310.0,-56.307,-56.307,,,,,,
2026-08-20T10:39:19.337,161.53,0.172,9361,AV,AVANZANDO,55.2,1,1,O,OFFBOARD,300.5,300.0,0.5,,0,A,2,SB,2,14.09,40,,,,8.9,8.63,-10.41,-8.62,19.5125065,-99.129437,19.5124284,-99.1293366,19.5124905,-99.1294083,300.0,1,1,1,A,EN AIRE,YC,aoa_orientado,3,,-50.0,-47.077,,0,ma0,D,8,45,1,15,2,3,1,40,3,10,0.5,-35,3,5,22.5,15,19.5125837,-99.1295635,rssi_avg20_ge_-35dbm (-34.951 dBm),peak_only,300.0,-53.624,-53.624,305.0,-55.851,-55.851,310.0,-56.307,-56.307,,,,,,
2026-08-20T10:39:19.532,161.725,0.0,9361,AV,AVANZANDO,55.5,1,1,O,OFFBOARD,300.4,300.0,0.4,,0,A,2,SB,2,14.22,40,,,,9.0,8.71,-10.55,-8.65,19.512507,-99.1294378,19.5124284,-99.1293366,19.5124905,-99.1294083,300.0,1,1,1,A,EN AIRE,YC,aoa_orientado,3,,-47.0,-47.069,,0,ma0,D,8,45,1,15,2,3,1,40,3,10,0.5,-35,3,5,22.5,15,19.5125837,-99.1295635,rssi_avg20_ge_-35dbm (-34.951 dBm),peak_only,300.0,-53.624,-53.624,305.0,-55.851,-55.851,310.0,-56.307,-56.307,,,,,,
2026-08-20T10:39:19.614,161.807,0.094,9361,AV,AVANZANDO,55.5,1,1,O,OFFBOARD,300.4,300.0,0.4,,0,A,2,SB,2,14.22,40,,,,9.0,8.71,-10.55,-8.65,19.512507,-99.1294378,19.5124284,-99.1293366,19.5124905,-99.1294083,300.0,1,1,1,A,EN AIRE,YC,aoa_orientado,3,,-46.0,-46.962,,0,ma0,D,8,45,1,15,2,3,1,40,3,10,0.5,-35,3,5,22.5,15,19.5125837,-99.1295635,rssi_avg20_ge_-35dbm (-34.951 dBm),peak_only,300.0,-53.624,-53.624,305.0,-55.851,-55.851,310.0,-56.307,-56.307,,,,,,
2026-08-20T10:39:19.804,161.997,0.282,9361,AV,AVANZANDO,55.5,1,1,O,OFFBOARD,300.4,300.0,0.4,,0,A,2,SB,2,14.22,40,,,,9.0,8.71,-10.55,-8.65,19.512507,-99.1294378,19.5124284,-99.1293366,19.5124905,-99.1294083,300.0,1,1,1,A,EN AIRE,YC,aoa_orientado,3,,-82.0,-50.466,,0,ma0,D,8,45,1,15,2,3,1,40,3,10,0.5,-35,3,5,22.5,15,19.5125837,-99.1295635,rssi_avg20_ge_-35dbm (-34.951 dBm),peak_only,300.0,-53.624,-53.624,305.0,-55.851,-55.851,310.0,-56.307,-56.307,,,,,,
2026-08-20T10:39:19.890,162.083,0.078,9361,AV,AVANZANDO,55.9,1,1,O,OFFBOARD,300.3,300.0,0.3,,0,A,2,SB,2,14.35,40,,,,9.0,8.79,-10.69,-8.68,19.5125077,-99.1294394,19.5124284,-99.1293366,19.5124905,-99.1294083,300.0,1,1,1,A,EN AIRE,YC,aoa_orientado,3,,-43.0,-49.719,,0,ma0,D,8,45,1,15,2,3,1,40,3,10,0.5,-35,3,5,22.5,15,19.5125837,-99.1295635,rssi_avg20_ge_-35dbm (-34.951 dBm),peak_only,300.0,-53.624,-53.624,305.0,-55.851,-55.851,310.0,-56.307,-56.307,,,,,,
2026-08-20T10:39:20.071,162.264,0.265,9361,AV,AVANZANDO,55.9,1,1,O,OFFBOARD,300.3,300.0,0.3,,0,A,2,SB,2,14.35,40,,,,9.0,8.79,-10.69,-8.68,19.5125077,-99.1294394,19.5124284,-99.1293366,19.5124905,-99.1294083,300.0,1,1,1,A,EN AIRE,YC,aoa_orientado,3,,-43.0,-49.047,,0,ma0,D,8,45,1,15,2,3,1,40,3,10,0.5,-35,3,5,22.5,15,19.5125837,-99.1295635,rssi_avg20_ge_-35dbm (-34.951 dBm),peak_only,300.0,-53.624,-53.624,305.0,-55.851,-55.851,310.0,-56.307,-56.307,,,,,,
2026-08-20T10:39:20.373,162.566,0.187,9361,AV,AVANZANDO,56.5,1,1,O,OFFBOARD,300.5,300.0,0.5,,0,A,2,SB,2,14.61,40,,,,9.0,8.86,-10.82,-8.7,19.5125091,-99.1294416,19.5124284,-99.1293366,19.5124905,-99.1294083,300.0,1,1,1,A,EN AIRE,YC,aoa_orientado,3,,-42.0,-48.343,,0,ma0,D,8,45,1,15,2,3,1,40,3,10,0.5,-35,3,5,22.5,15,19.5125837,-99.1295635,rssi_avg20_ge_-35dbm (-34.951 dBm),peak_only,300.0,-53.624,-53.624,305.0,-55.851,-55.851,310.0,-56.307,-56.307,,,,,,
2026-08-20T10:39:20.373,162.566,0.187,9361,AV,AVANZANDO,56.5,1,1,O,OFFBOARD,300.5,300.0,0.5,,0,A,2,SB,2,14.61,40,,,,9.0,8.86,-10.82,-8.7,19.5125091,-99.1294416,19.5124284,-99.1293366,19.5124905,-99.1294083,300.0,1,1,1,A,EN AIRE,YC,aoa_orientado,3,,-42.0,-47.708,,0,ma0,D,8,45,1,15,2,3,1,40,3,10,0.5,-35,3,5,22.5,15,19.5125837,-99.1295635,rssi_avg20_ge_-35dbm (-34.951 dBm),peak_only,300.0,-53.624,-53.624,305.0,-55.851,-55.851,310.0,-56.307,-56.307,,,,,,
2026-08-20T10:39:20.469,162.662,0.281,9361,AV,AVANZANDO,56.5,1,1,O,OFFBOARD,300.5,300.0,0.5,,0,A,2,SB,2,14.61,40,,,,9.0,8.86,-10.82,-8.7,19.5125091,-99.1294416,19.5124284,-99.1293366,19.5124905,-99.1294083,300.0,1,1,1,A,EN AIRE,YC,aoa_orientado,3,,-40.0,-46.938,,0,ma0,D,8,45,1,15,2,3,1,40,3,10,0.5,-35,3,5,22.5,15,19.5125837,-99.1295635,rssi_avg20_ge_-35dbm (-34.951 dBm),peak_only,300.0,-53.624,-53.624,305.0,-55.851,-55.851,310.0,-56.307,-56.307,,,,,,
2026-08-20T10:39:20.641,162.834,0.453,9361,AV,AVANZANDO,56.5,1,1,O,OFFBOARD,300.5,300.0,0.5,,0,A,2,SB,2,14.61,40,,,,9.0,8.86,-10.82,-8.7,19.5125091,-99.1294416,19.5124284,-99.1293366,19.5124905,-99.1294083,300.0,1,1,1,A,EN AIRE,YC,aoa_orientado,3,,-40.0,-46.244,,0,ma0,D,8,45,1,15,2,3,1,40,3,10,0.5,-35,3,5,22.5,15,19.5125837,-99.1295635,rssi_avg20_ge_-35dbm (-34.951 dBm),peak_only,300.0,-53.624,-53.624,305.0,-55.851,-55.851,310.0,-56.307,-56.307,,,,,,
2026-08-20T10:39:20.844,163.037,0.656,9361,AV,AVANZANDO,56.5,1,1,O,OFFBOARD,300.5,300.0,0.5,,0,A,2,SB,2,14.61,40,,,,9.0,8.86,-10.82,-8.7,19.5125091,-99.1294416,19.5124284,-99.1293366,19.5124905,-99.1294083,300.0,1,1,1,A,EN AIRE,YC,aoa_orientado,3,,-41.0,-45.719,,0,ma0,D,8,45,1,15,2,3,1,40,3,10,0.5,-35,3,5,22.5,15,19.5125837,-99.1295635,rssi_avg20_ge_-35dbm (-34.951 dBm),peak_only,300.0,-53.624,-53.624,305.0,-55.851,-55.851,310.0,-56.307,-56.307,,,,,,
2026-08-20T10:39:20.933,163.126,0.094,9361,AV,AVANZANDO,57.2,1,1,O,OFFBOARD,299.6,300.0,-0.4,,0,A,2,SB,2,14.87,40,,,,9.0,9.04,-11.06,-8.69,19.5125101,-99.129443,19.5124284,-99.1293366,19.5124905,-99.1294083,300.0,1,1,1,A,EN AIRE,YC,aoa_orientado,3,,-41.0,-45.248,,0,ma0,D,8,45,1,15,2,3,1,40,3,10,0.5,-35,3,5,22.5,15,19.5125837,-99.1295635,rssi_avg20_ge_-35dbm (-34.951 dBm),peak_only,300.0,-53.624,-53.624,305.0,-55.851,-55.851,310.0,-56.307,-56.307,,,,,,
2026-08-20T10:39:21.134,163.327,0.297,9361,AV,AVANZANDO,57.2,1,1,O,OFFBOARD,299.6,300.0,-0.4,,0,A,2,SB,2,14.87,40,,,,9.0,9.04,-11.06,-8.69,19.5125101,-99.129443,19.5124284,-99.1293366,19.5124905,-99.1294083,300.0,1,1,1,A,EN AIRE,YC,aoa_orientado,3,,-42.0,-44.923,,0,ma0,D,8,45,1,15,2,3,1,40,3,10,0.5,-35,3,5,22.5,15,19.5125837,-99.1295635,rssi_avg20_ge_-35dbm (-34.951 dBm),peak_only,300.0,-53.624,-53.624,305.0,-55.851,-55.851,310.0,-56.307,-56.307,,,,,,
2026-08-20T10:39:21.250,163.443,0.109,9361,AV,AVANZANDO,57.5,1,1,O,OFFBOARD,299.7,300.0,-0.3,,0,A,2,SB,2,15.0,40,,,,9.0,9.15,-11.18,-8.68,19.5125112,-99.1294443,19.5124284,-99.1293366,19.5124905,-99.1294083,300.0,1,1,1,A,EN AIRE,YC,aoa_orientado,3,,-43.0,-44.73,,0,ma0,D,8,45,1,15,2,3,1,40,3,10,0.5,-35,3,5,22.5,15,19.5125837,-99.1295635,rssi_avg20_ge_-35dbm (-34.951 dBm),peak_only,300.0,-53.624,-53.624,305.0,-55.851,-55.851,310.0,-56.307,-56.307,,,,,,
2026-08-20T10:39:21.520,163.712,0.281,9361,AV,AVANZANDO,57.8,1,1,O,OFFBOARD,299.7,300.0,-0.3,,0,A,2,SB,2,15.13,40,,,,9.0,9.25,-11.29,-8.68,19.5125118,-99.1294449,19.5124284,-99.1293366,19.5124905,-99.1294083,300.0,1,1,1,A,EN AIRE,YC,aoa_orientado,3,,-51.0,-45.357,,0,ma0,D,8,45,1,15,2,3,1,40,3,10,0.5,-35,3,5,22.5,15,19.5125837,-99.1295635,rssi_avg20_ge_-35dbm (-34.951 dBm),peak_only,300.0,-53.624,-53.624,305.0,-55.851,-55.851,310.0,-56.307,-56.307,,,,,,
2026-08-20T10:39:21.900,164.093,0.281,9361,AV,AVANZANDO,58.2,1,1,O,OFFBOARD,300.3,300.0,0.3,,0,A,2,SB,2,15.26,40,,,,9.0,9.25,-11.29,-8.68,19.5125123,-99.1294456,19.5124284,-99.1293366,19.5124905,-99.1294083,300.0,1,1,1,A,EN AIRE,YC,aoa_orientado,3,,-55.0,-46.322,,0,ma0,D,8,45,1,15,2,3,1,40,3,10,0.5,-35,3,5,22.5,15,19.5125837,-99.1295635,rssi_avg20_ge_-35dbm (-34.951 dBm),peak_only,300.0,-53.624,-53.624,305.0,-55.851,-55.851,310.0,-56.307,-56.307,,,,,,
2026-08-20T10:39:22.191,164.384,0.297,9361,AV,AVANZANDO,58.5,1,1,O,OFFBOARD,300.0,300.0,0.0,,0,A,2,SB,2,15.39,40,,,,9.0,9.34,-11.41,-8.69,19.5125133,-99.1294469,19.5124284,-99.1293366,19.5124905,-99.1294083,300.0,1,1,1,A,EN AIRE,YC,aoa_orientado,3,,-52.0,-46.89,,0,ma0,D,8,45,1,15,2,3,1,40,3,10,0.5,-35,3,5,22.5,15,19.5125837,-99.1295635,rssi_avg20_ge_-35dbm (-34.951 dBm),peak_only,300.0,-53.624,-53.624,305.0,-55.851,-55.851,310.0,-56.307,-56.307,,,,,,
2026-08-20T10:39:22.191,164.384,0.297,9361,AV,AVANZANDO,58.5,1,1,O,OFFBOARD,300.0,300.0,0.0,,0,A,2,SB,2,15.39,40,,,,9.0,9.34,-11.41,-8.69,19.5125133,-99.1294469,19.5124284,-99.1293366,19.5124905,-99.1294083,300.0,1,1,1,A,EN AIRE,YC,aoa_orientado,3,,-51.0,-47.301,,0,ma0,D,8,45,1,15,2,3,1,40,3,10,0.5,-35,3,5,22.5,15,19.5125837,-99.1295635,rssi_avg20_ge_-35dbm (-34.951 dBm),peak_only,300.0,-53.624,-53.624,305.0,-55.851,-55.851,310.0,-56.307,-56.307,,,,,,
2026-08-20T10:39:22.290,164.482,0.391,9361,AV,AVANZANDO,58.5,1,1,O,OFFBOARD,300.0,300.0,0.0,,0,A,2,SB,2,15.39,40,,,,9.0,9.34,-11.41,-8.69,19.5125133,-99.1294469,19.5124284,-99.1293366,19.5124905,-99.1294083,300.0,1,1,1,A,EN AIRE,YC,aoa_orientado,3,,-49.0,-47.471,,0,ma0,D,8,45,1,15,2,3,1,40,3,10,0.5,-35,3,5,22.5,15,19.5125837,-99.1295635,rssi_avg20_ge_-35dbm (-34.951 dBm),peak_only,300.0,-53.624,-53.624,305.0,-55.851,-55.851,310.0,-56.307,-56.307,,,,,,
2026-08-20T10:39:22.749,164.942,0.078,9361,AV,AVANZANDO,59.5,1,1,O,OFFBOARD,299.7,300.0,-0.3,,0,A,2,SB,2,15.78,40,,,,9.0,9.61,-11.82,-8.71,19.5125151,-99.1294502,19.5124284,-99.1293366,19.5124905,-99.1294083,300.0,1,1,1,A,EN AIRE,YC,aoa_orientado,3,,-46.0,-47.323,,0,ma0,D,8,45,1,15,2,3,1,40,3,10,0.5,-35,3,5,22.5,15,19.5125837,-99.1295635,rssi_avg20_ge_-35dbm (-34.951 dBm),peak_only,300.0,-53.624,-53.624,305.0,-55.851,-55.851,310.0,-56.307,-56.307,,,,,,
2026-08-20T10:39:22.749,164.942,0.078,9361,AV,AVANZANDO,59.5,1,1,O,OFFBOARD,299.7,300.0,-0.3,,0,A,2,SB,2,15.78,40,,,,9.0,9.61,-11.82,-8.71,19.5125151,-99.1294502,19.5124284,-99.1293366,19.5124905,-99.1294083,300.0,1,1,1,A,EN AIRE,YC,aoa_orientado,3,,-46.0,-47.191,,0,ma0,D,8,45,1,15,2,3,1,40,3,10,0.5,-35,3,5,22.5,15,19.5125837,-99.1295635,rssi_avg20_ge_-35dbm (-34.951 dBm),peak_only,300.0,-53.624,-53.624,305.0,-55.851,-55.851,310.0,-56.307,-56.307,,,,,,
2026-08-20T10:39:22.749,164.942,0.078,9361,AV,AVANZANDO,59.5,1,1,O,OFFBOARD,299.7,300.0,-0.3,,0,A,2,SB,2,15.78,40,,,,9.0,9.61,-11.82,-8.71,19.5125151,-99.1294502,19.5124284,-99.1293366,19.5124905,-99.1294083,300.0,1,1,1,A,EN AIRE,YC,aoa_orientado,3,,-46.0,-47.072,,0,ma0,D,8,45,1,15,2,3,1,40,3,10,0.5,-35,3,5,22.5,15,19.5125837,-99.1295635,rssi_avg20_ge_-35dbm (-34.951 dBm),peak_only,300.0,-53.624,-53.624,305.0,-55.851,-55.851,310.0,-56.307,-56.307,,,,,,
2026-08-20T10:39:22.954,165.147,0.281,9361,AV,AVANZANDO,59.5,1,1,O,OFFBOARD,299.7,300.0,-0.3,,0,A,2,SB,2,15.78,40,,,,9.0,9.61,-11.82,-8.71,19.5125151,-99.1294502,19.5124284,-99.1293366,19.5124905,-99.1294083,300.0,1,1,1,A,EN AIRE,YC,aoa_orientado,3,,-46.0,-46.965,,0,ma0,D,8,45,1,15,2,3,1,40,3,10,0.5,-35,3,5,22.5,15,19.5125837,-99.1295635,rssi_avg20_ge_-35dbm (-34.951 dBm),peak_only,300.0,-53.624,-53.624,305.0,-55.851,-55.851,310.0,-56.307,-56.307,,,,,,
2026-08-20T10:39:23.067,165.26,0.125,9361,AV,AVANZANDO,59.8,1,1,O,OFFBOARD,300.0,300.0,0.0,,0,A,2,SB,2,15.91,40,,,,9.0,9.7,-11.97,-8.72,19.5125157,-99.129451,19.5124284,-99.1293366,19.5124905,-99.1294083,300.0,1,1,1,A,EN AIRE,YC,aoa_orientado,3,,-46.0,-46.868,,0,ma0,D,8,45,1,15,2,3,1,40,3,10,0.5,-35,3,5,22.5,15,19.5125837,-99.1295635,rssi_avg20_ge_-35dbm (-34.951 dBm),peak_only,300.0,-53.624,-53.624,305.0,-55.851,-55.851,310.0,-56.307,-56.307,,,,,,
2026-08-20T10:39:23.228,165.42,0.282,9361,AV,AVANZANDO,59.8,1,1,O,OFFBOARD,300.0,300.0,0.0,,0,A,2,SB,2,15.91,40,,,,9.0,9.7,-11.97,-8.72,19.5125157,-99.129451,19.5124284,-99.1293366,19.5124905,-99.1294083,300.0,1,1,1,A,EN AIRE,YC,aoa_orientado,3,,-46.0,-46.781,,0,ma0,D,8,45,1,15,2,3,1,40,3,10,0.5,-35,3,5,22.5,15,19.5125837,-99.1295635,rssi_avg20_ge_-35dbm (-34.951 dBm),peak_only,300.0,-53.624,-53.624,305.0,-55.851,-55.851,310.0,-56.307,-56.307,,,,,,
2026-08-20T10:39:23.511,165.704,0.172,9361,AV,AVANZANDO,60.4,1,1,O,OFFBOARD,300.2,300.0,0.2,,0,A,2,SB,2,16.18,40,,,,9.1,9.78,-12.12,-8.74,19.512517,-99.1294537,19.5124284,-99.1293366,19.5124905,-99.1294083,300.0,1,1,1,A,EN AIRE,YC,aoa_orientado,3,,-47.0,-46.803,,0,ma0,D,8,45,1,15,2,3,1,40,3,10,0.5,-35,3,5,22.5,15,19.5125837,-99.1295635,rssi_avg20_ge_-35dbm (-34.951 dBm),peak_only,300.0,-53.624,-53.624,305.0,-55.851,-55.851,310.0,-56.307,-56.307,,,,,,
2026-08-20T10:39:23.511,165.704,0.172,9361,AV,AVANZANDO,60.4,1,1,O,OFFBOARD,300.2,300.0,0.2,,0,A,2,SB,2,16.18,40,,,,9.1,9.78,-12.12,-8.74,19.512517,-99.1294537,19.5124284,-99.1293366,19.5124905,-99.1294083,300.0,1,1,1,A,EN AIRE,YC,aoa_orientado,3,,-47.0,-46.823,,0,ma0,D,8,45,1,15,2,3,1,40,3,10,0.5,-35,3,5,22.5,15,19.5125837,-99.1295635,rssi_avg20_ge_-35dbm (-34.951 dBm),peak_only,300.0,-53.624,-53.624,305.0,-55.851,-55.851,310.0,-56.307,-56.307,,,,,,
2026-08-20T10:39:23.600,165.793,0.266,9361,AV,AVANZANDO,60.4,1,1,O,OFFBOARD,300.2,300.0,0.2,,0,A,2,SB,2,16.18,40,,,,9.1,9.78,-12.12,-8.74,19.512517,-99.1294537,19.5124284,-99.1293366,19.5124905,-99.1294083,300.0,1,1,1,A,EN AIRE,YC,aoa_orientado,3,,-46.0,-46.741,,0,ma0,D,8,45,1,15,2,3,1,40,3,10,0.5,-35,3,5,22.5,15,19.5125837,-99.1295635,rssi_avg20_ge_-35dbm (-34.951 dBm),peak_only,300.0,-53.624,-53.624,305.0,-55.851,-55.851,310.0,-56.307,-56.307,,,,,,
2026-08-20T10:39:23.779,165.972,0.093,9361,AV,AVANZANDO,60.8,1,1,O,OFFBOARD,299.7,300.0,-0.3,,0,A,2,SB,2,16.31,40,,,,9.1,9.86,-12.27,-8.75,19.5125174,-99.1294546,19.5124284,-99.1293366,19.5124905,-99.1294083,300.0,1,1,1,A,EN AIRE,YC,aoa_orientado,3,,-45.0,-46.567,,0,ma0,D,8,45,1,15,2,3,1,40,3,10,0.5,-35,3,5,22.5,15,19.5125837,-99.1295635,rssi_avg20_ge_-35dbm (-34.951 dBm),peak_only,300.0,-53.624,-53.624,305.0,-55.851,-55.851,310.0,-56.307,-56.307,,,,,,
2026-08-20T10:39:23.877,166.07,0.203,9361,AV,AVANZANDO,60.8,1,1,O,OFFBOARD,299.7,300.0,-0.3,,0,A,2,SB,2,16.31,40,,,,9.1,9.86,-12.27,-8.75,19.5125174,-99.1294546,19.5124284,-99.1293366,19.5124905,-99.1294083,300.0,1,1,1,A,EN AIRE,YC,aoa_orientado,3,,-43.0,-46.21,,0,ma0,D,8,45,1,15,2,3,1,40,3,10,0.5,-35,3,5,22.5,15,19.5125837,-99.1295635,rssi_avg20_ge_-35dbm (-34.951 dBm),peak_only,300.0,-53.624,-53.624,305.0,-55.851,-55.851,310.0,-56.307,-56.307,,,,,,
2026-08-20T10:39:24.053,166.246,0.094,9361,AV,AVANZANDO,61.1,1,1,O,OFFBOARD,299.7,300.0,-0.3,,0,A,2,SB,2,16.44,40,,,,9.1,9.93,-12.43,-8.77,19.5125181,-99.1294563,19.5124284,-99.1293366,19.5124905,-99.1294083,300.0,1,1,1,A,EN AIRE,YC,aoa_orientado,3,,-44.0,-45.989,,0,ma0,D,8,45,1,15,2,3,1,40,3,10,0.5,-35,3,5,22.5,15,19.5125837,-99.1295635,rssi_avg20_ge_-35dbm (-34.951 dBm),peak_only,300.0,-53.624,-53.624,305.0,-55.851,-55.851,310.0,-56.307,-56.307,,,,,,
2026-08-20T10:39:24.160,166.353,0.203,9361,AV,AVANZANDO,61.1,1,1,O,OFFBOARD,299.7,300.0,-0.3,,0,A,2,SB,2,16.44,40,,,,9.1,9.93,-12.43,-8.77,19.5125181,-99.1294563,19.5124284,-99.1293366,19.5124905,-99.1294083,300.0,1,1,1,A,EN AIRE,YC,aoa_orientado,3,,-43.0,-45.69,,0,ma0,D,8,45,1,15,2,3,1,40,3,10,0.5,-35,3,5,22.5,15,19.5125837,-99.1295635,rssi_avg20_ge_-35dbm (-34.951 dBm),peak_only,300.0,-53.624,-53.624,305.0,-55.851,-55.851,310.0,-56.307,-56.307,,,,,,
2026-08-20T10:39:24.465,166.658,0.109,9361,AV,AVANZANDO,61.7,1,1,O,OFFBOARD,299.6,300.0,-0.4,,0,A,2,SB,2,16.7,40,,,,9.1,9.99,-12.58,-8.79,19.5125188,-99.129458,19.5124284,-99.1293366,19.5124905,-99.1294083,300.0,1,1,1,A,EN AIRE,YC,aoa_orientado,3,,-41.0,-45.221,,0,ma0,D,8,45,1,15,2,3,1,40,3,10,0.5,-35,3,5,22.5,15,19.5125837,-99.1295635,rssi_avg20_ge_-35dbm (-34.951 dBm),peak_only,300.0,-53.624,-53.624,305.0,-55.851,-55.851,310.0,-56.307,-56.307,,,,,,
2026-08-20T10:39:24.465,166.658,0.109,9361,AV,AVANZANDO,61.7,1,1,O,OFFBOARD,299.6,300.0,-0.4,,0,A,2,SB,2,16.7,40,,,,9.1,9.99,-12.58,-8.79,19.5125188,-99.129458,19.5124284,-99.1293366,19.5124905,-99.1294083,300.0,1,1,1,A,EN AIRE,YC,aoa_orientado,3,,-41.0,-44.799,,0,ma0,D,8,45,1,15,2,3,1,40,3,10,0.5,-35,3,5,22.5,15,19.5125837,-99.1295635,rssi_avg20_ge_-35dbm (-34.951 dBm),peak_only,300.0,-53.624,-53.624,305.0,-55.851,-55.851,310.0,-56.307,-56.307,,,,,,
2026-08-20T10:39:24.628,166.821,0.281,9361,AV,AVANZANDO,61.7,1,1,O,OFFBOARD,299.6,300.0,-0.4,,0,A,2,SB,2,16.7,40,,,,9.1,9.99,-12.58,-8.79,19.5125188,-99.129458,19.5124284,-99.1293366,19.5124905,-99.1294083,300.0,1,1,1,A,EN AIRE,YC,aoa_orientado,3,,-42.0,-44.519,,0,ma0,D,8,45,1,15,2,3,1,40,3,10,0.5,-35,3,5,22.5,15,19.5125837,-99.1295635,rssi_avg20_ge_-35dbm (-34.951 dBm),peak_only,300.0,-53.624,-53.624,305.0,-55.851,-55.851,310.0,-56.307,-56.307,,,,,,
2026-08-20T10:39:24.720,166.913,0.359,9361,AV,AVANZANDO,61.7,1,1,O,OFFBOARD,299.6,300.0,-0.4,,0,A,2,SB,2,16.7,40,,,,9.1,9.99,-12.58,-8.79,19.5125188,-99.129458,19.5124284,-99.1293366,19.5124905,-99.1294083,300.0,1,1,1,A,EN AIRE,YC,aoa_orientado,3,,-42.0,-44.267,,0,ma0,D,8,45,1,15,2,3,1,40,3,10,0.5,-35,3,5,22.5,15,19.5125837,-99.1295635,rssi_avg20_ge_-35dbm (-34.951 dBm),peak_only,300.0,-53.624,-53.624,305.0,-55.851,-55.851,310.0,-56.307,-56.307,,,,,,
2026-08-20T10:39:24.889,167.082,0.078,9361,AV,AVANZANDO,62.1,1,1,O,OFFBOARD,299.6,300.0,-0.4,,0,A,2,SB,2,16.83,40,,,,9.2,10.05,-12.72,-8.81,19.5125194,-99.1294596,19.5124284,-99.1293366,19.5124905,-99.1294083,300.0,1,1,1,A,EN AIRE,YC,aoa_orientado,3,,-42.0,-44.04,,0,ma0,D,8,45,1,15,2,3,1,40,3,10,0.5,-35,3,5,22.5,15,19.5125837,-99.1295635,rssi_avg20_ge_-35dbm (-34.951 dBm),peak_only,300.0,-53.624,-53.624,305.0,-55.851,-55.851,310.0,-56.307,-56.307,,,,,,
2026-08-20T10:39:25.089,167.282,0.0,9361,AV,AVANZANDO,62.4,1,1,O,OFFBOARD,299.3,300.0,-0.7,,0,A,2,SB,2,16.96,40,,,,9.2,10.11,-12.86,-8.84,19.5125197,-99.1294603,19.5124284,-99.1293366,19.5124905,-99.1294083,300.0,1,1,1,A,EN AIRE,YC,aoa_orientado,3,,-44.0,-44.036,,0,ma0,D,8,45,1,15,2,3,1,40,3,10,0.5,-35,3,5,22.5,15,19.5125837,-99.1295635,rssi_avg20_ge_-35dbm (-34.951 dBm),peak_only,300.0,-53.624,-53.624,305.0,-55.851,-55.851,310.0,-56.307,-56.307,,,,,,
2026-08-20T10:39:25.171,167.364,0.078,9361,AV,AVANZANDO,62.4,1,1,O,OFFBOARD,299.3,300.0,-0.7,,0,A,2,SB,2,16.96,40,,,,9.2,10.11,-12.86,-8.84,19.5125197,-99.1294603,19.5124284,-99.1293366,19.5124905,-99.1294083,300.0,1,1,1,A,EN AIRE,YC,aoa_orientado,3,,-43.0,-43.933,,0,ma0,D,8,45,1,15,2,3,1,40,3,10,0.5,-35,3,5,22.5,15,19.5125837,-99.1295635,rssi_avg20_ge_-35dbm (-34.951 dBm),peak_only,300.0,-53.624,-53.624,305.0,-55.851,-55.851,310.0,-56.307,-56.307,,,,,,
2026-08-20T10:39:25.484,167.677,0.282,9361,AV,AVANZANDO,62.7,1,1,O,OFFBOARD,299.6,300.0,-0.4,,0,A,2,SB,2,17.09,40,,,,9.2,10.17,-12.98,-8.85,19.5125205,-99.1294617,19.5124284,-99.1293366,19.5124905,-99.1294083,300.0,1,1,1,A,EN AIRE,YC,aoa_orientado,3,,-44.0,-43.939,,0,ma0,D,8,45,1,15,2,3,1,40,3,10,0.5,-35,3,5,22.5,15,19.5125837,-99.1295635,rssi_avg20_ge_-35dbm (-34.951 dBm),peak_only,300.0,-53.624,-53.624,305.0,-55.851,-55.851,310.0,-56.307,-56.307,,,,,,
2026-08-20T10:39:25.484,167.677,0.282,9361,AV,AVANZANDO,62.7,1,1,O,OFFBOARD,299.6,300.0,-0.4,,0,A,2,SB,2,17.09,40,,,,9.2,10.17,-12.98,-8.85,19.5125205,-99.1294617,19.5124284,-99.1293366,19.5124905,-99.1294083,300.0,1,1,1,A,EN AIRE,YC,aoa_orientado,3,,-45.0,-44.046,,0,ma0,D,8,45,1,15,2,3,1,40,3,10,0.5,-35,3,5,22.5,15,19.5125837,-99.1295635,rssi_avg20_ge_-35dbm (-34.951 dBm),peak_only,300.0,-53.624,-53.624,305.0,-55.851,-55.851,310.0,-56.307,-56.307,,,,,,
2026-08-20T10:39:25.665,167.858,0.187,9361,AV,AVANZANDO,63.1,1,1,O,OFFBOARD,299.9,300.0,-0.1,,0,A,2,SB,2,17.22,40,,,,9.2,10.17,-12.98,-8.85,19.5125205,-99.1294617,19.5124284,-99.1293366,19.5124905,-99.1294083,300.0,1,1,1,A,EN AIRE,YC,aoa_orientado,3,,-79.0,-47.541,,0,ma0,D,8,45,1,15,2,3,1,40,3,10,0.5,-35,3,5,22.5,15,19.5125837,-99.1295635,rssi_avg20_ge_-35dbm (-34.951 dBm),peak_only,300.0,-53.624,-53.624,305.0,-55.851,-55.851,310.0,-56.307,-56.307,,,,,,
2026-08-20T10:39:25.819,168.012,0.343,9361,AV,AVANZANDO,63.1,1,1,O,OFFBOARD,299.9,300.0,-0.1,,0,A,2,SB,2,17.22,40,,,,9.2,10.17,-12.98,-8.85,19.5125205,-99.1294617,19.5124284,-99.1293366,19.5124905,-99.1294083,300.0,1,1,1,A,EN AIRE,YC,aoa_orientado,3,,-42.0,-46.987,,0,ma0,D,8,45,1,15,2,3,1,40,3,10,0.5,-35,3,5,22.5,15,19.5125837,-99.1295635,rssi_avg20_ge_-35dbm (-34.951 dBm),peak_only,300.0,-53.624,-53.624,305.0,-55.851,-55.851,310.0,-56.307,-56.307,,,,,,
2026-08-20T10:39:25.926,168.119,0.11,9361,AV,AVANZANDO,63.4,1,1,O,OFFBOARD,299.9,300.0,-0.1,,0,A,2,SB,2,17.35,40,,,,9.2,10.33,-13.23,-8.85,19.5125214,-99.1294632,19.5124284,-99.1293366,19.5124905,-99.1294083,300.0,1,1,1,A,EN AIRE,YC,aoa_orientado,3,,-41.0,-46.388,,0,ma0,D,8,45,1,15,2,3,1,40,3,10,0.5,-35,3,5,22.5,15,19.5125837,-99.1295635,rssi_avg20_ge_-35dbm (-34.951 dBm),peak_only,300.0,-53.624,-53.624,305.0,-55.851,-55.851,310.0,-56.307,-56.307,,,,,,
2026-08-20T10:39:26.072,168.265,0.25,9361,AV,AVANZANDO,63.4,1,1,O,OFFBOARD,299.9,300.0,-0.1,,0,A,2,SB,2,17.35,40,,,,9.2,10.33,-13.23,-8.85,19.5125214,-99.1294632,19.5124284,-99.1293366,19.5124905,-99.1294083,300.0,1,1,1,A,EN AIRE,YC,aoa_orientado,3,,-42.0,-45.949,,0,ma0,D,8,45,1,15,2,3,1,40,3,10,0.5,-35,3,5,22.5,15,19.5125837,-99.1295635,rssi_avg20_ge_-35dbm (-34.951 dBm),peak_only,300.0,-53.624,-53.624,305.0,-55.851,-55.851,310.0,-56.307,-56.307,,,,,,
2026-08-20T10:39:26.430,168.622,0.61,9361,AV,AVANZANDO,63.4,1,1,O,OFFBOARD,299.9,300.0,-0.1,,0,A,2,SB,2,17.35,40,,,,9.2,10.33,-13.23,-8.85,19.5125214,-99.1294632,19.5124284,-99.1293366,19.5124905,-99.1294083,300.0,1,1,1,A,EN AIRE,YC,aoa_orientado,3,,-39.0,-45.254,,0,ma0,D,8,45,1,15,2,3,1,40,3,10,0.5,-35,3,5,22.5,15,19.5125837,-99.1295635,rssi_avg20_ge_-35dbm (-34.951 dBm),peak_only,300.0,-53.624,-53.624,305.0,-55.851,-55.851,310.0,-56.307,-56.307,,,,,,
2026-08-20T10:39:26.430,168.622,0.61,9361,AV,AVANZANDO,63.4,1,1,O,OFFBOARD,299.9,300.0,-0.1,,0,A,2,SB,2,17.35,40,,,,9.2,10.33,-13.23,-8.85,19.5125214,-99.1294632,19.5124284,-99.1293366,19.5124905,-99.1294083,300.0,1,1,1,A,EN AIRE,YC,aoa_orientado,3,,-40.0,-44.729,,0,ma0,D,8,45,1,15,2,3,1,40,3,10,0.5,-35,3,5,22.5,15,19.5125837,-99.1295635,rssi_avg20_ge_-35dbm (-34.951 dBm),peak_only,300.0,-53.624,-53.624,305.0,-55.851,-55.851,310.0,-56.307,-56.307,,,,,,
2026-08-20T10:39:26.598,168.791,0.094,9361,AV,AVANZANDO,64.4,1,1,O,OFFBOARD,300.4,300.0,0.4,,0,A,2,SB,2,17.74,40,,,,9.2,10.49,-13.49,-8.84,19.5125234,-99.1294669,19.5124284,-99.1293366,19.5124905,-99.1294083,300.0,1,1,1,A,EN AIRE,YC,aoa_orientado,3,,-40.0,-44.256,,0,ma0,D,8,45,1,15,2,3,1,40,3,10,0.5,-35,3,5,22.5,15,19.5125837,-99.1295635,rssi_avg20_ge_-35dbm (-34.951 dBm),peak_only,300.0,-53.624,-53.624,305.0,-55.851,-55.851,310.0,-56.307,-56.307,,,,,,
2026-08-20T10:39:26.897,169.09,0.093,9361,AV,AVANZANDO,64.7,1,1,O,OFFBOARD,300.7,300.0,0.7,,0,A,2,SB,2,17.87,40,,,,9.2,10.56,-13.62,-8.84,19.5125238,-99.1294676,19.5124284,-99.1293366,19.5124905,-99.1294083,300.0,1,1,1,A,EN AIRE,YC,aoa_orientado,3,,-40.0,-43.83,,0,ma0,D,8,45,1,15,2,3,1,40,3,10,0.5,-35,3,5,22.5,15,19.5125837,-99.1295635,rssi_avg20_ge_-35dbm (-34.951 dBm),peak_only,300.0,-53.624,-53.624,305.0,-55.851,-55.851,310.0,-56.307,-56.307,,,,,,
2026-08-20T10:39:27.065,169.258,0.265,9361,AV,AVANZANDO,64.7,1,1,O,OFFBOARD,300.7,300.0,0.7,,0,A,2,SB,2,17.87,40,,,,9.2,10.56,-13.62,-8.84,19.5125238,-99.1294676,19.5124284,-99.1293366,19.5124905,-99.1294083,300.0,1,1,1,A,EN AIRE,YC,aoa_orientado,3,,-42.0,-43.647,,0,ma0,D,8,45,1,15,2,3,1,40,3,10,0.5,-35,3,5,22.5,15,19.5125837,-99.1295635,rssi_avg20_ge_-35dbm (-34.951 dBm),peak_only,300.0,-53.624,-53.624,305.0,-55.851,-55.851,310.0,-56.307,-56.307,,,,,,
2026-08-20T10:39:27.153,169.345,0.078,9361,AV,AVANZANDO,65.0,1,1,O,OFFBOARD,300.0,300.0,0.0,,0,A,2,SB,2,18.0,40,,,,9.2,10.63,-13.75,-8.85,19.5125242,-99.1294684,19.5124284,-99.1293366,19.5124905,-99.1294083,300.0,1,1,1,A,EN AIRE,YC,aoa_orientado,3,,-43.0,-43.583,,0,ma0,D,8,45,1,15,2,3,1,40,3,10,0.5,-35,3,5,22.5,15,19.5125837,-99.1295635,rssi_avg20_ge_-35dbm (-34.951 dBm),peak_only,300.0,-53.624,-53.624,305.0,-55.851,-55.851,310.0,-56.307,-56.307,,,,,,
2026-08-20T10:39:27.319,169.512,0.25,9361,AV,AVANZANDO,65.0,1,1,O,OFFBOARD,300.0,300.0,0.0,,0,A,2,SB,2,18.0,40,,,,9.2,10.63,-13.75,-8.85,19.5125242,-99.1294684,19.5124284,-99.1293366,19.5124905,-99.1294083,300.0,1,1,1,A,EN AIRE,YC,aoa_orientado,3,,-43.0,-43.524,,0,ma0,D,8,45,1,15,2,3,1,40,3,10,0.5,-35,3,5,22.5,15,19.5125837,-99.1295635,rssi_avg20_ge_-35dbm (-34.951 dBm),peak_only,300.0,-53.624,-53.624,305.0,-55.851,-55.851,310.0,-56.307,-56.307,,,,,,
2026-08-20T10:39:27.410,169.603,0.094,9361,AV,AVANZANDO,65.3,1,1,O,OFFBOARD,299.6,300.0,-0.4,,0,A,2,SB,2,18.14,40,,,,9.2,10.72,-13.89,-8.84,19.5125252,-99.1294699,19.5124284,-99.1293366,19.5124905,-99.1294083,300.0,1,1,1,A,EN AIRE,YC,aoa_orientado,3,,-42.0,-43.372,,0,ma0,D,8,45,1,15,2,3,1,40,3,10,0.5,-35,3,5,22.5,15,19.5125837,-99.1295635,rssi_avg20_ge_-35dbm (-34.951 dBm),peak_only,300.0,-53.624,-53.624,305.0,-55.851,-55.851,310.0,-56.307,-56.307,,,,,,
2026-08-20T10:39:27.580,169.773,0.266,9361,AV,AVANZANDO,65.3,1,1,O,OFFBOARD,299.6,300.0,-0.4,,0,A,2,SB,2,18.14,40,,,,9.2,10.72,-13.89,-8.84,19.5125252,-99.1294699,19.5124284,-99.1293366,19.5124905,-99.1294083,300.0,1,1,1,A,EN AIRE,YC,aoa_orientado,3,,-42.0,-43.235,,0,ma0,D,8,45,1,15,2,3,1,40,3,10,0.5,-35,3,5,22.5,15,19.5125837,-99.1295635,rssi_avg20_ge_-35dbm (-34.951 dBm),peak_only,300.0,-53.624,-53.624,305.0,-55.851,-55.851,310.0,-56.307,-56.307,,,,,,
2026-08-20T10:39:27.838,170.031,0.25,9361,AV,AVANZANDO,65.7,1,1,O,OFFBOARD,299.3,300.0,-0.7,,0,A,2,SB,2,18.27,40,,,,9.2,10.72,-13.89,-8.84,19.5125256,-99.1294707,19.5124284,-99.1293366,19.5124905,-99.1294083,300.0,1,1,1,A,EN AIRE,YC,aoa_orientado,3,,-43.0,-43.211,,0,ma0,D,8,45,1,15,2,3,1,40,3,10,0.5,-35,3,5,22.5,15,19.5125837,-99.1295635,rssi_avg20_ge_-35dbm (-34.951 dBm),peak_only,300.0,-53.624,-53.624,305.0,-55.851,-55.851,310.0,-56.307,-56.307,,,,,,
2026-08-20T10:39:27.838,170.031,0.25,9361,AV,AVANZANDO,65.7,1,1,O,OFFBOARD,299.3,300.0,-0.7,,0,A,2,SB,2,18.27,40,,,,9.2,10.72,-13.89,-8.84,19.5125256,-99.1294707,19.5124284,-99.1293366,19.5124905,-99.1294083,300.0,1,1,1,A,EN AIRE,YC,aoa_orientado,3,,-43.0,-43.19,,0,ma0,D,8,45,1,15,2,3,1,40,3,10,0.5,-35,3,5,22.5,15,19.5125837,-99.1295635,rssi_avg20_ge_-35dbm (-34.951 dBm),peak_only,300.0,-53.624,-53.624,305.0,-55.851,-55.851,310.0,-56.307,-56.307,,,,,,
2026-08-20T10:39:28.019,170.212,0.437,9361,AV,AVANZANDO,65.7,1,1,O,OFFBOARD,299.3,300.0,-0.7,,0,A,2,SB,2,18.27,40,,,,9.2,10.72,-13.89,-8.84,19.5125256,-99.1294707,19.5124284,-99.1293366,19.5124905,-99.1294083,300.0,1,1,1,A,EN AIRE,YC,aoa_orientado,3,,-42.0,-43.071,,0,ma0,D,8,45,1,15,2,3,1,40,3,10,0.5,-35,3,5,22.5,15,19.5125837,-99.1295635,rssi_avg20_ge_-35dbm (-34.951 dBm),peak_only,300.0,-53.624,-53.624,305.0,-55.851,-55.851,310.0,-56.307,-56.307,,,,,,
2026-08-20T10:39:28.157,170.35,0.031,9361,AV,AVANZANDO,66.3,1,1,O,OFFBOARD,299.2,300.0,-0.8,,0,A,2,SB,2,18.53,40,,,,9.2,10.89,-14.15,-8.85,19.512527,-99.129473,19.5124284,-99.1293366,19.5124905,-99.1294083,300.0,1,1,1,A,EN AIRE,YC,aoa_orientado,3,,-48.0,-43.564,,0,ma0,D,8,45,1,15,2,3,1,40,3,10,0.5,-35,3,5,22.5,15,19.5125837,-99.1295635,rssi_avg20_ge_-35dbm (-34.951 dBm),peak_only,300.0,-53.624,-53.624,305.0,-55.851,-55.851,310.0,-56.307,-56.307,,,,,,
2026-08-20T10:39:28.318,170.511,0.203,9361,AV,AVANZANDO,66.3,1,1,O,OFFBOARD,299.2,300.0,-0.8,,0,A,2,SB,2,18.53,40,,,,9.2,10.89,-14.15,-8.85,19.512527,-99.129473,19.5124284,-99.1293366,19.5124905,-99.1294083,300.0,1,1,1,A,EN AIRE,YC,aoa_orientado,3,,-42.0,-43.408,,0,ma0,D,8,45,1,15,2,3,1,40,3,10,0.5,-35,3,5,22.5,15,19.5125837,-99.1295635,rssi_avg20_ge_-35dbm (-34.951 dBm),peak_only,300.0,-53.624,-53.624,305.0,-55.851,-55.851,310.0,-56.307,-56.307,,,,,,
2026-08-20T10:39:28.431,170.624,0.11,9361,AV,AVANZANDO,66.6,1,1,O,OFFBOARD,299.5,300.0,-0.5,,0,A,2,SB,2,18.66,40,,,,9.2,10.97,-14.29,-8.85,19.5125275,-99.1294738,19.5124284,-99.1293366,19.5124905,-99.1294083,300.0,1,1,1,A,EN AIRE,YC,aoa_orientado,3,,-42.0,-43.267,,0,ma0,D,8,45,1,15,2,3,1,40,3,10,0.5,-35,3,5,22.5,15,19.5125837,-99.1295635,rssi_avg20_ge_-35dbm (-34.951 dBm),peak_only,300.0,-53.624,-53.624,305.0,-55.851,-55.851,310.0,-56.307,-56.307,,,,,,
2026-08-20T10:39:28.587,170.78,0.266,9361,AV,AVANZANDO,66.6,1,1,O,OFFBOARD,299.5,300.0,-0.5,,0,A,2,SB,2,18.66,40,,,,9.2,10.97,-14.29,-8.85,19.5125275,-99.1294738,19.5124284,-99.1293366,19.5124905,-99.1294083,300.0,1,1,1,A,EN AIRE,YC,aoa_orientado,3,,-43.0,-43.24,,0,ma0,D,8,45,1,15,2,3,1,40,3,10,0.5,-35,3,5,22.5,15,19.5125837,-99.1295635,rssi_avg20_ge_-35dbm (-34.951 dBm),peak_only,300.0,-53.624,-53.624,305.0,-55.851,-55.851,310.0,-56.307,-56.307,,,,,,
2026-08-20T10:39:28.702,170.895,0.109,9361,AV,AVANZANDO,67.0,1,1,O,OFFBOARD,300.1,300.0,0.1,,0,A,2,SB,2,18.79,40,,,,9.2,11.06,-14.45,-8.86,19.5125283,-99.1294755,19.5124284,-99.1293366,19.5124905,-99.1294083,300.0,1,1,1,A,EN AIRE,YC,aoa_orientado,3,,-43.0,-43.216,,0,ma0,D,8,45,1,15,2,3,1,40,3,10,0.5,-35,3,5,22.5,15,19.5125837,-99.1295635,rssi_avg20_ge_-35dbm (-34.951 dBm),peak_only,300.0,-53.624,-53.624,305.0,-55.851,-55.851,310.0,-56.307,-56.307,,,,,,
2026-08-20T10:39:28.856,171.049,0.266,9361,AV,AVANZANDO,67.0,1,1,O,OFFBOARD,300.1,300.0,0.1,,0,A,2,SB,2,18.79,40,,,,9.2,11.06,-14.45,-8.86,19.5125283,-99.1294755,19.5124284,-99.1293366,19.5124905,-99.1294083,300.0,1,1,1,A,EN AIRE,YC,aoa_orientado,3,,-43.0,-43.195,,0,ma0,D,8,45,1,15,2,3,1,40,3,10,0.5,-35,3,5,22.5,15,19.5125837,-99.1295635,rssi_avg20_ge_-35dbm (-34.951 dBm),peak_only,300.0,-53.624,-53.624,305.0,-55.851,-55.851,310.0,-56.307,-56.307,,,,,,
2026-08-20T10:39:29.173,171.366,0.016,9361,AV,AVANZANDO,67.6,1,1,O,OFFBOARD,299.9,300.0,-0.1,,0,A,2,SB,2,19.05,40,,,,9.2,11.14,-14.6,-8.85,19.5125292,-99.1294774,19.5124284,-99.1293366,19.5124905,-99.1294083,300.0,1,1,1,A,EN AIRE,YC,aoa_orientado,3,,-40.0,-42.875,,0,ma0,D,8,45,1,15,2,3,1,40,3,10,0.5,-35,3,5,22.5,15,19.5125837,-99.1295635,rssi_avg20_ge_-35dbm (-34.951 dBm),peak_only,300.0,-53.624,-53.624,305.0,-55.851,-55.851,310.0,-56.307,-56.307,,,,,,
2026-08-20T10:39:29.337,171.53,0.188,9361,AV,AVANZANDO,67.6,1,1,O,OFFBOARD,299.9,300.0,-0.1,,0,A,2,SB,2,19.05,40,,,,9.2,11.14,-14.6,-8.85,19.5125292,-99.1294774,19.5124284,-99.1293366,19.5124905,-99.1294083,300.0,1,1,1,A,EN AIRE,YC,aoa_orientado,3,,-42.0,-42.788,,0,ma0,D,8,45,1,15,2,3,1,40,3,10,0.5,-35,3,5,22.5,15,19.5125837,-99.1295635,rssi_avg20_ge_-35dbm (-34.951 dBm),peak_only,300.0,-53.624,-53.624,305.0,-55.851,-55.851,310.0,-56.307,-56.307,,,,,,
2026-08-20T10:39:29.454,171.646,0.109,9361,AV,AVANZANDO,67.9,1,1,O,OFFBOARD,300.0,300.0,0.0,,0,A,2,SB,2,19.18,40,,,,9.1,11.22,-14.77,-8.82,19.51253,-99.1294792,19.5124284,-99.1293366,19.5124905,-99.1294083,300.0,1,1,1,A,EN AIRE,YC,aoa_orientado,3,,-40.0,-42.509,,0,ma0,D,8,45,1,15,2,3,1,40,3,10,0.5,-35,3,5,22.5,15,19.5125837,-99.1295635,rssi_avg20_ge_-35dbm (-34.951 dBm),peak_only,300.0,-53.624,-53.624,305.0,-55.851,-55.851,310.0,-56.307,-56.307,,,,,,
2026-08-20T10:39:29.610,171.803,0.266,9361,AV,AVANZANDO,67.9,1,1,O,OFFBOARD,300.0,300.0,0.0,,0,A,2,SB,2,19.18,40,,,,9.1,11.22,-14.77,-8.82,19.51253,-99.1294792,19.5124284,-99.1293366,19.5124905,-99.1294083,300.0,1,1,1,A,EN AIRE,YC,aoa_orientado,3,,-40.0,-42.258,,0,ma0,D,8,45,1,15,2,3,1,40,3,10,0.5,-35,3,5,22.5,15,19.5125837,-99.1295635,rssi_avg20_ge_-35dbm (-34.951 dBm),peak_only,300.0,-53.624,-53.624,305.0,-55.851,-55.851,310.0,-56.307,-56.307,,,,,,
2026-08-20T10:39:29.789,171.982,0.016,9361,AV,AVANZANDO,68.3,1,1,O,OFFBOARD,299.8,300.0,-0.2,,0,A,2,SB,2,19.31,40,,,,9.1,11.29,-14.92,-8.81,19.5125304,-99.1294801,19.5124284,-99.1293366,19.5124905,-99.1294083,300.0,1,1,1,A,EN AIRE,YC,aoa_orientado,3,,-42.0,-42.232,,0,ma0,D,8,45,1,15,2,3,1,40,3,10,0.5,-35,3,5,22.5,15,19.5125837,-99.1295635,rssi_avg20_ge_-35dbm (-34.951 dBm),peak_only,300.0,-53.624,-53.624,305.0,-55.851,-55.851,310.0,-56.307,-56.307,,,,,,
2026-08-20T10:39:29.868,172.06,0.094,9361,AV,AVANZANDO,68.3,1,1,O,OFFBOARD,299.8,300.0,-0.2,,0,A,2,SB,2,19.31,40,,,,9.1,11.29,-14.92,-8.81,19.5125304,-99.1294801,19.5124284,-99.1293366,19.5124905,-99.1294083,300.0,1,1,1,A,EN AIRE,YC,aoa_orientado,3,,-43.0,-42.309,,0,ma0,D,8,45,1,15,2,3,1,40,3,10,0.5,-35,3,5,22.5,15,19.5125837,-99.1295635,rssi_avg20_ge_-35dbm (-34.951 dBm),peak_only,300.0,-53.624,-53.624,305.0,-55.851,-55.851,310.0,-56.307,-56.307,,,,,,
2026-08-20T10:39:29.980,172.173,0.204,9361,AV,AVANZANDO,68.3,1,1,O,OFFBOARD,299.8,300.0,-0.2,,0,A,2,SB,2,19.31,40,,,,9.1,11.29,-14.92,-8.81,19.5125304,-99.1294801,19.5124284,-99.1293366,19.5124905,-99.1294083,300.0,1,1,1,A,EN AIRE,YC,aoa_orientado,3,,-43.0,-42.378,,0,ma0,D,8,45,1,15,2,3,1,40,3,10,0.5,-35,3,5,22.5,15,19.5125837,-99.1295635,rssi_avg20_ge_-35dbm (-34.951 dBm),peak_only,300.0,-53.624,-53.624,305.0,-55.851,-55.851,310.0,-56.307,-56.307,,,,,,
2026-08-20T10:39:30.203,172.396,0.015,9361,AV,AVANZANDO,68.9,1,1,O,OFFBOARD,300.5,300.0,0.5,,0,A,2,SB,2,19.57,40,,,,9.1,11.43,-15.22,-8.78,19.5125315,-99.1294827,19.5124284,-99.1293366,19.5124905,-99.1294083,300.0,1,1,1,A,EN AIRE,YC,aoa_orientado,3,,-44.0,-42.54,,0,ma0,D,8,45,1,15,2,3,1,40,3,10,0.5,-35,3,5,22.5,15,19.5125837,-99.1295635,rssi_avg20_ge_-35dbm (-34.951 dBm),peak_only,300.0,-53.624,-53.624,305.0,-55.851,-55.851,310.0,-56.307,-56.307,,,,,,
2026-08-20T10:39:30.362,172.555,0.187,9361,AV,AVANZANDO,68.9,1,1,O,OFFBOARD,300.5,300.0,0.5,,0,A,2,SB,2,19.57,40,,,,9.1,11.43,-15.22,-8.78,19.5125315,-99.1294827,19.5124284,-99.1293366,19.5124905,-99.1294083,300.0,1,1,1,A,EN AIRE,YC,aoa_orientado,3,,-44.0,-42.686,,0,ma0,D,8,45,1,15,2,3,1,40,3,10,0.5,-35,3,5,22.5,15,19.5125837,-99.1295635,rssi_avg20_ge_-35dbm (-34.951 dBm),peak_only,300.0,-53.624,-53.624,305.0,-55.851,-55.851,310.0,-56.307,-56.307,,,,,,
2026-08-20T10:39:30.474,172.667,0.11,9361,AV,AVANZANDO,69.3,1,1,O,OFFBOARD,300.3,300.0,0.3,,0,A,2,SB,2,19.7,40,,,,9.1,11.43,-15.22,-8.78,19.5125319,-99.1294834,19.5124284,-99.1293366,19.5124905,-99.1294083,300.0,1,1,1,A,EN AIRE,YC,aoa_orientado,3,,-42.0,-42.618,,0,ma0,D,8,45,1,15,2,3,1,40,3,10,0.5,-35,3,5,22.5,15,19.5125837,-99.1295635,rssi_avg20_ge_-35dbm (-34.951 dBm),peak_only,300.0,-53.624,-53.624,305.0,-55.851,-55.851,310.0,-56.307,-56.307,,,,,,
2026-08-20T10:39:30.624,172.817,0.25,9361,AV,AVANZANDO,69.3,1,1,O,OFFBOARD,300.3,300.0,0.3,,0,A,2,SB,2,19.7,40,,,,9.1,11.43,-15.22,-8.78,19.5125319,-99.1294834,19.5124284,-99.1293366,19.5124905,-99.1294083,300.0,1,1,1,A,EN AIRE,YC,aoa_orientado,3,,-40.0,-42.356,,0,ma0,D,8,45,1,15,2,3,1,40,3,10,0.5,-35,3,5,22.5,15,19.5125837,-99.1295635,rssi_avg20_ge_-35dbm (-34.951 dBm),peak_only,300.0,-53.624,-53.624,305.0,-55.851,-55.851,310.0,-56.307,-56.307,,,,,,
2026-08-20T10:39:30.712,172.905,0.344,9361,AV,AVANZANDO,69.3,1,1,O,OFFBOARD,300.3,300.0,0.3,,0,A,2,SB,2,19.7,40,,,,9.1,11.43,-15.22,-8.78,19.5125319,-99.1294834,19.5124284,-99.1293366,19.5124905,-99.1294083,300.0,1,1,1,A,EN AIRE,YC,aoa_orientado,3,,-45.0,-42.62,,0,ma0,D,8,45,1,15,2,3,1,40,3,10,0.5,-35,3,5,22.5,15,19.5125837,-99.1295635,rssi_avg20_ge_-35dbm (-34.951 dBm),peak_only,300.0,-53.624,-53.624,305.0,-55.851,-55.851,310.0,-56.307,-56.307,,,,,,
2026-08-20T10:39:30.978,173.17,0.61,9361,AV,AVANZANDO,69.3,1,1,O,OFFBOARD,300.3,300.0,0.3,,0,A,2,SB,2,19.7,40,,,,9.1,11.43,-15.22,-8.78,19.5125319,-99.1294834,19.5124284,-99.1293366,19.5124905,-99.1294083,300.0,1,1,1,A,EN AIRE,YC,aoa_orientado,3,,-40.0,-42.358,,0,ma0,D,8,45,1,15,2,3,1,40,3,10,0.5,-35,3,5,22.5,15,19.5125837,-99.1295635,rssi_avg20_ge_-35dbm (-34.951 dBm),peak_only,300.0,-53.624,-53.624,305.0,-55.851,-55.851,310.0,-56.307,-56.307,,,,,,
2026-08-20T10:39:31.084,173.276,0.719,9361,AV,AVANZANDO,69.3,1,1,O,OFFBOARD,300.3,300.0,0.3,,0,A,2,SB,2,19.7,40,,,,9.1,11.43,-15.22,-8.78,19.5125319,-99.1294834,19.5124284,-99.1293366,19.5124905,-99.1294083,300.0,1,1,1,A,EN AIRE,YC,aoa_orientado,3,,-40.0,-42.122,,0,ma0,D,8,45,1,15,2,3,1,40,3,10,0.5,-35,3,5,22.5,15,19.5125837,-99.1295635,rssi_avg20_ge_-35dbm (-34.951 dBm),peak_only,300.0,-53.624,-53.624,305.0,-55.851,-55.851,310.0,-56.307,-56.307,,,,,,
2026-08-20T10:39:31.299,173.492,0.125,9361,SB,SEMI_BARRIDO,70.0,1,1,O,OFFBOARD,300.3,292.5,7.8,,0,D,3,SB,2,20.0,40,,,,9.1,11.68,-15.62,-8.74,19.5125338,-99.1294864,19.5124284,-99.1293366,19.5125338,-99.1294864,305.0,1,1,1,A,EN AIRE,YC,aoa_orientado,3,,-42.0,-42.11,,0,ma0,D,8,45,1,15,2,3,1,40,3,10,0.5,-35,3,5,22.5,15,19.5125837,-99.1295635,rssi_avg20_ge_-35dbm (-34.951 dBm),peak_only,305.0,-40.034,-40.034,310.0,-40.181,-40.181,295.0,-40.818,-40.818,,,,,,
2026-08-20T10:39:31.299,173.492,0.125,9361,SB,SEMI_BARRIDO,70.0,1,1,O,OFFBOARD,300.3,292.5,7.8,,0,D,3,SB,2,20.0,40,,,,9.1,11.68,-15.62,-8.74,19.5125338,-99.1294864,19.5124284,-99.1293366,19.5125338,-99.1294864,305.0,1,1,1,A,EN AIRE,YC,aoa_orientado,3,,-46.0,-42.499,,0,ma0,D,8,45,1,15,2,3,1,40,3,10,0.5,-35,3,5,22.5,15,19.5125837,-99.1295635,rssi_avg20_ge_-35dbm (-34.951 dBm),peak_only,305.0,-40.034,-40.034,310.0,-40.181,-40.181,295.0,-40.818,-40.818,,,,,,
2026-08-20T10:39:31.448,173.641,0.265,9361,SB,SEMI_BARRIDO,70.0,1,1,O,OFFBOARD,300.3,292.5,7.8,,0,D,3,SB,2,20.0,40,,,,9.1,11.68,-15.62,-8.74,19.5125338,-99.1294864,19.5124284,-99.1293366,19.5125338,-99.1294864,305.0,1,1,1,A,EN AIRE,YC,aoa_orientado,3,,-46.0,-42.849,,0,ma0,D,8,45,1,15,2,3,1,40,3,10,0.5,-35,3,5,22.5,15,19.5125837,-99.1295635,rssi_avg20_ge_-35dbm (-34.951 dBm),peak_only,305.0,-40.034,-40.034,310.0,-40.181,-40.181,295.0,-40.818,-40.818,,,,,,
2026-08-20T10:39:31.703,173.896,0.25,9361,SB,SEMI_BARRIDO,70.0,1,1,O,OFFBOARD,297.1,285.0,12.1,,0,D,3,SB,2,20.0,40,,,,9.1,11.76,-15.75,-8.73,19.5125346,-99.1294879,19.5124284,-99.1293366,19.5125338,-99.1294864,305.0,1,1,1,A,EN AIRE,YC,aoa_orientado,3,,-48.0,-43.364,,0,ma0,D,8,45,1,15,2,3,1,40,3,10,0.5,-35,3,5,22.5,15,19.5125837,-99.1295635,rssi_avg20_ge_-35dbm (-34.951 dBm),peak_only,305.0,-40.034,-40.034,310.0,-40.181,-40.181,295.0,-40.818,-40.818,,,,,,
2026-08-20T10:39:31.703,173.896,0.25,9361,SB,SEMI_BARRIDO,70.0,1,1,O,OFFBOARD,297.1,285.0,12.1,,0,D,3,SB,2,20.0,40,,,,9.1,11.76,-15.75,-8.73,19.5125346,-99.1294879,19.5124284,-99.1293366,19.5125338,-99.1294864,305.0,1,1,1,A,EN AIRE,YC,aoa_orientado,3,,-47.0,-43.728,,0,ma0,D,8,45,1,15,2,3,1,40,3,10,0.5,-35,3,5,22.5,15,19.5125837,-99.1295635,rssi_avg20_ge_-35dbm (-34.951 dBm),peak_only,305.0,-40.034,-40.034,310.0,-40.181,-40.181,295.0,-40.818,-40.818,,,,,,
2026-08-20T10:39:31.882,174.075,0.438,9361,SB,SEMI_BARRIDO,70.0,1,1,O,OFFBOARD,297.1,285.0,12.1,,0,D,3,SB,2,20.0,40,,,,9.1,11.76,-15.75,-8.73,19.5125346,-99.1294879,19.5124284,-99.1293366,19.5125338,-99.1294864,305.0,1,1,1,A,EN AIRE,YC,aoa_orientado,3,,-45.0,-43.855,,0,ma0,D,8,45,1,15,2,3,1,40,3,10,0.5,-35,3,5,22.5,15,19.5125837,-99.1295635,rssi_avg20_ge_-35dbm (-34.951 dBm),peak_only,305.0,-40.034,-40.034,310.0,-40.181,-40.181,295.0,-40.818,-40.818,,,,,,
2026-08-20T10:39:32.080,174.273,0.625,9361,SB,SEMI_BARRIDO,70.0,1,1,O,OFFBOARD,297.1,285.0,12.1,,0,D,3,SB,2,20.0,40,,,,9.1,11.76,-15.75,-8.73,19.5125346,-99.1294879,19.5124284,-99.1293366,19.5125338,-99.1294864,305.0,1,1,1,A,EN AIRE,YC,aoa_orientado,3,,-45.0,-43.97,,0,ma0,D,8,45,1,15,2,3,1,40,3,10,0.5,-35,3,5,22.5,15,19.5125837,-99.1295635,rssi_avg20_ge_-35dbm (-34.951 dBm),peak_only,305.0,-40.034,-40.034,310.0,-40.181,-40.181,295.0,-40.818,-40.818,,,,,,
2026-08-20T10:39:32.081,174.274,0.641,9361,SB,SEMI_BARRIDO,70.0,1,1,O,OFFBOARD,297.1,285.0,12.1,,0,D,3,SB,2,20.0,40,,,,9.1,11.76,-15.75,-8.73,19.5125346,-99.1294879,19.5124284,-99.1293366,19.5125338,-99.1294864,305.0,1,1,1,A,EN AIRE,YC,aoa_orientado,3,,-43.0,-43.873,,0,ma0,D,8,45,1,15,2,3,1,40,3,10,0.5,-35,3,5,22.5,15,19.5125837,-99.1295635,rssi_avg20_ge_-35dbm (-34.951 dBm),peak_only,305.0,-40.034,-40.034,310.0,-40.181,-40.181,295.0,-40.818,-40.818,,,,,,
2026-08-20T10:39:32.466,174.658,0.172,9361,SB,SEMI_BARRIDO,70.0,1,1,O,OFFBOARD,286.0,285.0,1.0,285.0,1,D,3,SB,2,20.0,40,,,,9.1,11.89,-15.99,-8.76,19.512536,-99.1294905,19.5124284,-99.1293366,19.5125338,-99.1294864,305.0,1,1,1,A,EN AIRE,YC,aoa_orientado,3,,-41.0,-43.585,285.0,1,,D,8,45,1,15,2,3,1,40,3,10,0.5,-35,3,5,22.5,15,19.5125837,-99.1295635,rssi_avg20_ge_-35dbm (-34.951 dBm),peak_only,305.0,-40.034,-40.034,310.0,-40.181,-40.181,295.0,-40.818,-40.818,,,,,,
2026-08-20T10:39:32.566,174.759,0.281,9361,SB,SEMI_BARRIDO,70.0,1,1,O,OFFBOARD,286.0,285.0,1.0,285.0,1,D,3,SB,2,20.0,40,,,,9.1,11.89,-15.99,-8.76,19.512536,-99.1294905,19.5124284,-99.1293366,19.5125338,-99.1294864,305.0,1,1,1,A,EN AIRE,YC,aoa_orientado,3,,-41.0,-43.327,285.0,1,,D,8,45,1,15,2,3,1,40,3,10,0.5,-35,3,5,22.5,15,19.5125837,-99.1295635,rssi_avg20_ge_-35dbm (-34.951 dBm),peak_only,305.0,-40.034,-40.034,310.0,-40.181,-40.181,295.0,-40.818,-40.818,,,,,,
2026-08-20T10:39:32.853,175.045,0.563,9361,SB,SEMI_BARRIDO,70.0,1,1,O,OFFBOARD,286.0,285.0,1.0,285.0,1,D,3,SB,2,20.0,40,,,,9.1,11.89,-15.99,-8.76,19.512536,-99.1294905,19.5124284,-99.1293366,19.5125338,-99.1294864,305.0,1,1,1,A,EN AIRE,YC,aoa_orientado,3,,-42.0,-43.194,285.0,1,,D,8,45,1,15,2,3,1,40,3,10,0.5,-35,3,5,22.5,15,19.5125837,-99.1295635,rssi_avg20_ge_-35dbm (-34.951 dBm),peak_only,305.0,-40.034,-40.034,310.0,-40.181,-40.181,295.0,-40.818,-40.818,,,,,,
2026-08-20T10:39:32.853,175.046,0.563,9361,SB,SEMI_BARRIDO,70.0,1,1,O,OFFBOARD,286.0,285.0,1.0,285.0,1,D,3,SB,2,20.0,40,,,,9.1,11.89,-15.99,-8.76,19.512536,-99.1294905,19.5124284,-99.1293366,19.5125338,-99.1294864,305.0,1,1,1,A,EN AIRE,YC,aoa_orientado,3,,-42.0,-43.075,285.0,1,,D,8,45,1,15,2,3,1,40,3,10,0.5,-35,3,5,22.5,15,19.5125837,-99.1295635,rssi_avg20_ge_-35dbm (-34.951 dBm),peak_only,305.0,-40.034,-40.034,310.0,-40.181,-40.181,295.0,-40.818,-40.818,,,,,,
2026-08-20T10:39:33.216,175.409,0.188,9361,SB,SEMI_BARRIDO,70.0,1,1,O,OFFBOARD,284.7,285.0,-0.3,285.0,1,D,3,SB,2,20.0,40,,,,9.0,12.02,-16.17,-8.72,19.5125368,-99.1294915,19.5124284,-99.1293366,19.5125338,-99.1294864,305.0,1,1,1,A,EN AIRE,YC,aoa_orientado,3,,-41.0,-42.867,285.0,1,,D,8,45,1,15,2,3,1,40,3,10,0.5,-35,3,5,22.5,15,19.5125837,-99.1295635,rssi_avg20_ge_-35dbm (-34.951 dBm),peak_only,305.0,-40.034,-40.034,310.0,-40.181,-40.181,295.0,-40.818,-40.818,,,,,,
2026-08-20T10:39:33.216,175.409,0.188,9361,SB,SEMI_BARRIDO,70.0,1,1,O,OFFBOARD,284.7,285.0,-0.3,285.0,1,D,3,SB,2,20.0,40,,,,9.0,12.02,-16.17,-8.72,19.5125368,-99.1294915,19.5124284,-99.1293366,19.5125338,-99.1294864,305.0,1,1,1,A,EN AIRE,YC,aoa_orientado,3,,-40.0,-42.581,285.0,1,,D,8,45,1,15,2,3,1,40,3,10,0.5,-35,3,5,22.5,15,19.5125837,-99.1295635,rssi_avg20_ge_-35dbm (-34.951 dBm),peak_only,305.0,-40.034,-40.034,310.0,-40.181,-40.181,295.0,-40.818,-40.818,,,,,,
2026-08-20T10:39:33.388,175.581,0.36,9361,SB,SEMI_BARRIDO,70.0,1,1,O,OFFBOARD,284.7,285.0,-0.3,285.0,1,D,3,SB,2,20.0,40,,,,9.0,12.02,-16.17,-8.72,19.5125368,-99.1294915,19.5124284,-99.1293366,19.5125338,-99.1294864,305.0,1,1,1,A,EN AIRE,YC,aoa_orientado,3,,-40.0,-42.322,285.0,1,,D,8,45,1,15,2,3,1,40,3,10,0.5,-35,3,5,22.5,15,19.5125837,-99.1295635,rssi_avg20_ge_-35dbm (-34.951 dBm),peak_only,305.0,-40.034,-40.034,310.0,-40.181,-40.181,295.0,-40.818,-40.818,,,,,,
2026-08-20T10:39:33.569,175.762,0.547,9361,SB,SEMI_BARRIDO,70.0,1,1,O,OFFBOARD,284.7,285.0,-0.3,285.0,1,D,3,SB,2,20.0,40,,,,9.0,12.02,-16.17,-8.72,19.5125368,-99.1294915,19.5124284,-99.1293366,19.5125338,-99.1294864,305.0,1,1,1,A,EN AIRE,YC,aoa_orientado,3,,-42.0,-42.29,285.0,1,,D,8,45,1,15,2,3,1,40,3,10,0.5,-35,3,5,22.5,15,19.5125837,-99.1295635,rssi_avg20_ge_-35dbm (-34.951 dBm),peak_only,305.0,-40.034,-40.034,310.0,-40.181,-40.181,295.0,-40.818,-40.818,,,,,,
2026-08-20T10:39:33.683,175.876,0.657,9361,SB,SEMI_BARRIDO,70.0,1,1,O,OFFBOARD,284.7,285.0,-0.3,285.0,1,D,3,SB,2,20.0,40,,,,9.0,12.02,-16.17,-8.72,19.5125368,-99.1294915,19.5124284,-99.1293366,19.5125338,-99.1294864,305.0,1,1,1,A,EN AIRE,YC,aoa_orientado,3,,-42.0,-42.261,285.0,1,,D,8,45,1,15,2,3,1,40,3,10,0.5,-35,3,5,22.5,15,19.5125837,-99.1295635,rssi_avg20_ge_-35dbm (-34.951 dBm),peak_only,305.0,-40.034,-40.034,310.0,-40.181,-40.181,295.0,-40.818,-40.818,,,,,,
2026-08-20T10:39:33.835,176.028,0.813,9361,SB,SEMI_BARRIDO,70.0,1,1,O,OFFBOARD,284.7,285.0,-0.3,285.0,1,D,3,SB,2,20.0,40,,,,9.0,12.02,-16.17,-8.72,19.5125368,-99.1294915,19.5124284,-99.1293366,19.5125338,-99.1294864,305.0,1,1,1,A,EN AIRE,YC,aoa_orientado,3,,-42.0,-42.235,,0,telemetry_stale,D,8,45,1,15,2,3,1,40,3,10,0.5,-35,3,5,22.5,15,19.5125837,-99.1295635,rssi_avg20_ge_-35dbm (-34.951 dBm),peak_only,305.0,-40.034,-40.034,310.0,-40.181,-40.181,295.0,-40.818,-40.818,,,,,,
2026-08-20T10:39:33.975,176.168,0.954,9361,SB,SEMI_BARRIDO,70.0,1,1,O,OFFBOARD,284.7,285.0,-0.3,285.0,1,D,3,SB,2,20.0,40,,,,9.0,12.02,-16.17,-8.72,19.5125368,-99.1294915,19.5124284,-99.1293366,19.5125338,-99.1294864,305.0,1,1,1,A,EN AIRE,YC,aoa_orientado,3,,-42.0,-42.212,,0,telemetry_stale,D,8,45,1,15,2,3,1,40,3,10,0.5,-35,3,5,22.5,15,19.5125837,-99.1295635,rssi_avg20_ge_-35dbm (-34.951 dBm),peak_only,305.0,-40.034,-40.034,310.0,-40.181,-40.181,295.0,-40.818,-40.818,,,,,,
2026-08-20T10:39:34.059,176.252,0.078,9361,SB,SEMI_BARRIDO,70.0,1,1,O,OFFBOARD,285.8,285.0,0.8,285.0,1,D,3,SB,2,20.0,40,,,,9.1,12.0,-16.15,-8.76,19.5125364,-99.1294913,19.5124284,-99.1293366,19.5125338,-99.1294864,305.0,1,1,1,A,EN AIRE,YC,aoa_orientado,3,,-43.0,-42.29,285.0,1,,D,8,45,1,15,2,3,1,40,3,10,0.5,-35,3,5,22.5,15,19.5125837,-99.1295635,rssi_avg20_ge_-35dbm (-34.951 dBm),peak_only,305.0,-40.034,-40.034,310.0,-40.181,-40.181,295.0,-40.818,-40.818,,,,,,
2026-08-20T10:39:34.252,176.445,0.172,9361,SB,SEMI_BARRIDO,70.0,1,1,O,OFFBOARD,285.5,285.0,0.5,285.0,1,D,3,SB,2,20.0,40,,,,9.1,11.96,-16.13,-8.79,19.5125362,-99.1294911,19.5124284,-99.1293366,19.5125338,-99.1294864,305.0,1,1,1,A,EN AIRE,YC,aoa_orientado,3,,-44.0,-42.461,285.0,1,,D,8,45,1,15,2,3,1,40,3,10,0.5,-35,3,5,22.5,15,19.5125837,-99.1295635,rssi_avg20_ge_-35dbm (-34.951 dBm),peak_only,305.0,-40.034,-40.034,310.0,-40.181,-40.181,295.0,-40.818,-40.818,,,,,,
2026-08-20T10:39:34.356,176.549,0.266,9361,SB,SEMI_BARRIDO,70.0,1,1,O,OFFBOARD,285.5,285.0,0.5,285.0,1,D,3,SB,2,20.0,40,,,,9.1,11.96,-16.13,-8.79,19.5125362,-99.1294911,19.5124284,-99.1293366,19.5125338,-99.1294864,305.0,1,1,1,A,EN AIRE,YC,aoa_orientado,3,,-45.0,-42.715,285.0,1,,D,8,45,1,15,2,3,1,40,3,10,0.5,-35,3,5,22.5,15,19.5125837,-99.1295635,rssi_avg20_ge_-35dbm (-34.951 dBm),peak_only,305.0,-40.034,-40.034,310.0,-40.181,-40.181,295.0,-40.818,-40.818,,,,,,
2026-08-20T10:39:34.528,176.721,0.171,9361,SB,SEMI_BARRIDO,70.0,1,1,O,OFFBOARD,284.8,285.0,-0.2,285.0,1,D,3,SB,2,20.0,40,,,,9.1,11.92,-16.1,-8.8,19.5125358,-99.1294908,19.5124284,-99.1293366,19.5125338,-99.1294864,305.0,1,1,1,A,EN AIRE,YC,aoa_orientado,3,,-44.0,-42.844,285.0,1,,D,8,45,1,15,2,3,1,40,3,10,0.5,-35,3,5,22.5,15,19.5125837,-99.1295635,rssi_avg20_ge_-35dbm (-34.951 dBm),peak_only,305.0,-40.034,-40.034,310.0,-40.181,-40.181,295.0,-40.818,-40.818,,,,,,
2026-08-20T10:39:34.621,176.814,0.265,9361,SB,SEMI_BARRIDO,70.0,1,1,O,OFFBOARD,284.8,285.0,-0.2,285.0,1,D,3,SB,2,20.0,40,,,,9.1,11.92,-16.1,-8.8,19.5125358,-99.1294908,19.5124284,-99.1293366,19.5125338,-99.1294864,305.0,1,1,1,A,EN AIRE,YC,aoa_orientado,3,,-45.0,-43.059,285.0,1,,D,8,45,1,15,2,3,1,40,3,10,0.5,-35,3,5,22.5,15,19.5125837,-99.1295635,rssi_avg20_ge_-35dbm (-34.951 dBm),peak_only,305.0,-40.034,-40.034,310.0,-40.181,-40.181,295.0,-40.818,-40.818,,,,,,
2026-08-20T10:39:34.848,177.041,0.5,9361,SB,SEMI_BARRIDO,70.0,1,1,O,OFFBOARD,284.8,285.0,-0.2,285.0,1,D,3,SB,2,20.0,40,,,,9.1,11.92,-16.1,-8.8,19.5125358,-99.1294908,19.5124284,-99.1293366,19.5125338,-99.1294864,305.0,1,1,1,A,EN AIRE,YC,aoa_orientado,3,,-44.0,-43.153,285.0,1,,D,8,45,1,15,2,3,1,40,3,10,0.5,-35,3,5,22.5,15,19.5125837,-99.1295635,rssi_avg20_ge_-35dbm (-34.951 dBm),peak_only,305.0,-40.034,-40.034,310.0,-40.181,-40.181,295.0,-40.818,-40.818,,,,,,
2026-08-20T10:39:34.992,177.185,0.64,9361,SB,SEMI_BARRIDO,70.0,1,1,O,OFFBOARD,284.8,285.0,-0.2,285.0,1,D,3,SB,2,20.0,40,,,,9.1,11.92,-16.1,-8.8,19.5125358,-99.1294908,19.5124284,-99.1293366,19.5125338,-99.1294864,305.0,1,1,1,A,EN AIRE,YC,aoa_orientado,3,,-44.0,-43.238,285.0,1,,D,8,45,1,15,2,3,1,40,3,10,0.5,-35,3,5,22.5,15,19.5125837,-99.1295635,rssi_avg20_ge_-35dbm (-34.951 dBm),peak_only,305.0,-40.034,-40.034,310.0,-40.181,-40.181,295.0,-40.818,-40.818,,,,,,
2026-08-20T10:39:35.087,177.28,0.094,9361,SB,SEMI_BARRIDO,70.0,1,1,O,OFFBOARD,284.6,290.0,-5.4,290.0,1,D,3,SB,2,20.0,40,,,,9.1,11.89,-16.09,-8.81,19.5125355,-99.1294907,19.5124284,-99.1293366,19.5125338,-99.1294864,305.0,1,1,1,A,EN AIRE,YC,aoa_orientado,3,,-45.0,-43.414,290.0,1,,D,8,45,1,15,2,3,1,40,3,10,0.5,-35,3,5,22.5,15,19.5125837,-99.1295635,rssi_avg20_ge_-35dbm (-34.951 dBm),peak_only,305.0,-40.034,-40.034,310.0,-40.181,-40.181,295.0,-40.818,-40.818,,,,,,
2026-08-20T10:39:35.296,177.488,0.187,9361,SB,SEMI_BARRIDO,70.0,1,1,O,OFFBOARD,289.5,290.0,-0.5,290.0,1,D,3,SB,2,20.0,40,,,,9.1,11.87,-16.08,-8.81,19.5125354,-99.1294906,19.5124284,-99.1293366,19.5125338,-99.1294864,305.0,1,1,1,A,EN AIRE,YC,aoa_orientado,3,,-44.0,-43.473,290.0,1,,D,8,45,1,15,2,3,1,40,3,10,0.5,-35,3,5,22.5,15,19.5125837,-99.1295635,rssi_avg20_ge_-35dbm (-34.951 dBm),peak_only,305.0,-40.034,-40.034,310.0,-40.181,-40.181,295.0,-40.818,-40.818,,,,,,
2026-08-20T10:39:35.400,177.593,0.296,9361,SB,SEMI_BARRIDO,70.0,1,1,O,OFFBOARD,289.5,290.0,-0.5,290.0,1,D,3,SB,2,20.0,40,,,,9.1,11.87,-16.08,-8.81,19.5125354,-99.1294906,19.5124284,-99.1293366,19.5125338,-99.1294864,305.0,1,1,1,A,EN AIRE,YC,aoa_orientado,3,,-44.0,-43.526,290.0,1,,D,8,45,1,15,2,3,1,40,3,10,0.5,-35,3,5,22.5,15,19.5125837,-99.1295635,rssi_avg20_ge_-35dbm (-34.951 dBm),peak_only,305.0,-40.034,-40.034,310.0,-40.181,-40.181,295.0,-40.818,-40.818,,,,,,
2026-08-20T10:39:35.580,177.773,0.188,9361,SB,SEMI_BARRIDO,70.0,1,1,O,OFFBOARD,291.4,290.0,1.4,290.0,1,D,3,SB,2,20.0,40,,,,9.1,11.87,-16.07,-8.81,19.5125355,-99.1294906,19.5124284,-99.1293366,19.5125338,-99.1294864,305.0,1,1,1,A,EN AIRE,YC,aoa_orientado,3,,-43.0,-43.473,290.0,1,,D,8,45,1,15,2,3,1,40,3,10,0.5,-35,3,5,22.5,15,19.5125837,-99.1295635,rssi_avg20_ge_-35dbm (-34.951 dBm),peak_only,305.0,-40.034,-40.034,310.0,-40.181,-40.181,295.0,-40.818,-40.818,,,,,,
2026-08-20T10:39:35.691,177.884,0.109,9361,SB,SEMI_BARRIDO,70.0,1,1,O,OFFBOARD,290.9,290.0,0.9,290.0,1,D,3,SB,2,20.0,40,,,,9.1,11.89,-16.06,-8.82,19.5125356,-99.1294905,19.5124284,-99.1293366,19.5125338,-99.1294864,305.0,1,1,1,A,EN AIRE,YC,aoa_orientado,3,,-45.0,-43.626,290.0,1,,D,8,45,1,15,2,3,1,40,3,10,0.5,-35,3,5,22.5,15,19.5125837,-99.1295635,rssi_avg20_ge_-35dbm (-34.951 dBm),peak_only,305.0,-40.034,-40.034,310.0,-40.181,-40.181,295.0,-40.818,-40.818,,,,,,
2026-08-20T10:39:35.866,178.059,0.281,9361,SB,SEMI_BARRIDO,70.0,1,1,O,OFFBOARD,290.9,290.0,0.9,290.0,1,D,3,SB,2,20.0,40,,,,9.1,11.89,-16.06,-8.82,19.5125356,-99.1294905,19.5124284,-99.1293366,19.5125338,-99.1294864,305.0,1,1,1,A,EN AIRE,YC,aoa_orientado,3,,-45.0,-43.763,290.0,1,,D,8,45,1,15,2,3,1,40,3,10,0.5,-35,3,5,22.5,15,19.5125837,-99.1295635,rssi_avg20_ge_-35dbm (-34.951 dBm),peak_only,305.0,-40.034,-40.034,310.0,-40.181,-40.181,295.0,-40.818,-40.818,,,,,,
2026-08-20T10:39:35.955,178.148,0.375,9361,SB,SEMI_BARRIDO,70.0,1,1,O,OFFBOARD,290.9,290.0,0.9,290.0,1,D,3,SB,2,20.0,40,,,,9.1,11.89,-16.06,-8.82,19.5125356,-99.1294905,19.5124284,-99.1293366,19.5125338,-99.1294864,305.0,1,1,1,A,EN AIRE,YC,aoa_orientado,3,,-46.0,-43.987,290.0,1,,D,8,45,1,15,2,3,1,40,3,10,0.5,-35,3,5,22.5,15,19.5125837,-99.1295635,rssi_avg20_ge_-35dbm (-34.951 dBm),peak_only,305.0,-40.034,-40.034,310.0,-40.181,-40.181,295.0,-40.818,-40.818,,,,,,
2026-08-20T10:39:36.128,178.32,0.094,9361,SB,SEMI_BARRIDO,70.0,1,1,O,OFFBOARD,290.4,290.0,0.4,290.0,1,D,3,SB,2,20.0,40,,,,9.1,11.9,-16.05,-8.83,19.5125357,-99.1294904,19.5124284,-99.1293366,19.5125338,-99.1294864,305.0,1,1,1,A,EN AIRE,YC,aoa_orientado,3,,-45.0,-44.088,290.0,1,,D,8,45,1,15,2,3,1,40,3,10,0.5,-35,3,5,22.5,15,19.5125837,-99.1295635,rssi_avg20_ge_-35dbm (-34.951 dBm),peak_only,305.0,-40.034,-40.034,310.0,-40.181,-40.181,295.0,-40.818,-40.818,,,,,,
2026-08-20T10:39:36.338,178.531,0.188,9361,SB,SEMI_BARRIDO,70.0,1,1,O,OFFBOARD,289.5,290.0,-0.5,290.0,1,D,3,SB,2,20.0,40,,,,9.1,11.9,-16.04,-8.83,19.5125357,-99.1294903,19.5124284,-99.1293366,19.5125338,-99.1294864,305.0,1,1,1,A,EN AIRE,YC,aoa_orientado,3,,-43.0,-43.979,290.0,1,,D,8,45,1,15,2,3,1,40,3,10,0.5,-35,3,5,22.5,15,19.5125837,-99.1295635,rssi_avg20_ge_-35dbm (-34.951 dBm),peak_only,305.0,-40.034,-40.034,310.0,-40.181,-40.181,295.0,-40.818,-40.818,,,,,,
2026-08-20T10:39:36.429,178.622,0.282,9361,SB,SEMI_BARRIDO,70.0,1,1,O,OFFBOARD,289.5,290.0,-0.5,290.0,1,D,3,SB,2,20.0,40,,,,9.1,11.9,-16.04,-8.83,19.5125357,-99.1294903,19.5124284,-99.1293366,19.5125338,-99.1294864,305.0,1,1,1,A,EN AIRE,YC,aoa_orientado,3,,-44.0,-43.981,290.0,1,,D,8,45,1,15,2,3,1,40,3,10,0.5,-35,3,5,22.5,15,19.5125837,-99.1295635,rssi_avg20_ge_-35dbm (-34.951 dBm),peak_only,305.0,-40.034,-40.034,310.0,-40.181,-40.181,295.0,-40.818,-40.818,,,,,,
2026-08-20T10:39:36.653,178.846,0.14,9361,SB,SEMI_BARRIDO,70.0,1,1,O,OFFBOARD,289.3,290.0,-0.7,290.0,1,D,3,SB,2,20.0,40,,,,9.2,11.9,-16.04,-8.83,19.5125357,-99.1294903,19.5124284,-99.1293366,19.5125338,-99.1294864,305.0,1,1,1,A,EN AIRE,YC,aoa_orientado,3,,-42.0,-43.783,290.0,1,,D,8,45,1,15,2,3,1,40,3,10,0.5,-35,3,5,22.5,15,19.5125837,-99.1295635,rssi_avg20_ge_-35dbm (-34.951 dBm),peak_only,305.0,-40.034,-40.034,310.0,-40.181,-40.181,295.0,-40.818,-40.818,,,,,,
2026-08-20T10:39:36.828,179.021,0.312,9361,SB,SEMI_BARRIDO,70.0,1,1,O,OFFBOARD,289.3,290.0,-0.7,290.0,1,D,3,SB,2,20.0,40,,,,9.2,11.9,-16.04,-8.83,19.5125357,-99.1294903,19.5124284,-99.1293366,19.5125338,-99.1294864,305.0,1,1,1,A,EN AIRE,YC,aoa_orientado,3,,-40.0,-43.405,290.0,1,,D,8,45,1,15,2,3,1,40,3,10,0.5,-35,3,5,22.5,15,19.5125837,-99.1295635,rssi_avg20_ge_-35dbm (-34.951 dBm),peak_only,305.0,-40.034,-40.034,310.0,-40.181,-40.181,295.0,-40.818,-40.818,,,,,,
2026-08-20T10:39:37.114,179.307,0.015,9361,SB,SEMI_BARRIDO,70.0,1,1,O,OFFBOARD,289.5,290.0,-0.5,290.0,1,D,3,SB,2,20.0,40,,,,9.2,11.91,-16.03,-8.85,19.5125358,-99.1294902,19.5124284,-99.1293366,19.5125338,-99.1294864,305.0,1,1,1,A,EN AIRE,YC,aoa_orientado,3,,-40.0,-43.064,290.0,1,,D,8,45,1,15,2,3,1,40,3,10,0.5,-35,3,5,22.5,15,19.5125837,-99.1295635,rssi_avg20_ge_-35dbm (-34.951 dBm),peak_only,305.0,-40.034,-40.034,310.0,-40.181,-40.181,295.0,-40.818,-40.818,,,,,,
2026-08-20T10:39:37.315,179.507,0.218,9361,SB,SEMI_BARRIDO,70.0,1,1,O,OFFBOARD,289.5,290.0,-0.5,290.0,1,D,3,SB,2,20.0,40,,,,9.2,11.91,-16.03,-8.85,19.5125358,-99.1294902,19.5124284,-99.1293366,19.5125338,-99.1294864,305.0,1,1,1,A,EN AIRE,YC,aoa_orientado,3,,-40.0,-42.758,290.0,1,,D,8,45,1,15,2,3,1,40,3,10,0.5,-35,3,5,22.5,15,19.5125837,-99.1295635,rssi_avg20_ge_-35dbm (-34.951 dBm),peak_only,305.0,-40.034,-40.034,310.0,-40.181,-40.181,295.0,-40.818,-40.818,,,,,,
2026-08-20T10:39:37.438,179.631,0.11,9361,SB,SEMI_BARRIDO,70.0,1,1,O,OFFBOARD,290.0,290.0,0.0,290.0,1,D,3,SB,2,20.0,40,,,,9.2,11.92,-16.03,-8.85,19.5125359,-99.1294902,19.5124284,-99.1293366,19.5125338,-99.1294864,305.0,1,1,1,A,EN AIRE,YC,aoa_orientado,3,,-40.0,-42.482,290.0,1,,D,8,45,1,15,2,3,1,40,3,10,0.5,-35,3,5,22.5,15,19.5125837,-99.1295635,rssi_avg20_ge_-35dbm (-34.951 dBm),peak_only,305.0,-40.034,-40.034,310.0,-40.181,-40.181,295.0,-40.818,-40.818,,,,,,
2026-08-20T10:39:37.686,179.879,0.36,9361,SB,SEMI_BARRIDO,70.0,1,1,O,OFFBOARD,290.0,290.0,0.0,290.0,1,D,3,SB,2,20.0,40,,,,9.2,11.92,-16.03,-8.85,19.5125359,-99.1294902,19.5124284,-99.1293366,19.5125338,-99.1294864,305.0,1,1,1,A,EN AIRE,YC,aoa_orientado,3,,-40.0,-42.234,290.0,1,,D,8,45,1,15,2,3,1,40,3,10,0.5,-35,3,5,22.5,15,19.5125837,-99.1295635,rssi_avg20_ge_-35dbm (-34.951 dBm),peak_only,305.0,-40.034,-40.034,310.0,-40.181,-40.181,295.0,-40.818,-40.818,,,,,,
2026-08-20T10:39:37.687,179.88,0.36,9361,SB,SEMI_BARRIDO,70.0,1,1,O,OFFBOARD,290.0,290.0,0.0,290.0,1,D,3,SB,2,20.0,40,,,,9.2,11.92,-16.03,-8.85,19.5125359,-99.1294902,19.5124284,-99.1293366,19.5125338,-99.1294864,305.0,1,1,1,A,EN AIRE,YC,aoa_orientado,3,,-39.0,-41.911,290.0,1,,D,8,45,1,15,2,3,1,40,3,10,0.5,-35,3,5,22.5,15,19.5125837,-99.1295635,rssi_avg20_ge_-35dbm (-34.951 dBm),peak_only,305.0,-40.034,-40.034,310.0,-40.181,-40.181,295.0,-40.818,-40.818,,,,,,
2026-08-20T10:39:38.061,180.254,0.282,9361,SB,SEMI_BARRIDO,70.0,1,1,O,OFFBOARD,289.7,295.0,-5.3,295.0,1,D,3,SB,2,20.0,40,,,,9.2,11.93,-16.03,-8.85,19.512536,-99.1294901,19.5124284,-99.1293366,19.5125338,-99.1294864,305.0,1,1,1,A,EN AIRE,YC,aoa_orientado,3,,-40.0,-41.72,295.0,1,,D,8,45,1,15,2,3,1,40,3,10,0.5,-35,3,5,22.5,15,19.5125837,-99.1295635,rssi_avg20_ge_-35dbm (-34.951 dBm),peak_only,305.0,-40.034,-40.034,310.0,-40.181,-40.181,295.0,-40.818,-40.818,,,,,,
2026-08-20T10:39:38.062,180.255,0.282,9361,SB,SEMI_BARRIDO,70.0,1,1,O,OFFBOARD,289.7,295.0,-5.3,295.0,1,D,3,SB,2,20.0,40,,,,9.2,11.93,-16.03,-8.85,19.512536,-99.1294901,19.5124284,-99.1293366,19.5125338,-99.1294864,305.0,1,1,1,A,EN AIRE,YC,aoa_orientado,3,,-39.0,-41.448,295.0,1,,D,8,45,1,15,2,3,1,40,3,10,0.5,-35,3,5,22.5,15,19.5125837,-99.1295635,rssi_avg20_ge_-35dbm (-34.951 dBm),peak_only,305.0,-40.034,-40.034,310.0,-40.181,-40.181,295.0,-40.818,-40.818,,,,,,
2026-08-20T10:39:38.323,180.516,0.265,9361,SB,SEMI_BARRIDO,70.0,1,1,O,OFFBOARD,294.3,295.0,-0.7,295.0,1,D,3,SB,2,20.0,40,,,,9.1,11.94,-16.02,-8.84,19.5125361,-99.12949,19.5124284,-99.1293366,19.5125338,-99.1294864,305.0,1,1,1,A,EN AIRE,YC,aoa_orientado,3,,-39.0,-41.203,295.0,1,,D,8,45,1,15,2,3,1,40,3,10,0.5,-35,3,5,22.5,15,19.5125837,-99.1295635,rssi_avg20_ge_-35dbm (-34.951 dBm),peak_only,305.0,-40.034,-40.034,310.0,-40.181,-40.181,295.0,-40.818,-40.818,,,,,,
2026-08-20T10:39:38.323,180.516,0.265,9361,SB,SEMI_BARRIDO,70.0,1,1,O,OFFBOARD,294.3,295.0,-0.7,295.0,1,D,3,SB,2,20.0,40,,,,9.1,11.94,-16.02,-8.84,19.5125361,-99.12949,19.5124284,-99.1293366,19.5125338,-99.1294864,305.0,1,1,1,A,EN AIRE,YC,aoa_orientado,3,,-40.0,-41.083,295.0,1,,D,8,45,1,15,2,3,1,40,3,10,0.5,-35,3,5,22.5,15,19.5125837,-99.1295635,rssi_avg20_ge_-35dbm (-34.951 dBm),peak_only,305.0,-40.034,-40.034,310.0,-40.181,-40.181,295.0,-40.818,-40.818,,,,,,
2026-08-20T10:39:38.435,180.628,0.11,9361,SB,SEMI_BARRIDO,70.0,1,1,O,OFFBOARD,297.0,295.0,2.0,295.0,1,D,3,SB,2,20.0,40,,,,9.1,11.95,-16.01,-8.82,19.5125362,-99.12949,19.5124284,-99.1293366,19.5125338,-99.1294864,305.0,1,1,1,A,EN AIRE,YC,aoa_orientado,3,,-40.0,-40.974,295.0,1,,D,8,45,1,15,2,3,1,40,3,10,0.5,-35,3,5,22.5,15,19.5125837,-99.1295635,rssi_avg20_ge_-35dbm (-34.951 dBm),peak_only,305.0,-40.034,-40.034,310.0,-40.181,-40.181,295.0,-40.818,-40.818,,,,,,
2026-08-20T10:39:38.588,180.781,0.266,9361,SB,SEMI_BARRIDO,70.0,1,1,O,OFFBOARD,297.0,295.0,2.0,295.0,1,D,3,SB,2,20.0,40,,,,9.1,11.95,-16.01,-8.82,19.5125362,-99.12949,19.5124284,-99.1293366,19.5125338,-99.1294864,305.0,1,1,1,A,EN AIRE,YC,aoa_orientado,3,,-39.0,-40.777,295.0,1,,D,8,45,1,15,2,3,1,40,3,10,0.5,-35,3,5,22.5,15,19.5125837,-99.1295635,rssi_avg20_ge_-35dbm (-34.951 dBm),peak_only,305.0,-40.034,-40.034,310.0,-40.181,-40.181,295.0,-40.818,-40.818,,,,,,
2026-08-20T10:39:38.867,181.06,0.187,9361,SB,SEMI_BARRIDO,70.0,1,1,O,OFFBOARD,294.9,295.0,-0.1,295.0,1,D,3,SB,2,20.0,40,,,,9.1,11.98,-15.98,-8.74,19.5125364,-99.1294897,19.5124284,-99.1293366,19.5125338,-99.1294864,305.0,1,1,1,A,EN AIRE,YC,aoa_orientado,3,,-40.0,-40.699,295.0,1,,D,8,45,1,15,2,3,1,40,3,10,0.5,-35,3,5,22.5,15,19.5125837,-99.1295635,rssi_avg20_ge_-35dbm (-34.951 dBm),peak_only,305.0,-40.034,-40.034,310.0,-40.181,-40.181,295.0,-40.818,-40.818,,,,,,
2026-08-20T10:39:38.867,181.06,0.187,9361,SB,SEMI_BARRIDO,70.0,1,1,O,OFFBOARD,294.9,295.0,-0.1,295.0,1,D,3,SB,2,20.0,40,,,,9.1,11.98,-15.98,-8.74,19.5125364,-99.1294897,19.5124284,-99.1293366,19.5125338,-99.1294864,305.0,1,1,1,A,EN AIRE,YC,aoa_orientado,3,,-42.0,-40.829,295.0,1,,D,8,45,1,15,2,3,1,40,3,10,0.5,-35,3,5,22.5,15,19.5125837,-99.1295635,rssi_avg20_ge_-35dbm (-34.951 dBm),peak_only,305.0,-40.034,-40.034,310.0,-40.181,-40.181,295.0,-40.818,-40.818,,,,,,
2026-08-20T10:39:39.064,181.256,0.375,9361,SB,SEMI_BARRIDO,70.0,1,1,O,OFFBOARD,294.9,295.0,-0.1,295.0,1,D,3,SB,2,20.0,40,,,,9.1,11.98,-15.98,-8.74,19.5125364,-99.1294897,19.5124284,-99.1293366,19.5125338,-99.1294864,305.0,1,1,1,A,EN AIRE,YC,aoa_orientado,3,,-39.0,-40.646,295.0,1,,D,8,45,1,15,2,3,1,40,3,10,0.5,-35,3,5,22.5,15,19.5125837,-99.1295635,rssi_avg20_ge_-35dbm (-34.951 dBm),peak_only,305.0,-40.034,-40.034,310.0,-40.181,-40.181,295.0,-40.818,-40.818,,,,,,
2026-08-20T10:39:39.189,181.382,0.5,9361,SB,SEMI_BARRIDO,70.0,1,1,O,OFFBOARD,294.9,295.0,-0.1,295.0,1,D,3,SB,2,20.0,40,,,,9.1,11.98,-15.98,-8.74,19.5125364,-99.1294897,19.5124284,-99.1293366,19.5125338,-99.1294864,305.0,1,1,1,A,EN AIRE,YC,aoa_orientado,3,,-39.0,-40.482,295.0,1,,D,8,45,1,15,2,3,1,40,3,10,0.5,-35,3,5,22.5,15,19.5125837,-99.1295635,rssi_avg20_ge_-35dbm (-34.951 dBm),peak_only,305.0,-40.034,-40.034,310.0,-40.181,-40.181,295.0,-40.818,-40.818,,,,,,
2026-08-20T10:39:39.333,181.526,0.656,9361,SB,SEMI_BARRIDO,70.0,1,1,O,OFFBOARD,294.9,295.0,-0.1,295.0,1,D,3,SB,2,20.0,40,,,,9.1,11.98,-15.98,-8.74,19.5125364,-99.1294897,19.5124284,-99.1293366,19.5125338,-99.1294864,305.0,1,1,1,A,EN AIRE,YC,aoa_orientado,3,,-39.0,-40.334,295.0,1,,D,8,45,1,15,2,3,1,40,3,10,0.5,-35,3,5,22.5,15,19.5125837,-99.1295635,rssi_avg20_ge_-35dbm (-34.951 dBm),peak_only,305.0,-40.034,-40.034,310.0,-40.181,-40.181,295.0,-40.818,-40.818,,,,,,
2026-08-20T10:39:39.419,181.612,0.078,9361,SB,SEMI_BARRIDO,70.0,1,1,O,OFFBOARD,295.8,295.0,0.8,295.0,1,D,3,SB,2,20.0,40,,,,9.0,11.99,-15.96,-8.71,19.5125367,-99.1294895,19.5124284,-99.1293366,19.5125338,-99.1294864,305.0,1,1,1,A,EN AIRE,YC,aoa_orientado,3,,-39.0,-40.2,295.0,1,,D,8,45,1,15,2,3,1,40,3,10,0.5,-35,3,5,22.5,15,19.5125837,-99.1295635,rssi_avg20_ge_-35dbm (-34.951 dBm),peak_only,305.0,-40.034,-40.034,310.0,-40.181,-40.181,295.0,-40.818,-40.818,,,,,,
2026-08-20T10:39:39.595,181.788,0.25,9361,SB,SEMI_BARRIDO,70.0,1,1,O,OFFBOARD,295.8,295.0,0.8,295.0,1,D,3,SB,2,20.0,40,,,,9.0,11.99,-15.96,-8.71,19.5125367,-99.1294895,19.5124284,-99.1293366,19.5125338,-99.1294864,305.0,1,1,1,A,EN AIRE,YC,aoa_orientado,3,,-39.0,-40.08,295.0,1,,D,8,45,1,15,2,3,1,40,3,10,0.5,-35,3,5,22.5,15,19.5125837,-99.1295635,rssi_avg20_ge_-35dbm (-34.951 dBm),peak_only,305.0,-40.034,-40.034,310.0,-40.181,-40.181,295.0,-40.818,-40.818,,,,,,
2026-08-20T10:39:39.695,181.888,0.359,9361,SB,SEMI_BARRIDO,70.0,1,1,O,OFFBOARD,295.8,295.0,0.8,295.0,1,D,3,SB,2,20.0,40,,,,9.0,11.99,-15.96,-8.71,19.5125367,-99.1294895,19.5124284,-99.1293366,19.5125338,-99.1294864,305.0,1,1,1,A,EN AIRE,YC,aoa_orientado,3,,-40.0,-40.072,295.0,1,,D,8,45,1,15,2,3,1,40,3,10,0.5,-35,3,5,22.5,15,19.5125837,-99.1295635,rssi_avg20_ge_-35dbm (-34.951 dBm),peak_only,305.0,-40.034,-40.034,310.0,-40.181,-40.181,295.0,-40.818,-40.818,,,,,,
2026-08-20T10:39:39.870,182.062,0.172,9361,SB,SEMI_BARRIDO,70.0,1,1,O,OFFBOARD,296.7,295.0,1.7,295.0,1,D,3,SB,2,20.0,40,,,,9.0,12.02,-15.95,-8.67,19.5125368,-99.1294894,19.5124284,-99.1293366,19.5125338,-99.1294864,305.0,1,1,1,A,EN AIRE,YC,aoa_orientado,3,,-42.0,-40.265,295.0,1,,D,8,45,1,15,2,3,1,40,3,10,0.5,-35,3,5,22.5,15,19.5125837,-99.1295635,rssi_avg20_ge_-35dbm (-34.951 dBm),peak_only,305.0,-40.034,-40.034,310.0,-40.181,-40.181,295.0,-40.818,-40.818,,,,,,
2026-08-20T10:39:39.980,182.173,0.11,9361,SB,SEMI_BARRIDO,70.0,1,1,O,OFFBOARD,296.0,295.0,1.0,295.0,1,D,3,SB,2,20.0,40,,,,9.0,12.03,-15.95,-8.66,19.5125369,-99.1294894,19.5124284,-99.1293366,19.5125338,-99.1294864,305.0,1,1,1,A,EN AIRE,YC,aoa_orientado,3,,-44.0,-40.638,295.0,1,,D,8,45,1,15,2,3,1,40,3,10,0.5,-35,3,5,22.5,15,19.5125837,-99.1295635,rssi_avg20_ge_-35dbm (-34.951 dBm),peak_only,305.0,-40.034,-40.034,310.0,-40.181,-40.181,295.0,-40.818,-40.818,,,,,,
2026-08-20T10:39:40.134,182.327,0.266,9361,SB,SEMI_BARRIDO,70.0,1,1,O,OFFBOARD,296.0,295.0,1.0,295.0,1,D,3,SB,2,20.0,40,,,,9.0,12.03,-15.95,-8.66,19.5125369,-99.1294894,19.5124284,-99.1293366,19.5125338,-99.1294864,305.0,1,1,1,A,EN AIRE,YC,aoa_orientado,3,,-44.0,-40.975,295.0,1,,D,8,45,1,15,2,3,1,40,3,10,0.5,-35,3,5,22.5,15,19.5125837,-99.1295635,rssi_avg20_ge_-35dbm (-34.951 dBm),peak_only,305.0,-40.034,-40.034,310.0,-40.181,-40.181,295.0,-40.818,-40.818,,,,,,
2026-08-20T10:39:40.250,182.443,0.109,9361,SB,SEMI_BARRIDO,70.0,1,1,O,OFFBOARD,295.5,295.0,0.5,295.0,1,D,3,SB,2,20.0,40,,,,9.0,12.04,-15.95,-8.66,19.5125369,-99.1294894,19.5124284,-99.1293366,19.5125338,-99.1294864,305.0,1,1,1,A,EN AIRE,YC,aoa_orientado,3,,-45.0,-41.377,295.0,1,,D,8,45,1,15,2,3,1,40,3,10,0.5,-35,3,5,22.5,15,19.5125837,-99.1295635,rssi_avg20_ge_-35dbm (-34.951 dBm),peak_only,305.0,-40.034,-40.034,310.0,-40.181,-40.181,295.0,-40.818,-40.818,,,,,,
2026-08-20T10:39:40.402,182.595,0.265,9361,SB,SEMI_BARRIDO,70.0,1,1,O,OFFBOARD,295.5,295.0,0.5,295.0,1,D,3,SB,2,20.0,40,,,,9.0,12.04,-15.95,-8.66,19.5125369,-99.1294894,19.5124284,-99.1293366,19.5125338,-99.1294864,305.0,1,1,1,A,EN AIRE,YC,aoa_orientado,3,,-45.0,-41.739,295.0,1,,D,8,45,1,15,2,3,1,40,3,10,0.5,-35,3,5,22.5,15,19.5125837,-99.1295635,rssi_avg20_ge_-35dbm (-34.951 dBm),peak_only,305.0,-40.034,-40.034,310.0,-40.181,-40.181,295.0,-40.818,-40.818,,,,,,
2026-08-20T10:39:40.660,182.853,0.266,9361,SB,SEMI_BARRIDO,70.0,1,1,O,OFFBOARD,295.0,295.2,-0.2,,0,D,3,SB,2,20.0,40,,,,9.0,12.04,-15.95,-8.67,19.5125369,-99.1294894,19.5124284,-99.1293366,19.5125338,-99.1294864,305.0,1,1,1,A,EN AIRE,YC,aoa_orientado,3,,-45.0,-42.065,,0,ma0,D,8,45,1,15,2,3,1,40,3,10,0.5,-35,3,5,22.5,15,19.5125837,-99.1295635,rssi_avg20_ge_-35dbm (-34.951 dBm),peak_only,305.0,-40.034,-40.034,310.0,-40.181,-40.181,295.0,-40.818,-40.818,,,,,,
2026-08-20T10:39:40.661,182.854,0.266,9361,SB,SEMI_BARRIDO,70.0,1,1,O,OFFBOARD,295.0,295.2,-0.2,,0,D,3,SB,2,20.0,40,,,,9.0,12.04,-15.95,-8.67,19.5125369,-99.1294894,19.5124284,-99.1293366,19.5125338,-99.1294864,305.0,1,1,1,A,EN AIRE,YC,aoa_orientado,3,,-45.0,-42.359,,0,ma0,D,8,45,1,15,2,3,1,40,3,10,0.5,-35,3,5,22.5,15,19.5125837,-99.1295635,rssi_avg20_ge_-35dbm (-34.951 dBm),peak_only,305.0,-40.034,-40.034,310.0,-40.181,-40.181,295.0,-40.818,-40.818,,,,,,
2026-08-20T10:39:40.931,183.124,0.157,9361,SB,SEMI_BARRIDO,70.0,1,1,O,OFFBOARD,298.3,300.0,-1.7,300.0,1,D,3,SB,2,20.0,40,,,,9.0,12.04,-15.95,-8.68,19.5125369,-99.1294895,19.5124284,-99.1293366,19.5125338,-99.1294864,305.0,1,1,1,A,EN AIRE,YC,aoa_orientado,3,,-43.0,-42.423,300.0,1,,D,8,45,1,15,2,3,1,40,3,10,0.5,-35,3,5,22.5,15,19.5125837,-99.1295635,rssi_avg20_ge_-35dbm (-34.951 dBm),peak_only,305.0,-40.034,-40.034,310.0,-40.181,-40.181,295.0,-40.818,-40.818,,,,,,
2026-08-20T10:39:40.931,183.124,0.157,9361,SB,SEMI_BARRIDO,70.0,1,1,O,OFFBOARD,298.3,300.0,-1.7,300.0,1,D,3,SB,2,20.0,40,,,,9.0,12.04,-15.95,-8.68,19.5125369,-99.1294895,19.5124284,-99.1293366,19.5125338,-99.1294864,305.0,1,1,1,A,EN AIRE,YC,aoa_orientado,3,,-42.0,-42.381,300.0,1,,D,8,45,1,15,2,3,1,40,3,10,0.5,-35,3,5,22.5,15,19.5125837,-99.1295635,rssi_avg20_ge_-35dbm (-34.951 dBm),peak_only,305.0,-40.034,-40.034,310.0,-40.181,-40.181,295.0,-40.818,-40.818,,,,,,
2026-08-20T10:39:41.020,183.213,0.25,9361,SB,SEMI_BARRIDO,70.0,1,1,O,OFFBOARD,298.3,300.0,-1.7,300.0,1,D,3,SB,2,20.0,40,,,,9.0,12.04,-15.95,-8.68,19.5125369,-99.1294895,19.5124284,-99.1293366,19.5125338,-99.1294864,305.0,1,1,1,A,EN AIRE,YC,aoa_orientado,3,,-44.0,-42.543,300.0,1,,D,8,45,1,15,2,3,1,40,3,10,0.5,-35,3,5,22.5,15,19.5125837,-99.1295635,rssi_avg20_ge_-35dbm (-34.951 dBm),peak_only,305.0,-40.034,-40.034,310.0,-40.181,-40.181,295.0,-40.818,-40.818,,,,,,
2026-08-20T10:39:41.220,183.413,0.0,9361,SB,SEMI_BARRIDO,70.0,1,1,O,OFFBOARD,299.8,300.0,-0.2,300.0,1,D,3,SB,2,20.0,40,,,,9.0,12.04,-15.95,-8.68,19.5125369,-99.1294895,19.5124284,-99.1293366,19.5125338,-99.1294864,305.0,1,1,1,A,EN AIRE,YC,aoa_orientado,3,,-42.0,-42.488,300.0,1,,D,8,45,1,15,2,3,1,40,3,10,0.5,-35,3,5,22.5,15,19.5125837,-99.1295635,rssi_avg20_ge_-35dbm (-34.951 dBm),peak_only,305.0,-40.034,-40.034,310.0,-40.181,-40.181,295.0,-40.818,-40.818,,,,,,
2026-08-20T10:39:41.403,183.596,0.187,9361,SB,SEMI_BARRIDO,70.0,1,1,O,OFFBOARD,299.8,300.0,-0.2,300.0,1,D,3,SB,2,20.0,40,,,,9.0,12.04,-15.95,-8.68,19.5125369,-99.1294895,19.5124284,-99.1293366,19.5125338,-99.1294864,305.0,1,1,1,A,EN AIRE,YC,aoa_orientado,3,,-40.0,-42.24,300.0,1,,D,8,45,1,15,2,3,1,40,3,10,0.5,-35,3,5,22.5,15,19.5125837,-99.1295635,rssi_avg20_ge_-35dbm (-34.951 dBm),peak_only,305.0,-40.034,-40.034,310.0,-40.181,-40.181,295.0,-40.818,-40.818,,,,,,
2026-08-20T10:39:41.515,183.708,0.11,9361,SB,SEMI_BARRIDO,70.0,1,1,O,OFFBOARD,299.7,300.0,-0.3,300.0,1,D,3,SB,2,20.0,40,,,,9.0,12.04,-15.96,-8.66,19.5125369,-99.1294895,19.5124284,-99.1293366,19.5125338,-99.1294864,305.0,1,1,1,A,EN AIRE,YC,aoa_orientado,3,,-40.0,-42.016,300.0,1,,D,8,45,1,15,2,3,1,40,3,10,0.5,-35,3,5,22.5,15,19.5125837,-99.1295635,rssi_avg20_ge_-35dbm (-34.951 dBm),peak_only,305.0,-40.034,-40.034,310.0,-40.181,-40.181,295.0,-40.818,-40.818,,,,,,
2026-08-20T10:39:41.667,183.86,0.266,9361,SB,SEMI_BARRIDO,70.0,1,1,O,OFFBOARD,299.7,300.0,-0.3,300.0,1,D,3,SB,2,20.0,40,,,,9.0,12.04,-15.96,-8.66,19.5125369,-99.1294895,19.5124284,-99.1293366,19.5125338,-99.1294864,305.0,1,1,1,A,EN AIRE,YC,aoa_orientado,3,,-42.0,-42.014,300.0,1,,D,8,45,1,15,2,3,1,40,3,10,0.5,-35,3,5,22.5,15,19.5125837,-99.1295635,rssi_avg20_ge_-35dbm (-34.951 dBm),peak_only,305.0,-40.034,-40.034,310.0,-40.181,-40.181,295.0,-40.818,-40.818,,,,,,
2026-08-20T10:39:41.777,183.97,0.109,9361,SB,SEMI_BARRIDO,70.0,1,1,O,OFFBOARD,299.4,300.0,-0.6,300.0,1,D,3,SB,2,20.0,40,,,,9.0,12.02,-15.96,-8.64,19.5125368,-99.1294895,19.5124284,-99.1293366,19.5125338,-99.1294864,305.0,1,1,1,A,EN AIRE,YC,aoa_orientado,3,,-40.0,-41.813,300.0,1,,D,8,45,1,15,2,3,1,40,3,10,0.5,-35,3,5,22.5,15,19.5125837,-99.1295635,rssi_avg20_ge_-35dbm (-34.951 dBm),peak_only,305.0,-40.034,-40.034,310.0,-40.181,-40.181,295.0,-40.818,-40.818,,,,,,
2026-08-20T10:39:41.928,184.121,0.266,9361,SB,SEMI_BARRIDO,70.0,1,1,O,OFFBOARD,299.4,300.0,-0.6,300.0,1,D,3,SB,2,20.0,40,,,,9.0,12.02,-15.96,-8.64,19.5125368,-99.1294895,19.5124284,-99.1293366,19.5125338,-99.1294864,305.0,1,1,1,A,EN AIRE,YC,aoa_orientado,3,,-40.0,-41.631,300.0,1,,D,8,45,1,15,2,3,1,40,3,10,0.5,-35,3,5,22.5,15,19.5125837,-99.1295635,rssi_avg20_ge_-35dbm (-34.951 dBm),peak_only,305.0,-40.034,-40.034,310.0,-40.181,-40.181,295.0,-40.818,-40.818,,,,,,
2026-08-20T10:39:42.198,184.391,0.265,9361,SB,SEMI_BARRIDO,70.0,1,1,O,OFFBOARD,300.3,300.0,0.3,300.0,1,D,3,SB,2,20.0,40,,,,8.9,12.0,-15.96,-8.62,19.5125366,-99.1294895,19.5124284,-99.1293366,19.5125338,-99.1294864,305.0,1,1,1,A,EN AIRE,YC,aoa_orientado,3,,-40.0,-41.468,300.0,1,,D,8,45,1,15,2,3,1,40,3,10,0.5,-35,3,5,22.5,15,19.5125837,-99.1295635,rssi_avg20_ge_-35dbm (-34.951 dBm),peak_only,305.0,-40.034,-40.034,310.0,-40.181,-40.181,295.0,-40.818,-40.818,,,,,,
2026-08-20T10:39:42.199,184.392,0.265,9361,SB,SEMI_BARRIDO,70.0,1,1,O,OFFBOARD,300.3,300.0,0.3,300.0,1,D,3,SB,2,20.0,40,,,,8.9,12.0,-15.96,-8.62,19.5125366,-99.1294895,19.5124284,-99.1293366,19.5125338,-99.1294864,305.0,1,1,1,A,EN AIRE,YC,aoa_orientado,3,,-39.0,-41.221,300.0,1,,D,8,45,1,15,2,3,1,40,3,10,0.5,-35,3,5,22.5,15,19.5125837,-99.1295635,rssi_avg20_ge_-35dbm (-34.951 dBm),peak_only,305.0,-40.034,-40.034,310.0,-40.181,-40.181,295.0,-40.818,-40.818,,,,,,
2026-08-20T10:39:42.315,184.508,0.125,9361,SB,SEMI_BARRIDO,70.0,1,1,O,OFFBOARD,301.0,300.0,1.0,300.0,1,D,3,SB,2,20.0,40,,,,8.9,12.0,-15.96,-8.62,19.5125363,-99.1294896,19.5124284,-99.1293366,19.5125338,-99.1294864,305.0,1,1,1,A,EN AIRE,YC,aoa_orientado,3,,-40.0,-41.099,300.0,1,,D,8,45,1,15,2,3,1,40,3,10,0.5,-35,3,5,22.5,15,19.5125837,-99.1295635,rssi_avg20_ge_-35dbm (-34.951 dBm),peak_only,305.0,-40.034,-40.034,310.0,-40.181,-40.181,295.0,-40.818,-40.818,,,,,,
2026-08-20T10:39:42.472,184.665,0.282,9361,SB,SEMI_BARRIDO,70.0,1,1,O,OFFBOARD,301.0,300.0,1.0,300.0,1,D,3,SB,2,20.0,40,,,,8.9,12.0,-15.96,-8.62,19.5125363,-99.1294896,19.5124284,-99.1293366,19.5125338,-99.1294864,305.0,1,1,1,A,EN AIRE,YC,aoa_orientado,3,,-39.0,-40.889,300.0,1,,D,8,45,1,15,2,3,1,40,3,10,0.5,-35,3,5,22.5,15,19.5125837,-99.1295635,rssi_avg20_ge_-35dbm (-34.951 dBm),peak_only,305.0,-40.034,-40.034,310.0,-40.181,-40.181,295.0,-40.818,-40.818,,,,,,
2026-08-20T10:39:42.739,184.932,0.265,9361,SB,SEMI_BARRIDO,70.0,1,1,O,OFFBOARD,301.3,300.0,1.3,300.0,1,D,3,SB,2,20.0,40,,,,8.9,11.96,-15.96,-8.62,19.5125361,-99.1294896,19.5124284,-99.1293366,19.5125338,-99.1294864,305.0,1,1,1,A,EN AIRE,YC,aoa_orientado,3,,-39.0,-40.7,300.0,1,,D,8,45,1,15,2,3,1,40,3,10,0.5,-35,3,5,22.5,15,19.5125837,-99.1295635,rssi_avg20_ge_-35dbm (-34.951 dBm),peak_only,305.0,-40.034,-40.034,310.0,-40.181,-40.181,295.0,-40.818,-40.818,,,,,,
2026-08-20T10:39:42.848,185.041,0.11,9361,SB,SEMI_BARRIDO,70.0,1,1,O,OFFBOARD,301.2,300.0,1.2,300.0,1,D,3,SB,2,20.0,40,,,,8.9,11.94,-15.98,-8.62,19.512536,-99.1294898,19.5124284,-99.1293366,19.5125338,-99.1294864,305.0,1,1,1,A,EN AIRE,YC,aoa_orientado,3,,-39.0,-40.53,300.0,1,,D,8,45,1,15,2,3,1,40,3,10,0.5,-35,3,5,22.5,15,19.5125837,-99.1295635,rssi_avg20_ge_-35dbm (-34.951 dBm),peak_only,305.0,-40.034,-40.034,310.0,-40.181,-40.181,295.0,-40.818,-40.818,,,,,,
2026-08-20T10:39:42.848,185.041,0.11,9361,SB,SEMI_BARRIDO,70.0,1,1,O,OFFBOARD,301.2,300.0,1.2,300.0,1,D,3,SB,2,20.0,40,,,,8.9,11.94,-15.98,-8.62,19.512536,-99.1294898,19.5124284,-99.1293366,19.5125338,-99.1294864,305.0,1,1,1,A,EN AIRE,YC,aoa_orientado,3,,-39.0,-40.377,300.0,1,,D,8,45,1,15,2,3,1,40,3,10,0.5,-35,3,5,22.5,15,19.5125837,-99.1295635,rssi_avg20_ge_-35dbm (-34.951 dBm),peak_only,305.0,-40.034,-40.034,310.0,-40.181,-40.181,295.0,-40.818,-40.818,,,,,,
2026-08-20T10:39:43.246,185.439,0.25,9361,SB,SEMI_BARRIDO,70.0,1,1,O,OFFBOARD,301.0,300.0,1.0,300.0,1,D,3,SB,2,20.0,40,,,,8.9,11.94,-15.99,-8.62,19.512536,-99.1294898,19.5124284,-99.1293366,19.5125338,-99.1294864,305.0,1,1,1,A,EN AIRE,YC,aoa_orientado,3,,-40.0,-40.34,300.0,1,,D,8,45,1,15,2,3,1,40,3,10,0.5,-35,3,5,22.5,15,19.5125837,-99.1295635,rssi_avg20_ge_-35dbm (-34.951 dBm),peak_only,305.0,-40.034,-40.034,310.0,-40.181,-40.181,295.0,-40.818,-40.818,,,,,,
2026-08-20T10:39:43.246,185.439,0.25,9361,SB,SEMI_BARRIDO,70.0,1,1,O,OFFBOARD,301.0,300.0,1.0,300.0,1,D,3,SB,2,20.0,40,,,,8.9,11.94,-15.99,-8.62,19.512536,-99.1294898,19.5124284,-99.1293366,19.5125338,-99.1294864,305.0,1,1,1,A,EN AIRE,YC,aoa_orientado,3,,-40.0,-40.306,300.0,1,,D,8,45,1,15,2,3,1,40,3,10,0.5,-35,3,5,22.5,15,19.5125837,-99.1295635,rssi_avg20_ge_-35dbm (-34.951 dBm),peak_only,305.0,-40.034,-40.034,310.0,-40.181,-40.181,295.0,-40.818,-40.818,,,,,,
2026-08-20T10:39:43.247,185.44,0.25,9361,SB,SEMI_BARRIDO,70.0,1,1,O,OFFBOARD,301.0,300.0,1.0,300.0,1,D,3,SB,2,20.0,40,,,,8.9,11.94,-15.99,-8.62,19.512536,-99.1294898,19.5124284,-99.1293366,19.5125338,-99.1294864,305.0,1,1,1,A,EN AIRE,YC,aoa_orientado,3,,-40.0,-40.275,300.0,1,,D,8,45,1,15,2,3,1,40,3,10,0.5,-35,3,5,22.5,15,19.5125837,-99.1295635,rssi_avg20_ge_-35dbm (-34.951 dBm),peak_only,305.0,-40.034,-40.034,310.0,-40.181,-40.181,295.0,-40.818,-40.818,,,,,,
2026-08-20T10:39:43.500,185.693,0.25,9361,SB,SEMI_BARRIDO,70.0,1,1,O,OFFBOARD,300.3,300.3,0.0,,0,D,3,SB,2,20.0,40,,,,9.0,11.94,-16.0,-8.64,19.512536,-99.1294899,19.5124284,-99.1293366,19.5125338,-99.1294864,305.0,1,1,1,A,EN AIRE,YC,aoa_orientado,3,,-40.0,-40.248,,0,ma0,D,8,45,1,15,2,3,1,40,3,10,0.5,-35,3,5,22.5,15,19.5125837,-99.1295635,rssi_avg20_ge_-35dbm (-34.951 dBm),peak_only,305.0,-40.034,-40.034,310.0,-40.181,-40.181,295.0,-40.818,-40.818,,,,,,
2026-08-20T10:39:43.566,185.759,0.328,9361,SB,SEMI_BARRIDO,70.0,1,1,O,OFFBOARD,300.3,300.3,0.0,,0,D,3,SB,2,20.0,40,,,,9.0,11.94,-16.0,-8.64,19.512536,-99.1294899,19.5124284,-99.1293366,19.5125338,-99.1294864,305.0,1,1,1,A,EN AIRE,YC,aoa_orientado,3,,-40.0,-40.223,,0,ma0,D,8,45,1,15,2,3,1,40,3,10,0.5,-35,3,5,22.5,15,19.5125837,-99.1295635,rssi_avg20_ge_-35dbm (-34.951 dBm),peak_only,305.0,-40.034,-40.034,310.0,-40.181,-40.181,295.0,-40.818,-40.818,,,,,,
2026-08-20T10:39:43.682,185.874,0.0,9361,SB,SEMI_BARRIDO,70.0,1,1,O,OFFBOARD,301.0,305.0,-4.0,305.0,1,D,3,SB,2,20.0,40,,,,9.0,11.94,-16.01,-8.66,19.512536,-99.12949,19.5124284,-99.1293366,19.5125338,-99.1294864,305.0,1,1,1,A,EN AIRE,YC,aoa_orientado,3,,-40.0,-40.201,305.0,1,,D,8,45,1,15,2,3,1,40,3,10,0.5,-35,3,5,22.5,15,19.5125837,-99.1295635,rssi_avg20_ge_-35dbm (-34.951 dBm),peak_only,305.0,-40.034,-40.034,310.0,-40.181,-40.181,295.0,-40.818,-40.818,,,,,,
2026-08-20T10:39:43.978,186.171,0.188,9361,SB,SEMI_BARRIDO,70.0,1,1,O,OFFBOARD,303.7,305.0,-1.3,305.0,1,D,3,SB,2,20.0,40,,,,9.0,11.94,-16.01,-8.66,19.5125361,-99.1294901,19.5124284,-99.1293366,19.5125338,-99.1294864,305.0,1,1,1,A,EN AIRE,YC,aoa_orientado,3,,-40.0,-40.18,305.0,1,,D,8,45,1,15,2,3,1,40,3,10,0.5,-35,3,5,22.5,15,19.5125837,-99.1295635,rssi_avg20_ge_-35dbm (-34.951 dBm),peak_only,305.0,-40.034,-40.034,310.0,-40.181,-40.181,295.0,-40.818,-40.818,,,,,,
2026-08-20T10:39:44.231,186.424,0.25,9361,SB,SEMI_BARRIDO,70.0,1,1,O,OFFBOARD,306.1,305.0,1.1,305.0,1,D,3,SB,2,20.0,40,,,,9.0,11.95,-16.02,-8.68,19.5125362,-99.1294901,19.5124284,-99.1293366,19.5125338,-99.1294864,305.0,1,1,1,A,EN AIRE,YC,aoa_orientado,3,,-40.0,-40.162,305.0,1,,D,8,45,1,15,2,3,1,40,3,10,0.5,-35,3,5,22.5,15,19.5125837,-99.1295635,rssi_avg20_ge_-35dbm (-34.951 dBm),peak_only,305.0,-40.034,-40.034,310.0,-40.181,-40.181,295.0,-40.818,-40.818,,,,,,
2026-08-20T10:39:44.298,186.491,0.312,9361,SB,SEMI_BARRIDO,70.0,1,1,O,OFFBOARD,306.1,305.0,1.1,305.0,1,D,3,SB,2,20.0,40,,,,9.0,11.95,-16.02,-8.68,19.5125362,-99.1294901,19.5124284,-99.1293366,19.5125338,-99.1294864,305.0,1,1,1,A,EN AIRE,YC,aoa_orientado,3,,-40.0,-40.146,305.0,1,,D,8,45,1,15,2,3,1,40,3,10,0.5,-35,3,5,22.5,15,19.5125837,-99.1295635,rssi_avg20_ge_-35dbm (-34.951 dBm),peak_only,305.0,-40.034,-40.034,310.0,-40.181,-40.181,295.0,-40.818,-40.818,,,,,,
2026-08-20T10:39:44.415,186.608,0.437,9361,SB,SEMI_BARRIDO,70.0,1,1,O,OFFBOARD,306.1,305.0,1.1,305.0,1,D,3,SB,2,20.0,40,,,,9.0,11.95,-16.02,-8.68,19.5125362,-99.1294901,19.5124284,-99.1293366,19.5125338,-99.1294864,305.0,1,1,1,A,EN AIRE,YC,aoa_orientado,3,,-40.0,-40.132,305.0,1,,D,8,45,1,15,2,3,1,40,3,10,0.5,-35,3,5,22.5,15,19.5125837,-99.1295635,rssi_avg20_ge_-35dbm (-34.951 dBm),peak_only,305.0,-40.034,-40.034,310.0,-40.181,-40.181,295.0,-40.818,-40.818,,,,,,
2026-08-20T10:39:44.709,186.902,0.188,9361,SB,SEMI_BARRIDO,70.0,1,1,O,OFFBOARD,304.6,305.0,-0.4,305.0,1,D,3,SB,2,20.0,40,,,,9.0,11.96,-16.02,-8.69,19.5125362,-99.1294902,19.5124284,-99.1293366,19.5125338,-99.1294864,305.0,1,1,1,A,EN AIRE,YC,aoa_orientado,3,,-39.0,-40.018,305.0,1,,D,8,45,1,15,2,3,1,40,3,10,0.5,-35,3,5,22.5,15,19.5125837,-99.1295635,rssi_avg20_ge_-35dbm (-34.951 dBm),peak_only,305.0,-40.034,-40.034,310.0,-40.181,-40.181,295.0,-40.818,-40.818,,,,,,
2026-08-20T10:39:44.801,186.994,0.282,9361,SB,SEMI_BARRIDO,70.0,1,1,O,OFFBOARD,304.6,305.0,-0.4,305.0,1,D,3,SB,2,20.0,40,,,,9.0,11.96,-16.02,-8.69,19.5125362,-99.1294902,19.5124284,-99.1293366,19.5125338,-99.1294864,305.0,1,1,1,A,EN AIRE,YC,aoa_orientado,3,,-40.0,-40.017,305.0,1,,D,8,45,1,15,2,3,1,40,3,10,0.5,-35,3,5,22.5,15,19.5125837,-99.1295635,rssi_avg20_ge_-35dbm (-34.951 dBm),peak_only,305.0,-40.034,-40.034,310.0,-40.181,-40.181,295.0,-40.818,-40.818,,,,,,
2026-08-20T10:39:44.888,187.081,0.36,9361,SB,SEMI_BARRIDO,70.0,1,1,O,OFFBOARD,304.6,305.0,-0.4,305.0,1,D,3,SB,2,20.0,40,,,,9.0,11.96,-16.02,-8.69,19.5125362,-99.1294902,19.5124284,-99.1293366,19.5125338,-99.1294864,305.0,1,1,1,A,EN AIRE,YC,aoa_orientado,3,,-39.0,-39.915,305.0,1,,D,8,45,1,15,2,3,1,40,3,10,0.5,-35,3,5,22.5,15,19.5125837,-99.1295635,rssi_avg20_ge_-35dbm (-34.951 dBm),peak_only,305.0,-40.034,-40.034,310.0,-40.181,-40.181,295.0,-40.818,-40.818,,,,,,
2026-08-20T10:39:45.080,187.273,0.563,9361,SB,SEMI_BARRIDO,70.0,1,1,O,OFFBOARD,304.6,305.0,-0.4,305.0,1,D,3,SB,2,20.0,40,,,,9.0,11.96,-16.02,-8.69,19.5125362,-99.1294902,19.5124284,-99.1293366,19.5125338,-99.1294864,305.0,1,1,1,A,EN AIRE,YC,aoa_orientado,3,,-40.0,-39.923,305.0,1,,D,8,45,1,15,2,3,1,40,3,10,0.5,-35,3,5,22.5,15,19.5125837,-99.1295635,rssi_avg20_ge_-35dbm (-34.951 dBm),peak_only,305.0,-40.034,-40.034,310.0,-40.181,-40.181,295.0,-40.818,-40.818,,,,,,
2026-08-20T10:39:45.080,187.273,0.563,9361,SB,SEMI_BARRIDO,70.0,1,1,O,OFFBOARD,304.6,305.0,-0.4,305.0,1,D,3,SB,2,20.0,40,,,,9.0,11.96,-16.02,-8.69,19.5125362,-99.1294902,19.5124284,-99.1293366,19.5125338,-99.1294864,305.0,1,1,1,A,EN AIRE,YC,aoa_orientado,3,,-40.0,-39.931,305.0,1,,D,8,45,1,15,2,3,1,40,3,10,0.5,-35,3,5,22.5,15,19.5125837,-99.1295635,rssi_avg20_ge_-35dbm (-34.951 dBm),peak_only,305.0,-40.034,-40.034,310.0,-40.181,-40.181,295.0,-40.818,-40.818,,,,,,
2026-08-20T10:39:45.360,187.553,0.188,9361,SB,SEMI_BARRIDO,70.0,1,1,O,OFFBOARD,306.3,305.0,1.3,305.0,1,D,3,SB,2,20.0,40,,,,9.0,11.95,-16.03,-8.7,19.5125361,-99.1294902,19.5124284,-99.1293366,19.5125338,-99.1294864,305.0,1,1,1,A,EN AIRE,YC,aoa_orientado,3,,-40.0,-39.938,305.0,1,,D,8,45,1,15,2,3,1,40,3,10,0.5,-35,3,5,22.5,15,19.5125837,-99.1295635,rssi_avg20_ge_-35dbm (-34.951 dBm),peak_only,305.0,-40.034,-40.034,310.0,-40.181,-40.181,295.0,-40.818,-40.818,,,,,,
2026-08-20T10:39:45.361,187.554,0.188,9361,SB,SEMI_BARRIDO,70.0,1,1,O,OFFBOARD,306.3,305.0,1.3,305.0,1,D,3,SB,2,20.0,40,,,,9.0,11.95,-16.03,-8.7,19.5125361,-99.1294902,19.5124284,-99.1293366,19.5125338,-99.1294864,305.0,1,1,1,A,EN AIRE,YC,aoa_orientado,3,,-40.0,-39.944,305.0,1,,D,8,45,1,15,2,3,1,40,3,10,0.5,-35,3,5,22.5,15,19.5125837,-99.1295635,rssi_avg20_ge_-35dbm (-34.951 dBm),peak_only,305.0,-40.034,-40.034,310.0,-40.181,-40.181,295.0,-40.818,-40.818,,,,,,
2026-08-20T10:39:45.534,187.727,0.094,9361,SB,SEMI_BARRIDO,70.0,1,1,O,OFFBOARD,306.0,305.0,1.0,305.0,1,D,3,SB,2,20.0,40,,,,9.0,11.95,-16.03,-8.7,19.5125362,-99.1294902,19.5124284,-99.1293366,19.5125338,-99.1294864,305.0,1,1,1,A,EN AIRE,YC,aoa_orientado,3,,-40.0,-39.95,305.0,1,,D,8,45,1,15,2,3,1,40,3,10,0.5,-35,3,5,22.5,15,19.5125837,-99.1295635,rssi_avg20_ge_-35dbm (-34.951 dBm),peak_only,305.0,-40.034,-40.034,310.0,-40.181,-40.181,295.0,-40.818,-40.818,,,,,,
2026-08-20T10:39:45.746,187.939,0.187,9361,SB,SEMI_BARRIDO,70.0,1,1,O,OFFBOARD,305.0,305.0,0.0,305.0,1,D,3,SB,2,20.0,40,,,,9.1,11.95,-16.03,-8.72,19.5125362,-99.1294902,19.5124284,-99.1293366,19.5125338,-99.1294864,305.0,1,1,1,A,EN AIRE,YC,aoa_orientado,3,,-40.0,-39.955,305.0,1,,D,8,45,1,15,2,3,1,40,3,10,0.5,-35,3,5,22.5,15,19.5125837,-99.1295635,rssi_avg20_ge_-35dbm (-34.951 dBm),peak_only,305.0,-40.034,-40.034,310.0,-40.181,-40.181,295.0,-40.818,-40.818,,,,,,
2026-08-20T10:39:45.856,188.049,0.11,9361,SB,SEMI_BARRIDO,70.0,1,1,O,OFFBOARD,304.6,305.0,-0.4,305.0,1,D,3,SB,2,20.0,40,,,,9.1,11.96,-16.03,-8.74,19.5125362,-99.1294901,19.5124284,-99.1293366,19.5125338,-99.1294864,305.0,1,1,1,A,EN AIRE,YC,aoa_orientado,3,,-41.0,-40.059,305.0,1,,D,8,45,1,15,2,3,1,40,3,10,0.5,-35,3,5,22.5,15,19.5125837,-99.1295635,rssi_avg20_ge_-35dbm (-34.951 dBm),peak_only,305.0,-40.034,-40.034,310.0,-40.181,-40.181,295.0,-40.818,-40.818,,,,,,
2026-08-20T10:39:46.005,188.197,0.266,9361,SB,SEMI_BARRIDO,70.0,1,1,O,OFFBOARD,304.6,305.0,-0.4,305.0,1,D,3,SB,2,20.0,40,,,,9.1,11.96,-16.03,-8.74,19.5125362,-99.1294901,19.5124284,-99.1293366,19.5125338,-99.1294864,305.0,1,1,1,A,EN AIRE,YC,aoa_orientado,3,,-40.0,-40.053,305.0,1,,D,8,45,1,15,2,3,1,40,3,10,0.5,-35,3,5,22.5,15,19.5125837,-99.1295635,rssi_avg20_ge_-35dbm (-34.951 dBm),peak_only,305.0,-40.034,-40.034,310.0,-40.181,-40.181,295.0,-40.818,-40.818,,,,,,
2026-08-20T10:39:46.072,188.265,0.328,9361,SB,SEMI_BARRIDO,70.0,1,1,O,OFFBOARD,304.6,305.0,-0.4,305.0,1,D,3,SB,2,20.0,40,,,,9.1,11.96,-16.03,-8.74,19.5125362,-99.1294901,19.5124284,-99.1293366,19.5125338,-99.1294864,305.0,1,1,1,A,EN AIRE,YC,aoa_orientado,3,,-40.0,-40.048,305.0,1,,D,8,45,1,15,2,3,1,40,3,10,0.5,-35,3,5,22.5,15,19.5125837,-99.1295635,rssi_avg20_ge_-35dbm (-34.951 dBm),peak_only,305.0,-40.034,-40.034,310.0,-40.181,-40.181,295.0,-40.818,-40.818,,,,,,
2026-08-20T10:39:46.323,188.516,0.14,9361,SB,SEMI_BARRIDO,70.0,1,1,O,OFFBOARD,304.3,304.3,0.0,,0,D,3,SB,2,20.0,40,,,,9.1,11.97,-16.02,-8.77,19.5125363,-99.1294901,19.5124284,-99.1293366,19.5125338,-99.1294864,305.0,1,1,1,A,EN AIRE,YC,aoa_orientado,3,,-40.0,-40.043,,0,ma0,D,8,45,1,15,2,3,1,40,3,10,0.5,-35,3,5,22.5,15,19.5125837,-99.1295635,rssi_avg20_ge_-35dbm (-34.951 dBm),peak_only,305.0,-40.034,-40.034,310.0,-40.181,-40.181,295.0,-40.818,-40.818,,,,,,
2026-08-20T10:39:46.466,188.659,0.281,9361,SB,SEMI_BARRIDO,70.0,1,1,O,OFFBOARD,304.3,304.3,0.0,,0,D,3,SB,2,20.0,40,,,,9.1,11.97,-16.02,-8.77,19.5125363,-99.1294901,19.5124284,-99.1293366,19.5125338,-99.1294864,305.0,1,1,1,A,EN AIRE,YC,aoa_orientado,3,,-39.0,-39.939,,0,ma0,D,8,45,1,15,2,3,1,40,3,10,0.5,-35,3,5,22.5,15,19.5125837,-99.1295635,rssi_avg20_ge_-35dbm (-34.951 dBm),peak_only,305.0,-40.034,-40.034,310.0,-40.181,-40.181,295.0,-40.818,-40.818,,,,,,
2026-08-20T10:39:46.744,188.937,0.172,9361,SB,SEMI_BARRIDO,70.0,1,1,O,OFFBOARD,308.0,310.0,-2.0,310.0,1,D,3,SB,2,20.0,40,,,,9.1,11.99,-16.0,-8.79,19.5125365,-99.1294897,19.5124284,-99.1293366,19.5125338,-99.1294864,305.0,1,1,1,A,EN AIRE,YC,aoa_orientado,3,,-43.0,-40.245,310.0,1,,D,8,45,1,15,2,3,1,40,3,10,0.5,-35,3,5,22.5,15,19.5125837,-99.1295635,rssi_avg20_ge_-35dbm (-34.951 dBm),peak_only,305.0,-40.034,-40.034,310.0,-40.181,-40.181,295.0,-40.818,-40.818,,,,,,
2026-08-20T10:39:46.744,188.937,0.172,9361,SB,SEMI_BARRIDO,70.0,1,1,O,OFFBOARD,308.0,310.0,-2.0,310.0,1,D,3,SB,2,20.0,40,,,,9.1,11.99,-16.0,-8.79,19.5125365,-99.1294897,19.5124284,-99.1293366,19.5125338,-99.1294864,305.0,1,1,1,A,EN AIRE,YC,aoa_orientado,3,,-39.0,-40.121,310.0,1,,D,8,45,1,15,2,3,1,40,3,10,0.5,-35,3,5,22.5,15,19.5125837,-99.1295635,rssi_avg20_ge_-35dbm (-34.951 dBm),peak_only,305.0,-40.034,-40.034,310.0,-40.181,-40.181,295.0,-40.818,-40.818,,,,,,
2026-08-20T10:39:46.922,189.115,0.0,9361,SB,SEMI_BARRIDO,70.0,1,1,O,OFFBOARD,310.9,310.0,0.9,310.0,1,D,3,SB,2,20.0,40,,,,9.1,12.0,-15.98,-8.8,19.5125366,-99.1294895,19.5124284,-99.1293366,19.5125338,-99.1294864,305.0,1,1,1,A,EN AIRE,YC,aoa_orientado,3,,-39.0,-40.008,310.0,1,,D,8,45,1,15,2,3,1,40,3,10,0.5,-35,3,5,22.5,15,19.5125837,-99.1295635,rssi_avg20_ge_-35dbm (-34.951 dBm),peak_only,305.0,-40.034,-40.034,310.0,-40.181,-40.181,295.0,-40.818,-40.818,,,,,,
2026-08-20T10:39:47.002,189.195,0.078,9361,SB,SEMI_BARRIDO,70.0,1,1,O,OFFBOARD,310.9,310.0,0.9,310.0,1,D,3,SB,2,20.0,40,,,,9.1,12.0,-15.98,-8.8,19.5125366,-99.1294895,19.5124284,-99.1293366,19.5125338,-99.1294864,305.0,1,1,1,A,EN AIRE,YC,aoa_orientado,3,,-40.0,-40.008,310.0,1,,D,8,45,1,15,2,3,1,40,3,10,0.5,-35,3,5,22.5,15,19.5125837,-99.1295635,rssi_avg20_ge_-35dbm (-34.951 dBm),peak_only,305.0,-40.034,-40.034,310.0,-40.181,-40.181,295.0,-40.818,-40.818,,,,,,
2026-08-20T10:39:47.205,189.398,0.016,9361,SB,SEMI_BARRIDO,70.0,1,1,O,OFFBOARD,311.5,310.0,1.5,310.0,1,D,3,SB,2,20.0,40,,,,9.1,12.0,-15.95,-8.81,19.5125366,-99.1294894,19.5124284,-99.1293366,19.5125338,-99.1294864,305.0,1,1,1,A,EN AIRE,YC,aoa_orientado,3,,-40.0,-40.007,310.0,1,,D,8,45,1,15,2,3,1,40,3,10,0.5,-35,3,5,22.5,15,19.5125837,-99.1295635,rssi_avg20_ge_-35dbm (-34.951 dBm),peak_only,305.0,-40.034,-40.034,310.0,-40.181,-40.181,295.0,-40.818,-40.818,,,,,,
2026-08-20T10:39:47.398,189.591,0.203,9361,SB,SEMI_BARRIDO,70.0,1,1,O,OFFBOARD,311.5,310.0,1.5,310.0,1,D,3,SB,2,20.0,40,,,,9.1,12.0,-15.95,-8.81,19.5125366,-99.1294894,19.5124284,-99.1293366,19.5125338,-99.1294864,305.0,1,1,1,A,EN AIRE,YC,aoa_orientado,3,,-40.0,-40.006,310.0,1,,D,8,45,1,15,2,3,1,40,3,10,0.5,-35,3,5,22.5,15,19.5125837,-99.1295635,rssi_avg20_ge_-35dbm (-34.951 dBm),peak_only,305.0,-40.034,-40.034,310.0,-40.181,-40.181,295.0,-40.818,-40.818,,,,,,
2026-08-20T10:39:47.398,189.591,0.203,9361,SB,SEMI_BARRIDO,70.0,1,1,O,OFFBOARD,311.5,310.0,1.5,310.0,1,D,3,SB,2,20.0,40,,,,9.1,12.0,-15.95,-8.81,19.5125366,-99.1294894,19.5124284,-99.1293366,19.5125338,-99.1294864,305.0,1,1,1,A,EN AIRE,YC,aoa_orientado,3,,-39.0,-39.906,310.0,1,,D,8,45,1,15,2,3,1,40,3,10,0.5,-35,3,5,22.5,15,19.5125837,-99.1295635,rssi_avg20_ge_-35dbm (-34.951 dBm),peak_only,305.0,-40.034,-40.034,310.0,-40.181,-40.181,295.0,-40.818,-40.818,,,,,,
2026-08-20T10:39:47.795,189.988,0.203,9361,SB,SEMI_BARRIDO,70.0,1,1,O,OFFBOARD,310.0,310.0,0.0,310.0,1,D,3,SB,2,20.0,40,,,,9.2,11.98,-15.92,-8.86,19.5125363,-99.1294891,19.5124284,-99.1293366,19.5125338,-99.1294864,305.0,1,1,1,A,EN AIRE,YC,aoa_orientado,3,,-39.0,-39.815,310.0,1,,D,8,45,1,15,2,3,1,40,3,10,0.5,-35,3,5,22.5,15,19.5125837,-99.1295635,rssi_avg20_ge_-35dbm (-34.951 dBm),peak_only,305.0,-40.034,-40.034,310.0,-40.181,-40.181,295.0,-40.818,-40.818,,,,,,
2026-08-20T10:39:47.796,189.989,0.203,9361,SB,SEMI_BARRIDO,70.0,1,1,O,OFFBOARD,310.0,310.0,0.0,310.0,1,D,3,SB,2,20.0,40,,,,9.2,11.98,-15.92,-8.86,19.5125363,-99.1294891,19.5124284,-99.1293366,19.5125338,-99.1294864,305.0,1,1,1,A,EN AIRE,YC,aoa_orientado,3,,-39.0,-39.733,310.0,1,,D,8,45,1,15,2,3,1,40,3,10,0.5,-35,3,5,22.5,15,19.5125837,-99.1295635,rssi_avg20_ge_-35dbm (-34.951 dBm),peak_only,305.0,-40.034,-40.034,310.0,-40.181,-40.181,295.0,-40.818,-40.818,,,,,,
2026-08-20T10:39:47.895,190.088,0.312,9361,SB,SEMI_BARRIDO,70.0,1,1,O,OFFBOARD,310.0,310.0,0.0,310.0,1,D,3,SB,2,20.0,40,,,,9.2,11.98,-15.92,-8.86,19.5125363,-99.1294891,19.5124284,-99.1293366,19.5125338,-99.1294864,305.0,1,1,1,A,EN AIRE,YC,aoa_orientado,3,,-46.0,-40.36,310.0,1,,D,8,45,1,15,2,3,1,40,3,10,0.5,-35,3,5,22.5,15,19.5125837,-99.1295635,rssi_avg20_ge_-35dbm (-34.951 dBm),peak_only,305.0,-40.034,-40.034,310.0,-40.181,-40.181,295.0,-40.818,-40.818,,,,,,
2026-08-20T10:39:48.264,190.457,0.0,9361,SB,SEMI_BARRIDO,70.0,1,1,O,OFFBOARD,309.6,310.0,-0.4,310.0,1,D,3,SB,2,20.0,40,,,,9.2,11.95,-15.92,-8.88,19.512536,-99.1294893,19.5124284,-99.1293366,19.5125338,-99.1294864,305.0,1,1,1,A,EN AIRE,YC,aoa_orientado,3,,-40.0,-40.324,310.0,1,,D,8,45,1,15,2,3,1,40,3,10,0.5,-35,3,5,22.5,15,19.5125837,-99.1295635,rssi_avg20_ge_-35dbm (-34.951 dBm),peak_only,305.0,-40.034,-40.034,310.0,-40.181,-40.181,295.0,-40.818,-40.818,,,,,,
2026-08-20T10:39:48.264,190.457,0.0,9361,SB,SEMI_BARRIDO,70.0,1,1,O,OFFBOARD,309.6,310.0,-0.4,310.0,1,D,3,SB,2,20.0,40,,,,9.2,11.95,-15.92,-8.88,19.512536,-99.1294893,19.5124284,-99.1293366,19.5125338,-99.1294864,305.0,1,1,1,A,EN AIRE,YC,aoa_orientado,3,,-39.0,-40.192,310.0,1,,D,8,45,1,15,2,3,1,40,3,10,0.5,-35,3,5,22.5,15,19.5125837,-99.1295635,rssi_avg20_ge_-35dbm (-34.951 dBm),peak_only,305.0,-40.034,-40.034,310.0,-40.181,-40.181,295.0,-40.818,-40.818,,,,,,
2026-08-20T10:39:48.545,190.738,0.0,9361,SB,SEMI_BARRIDO,70.0,1,1,O,OFFBOARD,309.9,310.0,-0.1,310.0,1,D,3,SB,2,20.0,40,,,,9.2,11.93,-15.94,-8.89,19.5125359,-99.1294895,19.5124284,-99.1293366,19.5125338,-99.1294864,305.0,1,1,1,A,EN AIRE,YC,aoa_orientado,3,,-46.0,-40.773,310.0,1,,D,8,45,1,15,2,3,1,40,3,10,0.5,-35,3,5,22.5,15,19.5125837,-99.1295635,rssi_avg20_ge_-35dbm (-34.951 dBm),peak_only,305.0,-40.034,-40.034,310.0,-40.181,-40.181,295.0,-40.818,-40.818,,,,,,
2026-08-20T10:39:48.546,190.739,0.0,9361,SB,SEMI_BARRIDO,70.0,1,1,O,OFFBOARD,309.9,310.0,-0.1,310.0,1,D,3,SB,2,20.0,40,,,,9.2,11.93,-15.94,-8.89,19.5125359,-99.1294895,19.5124284,-99.1293366,19.5125338,-99.1294864,305.0,1,1,1,A,EN AIRE,YC,aoa_orientado,3,,-40.0,-40.695,310.0,1,,D,8,45,1,15,2,3,1,40,3,10,0.5,-35,3,5,22.5,15,19.5125837,-99.1295635,rssi_avg20_ge_-35dbm (-34.951 dBm),peak_only,305.0,-40.034,-40.034,310.0,-40.181,-40.181,295.0,-40.818,-40.818,,,,,,
2026-08-20T10:39:48.904,191.097,0.25,9361,SB,SEMI_BARRIDO,70.0,1,1,O,OFFBOARD,310.1,310.0,0.1,310.0,1,D,3,SB,2,20.0,40,,,,9.2,11.92,-15.96,-8.9,19.5125358,-99.1294897,19.5124284,-99.1293366,19.5125338,-99.1294864,305.0,1,1,1,A,EN AIRE,YC,aoa_orientado,3,,-39.0,-40.526,310.0,1,,D,8,45,1,15,2,3,1,40,3,10,0.5,-35,3,5,22.5,15,19.5125837,-99.1295635,rssi_avg20_ge_-35dbm (-34.951 dBm),peak_only,305.0,-40.034,-40.034,310.0,-40.181,-40.181,295.0,-40.818,-40.818,,,,,,
2026-08-20T10:39:49.220,191.412,0.313,9361,SB,SEMI_BARRIDO,70.0,1,1,O,OFFBOARD,309.3,309.3,0.0,,0,D,3,SB,2,20.0,40,,,,9.2,11.91,-15.99,-8.91,19.5125358,-99.12949,19.5124284,-99.1293366,19.5125338,-99.1294864,305.0,1,1,1,A,EN AIRE,YC,aoa_orientado,3,,-39.0,-40.373,,0,ma0,D,8,45,1,15,2,3,1,40,3,10,0.5,-35,3,5,22.5,15,19.5125837,-99.1295635,rssi_avg20_ge_-35dbm (-34.951 dBm),peak_only,305.0,-40.034,-40.034,310.0,-40.181,-40.181,295.0,-40.818,-40.818,,,,,,
2026-08-20T10:39:49.409,191.602,0.094,9361,SB,SEMI_BARRIDO,70.0,1,1,O,OFFBOARD,308.5,315.0,-6.5,315.0,1,D,3,SB,2,20.0,40,,,,9.2,11.92,-16.03,-8.91,19.5125359,-99.1294902,19.5124284,-99.1293366,19.5125338,-99.1294864,305.0,1,1,1,A,EN AIRE,YC,aoa_orientado,3,,-38.0,-40.136,315.0,1,,D,8,45,1,15,2,3,1,40,3,10,0.5,-35,3,5,22.5,15,19.5125837,-99.1295635,rssi_avg20_ge_-35dbm (-34.951 dBm),peak_only,305.0,-40.034,-40.034,310.0,-40.181,-40.181,295.0,-40.818,-40.818,,,,,,
2026-08-20T10:39:50.022,192.215,0.125,9361,SB,SEMI_BARRIDO,70.0,1,1,O,OFFBOARD,315.7,315.0,0.7,315.0,1,D,3,SB,2,20.0,40,,,,9.2,11.94,-16.06,-8.9,19.512536,-99.1294905,19.5124284,-99.1293366,19.5125338,-99.1294864,305.0,1,1,1,A,EN AIRE,YC,aoa_orientado,3,,-40.0,-40.122,315.0,1,,D,8,45,1,15,2,3,1,40,3,10,0.5,-35,3,5,22.5,15,19.5125837,-99.1295635,rssi_avg20_ge_-35dbm (-34.951 dBm),peak_only,305.0,-40.034,-40.034,310.0,-40.181,-40.181,295.0,-40.818,-40.818,,,,,,
2026-08-20T10:39:50.022,192.215,0.125,9361,SB,SEMI_BARRIDO,70.0,1,1,O,OFFBOARD,315.7,315.0,0.7,315.0,1,D,3,SB,2,20.0,40,,,,9.2,11.94,-16.06,-8.9,19.512536,-99.1294905,19.5124284,-99.1293366,19.5125338,-99.1294864,305.0,1,1,1,A,EN AIRE,YC,aoa_orientado,3,,-39.0,-40.01,315.0,1,,D,8,45,1,15,2,3,1,40,3,10,0.5,-35,3,5,22.5,15,19.5125837,-99.1295635,rssi_avg20_ge_-35dbm (-34.951 dBm),peak_only,305.0,-40.034,-40.034,310.0,-40.181,-40.181,295.0,-40.818,-40.818,,,,,,
2026-08-20T10:39:51.053,193.246,0.11,9361,SB,SEMI_BARRIDO,70.0,1,1,O,OFFBOARD,313.9,315.0,-1.1,315.0,1,D,3,SB,2,20.0,40,,,,9.2,11.91,-16.03,-8.87,19.5125358,-99.1294902,19.5124284,-99.1293366,19.5125338,-99.1294864,305.0,1,1,1,A,EN AIRE,YC,aoa_orientado,3,,-44.0,-40.409,315.0,1,,D,8,45,1,15,2,3,1,40,3,10,0.5,-35,3,5,22.5,15,19.5125837,-99.1295635,rssi_avg20_ge_-35dbm (-34.951 dBm),peak_only,305.0,-40.034,-40.034,310.0,-40.181,-40.181,295.0,-40.818,-40.818,,,,,,
2026-08-20T10:39:51.203,193.396,0.25,9361,SB,SEMI_BARRIDO,70.0,1,1,O,OFFBOARD,313.9,315.0,-1.1,315.0,1,D,3,SB,2,20.0,40,,,,9.2,11.91,-16.03,-8.87,19.5125358,-99.1294902,19.5124284,-99.1293366,19.5125338,-99.1294864,305.0,1,1,1,A,EN AIRE,YC,aoa_orientado,3,,-42.0,-40.568,315.0,1,,D,8,45,1,15,2,3,1,40,3,10,0.5,-35,3,5,22.5,15,19.5125837,-99.1295635,rssi_avg20_ge_-35dbm (-34.951 dBm),peak_only,305.0,-40.034,-40.034,310.0,-40.181,-40.181,295.0,-40.818,-40.818,,,,,,
2026-08-20T10:39:51.203,193.396,0.25,9361,SB,SEMI_BARRIDO,70.0,1,1,O,OFFBOARD,313.9,315.0,-1.1,315.0,1,D,3,SB,2,20.0,40,,,,9.2,11.91,-16.03,-8.87,19.5125358,-99.1294902,19.5124284,-99.1293366,19.5125338,-99.1294864,305.0,1,1,1,A,EN AIRE,YC,aoa_orientado,3,,-43.0,-40.811,315.0,1,,D,8,45,1,15,2,3,1,40,3,10,0.5,-35,3,5,22.5,15,19.5125837,-99.1295635,rssi_avg20_ge_-35dbm (-34.951 dBm),peak_only,305.0,-40.034,-40.034,310.0,-40.181,-40.181,295.0,-40.818,-40.818,,,,,,
2026-08-20T10:39:51.297,193.49,0.344,9361,SB,SEMI_BARRIDO,70.0,1,1,O,OFFBOARD,313.9,315.0,-1.1,315.0,1,D,3,SB,2,20.0,40,,,,9.2,11.91,-16.03,-8.87,19.5125358,-99.1294902,19.5124284,-99.1293366,19.5125338,-99.1294864,305.0,1,1,1,A,EN AIRE,YC,aoa_orientado,3,,-49.0,-41.63,315.0,1,,D,8,45,1,15,2,3,1,40,3,10,0.5,-35,3,5,22.5,15,19.5125837,-99.1295635,rssi_avg20_ge_-35dbm (-34.951 dBm),peak_only,305.0,-40.034,-40.034,310.0,-40.181,-40.181,295.0,-40.818,-40.818,,,,,,
2026-08-20T10:39:51.470,193.662,0.078,9361,SB,SEMI_BARRIDO,70.0,1,1,O,OFFBOARD,314.2,315.0,-0.8,315.0,1,D,3,SB,2,20.0,40,,,,9.2,11.91,-16.04,-8.86,19.5125357,-99.1294904,19.5124284,-99.1293366,19.5125338,-99.1294864,305.0,1,1,1,A,EN AIRE,YC,aoa_orientado,3,,-47.0,-42.167,315.0,1,,D,8,45,1,15,2,3,1,40,3,10,0.5,-35,3,5,22.5,15,19.5125837,-99.1295635,rssi_avg20_ge_-35dbm (-34.951 dBm),peak_only,305.0,-40.034,-40.034,310.0,-40.181,-40.181,295.0,-40.818,-40.818,,,,,,
2026-08-20T10:39:51.683,193.876,0.0,9361,SB,SEMI_BARRIDO,70.0,1,1,O,OFFBOARD,314.7,315.0,-0.3,315.0,1,D,3,SB,2,20.0,40,,,,9.2,11.91,-16.06,-8.85,19.5125358,-99.1294906,19.5124284,-99.1293366,19.5125338,-99.1294864,305.0,1,1,1,A,EN AIRE,YC,aoa_orientado,3,,-42.0,-42.15,315.0,1,,D,8,45,1,15,2,3,1,40,3,10,0.5,-35,3,5,22.5,15,19.5125837,-99.1295635,rssi_avg20_ge_-35dbm (-34.951 dBm),peak_only,305.0,-40.034,-40.034,310.0,-40.181,-40.181,295.0,-40.818,-40.818,,,,,,
2026-08-20T10:39:51.766,193.959,0.078,9361,SB,SEMI_BARRIDO,70.0,1,1,O,OFFBOARD,314.7,315.0,-0.3,315.0,1,D,3,SB,2,20.0,40,,,,9.2,11.91,-16.06,-8.85,19.5125358,-99.1294906,19.5124284,-99.1293366,19.5125338,-99.1294864,305.0,1,1,1,A,EN AIRE,YC,aoa_orientado,3,,-41.0,-42.035,315.0,1,,D,8,45,1,15,2,3,1,40,3,10,0.5,-35,3,5,22.5,15,19.5125837,-99.1295635,rssi_avg20_ge_-35dbm (-34.951 dBm),peak_only,305.0,-40.034,-40.034,310.0,-40.181,-40.181,295.0,-40.818,-40.818,,,,,,
2026-08-20T10:39:51.975,194.168,0.297,9361,SB,SEMI_BARRIDO,70.0,1,1,O,OFFBOARD,314.7,315.0,-0.3,315.0,1,D,3,SB,2,20.0,40,,,,9.2,11.91,-16.06,-8.85,19.5125358,-99.1294906,19.5124284,-99.1293366,19.5125338,-99.1294864,305.0,1,1,1,A,EN AIRE,YC,aoa_orientado,3,,-46.0,-42.432,315.0,1,,D,8,45,1,15,2,3,1,40,3,10,0.5,-35,3,5,22.5,15,19.5125837,-99.1295635,rssi_avg20_ge_-35dbm (-34.951 dBm),peak_only,305.0,-40.034,-40.034,310.0,-40.181,-40.181,295.0,-40.818,-40.818,,,,,,
2026-08-20T10:39:52.248,194.441,0.265,9361,QA,ESPERANDO_AOA,70.0,1,1,O,OFFBOARD,314.7,315.0,-0.3,,0,D,3,SB,2,20.0,40,,,,9.2,11.91,-16.09,-8.85,19.5125358,-99.1294909,19.5124284,-99.1293366,19.5125338,-99.1294864,305.0,1,1,1,A,EN AIRE,YC,aoa_orientado,3,,-46.0,-42.789,,0,ma0,D,8,45,1,15,2,3,1,40,3,10,0.5,-35,3,5,22.5,15,19.5125837,-99.1295635,rssi_avg20_ge_-35dbm (-34.951 dBm),peak_only,305.0,-40.034,-40.034,310.0,-40.181,-40.181,295.0,-40.818,-40.818,,,,,,
2026-08-20T10:39:52.248,194.441,0.265,9361,QA,ESPERANDO_AOA,70.0,1,1,O,OFFBOARD,314.7,315.0,-0.3,,0,D,3,SB,2,20.0,40,,,,9.2,11.91,-16.09,-8.85,19.5125358,-99.1294909,19.5124284,-99.1293366,19.5125338,-99.1294864,305.0,1,1,1,A,EN AIRE,YC,aoa_orientado,3,,-76.0,-46.11,,0,ma0,D,8,45,1,15,2,3,1,40,3,10,0.5,-35,3,5,22.5,15,19.5125837,-99.1295635,rssi_avg20_ge_-35dbm (-34.951 dBm),peak_only,305.0,-40.034,-40.034,310.0,-40.181,-40.181,295.0,-40.818,-40.818,,,,,,
2026-08-20T10:39:52.359,194.552,0.11,9361,QA,ESPERANDO_AOA,70.0,1,1,O,OFFBOARD,314.8,315.0,-0.2,,0,D,3,SB,2,20.0,40,,,,9.2,11.92,-16.12,-8.84,19.5125358,-99.1294911,19.5124284,-99.1293366,19.5125338,-99.1294864,305.0,1,1,1,A,EN AIRE,YC,aoa_orientado,3,,-39.0,-45.399,,0,ma0,D,8,45,1,15,2,3,1,40,3,10,0.5,-35,3,5,22.5,15,19.5125837,-99.1295635,rssi_avg20_ge_-35dbm (-34.951 dBm),peak_only,305.0,-40.034,-40.034,310.0,-40.181,-40.181,295.0,-40.818,-40.818,,,,,,
2026-08-20T10:39:52.561,194.754,0.203,9361,QA,ESPERANDO_AOA,70.0,1,1,O,OFFBOARD,316.0,315.0,1.0,,0,D,3,SB,2,20.0,40,,,,9.1,11.92,-16.15,-8.82,19.5125358,-99.1294913,19.5124284,-99.1293366,19.5125338,-99.1294864,305.0,1,1,1,A,EN AIRE,YC,aoa_orientado,3,,-38.0,-44.659,,0,ma0,D,8,45,1,15,2,3,1,40,3,10,0.5,-35,3,5,22.5,15,19.5125837,-99.1295635,rssi_avg20_ge_-35dbm (-34.951 dBm),peak_only,305.0,-40.034,-40.034,310.0,-40.181,-40.181,295.0,-40.818,-40.818,,,,,,
2026-08-20T10:39:52.902,195.095,0.14,9361,QA,ESPERANDO_AOA,70.0,1,1,O,OFFBOARD,316.4,315.0,1.4,,0,D,3,SB,2,20.0,40,,,,9.1,11.92,-16.15,-8.82,19.5125358,-99.1294913,19.5124284,-99.1293366,19.5125338,-99.1294864,305.0,1,1,1,A,EN AIRE,YC,aoa_orientado,3,,-37.0,-43.893,,0,ma0,D,8,45,1,15,2,3,1,40,3,10,0.5,-35,3,5,22.5,15,19.5125837,-99.1295635,rssi_avg20_ge_-35dbm (-34.951 dBm),peak_only,305.0,-40.034,-40.034,310.0,-40.181,-40.181,295.0,-40.818,-40.818,,,,,,
2026-08-20T10:39:53.090,195.283,0.188,9361,QA,ESPERANDO_AOA,70.0,1,1,O,OFFBOARD,315.8,315.0,0.8,,0,D,3,SB,2,20.0,40,,,,9.1,11.92,-16.15,-8.81,19.5125358,-99.1294913,19.5124284,-99.1293366,19.5125338,-99.1294864,305.0,1,1,1,A,EN AIRE,YC,aoa_orientado,3,,-37.0,-43.204,,0,ma0,D,8,45,1,15,2,3,1,40,3,10,0.5,-35,3,5,22.5,15,19.5125837,-99.1295635,rssi_avg20_ge_-35dbm (-34.951 dBm),peak_only,305.0,-40.034,-40.034,310.0,-40.181,-40.181,295.0,-40.818,-40.818,,,,,,
2026-08-20T10:39:53.198,195.391,0.109,9361,QA,ESPERANDO_AOA,70.0,1,1,O,OFFBOARD,315.8,315.0,0.8,,0,D,3,SB,2,20.0,40,,,,9.1,11.92,-16.15,-8.81,19.5125358,-99.1294913,19.5124284,-99.1293366,19.5125338,-99.1294864,305.0,1,1,1,A,EN AIRE,YC,aoa_orientado,3,,-37.0,-42.583,,0,ma0,D,8,45,1,15,2,3,1,40,3,10,0.5,-35,3,5,22.5,15,19.5125837,-99.1295635,rssi_avg20_ge_-35dbm (-34.951 dBm),peak_only,305.0,-40.034,-40.034,310.0,-40.181,-40.181,295.0,-40.818,-40.818,,,,,,
2026-08-20T10:39:53.389,195.582,0.188,9361,YA,ORIENTANDO_AOA,70.0,1,1,O,OFFBOARD,315.0,312.7,2.3,,0,D,3,SB,2,20.0,40,,,,9.1,11.93,-16.14,-8.79,19.5125359,-99.1294913,19.5124284,-99.1293366,19.5125338,-99.1294864,305.0,1,1,1,A,EN AIRE,Y,orientar_aoa,4,,-37.0,-42.025,,0,ma0,D,8,45,1,15,2,3,1,40,3,10,0.5,-35,3,5,22.5,15,19.5125837,-99.1295635,rssi_avg20_ge_-35dbm (-34.951 dBm),peak_only,305.0,-40.034,-40.034,310.0,-40.181,-40.181,295.0,-40.818,-40.818,,,,,,
2026-08-20T10:39:53.510,195.703,0.125,9361,YA,ORIENTANDO_AOA,70.0,1,1,O,OFFBOARD,313.6,305.0,8.6,,0,D,3,SB,2,20.0,40,,,,9.1,11.95,-16.14,-8.79,19.5125362,-99.1294912,19.5124284,-99.1293366,19.5125338,-99.1294864,305.0,1,1,1,A,EN AIRE,Y,orientar_aoa,4,,-37.0,-41.523,,0,ma0,D,8,45,1,15,2,3,1,40,3,10,0.5,-35,3,5,22.5,15,19.5125837,-99.1295635,rssi_avg20_ge_-35dbm (-34.951 dBm),peak_only,305.0,-40.034,-40.034,310.0,-40.181,-40.181,295.0,-40.818,-40.818,,,,,,
2026-08-20T10:39:53.669,195.862,0.281,9361,YA,ORIENTANDO_AOA,70.0,1,1,O,OFFBOARD,313.6,305.0,8.6,,0,D,3,SB,2,20.0,40,,,,9.1,11.95,-16.14,-8.79,19.5125362,-99.1294912,19.5124284,-99.1293366,19.5125338,-99.1294864,305.0,1,1,1,A,EN AIRE,Y,orientar_aoa,4,,-37.0,-41.07,,0,ma0,D,8,45,1,15,2,3,1,40,3,10,0.5,-35,3,5,22.5,15,19.5125837,-99.1295635,rssi_avg20_ge_-35dbm (-34.951 dBm),peak_only,305.0,-40.034,-40.034,310.0,-40.181,-40.181,295.0,-40.818,-40.818,,,,,,
2026-08-20T10:39:53.939,196.132,0.266,9361,YA,ORIENTANDO_AOA,70.0,1,1,O,OFFBOARD,304.9,305.0,-0.1,,0,D,3,SB,2,20.0,40,,,,9.1,11.96,-16.14,-8.79,19.5125362,-99.1294912,19.5124284,-99.1293366,19.5125338,-99.1294864,305.0,1,1,1,A,EN AIRE,Y,orientar_aoa,4,,-76.0,-44.563,,0,ma0,D,8,45,1,15,2,3,1,40,3,10,0.5,-35,3,5,22.5,15,19.5125837,-99.1295635,rssi_avg20_ge_-35dbm (-34.951 dBm),peak_only,305.0,-40.034,-40.034,310.0,-40.181,-40.181,295.0,-40.818,-40.818,,,,,,
2026-08-20T10:39:53.939,196.132,0.266,9361,YA,ORIENTANDO_AOA,70.0,1,1,O,OFFBOARD,304.9,305.0,-0.1,,0,D,3,SB,2,20.0,40,,,,9.1,11.96,-16.14,-8.79,19.5125362,-99.1294912,19.5124284,-99.1293366,19.5125338,-99.1294864,305.0,1,1,1,A,EN AIRE,Y,orientar_aoa,4,,-37.0,-43.807,,0,ma0,D,8,45,1,15,2,3,1,40,3,10,0.5,-35,3,5,22.5,15,19.5125837,-99.1295635,rssi_avg20_ge_-35dbm (-34.951 dBm),peak_only,305.0,-40.034,-40.034,310.0,-40.181,-40.181,295.0,-40.818,-40.818,,,,,,
2026-08-20T10:39:54.064,196.257,0.14,9361,YA,ORIENTANDO_AOA,70.0,1,1,O,OFFBOARD,301.8,305.0,-3.2,,0,D,3,SB,2,20.0,40,,,,9.1,11.96,-16.14,-8.79,19.5125363,-99.1294912,19.5124284,-99.1293366,19.5125338,-99.1294864,305.0,1,1,1,A,EN AIRE,Y,orientar_aoa,4,,-38.0,-43.226,,0,ma0,D,8,45,1,15,2,3,1,40,3,10,0.5,-35,3,5,22.5,15,19.5125837,-99.1295635,rssi_avg20_ge_-35dbm (-34.951 dBm),peak_only,305.0,-40.034,-40.034,310.0,-40.181,-40.181,295.0,-40.818,-40.818,,,,,,
2026-08-20T10:39:54.228,196.42,0.297,9361,YA,ORIENTANDO_AOA,70.0,1,1,O,OFFBOARD,301.8,305.0,-3.2,,0,D,3,SB,2,20.0,40,,,,9.1,11.96,-16.14,-8.79,19.5125363,-99.1294912,19.5124284,-99.1293366,19.5125338,-99.1294864,305.0,1,1,1,A,EN AIRE,Y,orientar_aoa,4,,-37.0,-42.604,,0,ma0,D,8,45,1,15,2,3,1,40,3,10,0.5,-35,3,5,22.5,15,19.5125837,-99.1295635,rssi_avg20_ge_-35dbm (-34.951 dBm),peak_only,305.0,-40.034,-40.034,310.0,-40.181,-40.181,295.0,-40.818,-40.818,,,,,,
2026-08-20T10:39:54.340,196.533,0.109,9361,YA,ORIENTANDO_AOA,70.0,1,1,O,OFFBOARD,302.7,305.0,-2.3,,0,D,3,SB,2,20.0,40,,,,9.1,11.97,-16.13,-8.77,19.5125363,-99.129491,19.5124284,-99.1293366,19.5125338,-99.1294864,305.0,1,1,1,A,EN AIRE,Y,orientar_aoa,4,,-37.0,-42.043,,0,ma0,D,8,45,1,15,2,3,1,40,3,10,0.5,-35,3,5,22.5,15,19.5125837,-99.1295635,rssi_avg20_ge_-35dbm (-34.951 dBm),peak_only,305.0,-40.034,-40.034,310.0,-40.181,-40.181,295.0,-40.818,-40.818,,,,,,
2026-08-20T10:39:54.494,196.687,0.265,9361,YA,ORIENTANDO_AOA,70.0,1,1,O,OFFBOARD,302.7,305.0,-2.3,,0,D,3,SB,2,20.0,40,,,,9.1,11.97,-16.13,-8.77,19.5125363,-99.129491,19.5124284,-99.1293366,19.5125338,-99.1294864,305.0,1,1,1,A,EN AIRE,Y,orientar_aoa,4,,-37.0,-41.539,,0,ma0,D,8,45,1,15,2,3,1,40,3,10,0.5,-35,3,5,22.5,15,19.5125837,-99.1295635,rssi_avg20_ge_-35dbm (-34.951 dBm),peak_only,305.0,-40.034,-40.034,310.0,-40.181,-40.181,295.0,-40.818,-40.818,,,,,,
2026-08-20T10:39:54.621,196.814,0.125,9361,YA,ORIENTANDO_AOA,70.0,1,1,O,OFFBOARD,305.5,305.0,0.5,,0,D,3,SB,2,20.0,40,,,,9.1,11.97,-16.12,-8.74,19.5125363,-99.129491,19.5124284,-99.1293366,19.5125338,-99.1294864,305.0,1,1,1,A,EN AIRE,Y,orientar_aoa,4,,-37.0,-41.085,,0,ma0,D,8,45,1,15,2,3,1,40,3,10,0.5,-35,3,5,22.5,15,19.5125837,-99.1295635,rssi_avg20_ge_-35dbm (-34.951 dBm),peak_only,305.0,-40.034,-40.034,310.0,-40.181,-40.181,295.0,-40.818,-40.818,,,,,,
2026-08-20T10:39:54.889,197.082,0.11,9361,AV,AVANZANDO,70.0,1,1,O,OFFBOARD,305.4,305.0,0.4,,0,A,3,SB,3,20.0,40,,,,9.0,11.97,-16.1,-8.72,19.5125363,-99.1294908,19.5124284,-99.1293366,19.5125338,-99.1294864,305.0,1,1,1,A,EN AIRE,YC,aoa_orientado,4,,-38.0,-40.777,,0,ma0,D,8,45,1,15,2,3,1,40,3,10,0.5,-35,3,5,22.5,15,19.5125837,-99.1295635,rssi_avg20_ge_-35dbm (-34.951 dBm),peak_only,305.0,-40.034,-40.034,310.0,-40.181,-40.181,295.0,-40.818,-40.818,,,,,,
2026-08-20T10:39:54.889,197.082,0.11,9361,AV,AVANZANDO,70.0,1,1,O,OFFBOARD,305.4,305.0,0.4,,0,A,3,SB,3,20.0,40,,,,9.0,11.97,-16.1,-8.72,19.5125363,-99.1294908,19.5124284,-99.1293366,19.5125338,-99.1294864,305.0,1,1,1,A,EN AIRE,YC,aoa_orientado,4,,-37.0,-40.399,,0,ma0,D,8,45,1,15,2,3,1,40,3,10,0.5,-35,3,5,22.5,15,19.5125837,-99.1295635,rssi_avg20_ge_-35dbm (-34.951 dBm),peak_only,305.0,-40.034,-40.034,310.0,-40.181,-40.181,295.0,-40.818,-40.818,,,,,,
2026-08-20T10:39:55.080,197.273,0.187,9361,AV,AVANZANDO,70.3,1,1,O,OFFBOARD,305.0,305.0,0.0,,0,A,3,SB,3,20.13,40,,,,9.0,11.97,-16.09,-8.69,19.5125363,-99.1294907,19.5124284,-99.1293366,19.5125338,-99.1294864,305.0,1,1,1,A,EN AIRE,YC,aoa_orientado,4,,-37.0,-40.059,,0,ma0,D,8,45,1,15,2,3,1,40,3,10,0.5,-35,3,5,22.5,15,19.5125837,-99.1295635,rssi_avg20_ge_-35dbm (-34.951 dBm),peak_only,305.0,-40.034,-40.034,310.0,-40.181,-40.181,295.0,-40.818,-40.818,,,,,,
2026-08-20T10:39:55.188,197.381,0.297,9361,AV,AVANZANDO,70.3,1,1,O,OFFBOARD,305.0,305.0,0.0,,0,A,3,SB,3,20.13,40,,,,9.0,11.97,-16.09,-8.69,19.5125363,-99.1294907,19.5124284,-99.1293366,19.5125338,-99.1294864,305.0,1,1,1,A,EN AIRE,YC,aoa_orientado,4,,-37.0,-39.753,,0,ma0,D,8,45,1,15,2,3,1,40,3,10,0.5,-35,3,5,22.5,15,19.5125837,-99.1295635,rssi_avg20_ge_-35dbm (-34.951 dBm),peak_only,305.0,-40.034,-40.034,310.0,-40.181,-40.181,295.0,-40.818,-40.818,,,,,,
2026-08-20T10:39:55.369,197.562,0.484,9361,AV,AVANZANDO,70.3,1,1,O,OFFBOARD,305.0,305.0,0.0,,0,A,3,SB,3,20.13,40,,,,9.0,11.97,-16.09,-8.69,19.5125363,-99.1294907,19.5124284,-99.1293366,19.5125338,-99.1294864,305.0,1,1,1,A,EN AIRE,YC,aoa_orientado,4,,-38.0,-39.578,,0,ma0,D,8,45,1,15,2,3,1,40,3,10,0.5,-35,3,5,22.5,15,19.5125837,-99.1295635,rssi_avg20_ge_-35dbm (-34.951 dBm),peak_only,305.0,-40.034,-40.034,310.0,-40.181,-40.181,295.0,-40.818,-40.818,,,,,,
2026-08-20T10:39:55.489,197.682,0.125,9361,AV,AVANZANDO,70.7,1,1,O,OFFBOARD,304.6,305.0,-0.4,,0,A,3,SB,3,20.26,40,,,,9.0,11.97,-16.08,-8.65,19.5125363,-99.1294907,19.5124284,-99.1293366,19.5125338,-99.1294864,305.0,1,1,1,A,EN AIRE,YC,aoa_orientado,4,,-38.0,-39.42,,0,ma0,D,8,45,1,15,2,3,1,40,3,10,0.5,-35,3,5,22.5,15,19.5125837,-99.1295635,rssi_avg20_ge_-35dbm (-34.951 dBm),peak_only,305.0,-40.034,-40.034,310.0,-40.181,-40.181,295.0,-40.818,-40.818,,,,,,
2026-08-20T10:39:55.679,197.872,0.188,9361,AV,AVANZANDO,71.0,1,1,O,OFFBOARD,305.0,305.0,0.0,,0,A,3,SB,3,20.39,40,,,,9.0,11.97,-16.08,-8.65,19.5125363,-99.1294908,19.5124284,-99.1293366,19.5125338,-99.1294864,305.0,1,1,1,A,EN AIRE,YC,aoa_orientado,4,,-40.0,-39.478,,0,ma0,D,8,45,1,15,2,3,1,40,3,10,0.5,-35,3,5,22.5,15,19.5125837,-99.1295635,rssi_avg20_ge_-35dbm (-34.951 dBm),peak_only,305.0,-40.034,-40.034,310.0,-40.181,-40.181,295.0,-40.818,-40.818,,,,,,
2026-08-20T10:39:55.771,197.964,0.281,9361,AV,AVANZANDO,71.0,1,1,O,OFFBOARD,305.0,305.0,0.0,,0,A,3,SB,3,20.39,40,,,,9.0,11.97,-16.08,-8.65,19.5125363,-99.1294908,19.5124284,-99.1293366,19.5125338,-99.1294864,305.0,1,1,1,A,EN AIRE,YC,aoa_orientado,4,,-42.0,-39.73,,0,ma0,D,8,45,1,15,2,3,1,40,3,10,0.5,-35,3,5,22.5,15,19.5125837,-99.1295635,rssi_avg20_ge_-35dbm (-34.951 dBm),peak_only,305.0,-40.034,-40.034,310.0,-40.181,-40.181,295.0,-40.818,-40.818,,,,,,
2026-08-20T10:39:56.167,198.36,0.172,9361,AV,AVANZANDO,71.6,1,1,O,OFFBOARD,305.2,305.0,0.2,,0,A,3,SB,3,20.65,40,,,,8.9,11.99,-16.13,-8.63,19.5125367,-99.1294917,19.5124284,-99.1293366,19.5125338,-99.1294864,305.0,1,1,1,A,EN AIRE,YC,aoa_orientado,4,,-46.0,-40.357,,0,ma0,D,8,45,1,15,2,3,1,40,3,10,0.5,-35,3,5,22.5,15,19.5125837,-99.1295635,rssi_avg20_ge_-35dbm (-34.951 dBm),peak_only,305.0,-40.034,-40.034,310.0,-40.181,-40.181,295.0,-40.818,-40.818,,,,,,
2026-08-20T10:39:56.167,198.36,0.172,9361,AV,AVANZANDO,71.6,1,1,O,OFFBOARD,305.2,305.0,0.2,,0,A,3,SB,3,20.65,40,,,,8.9,11.99,-16.13,-8.63,19.5125367,-99.1294917,19.5124284,-99.1293366,19.5125338,-99.1294864,305.0,1,1,1,A,EN AIRE,YC,aoa_orientado,4,,-45.0,-40.821,,0,ma0,D,8,45,1,15,2,3,1,40,3,10,0.5,-35,3,5,22.5,15,19.5125837,-99.1295635,rssi_avg20_ge_-35dbm (-34.951 dBm),peak_only,305.0,-40.034,-40.034,310.0,-40.181,-40.181,295.0,-40.818,-40.818,,,,,,
2026-08-20T10:39:56.261,198.454,0.266,9361,AV,AVANZANDO,71.6,1,1,O,OFFBOARD,305.2,305.0,0.2,,0,A,3,SB,3,20.65,40,,,,8.9,11.99,-16.13,-8.63,19.5125367,-99.1294917,19.5124284,-99.1293366,19.5125338,-99.1294864,305.0,1,1,1,A,EN AIRE,YC,aoa_orientado,4,,-43.0,-41.039,,0,ma0,D,8,45,1,15,2,3,1,40,3,10,0.5,-35,3,5,22.5,15,19.5125837,-99.1295635,rssi_avg20_ge_-35dbm (-34.951 dBm),peak_only,305.0,-40.034,-40.034,310.0,-40.181,-40.181,295.0,-40.818,-40.818,,,,,,
2026-08-20T10:39:56.436,198.628,0.078,9361,AV,AVANZANDO,72.0,1,1,O,OFFBOARD,305.4,305.0,0.4,,0,A,3,SB,3,20.78,40,,,,8.9,12.03,-16.21,-8.63,19.512537,-99.1294922,19.5124284,-99.1293366,19.5125338,-99.1294864,305.0,1,1,1,A,EN AIRE,YC,aoa_orientado,4,,-40.0,-40.935,,0,ma0,D,8,45,1,15,2,3,1,40,3,10,0.5,-35,3,5,22.5,15,19.5125837,-99.1295635,rssi_avg20_ge_-35dbm (-34.951 dBm),peak_only,305.0,-40.034,-40.034,310.0,-40.181,-40.181,295.0,-40.818,-40.818,,,,,,
2026-08-20T10:39:56.642,198.835,0.0,9361,AV,AVANZANDO,72.3,1,1,O,OFFBOARD,304.9,305.0,-0.1,,0,A,3,SB,3,20.92,40,,,,9.0,12.09,-16.31,-8.64,19.5125373,-99.1294928,19.5124284,-99.1293366,19.5125338,-99.1294864,305.0,1,1,1,A,EN AIRE,YC,aoa_orientado,4,,-40.0,-40.842,,0,ma0,D,8,45,1,15,2,3,1,40,3,10,0.5,-35,3,5,22.5,15,19.5125837,-99.1295635,rssi_avg20_ge_-35dbm (-34.951 dBm),peak_only,305.0,-40.034,-40.034,310.0,-40.181,-40.181,295.0,-40.818,-40.818,,,,,,
2026-08-20T10:39:56.721,198.914,0.094,9361,AV,AVANZANDO,72.3,1,1,O,OFFBOARD,304.9,305.0,-0.1,,0,A,3,SB,3,20.92,40,,,,9.0,12.09,-16.31,-8.64,19.5125373,-99.1294928,19.5124284,-99.1293366,19.5125338,-99.1294864,305.0,1,1,1,A,EN AIRE,YC,aoa_orientado,4,,-48.0,-41.558,,0,ma0,D,8,45,1,15,2,3,1,40,3,10,0.5,-35,3,5,22.5,15,19.5125837,-99.1295635,rssi_avg20_ge_-35dbm (-34.951 dBm),peak_only,305.0,-40.034,-40.034,310.0,-40.181,-40.181,295.0,-40.818,-40.818,,,,,,
2026-08-20T10:39:56.999,199.192,0.25,9361,AV,AVANZANDO,72.6,1,1,O,OFFBOARD,305.2,305.0,0.2,,0,A,3,SB,3,21.05,40,,,,9.0,12.14,-16.43,-8.65,19.5125379,-99.1294941,19.5124284,-99.1293366,19.5125338,-99.1294864,305.0,1,1,1,A,EN AIRE,YC,aoa_orientado,4,,-42.0,-41.602,,0,ma0,D,8,45,1,15,2,3,1,40,3,10,0.5,-35,3,5,22.5,15,19.5125837,-99.1295635,rssi_avg20_ge_-35dbm (-34.951 dBm),peak_only,305.0,-40.034,-40.034,310.0,-40.181,-40.181,295.0,-40.818,-40.818,,,,,,
2026-08-20T10:39:56.999,199.192,0.25,9361,AV,AVANZANDO,72.6,1,1,O,OFFBOARD,305.2,305.0,0.2,,0,A,3,SB,3,21.05,40,,,,9.0,12.14,-16.43,-8.65,19.5125379,-99.1294941,19.5124284,-99.1293366,19.5125338,-99.1294864,305.0,1,1,1,A,EN AIRE,YC,aoa_orientado,4,,-41.0,-41.542,,0,ma0,D,8,45,1,15,2,3,1,40,3,10,0.5,-35,3,5,22.5,15,19.5125837,-99.1295635,rssi_avg20_ge_-35dbm (-34.951 dBm),peak_only,305.0,-40.034,-40.034,310.0,-40.181,-40.181,295.0,-40.818,-40.818,,,,,,
2026-08-20T10:39:57.096,199.289,0.36,9361,AV,AVANZANDO,72.6,1,1,O,OFFBOARD,305.2,305.0,0.2,,0,A,3,SB,3,21.05,40,,,,9.0,12.14,-16.43,-8.65,19.5125379,-99.1294941,19.5124284,-99.1293366,19.5125338,-99.1294864,305.0,1,1,1,A,EN AIRE,YC,aoa_orientado,4,,-39.0,-41.288,,0,ma0,D,8,45,1,15,2,3,1,40,3,10,0.5,-35,3,5,22.5,15,19.5125837,-99.1295635,rssi_avg20_ge_-35dbm (-34.951 dBm),peak_only,305.0,-40.034,-40.034,310.0,-40.181,-40.181,295.0,-40.818,-40.818,,,,,,
2026-08-20T10:39:57.270,199.462,0.093,9361,AV,AVANZANDO,72.9,1,1,O,OFFBOARD,305.2,305.0,0.2,,0,A,3,SB,3,21.18,40,,,,9.0,12.14,-16.43,-8.65,19.5125382,-99.1294949,19.5124284,-99.1293366,19.5125338,-99.1294864,305.0,1,1,1,A,EN AIRE,YC,aoa_orientado,4,,-37.0,-40.859,,0,ma0,D,8,45,1,15,2,3,1,40,3,10,0.5,-35,3,5,22.5,15,19.5125837,-99.1295635,rssi_avg20_ge_-35dbm (-34.951 dBm),peak_only,305.0,-40.034,-40.034,310.0,-40.181,-40.181,295.0,-40.818,-40.818,,,,,,
2026-08-20T10:39:57.473,199.666,0.297,9361,AV,AVANZANDO,72.9,1,1,O,OFFBOARD,305.2,305.0,0.2,,0,A,3,SB,3,21.18,40,,,,9.0,12.14,-16.43,-8.65,19.5125382,-99.1294949,19.5124284,-99.1293366,19.5125338,-99.1294864,305.0,1,1,1,A,EN AIRE,YC,aoa_orientado,4,,-36.0,-40.373,,0,ma0,D,8,45,1,15,2,3,1,40,3,10,0.5,-35,3,5,22.5,15,19.5125837,-99.1295635,rssi_avg20_ge_-35dbm (-34.951 dBm),peak_only,305.0,-40.034,-40.034,310.0,-40.181,-40.181,295.0,-40.818,-40.818,,,,,,
2026-08-20T10:39:57.558,199.751,0.078,9361,AV,AVANZANDO,73.3,1,1,O,OFFBOARD,305.2,305.0,0.2,,0,A,3,SB,3,21.31,40,,,,9.0,12.2,-16.56,-8.65,19.5125386,-99.1294956,19.5124284,-99.1293366,19.5125338,-99.1294864,305.0,1,1,1,A,EN AIRE,YC,aoa_orientado,4,,-36.0,-39.936,,0,ma0,D,8,45,1,15,2,3,1,40,3,10,0.5,-35,3,5,22.5,15,19.5125837,-99.1295635,rssi_avg20_ge_-35dbm (-34.951 dBm),peak_only,305.0,-40.034,-40.034,310.0,-40.181,-40.181,295.0,-40.818,-40.818,,,,,,
2026-08-20T10:39:57.740,199.933,0.265,9361,AV,AVANZANDO,73.3,1,1,O,OFFBOARD,305.2,305.0,0.2,,0,A,3,SB,3,21.31,40,,,,9.0,12.2,-16.56,-8.65,19.5125386,-99.1294956,19.5124284,-99.1293366,19.5125338,-99.1294864,305.0,1,1,1,A,EN AIRE,YC,aoa_orientado,4,,-74.0,-43.342,,0,ma0,D,8,45,1,15,2,3,1,40,3,10,0.5,-35,3,5,22.5,15,19.5125837,-99.1295635,rssi_avg20_ge_-35dbm (-34.951 dBm),peak_only,305.0,-40.034,-40.034,310.0,-40.181,-40.181,295.0,-40.818,-40.818,,,,,,
2026-08-20T10:39:57.852,200.045,0.11,9361,AV,AVANZANDO,73.6,1,1,O,OFFBOARD,305.6,305.0,0.6,,0,A,3,SB,3,21.44,40,,,,9.0,12.27,-16.69,-8.65,19.5125395,-99.1294973,19.5124284,-99.1293366,19.5125338,-99.1294864,305.0,1,1,1,A,EN AIRE,YC,aoa_orientado,4,,-37.0,-42.708,,0,ma0,D,8,45,1,15,2,3,1,40,3,10,0.5,-35,3,5,22.5,15,19.5125837,-99.1295635,rssi_avg20_ge_-35dbm (-34.951 dBm),peak_only,305.0,-40.034,-40.034,310.0,-40.181,-40.181,295.0,-40.818,-40.818,,,,,,
2026-08-20T10:39:58.033,200.225,0.171,9361,AV,AVANZANDO,73.9,1,1,O,OFFBOARD,305.4,305.0,0.4,,0,A,3,SB,3,21.57,40,,,,9.0,12.36,-16.84,-8.64,19.51254,-99.1294981,19.5124284,-99.1293366,19.5125338,-99.1294864,305.0,1,1,1,A,EN AIRE,YC,aoa_orientado,4,,-38.0,-42.237,,0,ma0,D,8,45,1,15,2,3,1,40,3,10,0.5,-35,3,5,22.5,15,19.5125837,-99.1295635,rssi_avg20_ge_-35dbm (-34.951 dBm),peak_only,305.0,-40.034,-40.034,310.0,-40.181,-40.181,295.0,-40.818,-40.818,,,,,,
2026-08-20T10:39:58.176,200.369,0.328,9361,AV,AVANZANDO,73.9,1,1,O,OFFBOARD,305.4,305.0,0.4,,0,A,3,SB,3,21.57,40,,,,9.0,12.36,-16.84,-8.64,19.51254,-99.1294981,19.5124284,-99.1293366,19.5125338,-99.1294864,305.0,1,1,1,A,EN AIRE,YC,aoa_orientado,4,,-40.0,-42.013,,0,ma0,D,8,45,1,15,2,3,1,40,3,10,0.5,-35,3,5,22.5,15,19.5125837,-99.1295635,rssi_avg20_ge_-35dbm (-34.951 dBm),peak_only,305.0,-40.034,-40.034,310.0,-40.181,-40.181,295.0,-40.818,-40.818,,,,,,
2026-08-20T10:39:58.361,200.554,0.187,9361,AV,AVANZANDO,74.3,1,1,O,OFFBOARD,305.0,305.0,0.0,,0,A,3,SB,3,21.7,40,,,,8.9,12.45,-16.98,-8.62,19.5125409,-99.1294997,19.5124284,-99.1293366,19.5125338,-99.1294864,305.0,1,1,1,A,EN AIRE,YC,aoa_orientado,4,,-41.0,-41.912,,0,ma0,D,8,45,1,15,2,3,1,40,3,10,0.5,-35,3,5,22.5,15,19.5125837,-99.1295635,rssi_avg20_ge_-35dbm (-34.951 dBm),peak_only,305.0,-40.034,-40.034,310.0,-40.181,-40.181,295.0,-40.818,-40.818,,,,,,
2026-08-20T10:39:58.555,200.747,0.188,9361,AV,AVANZANDO,74.6,1,1,O,OFFBOARD,305.2,305.0,0.2,,0,A,3,SB,3,21.83,40,,,,8.9,12.55,-17.13,-8.6,19.5125415,-99.1295006,19.5124284,-99.1293366,19.5125338,-99.1294864,305.0,1,1,1,A,EN AIRE,YC,aoa_orientado,4,,-39.0,-41.621,,0,ma0,D,8,45,1,15,2,3,1,40,3,10,0.5,-35,3,5,22.5,15,19.5125837,-99.1295635,rssi_avg20_ge_-35dbm (-34.951 dBm),peak_only,305.0,-40.034,-40.034,310.0,-40.181,-40.181,295.0,-40.818,-40.818,,,,,,
2026-08-20T10:39:58.827,201.02,0.078,9361,AV,AVANZANDO,74.9,1,1,O,OFFBOARD,305.1,305.0,0.1,,0,A,3,SB,3,21.96,40,,,,8.9,12.55,-17.13,-8.6,19.512542,-99.1295015,19.5124284,-99.1293366,19.5125338,-99.1294864,305.0,1,1,1,A,EN AIRE,YC,aoa_orientado,4,,-76.0,-45.059,,0,ma0,D,8,45,1,15,2,3,1,40,3,10,0.5,-35,3,5,22.5,15,19.5125837,-99.1295635,rssi_avg20_ge_-35dbm (-34.951 dBm),peak_only,305.0,-40.034,-40.034,310.0,-40.181,-40.181,295.0,-40.818,-40.818,,,,,,
2026-08-20T10:39:59.040,201.232,0.187,9361,AV,AVANZANDO,75.2,1,1,O,OFFBOARD,304.7,305.0,-0.3,,0,A,3,SB,3,22.09,40,,,,8.9,12.65,-17.27,-8.6,19.512543,-99.1295031,19.5124284,-99.1293366,19.5125338,-99.1294864,305.0,1,1,1,A,EN AIRE,YC,aoa_orientado,4,,-40.0,-44.553,,0,ma0,D,8,45,1,15,2,3,1,40,3,10,0.5,-35,3,5,22.5,15,19.5125837,-99.1295635,rssi_avg20_ge_-35dbm (-34.951 dBm),peak_only,305.0,-40.034,-40.034,310.0,-40.181,-40.181,295.0,-40.818,-40.818,,,,,,
2026-08-20T10:39:59.130,201.323,0.281,9361,AV,AVANZANDO,75.2,1,1,O,OFFBOARD,304.7,305.0,-0.3,,0,A,3,SB,3,22.09,40,,,,8.9,12.65,-17.27,-8.6,19.512543,-99.1295031,19.5124284,-99.1293366,19.5125338,-99.1294864,305.0,1,1,1,A,EN AIRE,YC,aoa_orientado,4,,-39.0,-43.998,,0,ma0,D,8,45,1,15,2,3,1,40,3,10,0.5,-35,3,5,22.5,15,19.5125837,-99.1295635,rssi_avg20_ge_-35dbm (-34.951 dBm),peak_only,305.0,-40.034,-40.034,310.0,-40.181,-40.181,295.0,-40.818,-40.818,,,,,,
2026-08-20T10:39:59.423,201.616,0.094,9361,AV,AVANZANDO,75.6,1,1,O,OFFBOARD,304.5,305.0,-0.5,,0,A,3,SB,3,22.22,40,,,,8.9,12.74,-17.42,-8.59,19.5125436,-99.1295039,19.5124284,-99.1293366,19.5125338,-99.1294864,305.0,1,1,1,A,EN AIRE,YC,aoa_orientado,4,,-36.0,-43.198,,0,ma0,D,8,45,1,15,2,3,1,40,3,10,0.5,-35,3,5,22.5,15,19.5125837,-99.1295635,rssi_avg20_ge_-35dbm (-34.951 dBm),peak_only,305.0,-40.034,-40.034,310.0,-40.181,-40.181,295.0,-40.818,-40.818,,,,,,
2026-08-20T10:39:59.423,201.616,0.094,9361,AV,AVANZANDO,75.6,1,1,O,OFFBOARD,304.5,305.0,-0.5,,0,A,3,SB,3,22.22,40,,,,8.9,12.74,-17.42,-8.59,19.5125436,-99.1295039,19.5124284,-99.1293366,19.5125338,-99.1294864,305.0,1,1,1,A,EN AIRE,YC,aoa_orientado,4,,-36.0,-42.478,,0,ma0,D,8,45,1,15,2,3,1,40,3,10,0.5,-35,3,5,22.5,15,19.5125837,-99.1295635,rssi_avg20_ge_-35dbm (-34.951 dBm),peak_only,305.0,-40.034,-40.034,310.0,-40.181,-40.181,295.0,-40.818,-40.818,,,,,,
2026-08-20T10:39:59.592,201.785,0.172,9361,AV,AVANZANDO,75.9,1,1,O,OFFBOARD,304.8,305.0,-0.2,,0,A,3,SB,3,22.35,40,,,,8.9,12.85,-17.56,-8.58,19.5125442,-99.1295047,19.5124284,-99.1293366,19.5125338,-99.1294864,305.0,1,1,1,A,EN AIRE,YC,aoa_orientado,4,,-36.0,-41.83,,0,ma0,D,8,45,1,15,2,3,1,40,3,10,0.5,-35,3,5,22.5,15,19.5125837,-99.1295635,rssi_avg20_ge_-35dbm (-34.951 dBm),peak_only,305.0,-40.034,-40.034,310.0,-40.181,-40.181,295.0,-40.818,-40.818,,,,,,
2026-08-20T10:39:59.681,201.874,0.266,9361,AV,AVANZANDO,75.9,1,1,O,OFFBOARD,304.8,305.0,-0.2,,0,A,3,SB,3,22.35,40,,,,8.9,12.85,-17.56,-8.58,19.5125442,-99.1295047,19.5124284,-99.1293366,19.5125338,-99.1294864,305.0,1,1,1,A,EN AIRE,YC,aoa_orientado,4,,-37.0,-41.347,,0,ma0,D,8,45,1,15,2,3,1,40,3,10,0.5,-35,3,5,22.5,15,19.5125837,-99.1295635,rssi_avg20_ge_-35dbm (-34.951 dBm),peak_only,305.0,-40.034,-40.034,310.0,-40.181,-40.181,295.0,-40.818,-40.818,,,,,,
2026-08-20T10:39:59.851,202.044,0.094,9361,AV,AVANZANDO,76.2,1,1,O,OFFBOARD,305.4,305.0,0.4,,0,A,3,SB,3,22.48,40,,,,8.9,12.96,-17.69,-8.59,19.5125453,-99.1295062,19.5124284,-99.1293366,19.5125338,-99.1294864,305.0,1,1,1,A,EN AIRE,YC,aoa_orientado,4,,-37.0,-40.912,,0,ma0,D,8,45,1,15,2,3,1,40,3,10,0.5,-35,3,5,22.5,15,19.5125837,-99.1295635,rssi_avg20_ge_-35dbm (-34.951 dBm),peak_only,305.0,-40.034,-40.034,310.0,-40.181,-40.181,295.0,-40.818,-40.818,,,,,,
2026-08-20T10:40:00.068,202.261,0.187,9361,AV,AVANZANDO,76.5,1,1,O,OFFBOARD,305.3,305.0,0.3,,0,A,3,SB,3,22.61,40,,,,8.9,12.96,-17.69,-8.59,19.5125459,-99.1295069,19.5124284,-99.1293366,19.5125338,-99.1294864,305.0,1,1,1,A,EN AIRE,YC,aoa_orientado,4,,-38.0,-40.621,,0,ma0,D,8,45,1,15,2,3,1,40,3,10,0.5,-35,3,5,22.5,15,19.5125837,-99.1295635,rssi_avg20_ge_-35dbm (-34.951 dBm),peak_only,305.0,-40.034,-40.034,310.0,-40.181,-40.181,295.0,-40.818,-40.818,,,,,,
2026-08-20T10:40:00.159,202.352,0.281,9361,AV,AVANZANDO,76.5,1,1,O,OFFBOARD,305.3,305.0,0.3,,0,A,3,SB,3,22.61,40,,,,8.9,12.96,-17.69,-8.59,19.5125459,-99.1295069,19.5124284,-99.1293366,19.5125338,-99.1294864,305.0,1,1,1,A,EN AIRE,YC,aoa_orientado,4,,-37.0,-40.259,,0,ma0,D,8,45,1,15,2,3,1,40,3,10,0.5,-35,3,5,22.5,15,19.5125837,-99.1295635,rssi_avg20_ge_-35dbm (-34.951 dBm),peak_only,305.0,-40.034,-40.034,310.0,-40.181,-40.181,295.0,-40.818,-40.818,,,,,,
2026-08-20T10:40:00.537,202.73,0.297,9361,AV,AVANZANDO,76.9,1,1,O,OFFBOARD,304.7,305.0,-0.3,,0,A,3,SB,3,22.75,40,,,,8.9,13.07,-17.82,-8.61,19.512547,-99.1295083,19.5124284,-99.1293366,19.5125338,-99.1294864,305.0,1,1,1,A,EN AIRE,YC,aoa_orientado,4,,-36.0,-39.833,,0,ma0,D,8,45,1,15,2,3,1,40,3,10,0.5,-35,3,5,22.5,15,19.5125837,-99.1295635,rssi_avg20_ge_-35dbm (-34.951 dBm),peak_only,305.0,-40.034,-40.034,310.0,-40.181,-40.181,295.0,-40.818,-40.818,,,,,,
2026-08-20T10:40:00.538,202.731,0.297,9361,AV,AVANZANDO,76.9,1,1,O,OFFBOARD,304.7,305.0,-0.3,,0,A,3,SB,3,22.75,40,,,,8.9,13.07,-17.82,-8.61,19.512547,-99.1295083,19.5124284,-99.1293366,19.5125338,-99.1294864,305.0,1,1,1,A,EN AIRE,YC,aoa_orientado,4,,-36.0,-39.45,,0,ma0,D,8,45,1,15,2,3,1,40,3,10,0.5,-35,3,5,22.5,15,19.5125837,-99.1295635,rssi_avg20_ge_-35dbm (-34.951 dBm),peak_only,305.0,-40.034,-40.034,310.0,-40.181,-40.181,295.0,-40.818,-40.818,,,,,,
2026-08-20T10:40:00.652,202.845,0.109,9361,AV,AVANZANDO,77.2,1,1,O,OFFBOARD,304.9,305.0,-0.1,,0,A,3,SB,3,22.88,40,,,,9.0,13.16,-17.94,-8.63,19.5125475,-99.129509,19.5124284,-99.1293366,19.5125338,-99.1294864,305.0,1,1,1,A,EN AIRE,YC,aoa_orientado,4,,-36.0,-39.105,,0,ma0,D,8,45,1,15,2,3,1,40,3,10,0.5,-35,3,5,22.5,15,19.5125837,-99.1295635,rssi_avg20_ge_-35dbm (-34.951 dBm),peak_only,305.0,-40.034,-40.034,310.0,-40.181,-40.181,295.0,-40.818,-40.818,,,,,,
2026-08-20T10:40:00.804,202.997,0.266,9361,AV,AVANZANDO,77.2,1,1,O,OFFBOARD,304.9,305.0,-0.1,,0,A,3,SB,3,22.88,40,,,,9.0,13.16,-17.94,-8.63,19.5125475,-99.129509,19.5124284,-99.1293366,19.5125338,-99.1294864,305.0,1,1,1,A,EN AIRE,YC,aoa_orientado,4,,-36.0,-38.794,,0,ma0,D,8,45,1,15,2,3,1,40,3,10,0.5,-35,3,5,22.5,15,19.5125837,-99.1295635,rssi_avg20_ge_-35dbm (-34.951 dBm),peak_only,305.0,-40.034,-40.034,310.0,-40.181,-40.181,295.0,-40.818,-40.818,,,,,,
2026-08-20T10:40:01.082,203.275,0.172,9361,AV,AVANZANDO,77.8,1,1,O,OFFBOARD,305.0,305.0,0.0,,0,A,3,SB,3,23.14,40,,,,9.0,13.36,-18.19,-8.63,19.5125491,-99.1295112,19.5124284,-99.1293366,19.5125338,-99.1294864,305.0,1,1,1,A,EN AIRE,YC,aoa_orientado,4,,-36.0,-38.515,,0,ma0,D,8,45,1,15,2,3,1,40,3,10,0.5,-35,3,5,22.5,15,19.5125837,-99.1295635,rssi_avg20_ge_-35dbm (-34.951 dBm),peak_only,305.0,-40.034,-40.034,310.0,-40.181,-40.181,295.0,-40.818,-40.818,,,,,,
2026-08-20T10:40:01.082,203.275,0.172,9361,AV,AVANZANDO,77.8,1,1,O,OFFBOARD,305.0,305.0,0.0,,0,A,3,SB,3,23.14,40,,,,9.0,13.36,-18.19,-8.63,19.5125491,-99.1295112,19.5124284,-99.1293366,19.5125338,-99.1294864,305.0,1,1,1,A,EN AIRE,YC,aoa_orientado,4,,-35.0,-38.163,,0,ma0,D,8,45,1,15,2,3,1,40,3,10,0.5,-35,3,5,22.5,15,19.5125837,-99.1295635,rssi_avg20_ge_-35dbm (-34.951 dBm),peak_only,305.0,-40.034,-40.034,310.0,-40.181,-40.181,295.0,-40.818,-40.818,,,,,,
2026-08-20T10:40:01.175,203.368,0.266,9361,AV,AVANZANDO,77.8,1,1,O,OFFBOARD,305.0,305.0,0.0,,0,A,3,SB,3,23.14,40,,,,9.0,13.36,-18.19,-8.63,19.5125491,-99.1295112,19.5124284,-99.1293366,19.5125338,-99.1294864,305.0,1,1,1,A,EN AIRE,YC,aoa_orientado,4,,-35.0,-37.847,,0,ma0,D,8,45,1,15,2,3,1,40,3,10,0.5,-35,3,5,22.5,15,19.5125837,-99.1295635,rssi_avg20_ge_-35dbm (-34.951 dBm),peak_only,305.0,-40.034,-40.034,310.0,-40.181,-40.181,295.0,-40.818,-40.818,,,,,,
2026-08-20T10:40:01.348,203.541,0.094,9361,AV,AVANZANDO,78.2,1,1,O,OFFBOARD,305.0,305.0,0.0,,0,A,3,SB,3,23.27,40,,,,9.0,13.46,-18.32,-8.64,19.5125496,-99.129512,19.5124284,-99.1293366,19.5125338,-99.1294864,305.0,1,1,1,A,EN AIRE,YC,aoa_orientado,4,,-36.0,-37.662,,0,ma0,D,8,45,1,15,2,3,1,40,3,10,0.5,-35,3,5,22.5,15,19.5125837,-99.1295635,rssi_avg20_ge_-35dbm (-34.951 dBm),peak_only,305.0,-40.034,-40.034,310.0,-40.181,-40.181,295.0,-40.818,-40.818,,,,,,
2026-08-20T10:40:01.452,203.645,0.187,9361,AV,AVANZANDO,78.2,1,1,O,OFFBOARD,305.0,305.0,0.0,,0,A,3,SB,3,23.27,40,,,,9.0,13.46,-18.32,-8.64,19.5125496,-99.129512,19.5124284,-99.1293366,19.5125338,-99.1294864,305.0,1,1,1,A,EN AIRE,YC,aoa_orientado,4,,-39.0,-37.796,,0,ma0,D,8,45,1,15,2,3,1,40,3,10,0.5,-35,3,5,22.5,15,19.5125837,-99.1295635,rssi_avg20_ge_-35dbm (-34.951 dBm),peak_only,305.0,-40.034,-40.034,310.0,-40.181,-40.181,295.0,-40.818,-40.818,,,,,,
2026-08-20T10:40:01.625,203.818,0.078,9361,AV,AVANZANDO,78.5,1,1,O,OFFBOARD,304.7,305.0,-0.3,,0,A,3,SB,3,23.4,40,,,,9.0,13.46,-18.32,-8.64,19.5125501,-99.1295127,19.5124284,-99.1293366,19.5125338,-99.1294864,305.0,1,1,1,A,EN AIRE,YC,aoa_orientado,4,,-36.0,-37.617,,0,ma0,D,8,45,1,15,2,3,1,40,3,10,0.5,-35,3,5,22.5,15,19.5125837,-99.1295635,rssi_avg20_ge_-35dbm (-34.951 dBm),peak_only,305.0,-40.034,-40.034,310.0,-40.181,-40.181,295.0,-40.818,-40.818,,,,,,
2026-08-20T10:40:01.823,204.016,0.281,9361,AV,AVANZANDO,78.5,1,1,O,OFFBOARD,304.7,305.0,-0.3,,0,A,3,SB,3,23.4,40,,,,9.0,13.46,-18.32,-8.64,19.5125501,-99.1295127,19.5124284,-99.1293366,19.5125338,-99.1294864,305.0,1,1,1,A,EN AIRE,YC,aoa_orientado,4,,-36.0,-37.455,,0,ma0,D,8,45,1,15,2,3,1,40,3,10,0.5,-35,3,5,22.5,15,19.5125837,-99.1295635,rssi_avg20_ge_-35dbm (-34.951 dBm),peak_only,305.0,-40.034,-40.034,310.0,-40.181,-40.181,295.0,-40.818,-40.818,,,,,,
2026-08-20T10:40:02.116,204.309,0.172,9361,AV,AVANZANDO,79.1,1,1,O,OFFBOARD,305.1,305.0,0.1,,0,A,3,SB,3,23.66,40,,,,9.0,13.65,-18.58,-8.67,19.5125517,-99.129515,19.5124284,-99.1293366,19.5125338,-99.1294864,305.0,1,1,1,A,EN AIRE,YC,aoa_orientado,4,,-36.0,-37.309,,0,ma0,D,8,45,1,15,2,3,1,40,3,10,0.5,-35,3,5,22.5,15,19.5125837,-99.1295635,rssi_avg20_ge_-35dbm (-34.951 dBm),peak_only,305.0,-40.034,-40.034,310.0,-40.181,-40.181,295.0,-40.818,-40.818,,,,,,
2026-08-20T10:40:02.116,204.309,0.172,9361,AV,AVANZANDO,79.1,1,1,O,OFFBOARD,305.1,305.0,0.1,,0,A,3,SB,3,23.66,40,,,,9.0,13.65,-18.58,-8.67,19.5125517,-99.129515,19.5124284,-99.1293366,19.5125338,-99.1294864,305.0,1,1,1,A,EN AIRE,YC,aoa_orientado,4,,-36.0,-37.178,,0,ma0,D,8,45,1,15,2,3,1,40,3,10,0.5,-35,3,5,22.5,15,19.5125837,-99.1295635,rssi_avg20_ge_-35dbm (-34.951 dBm),peak_only,305.0,-40.034,-40.034,310.0,-40.181,-40.181,295.0,-40.818,-40.818,,,,,,
2026-08-20T10:40:02.206,204.399,0.266,9361,AV,AVANZANDO,79.1,1,1,O,OFFBOARD,305.1,305.0,0.1,,0,A,3,SB,3,23.66,40,,,,9.0,13.65,-18.58,-8.67,19.5125517,-99.129515,19.5124284,-99.1293366,19.5125338,-99.1294864,305.0,1,1,1,A,EN AIRE,YC,aoa_orientado,4,,-37.0,-37.161,,0,ma0,D,8,45,1,15,2,3,1,40,3,10,0.5,-35,3,5,22.5,15,19.5125837,-99.1295635,rssi_avg20_ge_-35dbm (-34.951 dBm),peak_only,305.0,-40.034,-40.034,310.0,-40.181,-40.181,295.0,-40.818,-40.818,,,,,,
2026-08-20T10:40:02.378,204.571,0.094,9361,AV,AVANZANDO,79.5,1,1,O,OFFBOARD,305.3,305.0,0.3,,0,A,3,SB,3,23.79,40,,,,9.0,13.74,-18.71,-8.69,19.5125527,-99.1295164,19.5124284,-99.1293366,19.5125338,-99.1294864,305.0,1,1,1,A,EN AIRE,YC,aoa_orientado,4,,-36.0,-37.045,,0,ma0,D,8,45,1,15,2,3,1,40,3,10,0.5,-35,3,5,22.5,15,19.5125837,-99.1295635,rssi_avg20_ge_-35dbm (-34.951 dBm),peak_only,305.0,-40.034,-40.034,310.0,-40.181,-40.181,295.0,-40.818,-40.818,,,,,,
2026-08-20T10:40:02.579,204.771,0.281,9361,AV,AVANZANDO,79.5,1,1,O,OFFBOARD,305.3,305.0,0.3,,0,A,3,SB,3,23.79,40,,,,9.0,13.74,-18.71,-8.69,19.5125527,-99.1295164,19.5124284,-99.1293366,19.5125338,-99.1294864,305.0,1,1,1,A,EN AIRE,YC,aoa_orientado,4,,-36.0,-36.94,,0,ma0,D,8,45,1,15,2,3,1,40,3,10,0.5,-35,3,5,22.5,15,19.5125837,-99.1295635,rssi_avg20_ge_-35dbm (-34.951 dBm),peak_only,305.0,-40.034,-40.034,310.0,-40.181,-40.181,295.0,-40.818,-40.818,,,,,,
2026-08-20T10:40:02.665,204.858,0.094,9361,AV,AVANZANDO,79.8,1,1,O,OFFBOARD,305.1,305.0,0.1,,0,A,3,SB,3,23.92,40,,,,9.0,13.84,-18.84,-8.71,19.5125533,-99.1295172,19.5124284,-99.1293366,19.5125338,-99.1294864,305.0,1,1,1,A,EN AIRE,YC,aoa_orientado,4,,-36.0,-36.846,,0,ma0,D,8,45,1,15,2,3,1,40,3,10,0.5,-35,3,5,22.5,15,19.5125837,-99.1295635,rssi_avg20_ge_-35dbm (-34.951 dBm),peak_only,305.0,-40.034,-40.034,310.0,-40.181,-40.181,295.0,-40.818,-40.818,,,,,,
2026-08-20T10:40:02.848,205.041,0.282,9361,AV,AVANZANDO,79.8,1,1,O,OFFBOARD,305.1,305.0,0.1,,0,A,3,SB,3,23.92,40,,,,9.0,13.84,-18.84,-8.71,19.5125533,-99.1295172,19.5124284,-99.1293366,19.5125338,-99.1294864,305.0,1,1,1,A,EN AIRE,YC,aoa_orientado,4,,-35.0,-36.661,,0,ma0,D,8,45,1,15,2,3,1,40,3,10,0.5,-35,3,5,22.5,15,19.5125837,-99.1295635,rssi_avg20_ge_-35dbm (-34.951 dBm),peak_only,305.0,-40.034,-40.034,310.0,-40.181,-40.181,295.0,-40.818,-40.818,,,,,,
2026-08-20T10:40:02.964,205.157,0.109,9361,AV,AVANZANDO,80.1,1,1,O,OFFBOARD,304.6,305.0,-0.4,,0,A,3,SB,3,24.05,40,,,,9.0,13.94,-18.98,-8.73,19.5125538,-99.129518,19.5124284,-99.1293366,19.5125338,-99.1294864,305.0,1,1,1,A,EN AIRE,YC,aoa_orientado,4,,-34.0,-36.395,,0,ma0,D,8,45,1,15,2,3,1,40,3,10,0.5,-35,3,5,22.5,15,19.5125837,-99.1295635,rssi_avg20_ge_-35dbm (-34.951 dBm),peak_only,305.0,-40.034,-40.034,310.0,-40.181,-40.181,295.0,-40.818,-40.818,,,,,,
2026-08-20T10:40:03.145,205.337,0.187,9361,AV,AVANZANDO,80.5,1,1,O,OFFBOARD,304.5,305.0,-0.5,,0,A,3,SB,3,24.18,40,,,,9.1,13.94,-18.98,-8.73,19.5125549,-99.1295195,19.5124284,-99.1293366,19.5125338,-99.1294864,305.0,1,1,1,A,EN AIRE,YC,aoa_orientado,4,,-40.0,-36.756,,0,ma0,D,8,45,1,15,2,3,1,40,3,10,0.5,-35,3,5,22.5,15,19.5125837,-99.1295635,rssi_avg20_ge_-35dbm (-34.951 dBm),peak_only,305.0,-40.034,-40.034,310.0,-40.181,-40.181,295.0,-40.818,-40.818,,,,,,
2026-08-20T10:40:03.244,205.436,0.281,9361,AV,AVANZANDO,80.5,1,1,O,OFFBOARD,304.5,305.0,-0.5,,0,A,3,SB,3,24.18,40,,,,9.1,13.94,-18.98,-8.73,19.5125549,-99.1295195,19.5124284,-99.1293366,19.5125338,-99.1294864,305.0,1,1,1,A,EN AIRE,YC,aoa_orientado,4,,-35.0,-36.58,,0,ma0,D,8,45,1,15,2,3,1,40,3,10,0.5,-35,3,5,22.5,15,19.5125837,-99.1295635,rssi_avg20_ge_-35dbm (-34.951 dBm),peak_only,305.0,-40.034,-40.034,310.0,-40.181,-40.181,295.0,-40.818,-40.818,,,,,,
2026-08-20T10:40:03.473,205.666,0.032,9361,AV,AVANZANDO,80.8,1,1,O,OFFBOARD,305.6,305.0,0.6,,0,A,3,SB,3,24.31,40,,,,9.1,14.04,-19.11,-8.73,19.5125553,-99.1295203,19.5124284,-99.1293366,19.5125338,-99.1294864,305.0,1,1,1,A,EN AIRE,YC,aoa_orientado,4,,-41.0,-37.022,,0,ma0,D,8,45,1,15,2,3,1,40,3,10,0.5,-35,3,5,22.5,15,19.5125837,-99.1295635,rssi_avg20_ge_-35dbm (-34.951 dBm),peak_only,305.0,-40.034,-40.034,310.0,-40.181,-40.181,295.0,-40.818,-40.818,,,,,,
2026-08-20T10:40:03.638,205.831,0.188,9361,AV,AVANZANDO,80.8,1,1,O,OFFBOARD,305.6,305.0,0.6,,0,A,3,SB,3,24.31,40,,,,9.1,14.04,-19.11,-8.73,19.5125553,-99.1295203,19.5124284,-99.1293366,19.5125338,-99.1294864,305.0,1,1,1,A,EN AIRE,YC,aoa_orientado,4,,-36.0,-36.92,,0,ma0,D,8,45,1,15,2,3,1,40,3,10,0.5,-35,3,5,22.5,15,19.5125837,-99.1295635,rssi_avg20_ge_-35dbm (-34.951 dBm),peak_only,305.0,-40.034,-40.034,310.0,-40.181,-40.181,295.0,-40.818,-40.818,,,,,,
2026-08-20T10:40:03.753,205.946,0.125,9361,AV,AVANZANDO,81.1,1,1,O,OFFBOARD,305.2,305.0,0.2,,0,A,3,SB,3,24.44,40,,,,9.1,14.13,-19.24,-8.75,19.5125558,-99.129521,19.5124284,-99.1293366,19.5125338,-99.1294864,305.0,1,1,1,A,EN AIRE,YC,aoa_orientado,4,,-36.0,-36.828,,0,ma0,D,8,45,1,15,2,3,1,40,3,10,0.5,-35,3,5,22.5,15,19.5125837,-99.1295635,rssi_avg20_ge_-35dbm (-34.951 dBm),peak_only,305.0,-40.034,-40.034,310.0,-40.181,-40.181,295.0,-40.818,-40.818,,,,,,
2026-08-20T10:40:03.909,206.102,0.281,9361,AV,AVANZANDO,81.1,1,1,O,OFFBOARD,305.2,305.0,0.2,,0,A,3,SB,3,24.44,40,,,,9.1,14.13,-19.24,-8.75,19.5125558,-99.129521,19.5124284,-99.1293366,19.5125338,-99.1294864,305.0,1,1,1,A,EN AIRE,YC,aoa_orientado,4,,-36.0,-36.745,,0,ma0,D,8,45,1,15,2,3,1,40,3,10,0.5,-35,3,5,22.5,15,19.5125837,-99.1295635,rssi_avg20_ge_-35dbm (-34.951 dBm),peak_only,305.0,-40.034,-40.034,310.0,-40.181,-40.181,295.0,-40.818,-40.818,,,,,,
2026-08-20T10:40:04.021,206.214,0.109,9361,AV,AVANZANDO,81.4,1,1,O,OFFBOARD,304.8,305.0,-0.2,,0,A,3,SB,3,24.57,40,,,,9.1,14.22,-19.36,-8.75,19.5125568,-99.1295224,19.5124284,-99.1293366,19.5125338,-99.1294864,305.0,1,1,1,A,EN AIRE,YC,aoa_orientado,4,,-36.0,-36.671,,0,ma0,D,8,45,1,15,2,3,1,40,3,10,0.5,-35,3,5,22.5,15,19.5125837,-99.1295635,rssi_avg20_ge_-35dbm (-34.951 dBm),peak_only,305.0,-40.034,-40.034,310.0,-40.181,-40.181,295.0,-40.818,-40.818,,,,,,
2026-08-20T10:40:04.246,206.438,0.328,9361,AV,AVANZANDO,81.4,1,1,O,OFFBOARD,304.8,305.0,-0.2,,0,A,3,SB,3,24.57,40,,,,9.1,14.22,-19.36,-8.75,19.5125568,-99.1295224,19.5124284,-99.1293366,19.5125338,-99.1294864,305.0,1,1,1,A,EN AIRE,YC,aoa_orientado,4,,-36.0,-36.604,,0,ma0,D,8,45,1,15,2,3,1,40,3,10,0.5,-35,3,5,22.5,15,19.5125837,-99.1295635,rssi_avg20_ge_-35dbm (-34.951 dBm),peak_only,305.0,-40.034,-40.034,310.0,-40.181,-40.181,295.0,-40.818,-40.818,,,,,,
2026-08-20T10:40:04.442,206.635,0.203,9361,AV,AVANZANDO,81.8,1,1,O,OFFBOARD,304.8,305.0,-0.2,,0,A,3,SB,3,24.7,40,,,,9.1,14.31,-19.48,-8.76,19.5125573,-99.129523,19.5124284,-99.1293366,19.5125338,-99.1294864,305.0,1,1,1,A,EN AIRE,YC,aoa_orientado,4,,-35.0,-36.443,,0,ma0,D,8,45,1,15,2,3,1,40,3,10,0.5,-35,3,5,22.5,15,19.5125837,-99.1295635,rssi_avg20_ge_-35dbm (-34.951 dBm),peak_only,305.0,-40.034,-40.034,310.0,-40.181,-40.181,295.0,-40.818,-40.818,,,,,,
2026-08-20T10:40:04.554,206.747,0.11,9361,AV,AVANZANDO,82.1,1,1,O,OFFBOARD,305.8,305.0,0.8,,0,A,3,SB,3,24.83,40,,,,9.1,14.39,-19.6,-8.77,19.5125581,-99.1295244,19.5124284,-99.1293366,19.5125338,-99.1294864,305.0,1,1,1,A,EN AIRE,YC,aoa_orientado,4,,-35.0,-36.299,,0,ma0,D,8,45,1,15,2,3,1,40,3,10,0.5,-35,3,5,22.5,15,19.5125837,-99.1295635,rssi_avg20_ge_-35dbm (-34.951 dBm),peak_only,305.0,-40.034,-40.034,310.0,-40.181,-40.181,295.0,-40.818,-40.818,,,,,,
2026-08-20T10:40:04.707,206.9,0.266,9361,AV,AVANZANDO,82.1,1,1,O,OFFBOARD,305.8,305.0,0.8,,0,A,3,SB,3,24.83,40,,,,9.1,14.39,-19.6,-8.77,19.5125581,-99.1295244,19.5124284,-99.1293366,19.5125338,-99.1294864,305.0,1,1,1,A,EN AIRE,YC,aoa_orientado,4,,-36.0,-36.269,,0,ma0,D,8,45,1,15,2,3,1,40,3,10,0.5,-35,3,5,22.5,15,19.5125837,-99.1295635,rssi_avg20_ge_-35dbm (-34.951 dBm),peak_only,305.0,-40.034,-40.034,310.0,-40.181,-40.181,295.0,-40.818,-40.818,,,,,,
2026-08-20T10:40:04.819,207.012,0.109,9361,AV,AVANZANDO,82.4,1,1,O,OFFBOARD,305.5,305.0,0.5,,0,A,3,SB,3,24.97,40,,,,9.1,14.39,-19.6,-8.77,19.5125586,-99.1295251,19.5124284,-99.1293366,19.5125338,-99.1294864,305.0,1,1,1,A,EN AIRE,YC,aoa_orientado,4,,-35.0,-36.142,,0,ma0,D,8,45,1,15,2,3,1,40,3,10,0.5,-35,3,5,22.5,15,19.5125837,-99.1295635,rssi_avg20_ge_-35dbm (-34.951 dBm),peak_only,305.0,-40.034,-40.034,310.0,-40.181,-40.181,295.0,-40.818,-40.818,,,,,,
2026-08-20T10:40:04.996,207.189,0.172,9361,AV,AVANZANDO,82.7,1,1,O,OFFBOARD,305.0,305.0,0.0,,0,A,3,SB,3,25.1,40,,,,9.1,14.48,-19.72,-8.78,19.5125591,-99.1295258,19.5124284,-99.1293366,19.5125338,-99.1294864,305.0,1,1,1,A,EN AIRE,YC,aoa_orientado,4,,-35.0,-36.028,,0,ma0,D,8,45,1,15,2,3,1,40,3,10,0.5,-35,3,5,22.5,15,19.5125837,-99.1295635,rssi_avg20_ge_-35dbm (-34.951 dBm),peak_only,305.0,-40.034,-40.034,310.0,-40.181,-40.181,295.0,-40.818,-40.818,,,,,,
2026-08-20T10:40:05.087,207.28,0.266,9361,AV,AVANZANDO,82.7,1,1,O,OFFBOARD,305.0,305.0,0.0,,0,A,3,SB,3,25.1,40,,,,9.1,14.48,-19.72,-8.78,19.5125591,-99.1295258,19.5124284,-99.1293366,19.5125338,-99.1294864,305.0,1,1,1,A,EN AIRE,YC,aoa_orientado,4,,-36.0,-36.025,,0,ma0,D,8,45,1,15,2,3,1,40,3,10,0.5,-35,3,5,22.5,15,19.5125837,-99.1295635,rssi_avg20_ge_-35dbm (-34.951 dBm),peak_only,305.0,-40.034,-40.034,310.0,-40.181,-40.181,295.0,-40.818,-40.818,,,,,,
2026-08-20T10:40:05.370,207.563,0.547,9361,AV,AVANZANDO,82.7,1,1,O,OFFBOARD,305.0,305.0,0.0,,0,A,3,SB,3,25.1,40,,,,9.1,14.48,-19.72,-8.78,19.5125591,-99.1295258,19.5124284,-99.1293366,19.5125338,-99.1294864,305.0,1,1,1,A,EN AIRE,YC,aoa_orientado,4,,-35.0,-35.923,,0,ma0,D,8,45,1,15,2,3,1,40,3,10,0.5,-35,3,5,22.5,15,19.5125837,-99.1295635,rssi_avg20_ge_-35dbm (-34.951 dBm),peak_only,305.0,-40.034,-40.034,310.0,-40.181,-40.181,295.0,-40.818,-40.818,,,,,,
2026-08-20T10:40:05.474,207.667,0.016,9361,AV,AVANZANDO,83.4,1,1,O,OFFBOARD,304.5,305.0,-0.5,,0,A,3,SB,3,25.36,40,,,,9.1,14.66,-19.98,-8.79,19.5125607,-99.1295281,19.5124284,-99.1293366,19.5125338,-99.1294864,305.0,1,1,1,A,EN AIRE,YC,aoa_orientado,4,,-42.0,-36.53,,0,ma0,D,8,45,1,15,2,3,1,40,3,10,0.5,-35,3,5,22.5,15,19.5125837,-99.1295635,rssi_avg20_ge_-35dbm (-34.951 dBm),peak_only,305.0,-40.034,-40.034,310.0,-40.181,-40.181,295.0,-40.818,-40.818,,,,,,
2026-08-20T10:40:05.573,207.766,0.109,9361,AV,AVANZANDO,83.4,1,1,O,OFFBOARD,304.5,305.0,-0.5,,0,A,3,SB,3,25.36,40,,,,9.1,14.66,-19.98,-8.79,19.5125607,-99.1295281,19.5124284,-99.1293366,19.5125338,-99.1294864,305.0,1,1,1,A,EN AIRE,YC,aoa_orientado,4,,-35.0,-36.377,,0,ma0,D,8,45,1,15,2,3,1,40,3,10,0.5,-35,3,5,22.5,15,19.5125837,-99.1295635,rssi_avg20_ge_-35dbm (-34.951 dBm),peak_only,305.0,-40.034,-40.034,310.0,-40.181,-40.181,295.0,-40.818,-40.818,,,,,,
2026-08-20T10:40:05.748,207.941,0.281,9361,AV,AVANZANDO,83.4,1,1,O,OFFBOARD,304.5,305.0,-0.5,,0,A,3,SB,3,25.36,40,,,,9.1,14.66,-19.98,-8.79,19.5125607,-99.1295281,19.5124284,-99.1293366,19.5125338,-99.1294864,305.0,1,1,1,A,EN AIRE,YC,aoa_orientado,4,,-35.0,-36.24,,0,ma0,D,8,45,1,15,2,3,1,40,3,10,0.5,-35,3,5,22.5,15,19.5125837,-99.1295635,rssi_avg20_ge_-35dbm (-34.951 dBm),peak_only,305.0,-40.034,-40.034,310.0,-40.181,-40.181,295.0,-40.818,-40.818,,,,,,
2026-08-20T10:40:05.858,208.051,0.11,9361,AV,AVANZANDO,83.7,1,1,O,OFFBOARD,305.1,305.0,0.1,,0,A,3,SB,3,25.49,40,,,,9.1,14.77,-20.12,-8.8,19.5125612,-99.1295289,19.5124284,-99.1293366,19.5125338,-99.1294864,305.0,1,1,1,A,EN AIRE,YC,aoa_orientado,4,,-36.0,-36.216,,0,ma0,D,8,45,1,15,2,3,1,40,3,10,0.5,-35,3,5,22.5,15,19.5125837,-99.1295635,rssi_avg20_ge_-35dbm (-34.951 dBm),peak_only,305.0,-40.034,-40.034,310.0,-40.181,-40.181,295.0,-40.818,-40.818,,,,,,
2026-08-20T10:40:06.030,208.222,0.171,9361,AV,AVANZANDO,84.0,1,1,O,OFFBOARD,305.4,305.0,0.4,,0,A,3,SB,3,25.62,40,,,,9.1,14.77,-20.12,-8.8,19.5125623,-99.1295305,19.5124284,-99.1293366,19.5125338,-99.1294864,305.0,1,1,1,A,EN AIRE,YC,aoa_orientado,4,,-36.0,-36.194,,0,ma0,D,8,45,1,15,2,3,1,40,3,10,0.5,-35,3,5,22.5,15,19.5125837,-99.1295635,rssi_avg20_ge_-35dbm (-34.951 dBm),peak_only,305.0,-40.034,-40.034,310.0,-40.181,-40.181,295.0,-40.818,-40.818,,,,,,
2026-08-20T10:40:06.120,208.313,0.265,9361,AV,AVANZANDO,84.0,1,1,O,OFFBOARD,305.4,305.0,0.4,,0,A,3,SB,3,25.62,40,,,,9.1,14.77,-20.12,-8.8,19.5125623,-99.1295305,19.5124284,-99.1293366,19.5125338,-99.1294864,305.0,1,1,1,A,EN AIRE,YC,aoa_orientado,4,,-36.0,-36.175,,0,ma0,D,8,45,1,15,2,3,1,40,3,10,0.5,-35,3,5,22.5,15,19.5125837,-99.1295635,rssi_avg20_ge_-35dbm (-34.951 dBm),peak_only,305.0,-40.034,-40.034,310.0,-40.181,-40.181,295.0,-40.818,-40.818,,,,,,
2026-08-20T10:40:06.345,208.537,0.016,9361,AV,AVANZANDO,84.4,1,1,O,OFFBOARD,305.3,305.0,0.3,,0,A,3,SB,3,25.75,40,,,,9.1,14.86,-20.26,-8.8,19.5125628,-99.1295313,19.5124284,-99.1293366,19.5125338,-99.1294864,305.0,1,1,1,A,EN AIRE,YC,aoa_orientado,4,,-37.0,-36.257,,0,ma0,D,8,45,1,15,2,3,1,40,3,10,0.5,-35,3,5,22.5,15,19.5125837,-99.1295635,rssi_avg20_ge_-35dbm (-34.951 dBm),peak_only,305.0,-40.034,-40.034,310.0,-40.181,-40.181,295.0,-40.818,-40.818,,,,,,
2026-08-20T10:40:06.509,208.702,0.188,9361,AV,AVANZANDO,84.4,1,1,O,OFFBOARD,305.3,305.0,0.3,,0,A,3,SB,3,25.75,40,,,,9.1,14.86,-20.26,-8.8,19.5125628,-99.1295313,19.5124284,-99.1293366,19.5125338,-99.1294864,305.0,1,1,1,A,EN AIRE,YC,aoa_orientado,4,,-39.0,-36.531,,0,ma0,D,8,45,1,15,2,3,1,40,3,10,0.5,-35,3,5,22.5,15,19.5125837,-99.1295635,rssi_avg20_ge_-35dbm (-34.951 dBm),peak_only,305.0,-40.034,-40.034,310.0,-40.181,-40.181,295.0,-40.818,-40.818,,,,,,
2026-08-20T10:40:06.622,208.814,0.109,9361,AV,AVANZANDO,84.7,1,1,O,OFFBOARD,305.1,305.0,0.1,,0,A,3,SB,3,25.88,40,,,,9.1,14.96,-20.4,-8.79,19.5125637,-99.1295328,19.5124284,-99.1293366,19.5125338,-99.1294864,305.0,1,1,1,A,EN AIRE,YC,aoa_orientado,4,,-43.0,-37.178,,0,ma0,D,8,45,1,15,2,3,1,40,3,10,0.5,-35,3,5,22.5,15,19.5125837,-99.1295635,rssi_avg20_ge_-35dbm (-34.951 dBm),peak_only,305.0,-40.034,-40.034,310.0,-40.181,-40.181,295.0,-40.818,-40.818,,,,,,
2026-08-20T10:40:06.774,208.967,0.265,9361,AV,AVANZANDO,84.7,1,1,O,OFFBOARD,305.1,305.0,0.1,,0,A,3,SB,3,25.88,40,,,,9.1,14.96,-20.4,-8.79,19.5125637,-99.1295328,19.5124284,-99.1293366,19.5125338,-99.1294864,305.0,1,1,1,A,EN AIRE,YC,aoa_orientado,4,,-75.0,-40.96,,0,ma0,D,8,45,1,15,2,3,1,40,3,10,0.5,-35,3,5,22.5,15,19.5125837,-99.1295635,rssi_avg20_ge_-35dbm (-34.951 dBm),peak_only,305.0,-40.034,-40.034,310.0,-40.181,-40.181,295.0,-40.818,-40.818,,,,,,
2026-08-20T10:40:06.887,209.08,0.11,9361,AV,AVANZANDO,85.0,1,1,O,OFFBOARD,304.2,305.0,-0.8,,0,A,3,SB,3,26.01,40,,,,9.1,15.04,-20.53,-8.79,19.5125642,-99.1295336,19.5124284,-99.1293366,19.5125338,-99.1294864,305.0,1,1,1,A,EN AIRE,YC,aoa_orientado,4,,-37.0,-40.564,,0,ma0,D,8,45,1,15,2,3,1,40,3,10,0.5,-35,3,5,22.5,15,19.5125837,-99.1295635,rssi_avg20_ge_-35dbm (-34.951 dBm),peak_only,305.0,-40.034,-40.034,310.0,-40.181,-40.181,295.0,-40.818,-40.818,,,,,,
2026-08-20T10:40:07.068,209.261,0.187,9361,AV,AVANZANDO,85.3,1,1,O,OFFBOARD,304.7,305.0,-0.3,,0,A,3,SB,3,26.14,40,,,,9.1,15.13,-20.66,-8.79,19.5125647,-99.1295343,19.5124284,-99.1293366,19.5125338,-99.1294864,305.0,1,1,1,A,EN AIRE,YC,aoa_orientado,4,,-36.0,-40.108,,0,ma0,D,8,45,1,15,2,3,1,40,3,10,0.5,-35,3,5,22.5,15,19.5125837,-99.1295635,rssi_avg20_ge_-35dbm (-34.951 dBm),peak_only,305.0,-40.034,-40.034,310.0,-40.181,-40.181,295.0,-40.818,-40.818,,,,,,
2026-08-20T10:40:07.256,209.449,0.016,9361,AV,AVANZANDO,85.7,1,1,O,OFFBOARD,305.3,305.0,0.3,,0,A,3,SB,3,26.27,40,,,,9.1,15.13,-20.66,-8.79,19.5125651,-99.129535,19.5124284,-99.1293366,19.5125338,-99.1294864,305.0,1,1,1,A,EN AIRE,YC,aoa_orientado,4,,-36.0,-39.697,,0,ma0,D,8,45,1,15,2,3,1,40,3,10,0.5,-35,3,5,22.5,15,19.5125837,-99.1295635,rssi_avg20_ge_-35dbm (-34.951 dBm),peak_only,305.0,-40.034,-40.034,310.0,-40.181,-40.181,295.0,-40.818,-40.818,,,,,,
2026-08-20T10:40:07.340,209.533,0.094,9361,AV,AVANZANDO,85.7,1,1,O,OFFBOARD,305.3,305.0,0.3,,0,A,3,SB,3,26.27,40,,,,9.1,15.13,-20.66,-8.79,19.5125651,-99.129535,19.5124284,-99.1293366,19.5125338,-99.1294864,305.0,1,1,1,A,EN AIRE,YC,aoa_orientado,4,,-38.0,-39.527,,0,ma0,D,8,45,1,15,2,3,1,40,3,10,0.5,-35,3,5,22.5,15,19.5125837,-99.1295635,rssi_avg20_ge_-35dbm (-34.951 dBm),peak_only,305.0,-40.034,-40.034,310.0,-40.181,-40.181,295.0,-40.818,-40.818,,,,,,
2026-08-20T10:40:07.446,209.639,0.203,9361,AV,AVANZANDO,85.7,1,1,O,OFFBOARD,305.3,305.0,0.3,,0,A,3,SB,3,26.27,40,,,,9.1,15.13,-20.66,-8.79,19.5125651,-99.129535,19.5124284,-99.1293366,19.5125338,-99.1294864,305.0,1,1,1,A,EN AIRE,YC,aoa_orientado,4,,-37.0,-39.275,,0,ma0,D,8,45,1,15,2,3,1,40,3,10,0.5,-35,3,5,22.5,15,19.5125837,-99.1295635,rssi_avg20_ge_-35dbm (-34.951 dBm),peak_only,305.0,-40.034,-40.034,310.0,-40.181,-40.181,295.0,-40.818,-40.818,,,,,,
2026-08-20T10:40:07.681,209.874,0.141,9361,AV,AVANZANDO,86.0,1,1,O,OFFBOARD,304.9,305.0,-0.1,,0,A,3,SB,3,26.4,40,,,,9.1,15.21,-20.79,-8.78,19.5125661,-99.1295365,19.5124284,-99.1293366,19.5125338,-99.1294864,305.0,1,1,1,A,EN AIRE,YC,aoa_orientado,4,,-36.0,-38.947,,0,ma0,D,8,45,1,15,2,3,1,40,3,10,0.5,-35,3,5,22.5,15,19.5125837,-99.1295635,rssi_avg20_ge_-35dbm (-34.951 dBm),peak_only,305.0,-40.034,-40.034,310.0,-40.181,-40.181,295.0,-40.818,-40.818,,,,,,
2026-08-20T10:40:07.848,210.04,0.313,9361,AV,AVANZANDO,86.0,1,1,O,OFFBOARD,304.9,305.0,-0.1,,0,A,3,SB,3,26.4,40,,,,9.1,15.21,-20.79,-8.78,19.5125661,-99.1295365,19.5124284,-99.1293366,19.5125338,-99.1294864,305.0,1,1,1,A,EN AIRE,YC,aoa_orientado,4,,-36.0,-38.653,,0,ma0,D,8,45,1,15,2,3,1,40,3,10,0.5,-35,3,5,22.5,15,19.5125837,-99.1295635,rssi_avg20_ge_-35dbm (-34.951 dBm),peak_only,305.0,-40.034,-40.034,310.0,-40.181,-40.181,295.0,-40.818,-40.818,,,,,,
2026-08-20T10:40:07.964,210.157,0.109,9361,AV,AVANZANDO,86.3,1,1,O,OFFBOARD,304.8,305.0,-0.2,,0,A,3,SB,3,26.53,40,,,,9.1,15.31,-20.91,-8.77,19.5125666,-99.1295372,19.5124284,-99.1293366,19.5125338,-99.1294864,305.0,1,1,1,A,EN AIRE,YC,aoa_orientado,4,,-37.0,-38.487,,0,ma0,D,8,45,1,15,2,3,1,40,3,10,0.5,-35,3,5,22.5,15,19.5125837,-99.1295635,rssi_avg20_ge_-35dbm (-34.951 dBm),peak_only,305.0,-40.034,-40.034,310.0,-40.181,-40.181,295.0,-40.818,-40.818,,,,,,
2026-08-20T10:40:08.124,210.317,0.265,9361,AV,AVANZANDO,86.3,1,1,O,OFFBOARD,304.8,305.0,-0.2,,0,A,3,SB,3,26.53,40,,,,9.1,15.31,-20.91,-8.77,19.5125666,-99.1295372,19.5124284,-99.1293366,19.5125338,-99.1294864,305.0,1,1,1,A,EN AIRE,YC,aoa_orientado,4,,-37.0,-38.339,,0,ma0,D,8,45,1,15,2,3,1,40,3,10,0.5,-35,3,5,22.5,15,19.5125837,-99.1295635,rssi_avg20_ge_-35dbm (-34.951 dBm),peak_only,305.0,-40.034,-40.034,310.0,-40.181,-40.181,295.0,-40.818,-40.818,,,,,,
2026-08-20T10:40:08.238,210.431,0.125,9361,AV,AVANZANDO,86.6,1,1,O,OFFBOARD,305.1,305.0,0.1,,0,A,3,SB,3,26.66,40,,,,9.1,15.41,-21.04,-8.77,19.5125677,-99.1295387,19.5124284,-99.1293366,19.5125338,-99.1294864,305.0,1,1,1,A,EN AIRE,YC,aoa_orientado,4,,-36.0,-38.105,,0,ma0,D,8,45,1,15,2,3,1,40,3,10,0.5,-35,3,5,22.5,15,19.5125837,-99.1295635,rssi_avg20_ge_-35dbm (-34.951 dBm),peak_only,305.0,-40.034,-40.034,310.0,-40.181,-40.181,295.0,-40.818,-40.818,,,,,,
2026-08-20T10:40:08.393,210.586,0.281,9361,AV,AVANZANDO,86.6,1,1,O,OFFBOARD,305.1,305.0,0.1,,0,A,3,SB,3,26.66,40,,,,9.1,15.41,-21.04,-8.77,19.5125677,-99.1295387,19.5124284,-99.1293366,19.5125338,-99.1294864,305.0,1,1,1,A,EN AIRE,YC,aoa_orientado,4,,-37.0,-37.994,,0,ma0,D,8,45,1,15,2,3,1,40,3,10,0.5,-35,3,5,22.5,15,19.5125837,-99.1295635,rssi_avg20_ge_-35dbm (-34.951 dBm),peak_only,305.0,-40.034,-40.034,310.0,-40.181,-40.181,295.0,-40.818,-40.818,,,,,,
2026-08-20T10:40:08.510,210.702,0.11,9361,AV,AVANZANDO,87.0,1,1,O,OFFBOARD,305.7,305.0,0.7,,0,A,3,SB,3,26.79,40,,,,9.1,15.51,-21.17,-8.76,19.5125682,-99.1295395,19.5124284,-99.1293366,19.5125338,-99.1294864,305.0,1,1,1,A,EN AIRE,YC,aoa_orientado,4,,-36.0,-37.795,,0,ma0,D,8,45,1,15,2,3,1,40,3,10,0.5,-35,3,5,22.5,15,19.5125837,-99.1295635,rssi_avg20_ge_-35dbm (-34.951 dBm),peak_only,305.0,-40.034,-40.034,310.0,-40.181,-40.181,295.0,-40.818,-40.818,,,,,,
2026-08-20T10:40:08.677,210.87,0.282,9361,AV,AVANZANDO,87.0,1,1,O,OFFBOARD,305.7,305.0,0.7,,0,A,3,SB,3,26.79,40,,,,9.1,15.51,-21.17,-8.76,19.5125682,-99.1295395,19.5124284,-99.1293366,19.5125338,-99.1294864,305.0,1,1,1,A,EN AIRE,YC,aoa_orientado,4,,-35.0,-37.515,,0,ma0,D,8,45,1,15,2,3,1,40,3,10,0.5,-35,3,5,22.5,15,19.5125837,-99.1295635,rssi_avg20_ge_-35dbm (-34.951 dBm),peak_only,305.0,-40.034,-40.034,310.0,-40.181,-40.181,295.0,-40.818,-40.818,,,,,,
2026-08-20T10:40:08.980,211.173,0.172,9361,AV,AVANZANDO,87.6,1,1,O,OFFBOARD,305.3,305.0,0.3,,0,A,3,SB,3,27.05,40,,,,9.1,15.59,-21.3,-8.76,19.5125696,-99.1295416,19.5124284,-99.1293366,19.5125338,-99.1294864,305.0,1,1,1,A,EN AIRE,YC,aoa_orientado,4,,-33.0,-37.064,,0,ma0,D,8,45,1,15,2,3,1,40,3,10,0.5,-35,3,5,22.5,15,19.5125837,-99.1295635,rssi_avg20_ge_-35dbm (-34.951 dBm),peak_only,305.0,-40.034,-40.034,310.0,-40.181,-40.181,295.0,-40.818,-40.818,,,,,,
2026-08-20T10:40:09.096,211.289,0.125,9361,AV,AVANZANDO,88.0,1,1,O,OFFBOARD,304.7,305.0,-0.3,,0,A,3,SB,3,27.18,40,,,,9.1,15.67,-21.43,-8.76,19.51257,-99.1295425,19.5124284,-99.1293366,19.5125338,-99.1294864,305.0,1,1,1,A,EN AIRE,YC,aoa_orientado,4,,-41.0,-37.457,,0,ma0,D,8,45,1,15,2,3,1,40,3,10,0.5,-35,3,5,22.5,15,19.5125837,-99.1295635,rssi_avg20_ge_-35dbm (-34.951 dBm),peak_only,305.0,-40.034,-40.034,310.0,-40.181,-40.181,295.0,-40.818,-40.818,,,,,,
2026-08-20T10:40:09.260,211.453,0.281,9361,AV,AVANZANDO,88.0,1,1,O,OFFBOARD,304.7,305.0,-0.3,,0,A,3,SB,3,27.18,40,,,,9.1,15.67,-21.43,-8.76,19.51257,-99.1295425,19.5124284,-99.1293366,19.5125338,-99.1294864,305.0,1,1,1,A,EN AIRE,YC,aoa_orientado,4,,-38.0,-37.512,,0,ma0,D,8,45,1,15,2,3,1,40,3,10,0.5,-35,3,5,22.5,15,19.5125837,-99.1295635,rssi_avg20_ge_-35dbm (-34.951 dBm),peak_only,305.0,-40.034,-40.034,310.0,-40.181,-40.181,295.0,-40.818,-40.818,,,,,,
2026-08-20T10:40:09.355,211.548,0.375,9361,AV,AVANZANDO,88.0,1,1,O,OFFBOARD,304.7,305.0,-0.3,,0,A,3,SB,3,27.18,40,,,,9.1,15.67,-21.43,-8.76,19.51257,-99.1295425,19.5124284,-99.1293366,19.5125338,-99.1294864,305.0,1,1,1,A,EN AIRE,YC,aoa_orientado,4,,-39.0,-37.661,,0,ma0,D,8,45,1,15,2,3,1,40,3,10,0.5,-35,3,5,22.5,15,19.5125837,-99.1295635,rssi_avg20_ge_-35dbm (-34.951 dBm),peak_only,305.0,-40.034,-40.034,310.0,-40.181,-40.181,295.0,-40.818,-40.818,,,,,,
2026-08-20T10:40:09.533,211.725,0.078,9361,AV,AVANZANDO,88.3,1,1,O,OFFBOARD,304.6,305.0,-0.4,,0,A,3,SB,3,27.31,40,,,,9.1,15.76,-21.57,-8.76,19.5125711,-99.1295441,19.5124284,-99.1293366,19.5125338,-99.1294864,305.0,1,1,1,A,EN AIRE,YC,aoa_orientado,4,,-35.0,-37.394,,0,ma0,D,8,45,1,15,2,3,1,40,3,10,0.5,-35,3,5,22.5,15,19.5125837,-99.1295635,rssi_avg20_ge_-35dbm (-34.951 dBm),peak_only,305.0,-40.034,-40.034,310.0,-40.181,-40.181,295.0,-40.818,-40.818,,,,,,
2026-08-20T10:40:09.744,211.937,0.297,9361,AV,AVANZANDO,88.3,1,1,O,OFFBOARD,304.6,305.0,-0.4,,0,A,3,SB,3,27.31,40,,,,9.1,15.76,-21.57,-8.76,19.5125711,-99.1295441,19.5124284,-99.1293366,19.5125338,-99.1294864,305.0,1,1,1,A,EN AIRE,YC,aoa_orientado,4,,-33.0,-36.955,,0,ma0,D,8,45,1,15,2,3,1,40,3,10,0.5,-35,3,5,22.5,15,19.5125837,-99.1295635,rssi_avg20_ge_-35dbm (-34.951 dBm),peak_only,305.0,-40.034,-40.034,310.0,-40.181,-40.181,295.0,-40.818,-40.818,,,,,,
2026-08-20T10:40:09.861,212.054,0.11,9361,AV,AVANZANDO,88.6,1,1,O,OFFBOARD,305.1,305.0,0.1,,0,A,3,SB,3,27.44,40,,,,9.1,15.87,-21.72,-8.76,19.5125716,-99.129545,19.5124284,-99.1293366,19.5125338,-99.1294864,305.0,1,1,1,A,EN AIRE,YC,aoa_orientado,4,,-35.0,-36.76,,0,ma0,D,8,45,1,15,2,3,1,40,3,10,0.5,-35,3,5,22.5,15,19.5125837,-99.1295635,rssi_avg20_ge_-35dbm (-34.951 dBm),peak_only,305.0,-40.034,-40.034,310.0,-40.181,-40.181,295.0,-40.818,-40.818,,,,,,
2026-08-20T10:40:10.038,212.231,0.187,9361,AV,AVANZANDO,88.9,1,1,O,OFFBOARD,305.1,305.0,0.1,,0,A,3,SB,3,27.57,40,,,,9.1,15.97,-21.87,-8.77,19.5125722,-99.1295458,19.5124284,-99.1293366,19.5125338,-99.1294864,305.0,1,1,1,A,EN AIRE,YC,aoa_orientado,4,,-41.0,-37.184,,0,ma0,D,8,45,1,15,2,3,1,40,3,10,0.5,-35,3,5,22.5,15,19.5125837,-99.1295635,rssi_avg20_ge_-35dbm (-34.951 dBm),peak_only,305.0,-40.034,-40.034,310.0,-40.181,-40.181,295.0,-40.818,-40.818,,,,,,
2026-08-20T10:40:10.154,212.347,0.109,9361,AV,AVANZANDO,89.3,1,1,O,OFFBOARD,304.6,305.0,-0.4,,0,A,3,SB,3,27.7,40,,,,9.1,16.06,-22.01,-8.78,19.5125732,-99.1295475,19.5124284,-99.1293366,19.5125338,-99.1294864,305.0,1,1,1,A,EN AIRE,YC,aoa_orientado,4,,-39.0,-37.365,,0,ma0,D,8,45,1,15,2,3,1,40,3,10,0.5,-35,3,5,22.5,15,19.5125837,-99.1295635,rssi_avg20_ge_-35dbm (-34.951 dBm),peak_only,305.0,-40.034,-40.034,310.0,-40.181,-40.181,295.0,-40.818,-40.818,,,,,,
2026-08-20T10:40:10.328,212.521,0.281,9361,AV,AVANZANDO,89.3,1,1,O,OFFBOARD,304.6,305.0,-0.4,,0,A,3,SB,3,27.7,40,,,,9.1,16.06,-22.01,-8.78,19.5125732,-99.1295475,19.5124284,-99.1293366,19.5125338,-99.1294864,305.0,1,1,1,A,EN AIRE,YC,aoa_orientado,4,,-37.0,-37.329,,0,ma0,D,8,45,1,15,2,3,1,40,3,10,0.5,-35,3,5,22.5,15,19.5125837,-99.1295635,rssi_avg20_ge_-35dbm (-34.951 dBm),peak_only,305.0,-40.034,-40.034,310.0,-40.181,-40.181,295.0,-40.818,-40.818,,,,,,
2026-08-20T10:40:10.441,212.634,0.406,9361,AV,AVANZANDO,89.3,1,1,O,OFFBOARD,304.6,305.0,-0.4,,0,A,3,SB,3,27.7,40,,,,9.1,16.06,-22.01,-8.78,19.5125732,-99.1295475,19.5124284,-99.1293366,19.5125338,-99.1294864,305.0,1,1,1,A,EN AIRE,YC,aoa_orientado,4,,-33.0,-36.896,,0,ma0,D,8,45,1,15,2,3,1,40,3,10,0.5,-35,3,5,22.5,15,19.5125837,-99.1295635,rssi_avg20_ge_-35dbm (-34.951 dBm),peak_only,305.0,-40.034,-40.034,310.0,-40.181,-40.181,295.0,-40.818,-40.818,,,,,,
2026-08-20T10:40:10.634,212.827,0.188,9361,AV,AVANZANDO,89.6,1,1,O,OFFBOARD,304.8,305.0,-0.2,,0,A,3,SB,3,27.83,40,,,,9.1,16.06,-22.01,-8.78,19.5125736,-99.1295482,19.5124284,-99.1293366,19.5125338,-99.1294864,305.0,1,1,1,A,EN AIRE,YC,aoa_orientado,4,,-36.0,-36.806,,0,ma0,D,8,45,1,15,2,3,1,40,3,10,0.5,-35,3,5,22.5,15,19.5125837,-99.1295635,rssi_avg20_ge_-35dbm (-34.951 dBm),peak_only,305.0,-40.034,-40.034,310.0,-40.181,-40.181,295.0,-40.818,-40.818,,,,,,
2026-08-20T10:40:10.757,212.95,0.125,9361,AV,AVANZANDO,89.9,1,1,O,OFFBOARD,305.4,305.0,0.4,,0,A,3,SB,3,27.96,40,,,,9.1,16.15,-22.15,-8.78,19.5125741,-99.1295489,19.5124284,-99.1293366,19.5125338,-99.1294864,305.0,1,1,1,A,EN AIRE,YC,aoa_orientado,4,,-35.0,-36.626,,0,ma0,D,8,45,1,15,2,3,1,40,3,10,0.5,-35,3,5,22.5,15,19.5125837,-99.1295635,rssi_avg20_ge_-35dbm (-34.951 dBm),peak_only,305.0,-40.034,-40.034,310.0,-40.181,-40.181,295.0,-40.818,-40.818,,,,,,
2026-08-20T10:40:10.915,213.108,0.281,9361,AV,AVANZANDO,89.9,1,1,O,OFFBOARD,305.4,305.0,0.4,,0,A,3,SB,3,27.96,40,,,,9.1,16.15,-22.15,-8.78,19.5125741,-99.1295489,19.5124284,-99.1293366,19.5125338,-99.1294864,305.0,1,1,1,A,EN AIRE,YC,aoa_orientado,4,,-37.0,-36.663,,0,ma0,D,8,45,1,15,2,3,1,40,3,10,0.5,-35,3,5,22.5,15,19.5125837,-99.1295635,rssi_avg20_ge_-35dbm (-34.951 dBm),peak_only,305.0,-40.034,-40.034,310.0,-40.181,-40.181,295.0,-40.818,-40.818,,,,,,
2026-08-20T10:40:11.030,213.222,0.109,9361,AV,AVANZANDO,90.2,1,1,O,OFFBOARD,305.4,305.0,0.4,,0,A,3,SB,3,28.09,40,,,,9.1,16.24,-22.27,-8.79,19.5125751,-99.1295503,19.5124284,-99.1293366,19.5125338,-99.1294864,305.0,1,1,1,A,EN AIRE,YC,aoa_orientado,4,,-38.0,-36.797,,0,ma0,D,8,45,1,15,2,3,1,40,3,10,0.5,-35,3,5,22.5,15,19.5125837,-99.1295635,rssi_avg20_ge_-35dbm (-34.951 dBm),peak_only,305.0,-40.034,-40.034,310.0,-40.181,-40.181,295.0,-40.818,-40.818,,,,,,
2026-08-20T10:40:11.188,213.38,0.266,9361,AV,AVANZANDO,90.2,1,1,O,OFFBOARD,305.4,305.0,0.4,,0,A,3,SB,3,28.09,40,,,,9.1,16.24,-22.27,-8.79,19.5125751,-99.1295503,19.5124284,-99.1293366,19.5125338,-99.1294864,305.0,1,1,1,A,EN AIRE,YC,aoa_orientado,4,,-31.0,-36.217,,0,ma0,D,8,45,1,15,2,3,1,40,3,10,0.5,-35,3,5,22.5,15,19.5125837,-99.1295635,rssi_avg20_ge_-35dbm (-34.951 dBm),peak_only,305.0,-40.034,-40.034,310.0,-40.181,-40.181,295.0,-40.818,-40.818,,,,,,
2026-08-20T10:40:11.300,213.493,0.125,9361,AV,AVANZANDO,90.6,1,1,O,OFFBOARD,305.4,305.0,0.4,,0,A,3,SB,3,28.22,40,,,,9.1,16.33,-22.39,-8.79,19.5125756,-99.1295511,19.5124284,-99.1293366,19.5125338,-99.1294864,305.0,1,1,1,A,EN AIRE,YC,aoa_orientado,4,,-34.0,-35.995,,0,ma0,D,8,45,1,15,2,3,1,40,3,10,0.5,-35,3,5,22.5,15,19.5125837,-99.1295635,rssi_avg20_ge_-35dbm (-34.951 dBm),peak_only,305.0,-40.034,-40.034,310.0,-40.181,-40.181,295.0,-40.818,-40.818,,,,,,
2026-08-20T10:40:11.450,213.643,0.265,9361,AV,AVANZANDO,90.6,1,1,O,OFFBOARD,305.4,305.0,0.4,,0,A,3,SB,3,28.22,40,,,,9.1,16.33,-22.39,-8.79,19.5125756,-99.1295511,19.5124284,-99.1293366,19.5125338,-99.1294864,305.0,1,1,1,A,EN AIRE,YC,aoa_orientado,4,,-34.0,-35.796,,0,ma0,D,8,45,1,15,2,3,1,40,3,10,0.5,-35,3,5,22.5,15,19.5125837,-99.1295635,rssi_avg20_ge_-35dbm (-34.951 dBm),peak_only,305.0,-40.034,-40.034,310.0,-40.181,-40.181,295.0,-40.818,-40.818,,,,,,
2026-08-20T10:40:11.733,213.925,0.282,9361,AV,AVANZANDO,90.9,1,1,O,OFFBOARD,305.0,305.0,0.0,,0,A,3,SB,3,28.35,40,,,,9.1,16.42,-22.52,-8.8,19.5125765,-99.1295525,19.5124284,-99.1293366,19.5125338,-99.1294864,305.0,1,1,1,A,EN AIRE,YC,aoa_orientado,4,,-38.0,-36.016,,0,ma0,D,8,45,1,15,2,3,1,40,3,10,0.5,-35,3,5,22.5,15,19.5125837,-99.1295635,rssi_avg20_ge_-35dbm (-34.951 dBm),peak_only,305.0,-40.034,-40.034,310.0,-40.181,-40.181,295.0,-40.818,-40.818,,,,,,
2026-08-20T10:40:11.733,213.926,0.282,9361,AV,AVANZANDO,90.9,1,1,O,OFFBOARD,305.0,305.0,0.0,,0,A,3,SB,3,28.35,40,,,,9.1,16.42,-22.52,-8.8,19.5125765,-99.1295525,19.5124284,-99.1293366,19.5125338,-99.1294864,305.0,1,1,1,A,EN AIRE,YC,aoa_orientado,4,,-35.0,-35.915,,0,ma0,D,8,45,1,15,2,3,1,40,3,10,0.5,-35,3,5,22.5,15,19.5125837,-99.1295635,rssi_avg20_ge_-35dbm (-34.951 dBm),peak_only,305.0,-40.034,-40.034,310.0,-40.181,-40.181,295.0,-40.818,-40.818,,,,,,
2026-08-20T10:40:12.009,214.202,0.281,9361,AV,AVANZANDO,91.2,1,1,O,OFFBOARD,305.0,305.0,0.0,,0,A,3,SB,3,28.49,40,,,,9.1,16.42,-22.52,-8.8,19.512577,-99.1295532,19.5124284,-99.1293366,19.5125338,-99.1294864,305.0,1,1,1,A,EN AIRE,YC,aoa_orientado,4,,-37.0,-36.023,,0,ma0,D,8,45,1,15,2,3,1,40,3,10,0.5,-35,3,5,22.5,15,19.5125837,-99.1295635,rssi_avg20_ge_-35dbm (-34.951 dBm),peak_only,305.0,-40.034,-40.034,310.0,-40.181,-40.181,295.0,-40.818,-40.818,,,,,,
2026-08-20T10:40:12.009,214.202,0.281,9361,AV,AVANZANDO,91.2,1,1,O,OFFBOARD,305.0,305.0,0.0,,0,A,3,SB,3,28.49,40,,,,9.1,16.42,-22.52,-8.8,19.512577,-99.1295532,19.5124284,-99.1293366,19.5125338,-99.1294864,305.0,1,1,1,A,EN AIRE,YC,aoa_orientado,4,,-37.0,-36.121,,0,ma0,D,8,45,1,15,2,3,1,40,3,10,0.5,-35,3,5,22.5,15,19.5125837,-99.1295635,rssi_avg20_ge_-35dbm (-34.951 dBm),peak_only,305.0,-40.034,-40.034,310.0,-40.181,-40.181,295.0,-40.818,-40.818,,,,,,
2026-08-20T10:40:12.128,214.321,0.125,9361,AV,AVANZANDO,91.5,1,1,O,OFFBOARD,304.4,305.0,-0.6,,0,A,3,SB,3,28.62,40,,,,9.1,16.5,-22.64,-8.81,19.5125774,-99.1295539,19.5124284,-99.1293366,19.5125338,-99.1294864,305.0,1,1,1,A,EN AIRE,YC,aoa_orientado,4,,-34.0,-35.909,,0,ma0,D,8,45,1,15,2,3,1,40,3,10,0.5,-35,3,5,22.5,15,19.5125837,-99.1295635,rssi_avg20_ge_-35dbm (-34.951 dBm),peak_only,305.0,-40.034,-40.034,310.0,-40.181,-40.181,295.0,-40.818,-40.818,,,,,,
2026-08-20T10:40:12.312,214.505,0.172,9361,AV,AVANZANDO,91.9,1,1,O,OFFBOARD,304.4,305.0,-0.6,,0,A,3,SB,3,28.75,40,,,,9.1,16.58,-22.77,-8.82,19.5125784,-99.1295554,19.5124284,-99.1293366,19.5125338,-99.1294864,305.0,1,1,1,A,EN AIRE,YC,aoa_orientado,4,,-38.0,-36.118,,0,ma0,D,8,45,1,15,2,3,1,40,3,10,0.5,-35,3,5,22.5,15,19.5125837,-99.1295635,rssi_avg20_ge_-35dbm (-34.951 dBm),peak_only,305.0,-40.034,-40.034,310.0,-40.181,-40.181,295.0,-40.818,-40.818,,,,,,
2026-08-20T10:40:12.407,214.6,0.265,9361,AV,AVANZANDO,91.9,1,1,O,OFFBOARD,304.4,305.0,-0.6,,0,A,3,SB,3,28.75,40,,,,9.1,16.58,-22.77,-8.82,19.5125784,-99.1295554,19.5124284,-99.1293366,19.5125338,-99.1294864,305.0,1,1,1,A,EN AIRE,YC,aoa_orientado,4,,-27.0,-35.206,,0,ma0,D,8,45,1,15,2,3,1,40,3,10,0.5,-35,3,5,22.5,15,19.5125837,-99.1295635,rssi_avg20_ge_-35dbm (-34.951 dBm),peak_only,305.0,-40.034,-40.034,310.0,-40.181,-40.181,295.0,-40.818,-40.818,,,,,,
2026-08-20T10:40:12.691,214.884,0.203,9361,AV,AVANZANDO,92.2,1,1,O,OFFBOARD,305.6,305.0,0.6,,0,A,3,SB,3,28.88,40,,,,9.1,16.67,-22.9,-8.82,19.5125788,-99.1295562,19.5124284,-99.1293366,19.5125338,-99.1294864,305.0,1,1,1,A,EN AIRE,YC,aoa_orientado,4,,-34.0,-35.085,,0,ma0,D,8,45,1,15,2,3,1,40,3,10,0.5,-35,3,5,22.5,15,19.5125837,-99.1295635,rssi_avg20_ge_-35dbm (-34.951 dBm),peak_only,305.0,-40.034,-40.034,310.0,-40.181,-40.181,295.0,-40.818,-40.818,,,,,,
2026-08-20T10:40:12.691,214.884,0.203,9361,AV,AVANZANDO,92.2,1,1,O,OFFBOARD,305.6,305.0,0.6,,0,A,3,SB,3,28.88,40,,,,9.1,16.67,-22.9,-8.82,19.5125788,-99.1295562,19.5124284,-99.1293366,19.5125338,-99.1294864,305.0,1,1,1,A,EN AIRE,YC,aoa_orientado,4,,-34.0,-34.977,,0,ma0,D,8,45,1,15,2,3,1,40,3,10,0.5,-35,3,5,22.5,15,19.5125837,-99.1295635,rssi_avg20_ge_-35dbm (-34.951 dBm),peak_only,305.0,-40.034,-40.034,310.0,-40.181,-40.181,295.0,-40.818,-40.818,,,,,,
2026-08-20T10:40:12.869,215.062,0.094,9361,AV,AVANZANDO,92.5,1,1,O,OFFBOARD,305.6,305.0,0.6,,0,A,3,SB,3,29.01,40,,,,9.1,16.75,-23.03,-8.83,19.5125793,-99.1295569,19.5124284,-99.1293366,19.5125338,-99.1294864,305.0,1,1,1,A,EN AIRE,YC,aoa_orientado,4,,-36.0,-35.079,,0,ma0,D,8,45,1,15,2,3,1,40,3,10,0.5,-35,3,5,22.5,15,19.5125837,-99.1295635,rssi_avg20_ge_-35dbm (-34.951 dBm),peak_only,305.0,-40.034,-40.034,310.0,-40.181,-40.181,295.0,-40.818,-40.818,,,,,,
2026-08-20T10:40:12.974,215.166,0.204,9361,AV,AVANZANDO,92.5,1,1,O,OFFBOARD,305.6,305.0,0.6,,0,A,3,SB,3,29.01,40,,,,9.1,16.75,-23.03,-8.83,19.5125793,-99.1295569,19.5124284,-99.1293366,19.5125338,-99.1294864,305.0,1,1,1,A,EN AIRE,YC,aoa_orientado,4,,-31.0,-34.671,,0,ma0,D,8,45,1,15,2,3,1,40,3,10,0.5,-35,3,5,22.5,15,19.5125837,-99.1295635,rssi_avg20_ge_-35dbm (-34.951 dBm),peak_only,305.0,-40.034,-40.034,310.0,-40.181,-40.181,295.0,-40.818,-40.818,,,,,,
2026-08-20T10:40:13.275,215.468,0.109,9361,AV,AVANZANDO,93.2,1,1,O,OFFBOARD,304.3,305.0,-0.7,,0,A,3,SB,3,29.27,40,,,,9.1,16.84,-23.14,-8.82,19.5125806,-99.1295588,19.5124284,-99.1293366,19.5125338,-99.1294864,305.0,1,1,1,A,EN AIRE,YC,aoa_orientado,4,,-32.0,-34.404,,0,ma0,D,8,45,1,15,2,3,1,40,3,10,0.5,-35,3,5,22.5,15,19.5125837,-99.1295635,rssi_avg20_ge_-35dbm (-34.951 dBm),peak_only,305.0,-40.034,-40.034,310.0,-40.181,-40.181,295.0,-40.818,-40.818,,,,,,
2026-08-20T10:40:13.275,215.468,0.109,9361,AV,AVANZANDO,93.2,1,1,O,OFFBOARD,304.3,305.0,-0.7,,0,A,3,SB,3,29.27,40,,,,9.1,16.84,-23.14,-8.82,19.5125806,-99.1295588,19.5124284,-99.1293366,19.5125338,-99.1294864,305.0,1,1,1,A,EN AIRE,YC,aoa_orientado,4,,-36.0,-34.564,,0,ma0,D,8,45,1,15,2,3,1,40,3,10,0.5,-35,3,5,22.5,15,19.5125837,-99.1295635,rssi_avg20_ge_-35dbm (-34.951 dBm),peak_only,305.0,-40.034,-40.034,310.0,-40.181,-40.181,295.0,-40.818,-40.818,,,,,,
2026-08-20T10:40:13.429,215.622,0.266,9361,AV,AVANZANDO,93.2,1,1,O,OFFBOARD,304.3,305.0,-0.7,,0,A,3,SB,3,29.27,40,,,,9.1,16.84,-23.14,-8.82,19.5125806,-99.1295588,19.5124284,-99.1293366,19.5125338,-99.1294864,305.0,1,1,1,A,EN AIRE,YC,aoa_orientado,4,,-39.0,-35.007,,0,ma0,D,8,45,1,15,2,3,1,40,3,10,0.5,-35,3,5,22.5,15,19.5125837,-99.1295635,rssi_avg20_ge_-35dbm (-34.951 dBm),peak_only,305.0,-40.034,-40.034,310.0,-40.181,-40.181,295.0,-40.818,-40.818,,,,,,
2026-08-20T10:40:13.522,215.714,0.359,9361,AV,AVANZANDO,93.2,1,1,O,OFFBOARD,304.3,305.0,-0.7,,0,A,3,SB,3,29.27,40,,,,9.1,16.84,-23.14,-8.82,19.5125806,-99.1295588,19.5124284,-99.1293366,19.5125338,-99.1294864,305.0,1,1,1,A,EN AIRE,YC,aoa_orientado,4,,-39.0,-35.407,,0,ma0,D,8,45,1,15,2,3,1,40,3,10,0.5,-35,3,5,22.5,15,19.5125837,-99.1295635,rssi_avg20_ge_-35dbm (-34.951 dBm),peak_only,305.0,-40.034,-40.034,310.0,-40.181,-40.181,295.0,-40.818,-40.818,,,,,,
2026-08-20T10:40:13.803,215.996,0.203,9361,AV,AVANZANDO,93.5,1,1,O,OFFBOARD,305.1,305.0,0.1,,0,A,3,SB,3,29.4,40,,,,9.1,16.92,-23.25,-8.81,19.5125814,-99.1295601,19.5124284,-99.1293366,19.5125338,-99.1294864,305.0,1,1,1,A,EN AIRE,YC,aoa_orientado,4,,-32.0,-35.066,,0,ma0,D,8,45,1,15,2,3,1,40,3,10,0.5,-35,3,5,22.5,15,19.5125837,-99.1295635,rssi_avg20_ge_-35dbm (-34.951 dBm),peak_only,305.0,-40.034,-40.034,310.0,-40.181,-40.181,295.0,-40.818,-40.818,,,,,,
2026-08-20T10:40:13.803,215.996,0.203,9361,AV,AVANZANDO,93.5,1,1,O,OFFBOARD,305.1,305.0,0.1,,0,A,3,SB,3,29.4,40,,,,9.1,16.92,-23.25,-8.81,19.5125814,-99.1295601,19.5124284,-99.1293366,19.5125338,-99.1294864,305.0,1,1,1,A,EN AIRE,YC,aoa_orientado,4,,-35.0,-35.059,,0,ma0,D,8,45,1,15,2,3,1,40,3,10,0.5,-35,3,5,22.5,15,19.5125837,-99.1295635,rssi_avg20_ge_-35dbm (-34.951 dBm),peak_only,305.0,-40.034,-40.034,310.0,-40.181,-40.181,295.0,-40.818,-40.818,,,,,,
2026-08-20T10:40:13.977,216.169,0.094,9361,AV,AVANZANDO,93.8,1,1,O,OFFBOARD,305.3,305.0,0.3,,0,A,3,SB,3,29.53,40,,,,9.1,16.99,-23.36,-8.82,19.5125818,-99.1295608,19.5124284,-99.1293366,19.5125338,-99.1294864,305.0,1,1,1,A,EN AIRE,YC,aoa_orientado,4,,-32.0,-34.753,,0,ma0,D,8,45,1,15,2,3,1,40,3,10,0.5,-35,3,5,22.5,15,19.5125837,-99.1295635,rssi_avg20_ge_-35dbm (-34.951 dBm),peak_only,305.0,-40.034,-40.034,310.0,-40.181,-40.181,295.0,-40.818,-40.818,,,,,,
2026-08-20T10:40:14.193,216.386,0.203,9361,AV,AVANZANDO,94.2,1,1,O,OFFBOARD,304.9,305.0,-0.1,,0,A,3,SB,3,29.66,40,,,,9.1,17.07,-23.48,-8.82,19.5125823,-99.1295614,19.5124284,-99.1293366,19.5125338,-99.1294864,305.0,1,1,1,A,EN AIRE,YC,aoa_orientado,4,,-32.0,-34.478,,0,ma0,D,8,45,1,15,2,3,1,40,3,10,0.5,-35,3,5,22.5,15,19.5125837,-99.1295635,rssi_avg20_ge_-35dbm (-34.951 dBm),peak_only,305.0,-40.034,-40.034,310.0,-40.181,-40.181,295.0,-40.818,-40.818,,,,,,
2026-08-20T10:40:14.455,216.648,0.25,9361,AV,AVANZANDO,94.5,1,1,O,OFFBOARD,304.9,305.0,-0.1,,0,A,3,SB,3,29.79,40,,,,9.1,17.16,-23.6,-8.82,19.5125833,-99.1295628,19.5124284,-99.1293366,19.5125338,-99.1294864,305.0,1,1,1,A,EN AIRE,YC,aoa_orientado,4,,-33.0,-34.33,,0,ma0,D,8,45,1,15,2,3,1,40,3,10,0.5,-35,3,5,22.5,15,19.5125837,-99.1295635,rssi_avg20_ge_-35dbm (-34.951 dBm),peak_only,305.0,-40.034,-40.034,310.0,-40.181,-40.181,295.0,-40.818,-40.818,,,,,,
2026-08-20T10:40:14.455,216.648,0.25,9361,AV,AVANZANDO,94.5,1,1,O,OFFBOARD,304.9,305.0,-0.1,,0,A,3,SB,3,29.79,40,,,,9.1,17.16,-23.6,-8.82,19.5125833,-99.1295628,19.5124284,-99.1293366,19.5125338,-99.1294864,305.0,1,1,1,A,EN AIRE,YC,aoa_orientado,4,,-35.0,-34.397,,0,ma0,D,8,45,1,15,2,3,1,40,3,10,0.5,-35,3,5,22.5,15,19.5125837,-99.1295635,rssi_avg20_ge_-35dbm (-34.951 dBm),peak_only,305.0,-40.034,-40.034,310.0,-40.181,-40.181,295.0,-40.818,-40.818,,,,,,
2026-08-20T10:40:14.546,216.739,0.344,9361,AV,AVANZANDO,94.5,1,1,O,OFFBOARD,304.9,305.0,-0.1,,0,A,3,SB,3,29.79,40,,,,9.1,17.16,-23.6,-8.82,19.5125833,-99.1295628,19.5124284,-99.1293366,19.5125338,-99.1294864,305.0,1,1,1,A,EN AIRE,YC,aoa_orientado,4,,-33.0,-34.258,,0,ma0,D,8,45,1,15,2,3,1,40,3,10,0.5,-35,3,5,22.5,15,19.5125837,-99.1295635,rssi_avg20_ge_-35dbm (-34.951 dBm),peak_only,305.0,-40.034,-40.034,310.0,-40.181,-40.181,295.0,-40.818,-40.818,,,,,,
2026-08-20T10:40:14.719,216.912,0.078,9361,AV,AVANZANDO,94.8,1,1,O,OFFBOARD,305.0,305.0,0.0,,0,A,3,SB,3,29.92,40,19.5125837,-99.1295635,rssi_avg20_ge_-35dbm (-34.951 dBm),9.2,17.24,-23.72,-8.84,19.5125837,-99.1295635,19.5124284,-99.1293366,19.5125338,-99.1294864,305.0,1,1,1,A,EN AIRE,YC,aoa_orientado,4,,-33.0,-34.132,,0,ma0,D,8,45,1,15,2,3,1,40,3,10,0.5,-35,3,5,22.5,15,19.5125837,-99.1295635,rssi_avg20_ge_-35dbm (-34.951 dBm),peak_only,305.0,-40.034,-40.034,310.0,-40.181,-40.181,295.0,-40.818,-40.818,,,,,,
2026-08-20T10:40:14.830,217.023,0.203,9361,AV,AVANZANDO,94.8,1,1,O,OFFBOARD,305.0,305.0,0.0,,0,A,3,SB,3,29.92,40,19.5125837,-99.1295635,rssi_avg20_ge_-35dbm (-34.951 dBm),9.2,17.24,-23.72,-8.84,19.5125837,-99.1295635,19.5124284,-99.1293366,19.5125338,-99.1294864,305.0,1,1,1,A,EN AIRE,YC,aoa_orientado,4,,-30.0,-33.719,,0,ma0,D,8,45,1,15,2,3,1,40,3,10,0.5,-35,3,5,22.5,15,19.5125837,-99.1295635,rssi_avg20_ge_-35dbm (-34.951 dBm),peak_only,305.0,-40.034,-40.034,310.0,-40.181,-40.181,295.0,-40.818,-40.818,,,,,,
2026-08-20T10:40:15.009,217.202,0.094,9361,RTL,RETORNANDO,95.0,1,1,O,OFFBOARD,305.1,305.0,0.1,,0,,3,SB,3,30.0,40,19.5125837,-99.1295635,rssi_avg20_ge_-35dbm (-34.951 dBm),9.2,17.24,-23.72,-8.84,19.5125841,-99.1295642,19.5124284,-99.1293366,19.5125338,-99.1294864,305.0,1,1,1,A,EN AIRE,RT,retorno_lanzamiento,4,,-48.5,-35.197,,0,ma0,D,8,45,1,15,2,3,1,40,3,10,0.5,-35,3,5,22.5,15,19.5125837,-99.1295635,rssi_avg20_ge_-35dbm (-34.951 dBm),peak_only,305.0,-40.034,-40.034,310.0,-40.181,-40.181,295.0,-40.818,-40.818,,,,,,
2026-08-20T10:40:15.226,217.419,0.204,9361,RTL,RETORNANDO,95.0,1,1,R,RETURN/RTL,304.9,305.0,-0.1,,0,,3,SB,3,30.0,40,19.5125837,-99.1295635,rssi_avg20_ge_-35dbm (-34.951 dBm),9.2,17.32,-23.85,-8.84,19.5125849,-99.1295656,19.5124284,-99.1293366,19.5125338,-99.1294864,305.0,1,1,1,A,EN AIRE,RT,retorno_lanzamiento,4,,-67.0,-38.377,,0,ma0,D,8,45,1,15,2,3,1,40,3,10,0.5,-35,3,5,22.5,15,19.5125837,-99.1295635,rssi_avg20_ge_-35dbm (-34.951 dBm),peak_only,305.0,-40.034,-40.034,310.0,-40.181,-40.181,295.0,-40.818,-40.818,,,,,,
2026-08-20T10:40:15.329,217.521,0.297,9361,RTL,RETORNANDO,95.0,1,1,R,RETURN/RTL,304.9,305.0,-0.1,,0,,3,SB,3,30.0,40,19.5125837,-99.1295635,rssi_avg20_ge_-35dbm (-34.951 dBm),9.2,17.32,-23.85,-8.84,19.5125849,-99.1295656,19.5124284,-99.1293366,19.5125338,-99.1294864,305.0,1,1,1,A,EN AIRE,RT,retorno_lanzamiento,4,,-64.0,-40.939,,0,ma0,D,8,45,1,15,2,3,1,40,3,10,0.5,-35,3,5,22.5,15,19.5125837,-99.1295635,rssi_avg20_ge_-35dbm (-34.951 dBm),peak_only,305.0,-40.034,-40.034,310.0,-40.181,-40.181,295.0,-40.818,-40.818,,,,,,
2026-08-20T10:40:15.497,217.69,0.469,9361,RTL,RETORNANDO,95.0,1,1,R,RETURN/RTL,304.9,305.0,-0.1,,0,,3,SB,3,30.0,40,19.5125837,-99.1295635,rssi_avg20_ge_-35dbm (-34.951 dBm),9.2,17.32,-23.85,-8.84,19.5125849,-99.1295656,19.5124284,-99.1293366,19.5125338,-99.1294864,305.0,1,1,1,A,EN AIRE,RT,retorno_lanzamiento,4,,-62.0,-43.045,,0,ma0,D,8,45,1,15,2,3,1,40,3,10,0.5,-35,3,5,22.5,15,19.5125837,-99.1295635,rssi_avg20_ge_-35dbm (-34.951 dBm),peak_only,305.0,-40.034,-40.034,310.0,-40.181,-40.181,295.0,-40.818,-40.818,,,,,,
2026-08-20T10:40:15.617,217.81,0.125,9361,RTL,RETORNANDO,95.0,1,1,R,RETURN/RTL,303.7,305.0,-1.3,,0,,3,SB,3,30.0,40,19.5125837,-99.1295635,rssi_avg20_ge_-35dbm (-34.951 dBm),9.2,17.39,-23.96,-8.85,19.5125852,-99.129566,19.5124284,-99.1293366,19.5125338,-99.1294864,305.0,1,1,1,A,EN AIRE,RT,retorno_lanzamiento,4,,-61.0,-44.841,,0,ma0,D,8,45,1,15,2,3,1,40,3,10,0.5,-35,3,5,22.5,15,19.5125837,-99.1295635,rssi_avg20_ge_-35dbm (-34.951 dBm),peak_only,305.0,-40.034,-40.034,310.0,-40.181,-40.181,295.0,-40.818,-40.818,,,,,,
2026-08-20T10:40:15.793,217.986,0.172,9361,RTL,RETORNANDO,95.0,1,1,R,RETURN/RTL,301.8,305.0,-3.2,,0,,3,SB,3,30.0,40,19.5125837,-99.1295635,rssi_avg20_ge_-35dbm (-34.951 dBm),9.2,17.4,-23.97,-8.88,19.5125847,-99.1295654,19.5124284,-99.1293366,19.5125338,-99.1294864,305.0,1,1,1,A,EN AIRE,RT,retorno_lanzamiento,4,,-61.0,-46.457,,0,ma0,D,8,45,1,15,2,3,1,40,3,10,0.5,-35,3,5,22.5,15,19.5125837,-99.1295635,rssi_avg20_ge_-35dbm (-34.951 dBm),peak_only,305.0,-40.034,-40.034,310.0,-40.181,-40.181,295.0,-40.818,-40.818,,,,,,
2026-08-20T10:40:15.887,218.08,0.266,9361,RTL,RETORNANDO,95.0,1,1,R,RETURN/RTL,301.8,305.0,-3.2,,0,,3,SB,3,30.0,40,19.5125837,-99.1295635,rssi_avg20_ge_-35dbm (-34.951 dBm),9.2,17.4,-23.97,-8.88,19.5125847,-99.1295654,19.5124284,-99.1293366,19.5125338,-99.1294864,305.0,1,1,1,A,EN AIRE,RT,retorno_lanzamiento,4,,-67.0,-48.511,,0,ma0,D,8,45,1,15,2,3,1,40,3,10,0.5,-35,3,5,22.5,15,19.5125837,-99.1295635,rssi_avg20_ge_-35dbm (-34.951 dBm),peak_only,305.0,-40.034,-40.034,310.0,-40.181,-40.181,295.0,-40.818,-40.818,,,,,,
2026-08-20T10:40:16.068,218.261,0.093,9361,RTL,RETORNANDO,95.0,1,1,R,RETURN/RTL,298.6,305.0,-6.4,,0,,3,SB,3,30.0,40,19.5125837,-99.1295635,rssi_avg20_ge_-35dbm (-34.951 dBm),9.2,17.4,-23.97,-8.88,19.5125847,-99.1295654,19.5124284,-99.1293366,19.5125338,-99.1294864,305.0,1,1,1,A,EN AIRE,RT,retorno_lanzamiento,4,,-63.0,-49.96,,0,ma0,D,8,45,1,15,2,3,1,40,3,10,0.5,-35,3,5,22.5,15,19.5125837,-99.1295635,rssi_avg20_ge_-35dbm (-34.951 dBm),peak_only,305.0,-40.034,-40.034,310.0,-40.181,-40.181,295.0,-40.818,-40.818,,,,,,
2026-08-20T10:40:16.191,218.384,0.109,9361,RTL,RETORNANDO,95.0,1,1,R,RETURN/RTL,291.4,305.0,-13.6,,0,,3,SB,3,30.0,40,19.5125837,-99.1295635,rssi_avg20_ge_-35dbm (-34.951 dBm),9.2,16.97,-23.36,-8.91,19.5125821,-99.1295614,19.5124284,-99.1293366,19.5125338,-99.1294864,305.0,1,1,1,A,EN AIRE,RT,retorno_lanzamiento,4,,-65.0,-51.464,,0,ma0,D,8,45,1,15,2,3,1,40,3,10,0.5,-35,3,5,22.5,15,19.5125837,-99.1295635,rssi_avg20_ge_-35dbm (-34.951 dBm),peak_only,305.0,-40.034,-40.034,310.0,-40.181,-40.181,295.0,-40.818,-40.818,,,,,,
2026-08-20T10:40:16.344,218.537,0.25,9361,RTL,RETORNANDO,95.0,1,1,R,RETURN/RTL,291.4,305.0,-13.6,,0,,3,SB,3,30.0,40,19.5125837,-99.1295635,rssi_avg20_ge_-35dbm (-34.951 dBm),9.2,16.97,-23.36,-8.91,19.5125821,-99.1295614,19.5124284,-99.1293366,19.5125338,-99.1294864,305.0,1,1,1,A,EN AIRE,RT,retorno_lanzamiento,4,,-58.0,-52.118,,0,ma0,D,8,45,1,15,2,3,1,40,3,10,0.5,-35,3,5,22.5,15,19.5125837,-99.1295635,rssi_avg20_ge_-35dbm (-34.951 dBm),peak_only,305.0,-40.034,-40.034,310.0,-40.181,-40.181,295.0,-40.818,-40.818,,,,,,
2026-08-20T10:40:16.437,218.63,0.344,9361,RTL,RETORNANDO,95.0,1,1,R,RETURN/RTL,291.4,305.0,-13.6,,0,,3,SB,3,30.0,40,19.5125837,-99.1295635,rssi_avg20_ge_-35dbm (-34.951 dBm),9.2,16.97,-23.36,-8.91,19.5125821,-99.1295614,19.5124284,-99.1293366,19.5125338,-99.1294864,305.0,1,1,1,A,EN AIRE,RT,retorno_lanzamiento,4,,-61.0,-53.006,,0,ma0,D,8,45,1,15,2,3,1,40,3,10,0.5,-35,3,5,22.5,15,19.5125837,-99.1295635,rssi_avg20_ge_-35dbm (-34.951 dBm),peak_only,305.0,-40.034,-40.034,310.0,-40.181,-40.181,295.0,-40.818,-40.818,,,,,,
2026-08-20T10:40:16.613,218.806,0.094,9361,RTL,RETORNANDO,95.0,1,1,R,RETURN/RTL,286.7,305.0,-18.3,,0,,3,SB,3,30.0,40,19.5125837,-99.1295635,rssi_avg20_ge_-35dbm (-34.951 dBm),9.2,16.97,-23.36,-8.91,19.5125771,-99.1295537,19.5124284,-99.1293366,19.5125338,-99.1294864,305.0,1,1,1,A,EN AIRE,RT,retorno_lanzamiento,4,,-59.0,-53.605,,0,ma0,D,8,45,1,15,2,3,1,40,3,10,0.5,-35,3,5,22.5,15,19.5125837,-99.1295635,rssi_avg20_ge_-35dbm (-34.951 dBm),peak_only,305.0,-40.034,-40.034,310.0,-40.181,-40.181,295.0,-40.818,-40.818,,,,,,
2026-08-20T10:40:16.737,218.93,0.109,9361,RTL,RETORNANDO,95.0,1,1,R,RETURN/RTL,274.9,305.0,-30.1,,0,,3,SB,3,30.0,40,19.5125837,-99.1295635,rssi_avg20_ge_-35dbm (-34.951 dBm),9.2,16.46,-22.63,-8.92,19.5125736,-99.1295485,19.5124284,-99.1293366,19.5125338,-99.1294864,305.0,1,1,1,A,EN AIRE,RT,retorno_lanzamiento,4,,-55.0,-53.745,,0,ma0,D,8,45,1,15,2,3,1,40,3,10,0.5,-35,3,5,22.5,15,19.5125837,-99.1295635,rssi_avg20_ge_-35dbm (-34.951 dBm),peak_only,305.0,-40.034,-40.034,310.0,-40.181,-40.181,295.0,-40.818,-40.818,,,,,,
2026-08-20T10:40:17.001,219.194,0.109,9361,RTL,RETORNANDO,95.0,1,1,R,RETURN/RTL,267.0,305.0,-38.0,,0,,3,SB,3,30.0,40,19.5125837,-99.1295635,rssi_avg20_ge_-35dbm (-34.951 dBm),9.3,15.77,-21.66,-8.94,19.5125649,-99.1295357,19.5124284,-99.1293366,19.5125338,-99.1294864,305.0,1,1,1,A,EN AIRE,RT,retorno_lanzamiento,4,,-55.0,-53.87,,0,ma0,D,8,45,1,15,2,3,1,40,3,10,0.5,-35,3,5,22.5,15,19.5125837,-99.1295635,rssi_avg20_ge_-35dbm (-34.951 dBm),peak_only,305.0,-40.034,-40.034,310.0,-40.181,-40.181,295.0,-40.818,-40.818,,,,,,
2026-08-20T10:40:17.001,219.194,0.109,9361,RTL,RETORNANDO,95.0,1,1,R,RETURN/RTL,267.0,305.0,-38.0,,0,,3,SB,3,30.0,40,19.5125837,-99.1295635,rssi_avg20_ge_-35dbm (-34.951 dBm),9.3,15.77,-21.66,-8.94,19.5125649,-99.1295357,19.5124284,-99.1293366,19.5125338,-99.1294864,305.0,1,1,1,A,EN AIRE,RT,retorno_lanzamiento,4,,-56.0,-54.083,,0,ma0,D,8,45,1,15,2,3,1,40,3,10,0.5,-35,3,5,22.5,15,19.5125837,-99.1295635,rssi_avg20_ge_-35dbm (-34.951 dBm),peak_only,305.0,-40.034,-40.034,310.0,-40.181,-40.181,295.0,-40.818,-40.818,,,,,,
2026-08-20T10:40:17.154,219.347,0.265,9361,RTL,RETORNANDO,95.0,1,1,R,RETURN/RTL,267.0,305.0,-38.0,,0,,3,SB,3,30.0,40,19.5125837,-99.1295635,rssi_avg20_ge_-35dbm (-34.951 dBm),9.3,15.77,-21.66,-8.94,19.5125649,-99.1295357,19.5124284,-99.1293366,19.5125338,-99.1294864,305.0,1,1,1,A,EN AIRE,RT,retorno_lanzamiento,4,,-59.0,-54.575,,0,ma0,D,8,45,1,15,2,3,1,40,3,10,0.5,-35,3,5,22.5,15,19.5125837,-99.1295635,rssi_avg20_ge_-35dbm (-34.951 dBm),peak_only,305.0,-40.034,-40.034,310.0,-40.181,-40.181,295.0,-40.818,-40.818,,,,,,
2026-08-20T10:40:17.255,219.448,0.375,9361,RTL,RETORNANDO,95.0,1,1,R,RETURN/RTL,267.0,305.0,-38.0,,0,,3,SB,3,30.0,40,19.5125837,-99.1295635,rssi_avg20_ge_-35dbm (-34.951 dBm),9.3,15.77,-21.66,-8.94,19.5125649,-99.1295357,19.5124284,-99.1293366,19.5125338,-99.1294864,305.0,1,1,1,A,EN AIRE,RT,retorno_lanzamiento,4,,-64.0,-55.517,,0,ma0,D,8,45,1,15,2,3,1,40,3,10,0.5,-35,3,5,22.5,15,19.5125837,-99.1295635,rssi_avg20_ge_-35dbm (-34.951 dBm),peak_only,305.0,-40.034,-40.034,310.0,-40.181,-40.181,295.0,-40.818,-40.818,,,,,,
2026-08-20T10:40:17.443,219.636,0.187,9361,RTL,RETORNANDO,95.0,1,1,R,RETURN/RTL,254.7,305.0,-50.3,,0,,3,SB,3,30.0,40,19.5125837,-99.1295635,rssi_avg20_ge_-35dbm (-34.951 dBm),9.2,14.93,-20.49,-8.93,19.5125602,-99.1295288,19.5124284,-99.1293366,19.5125338,-99.1294864,305.0,1,1,1,A,EN AIRE,RT,retorno_lanzamiento,4,,-58.0,-55.766,,0,ma0,D,8,45,1,15,2,3,1,40,3,10,0.5,-35,3,5,22.5,15,19.5125837,-99.1295635,rssi_avg20_ge_-35dbm (-34.951 dBm),peak_only,305.0,-40.034,-40.034,310.0,-40.181,-40.181,295.0,-40.818,-40.818,,,,,,
2026-08-20T10:40:17.724,219.917,0.282,9361,RTL,RETORNANDO,95.0,1,1,R,RETURN/RTL,241.0,305.0,-64.0,,0,,3,SB,3,30.0,40,19.5125837,-99.1295635,rssi_avg20_ge_-35dbm (-34.951 dBm),9.2,14.04,-19.27,-8.91,19.5125554,-99.1295219,19.5124284,-99.1293366,19.5125338,-99.1294864,305.0,1,1,1,A,EN AIRE,RT,retorno_lanzamiento,4,,-61.0,-56.289,,0,ma0,D,8,45,1,15,2,3,1,40,3,10,0.5,-35,3,5,22.5,15,19.5125837,-99.1295635,rssi_avg20_ge_-35dbm (-34.951 dBm),peak_only,305.0,-40.034,-40.034,310.0,-40.181,-40.181,295.0,-40.818,-40.818,,,,,,
2026-08-20T10:40:17.725,219.918,0.282,9361,RTL,RETORNANDO,95.0,1,1,R,RETURN/RTL,241.0,305.0,-64.0,,0,,3,SB,3,30.0,40,19.5125837,-99.1295635,rssi_avg20_ge_-35dbm (-34.951 dBm),9.2,14.04,-19.27,-8.91,19.5125554,-99.1295219,19.5124284,-99.1293366,19.5125338,-99.1294864,305.0,1,1,1,A,EN AIRE,RT,retorno_lanzamiento,4,,-63.0,-56.96,,0,ma0,D,8,45,1,15,2,3,1,40,3,10,0.5,-35,3,5,22.5,15,19.5125837,-99.1295635,rssi_avg20_ge_-35dbm (-34.951 dBm),peak_only,305.0,-40.034,-40.034,310.0,-40.181,-40.181,295.0,-40.818,-40.818,,,,,,
2026-08-20T10:40:17.995,220.188,0.265,9361,RTL,RETORNANDO,95.0,1,1,R,RETURN/RTL,224.1,305.0,-80.9,,0,,3,SB,3,30.0,40,19.5125837,-99.1295635,rssi_avg20_ge_-35dbm (-34.951 dBm),9.2,13.17,-18.06,-8.89,19.5125459,-99.1295078,19.5124284,-99.1293366,19.5125338,-99.1294864,305.0,1,1,1,A,EN AIRE,RT,retorno_lanzamiento,4,,-66.5,-57.914,,0,ma0,D,8,45,1,15,2,3,1,40,3,10,0.5,-35,3,5,22.5,15,19.5125837,-99.1295635,rssi_avg20_ge_-35dbm (-34.951 dBm),peak_only,305.0,-40.034,-40.034,310.0,-40.181,-40.181,295.0,-40.818,-40.818,,,,,,
2026-08-20T10:40:17.995,220.188,0.265,9361,RTL,RETORNANDO,95.0,1,1,R,RETURN/RTL,224.1,305.0,-80.9,,0,,3,SB,3,30.0,40,19.5125837,-99.1295635,rssi_avg20_ge_-35dbm (-34.951 dBm),9.2,13.17,-18.06,-8.89,19.5125459,-99.1295078,19.5124284,-99.1293366,19.5125338,-99.1294864,305.0,1,1,1,A,EN AIRE,RT,retorno_lanzamiento,4,,-70.0,-59.123,,0,ma0,D,8,45,1,15,2,3,1,40,3,10,0.5,-35,3,5,22.5,15,19.5125837,-99.1295635,rssi_avg20_ge_-35dbm (-34.951 dBm),peak_only,305.0,-40.034,-40.034,310.0,-40.181,-40.181,295.0,-40.818,-40.818,,,,,,
2026-08-20T10:40:18.262,220.455,0.266,9361,RTL,RETORNANDO,95.0,1,1,R,RETURN/RTL,212.3,305.0,-92.7,,0,,3,SB,3,30.0,40,19.5125837,-99.1295635,rssi_avg20_ge_-35dbm (-34.951 dBm),9.2,13.17,-18.06,-8.89,19.5125413,-99.1295009,19.5124284,-99.1293366,19.5125338,-99.1294864,305.0,1,1,1,A,EN AIRE,RT,retorno_lanzamiento,4,,-67.0,-59.91,,0,ma0,D,8,45,1,15,2,3,1,40,3,10,0.5,-35,3,5,22.5,15,19.5125837,-99.1295635,rssi_avg20_ge_-35dbm (-34.951 dBm),peak_only,305.0,-40.034,-40.034,310.0,-40.181,-40.181,295.0,-40.818,-40.818,,,,,,
2026-08-20T10:40:18.376,220.569,0.109,9361,RTL,RETORNANDO,95.0,1,1,R,RETURN/RTL,195.7,305.0,-109.3,,0,,3,SB,3,30.0,40,19.5125837,-99.1295635,rssi_avg20_ge_-35dbm (-34.951 dBm),9.1,12.32,-16.85,-8.84,19.5125324,-99.1294869,19.5124284,-99.1293366,19.5125338,-99.1294864,305.0,1,1,1,A,EN AIRE,RT,retorno_lanzamiento,4,,-64.0,-60.319,,0,ma0,D,8,45,1,15,2,3,1,40,3,10,0.5,-35,3,5,22.5,15,19.5125837,-99.1295635,rssi_avg20_ge_-35dbm (-34.951 dBm),peak_only,305.0,-40.034,-40.034,310.0,-40.181,-40.181,295.0,-40.818,-40.818,,,,,,
2026-08-20T10:40:18.376,220.569,0.109,9361,RTL,RETORNANDO,95.0,1,1,R,RETURN/RTL,195.7,305.0,-109.3,,0,,3,SB,3,30.0,40,19.5125837,-99.1295635,rssi_avg20_ge_-35dbm (-34.951 dBm),9.1,12.32,-16.85,-8.84,19.5125324,-99.1294869,19.5124284,-99.1293366,19.5125338,-99.1294864,305.0,1,1,1,A,EN AIRE,RT,retorno_lanzamiento,4,,-62.0,-60.487,,0,ma0,D,8,45,1,15,2,3,1,40,3,10,0.5,-35,3,5,22.5,15,19.5125837,-99.1295635,rssi_avg20_ge_-35dbm (-34.951 dBm),peak_only,305.0,-40.034,-40.034,310.0,-40.181,-40.181,295.0,-40.818,-40.818,,,,,,
2026-08-20T10:40:18.649,220.842,0.125,9361,RTL,RETORNANDO,95.0,1,1,R,RETURN/RTL,182.8,305.0,-122.2,,0,,3,SB,3,30.0,40,19.5125837,-99.1295635,rssi_avg20_ge_-35dbm (-34.951 dBm),9.1,11.49,-15.61,-8.8,19.5125278,-99.1294794,19.5124284,-99.1293366,19.5125338,-99.1294864,305.0,1,1,1,A,EN AIRE,RT,retorno_lanzamiento,4,,-68.0,-61.239,,0,ma0,D,8,45,1,15,2,3,1,40,3,10,0.5,-35,3,5,22.5,15,19.5125837,-99.1295635,rssi_avg20_ge_-35dbm (-34.951 dBm),peak_only,305.0,-40.034,-40.034,310.0,-40.181,-40.181,295.0,-40.818,-40.818,,,,,,
2026-08-20T10:40:18.920,221.112,0.109,9361,RTL,RETORNANDO,95.0,1,1,R,RETURN/RTL,171.0,305.0,-134.0,,0,,3,SB,3,30.0,40,19.5125837,-99.1295635,rssi_avg20_ge_-35dbm (-34.951 dBm),9.1,10.66,-14.34,-8.79,19.5125234,-99.1294722,19.5124284,-99.1293366,19.5125338,-99.1294864,305.0,1,1,1,A,EN AIRE,RT,retorno_lanzamiento,4,,-68.0,-61.915,,0,ma0,D,8,45,1,15,2,3,1,40,3,10,0.5,-35,3,5,22.5,15,19.5125837,-99.1295635,rssi_avg20_ge_-35dbm (-34.951 dBm),peak_only,305.0,-40.034,-40.034,310.0,-40.181,-40.181,295.0,-40.818,-40.818,,,,,,
2026-08-20T10:40:19.193,221.386,0.125,9361,RTL,RETORNANDO,95.0,1,1,R,RETURN/RTL,159.2,305.0,-145.8,,0,,3,SB,3,30.0,40,19.5125837,-99.1295635,rssi_avg20_ge_-35dbm (-34.951 dBm),9.1,9.81,-13.04,-8.78,19.5125145,-99.1294579,19.5124284,-99.1293366,19.5125338,-99.1294864,305.0,1,1,1,A,EN AIRE,RT,retorno_lanzamiento,4,,-68.0,-62.523,,0,ma0,D,8,45,1,15,2,3,1,40,3,10,0.5,-35,3,5,22.5,15,19.5125837,-99.1295635,rssi_avg20_ge_-35dbm (-34.951 dBm),peak_only,305.0,-40.034,-40.034,310.0,-40.181,-40.181,295.0,-40.818,-40.818,,,,,,
2026-08-20T10:40:19.353,221.546,0.282,9361,RTL,RETORNANDO,95.0,1,1,R,RETURN/RTL,159.2,305.0,-145.8,,0,,3,SB,3,30.0,40,19.5125837,-99.1295635,rssi_avg20_ge_-35dbm (-34.951 dBm),9.1,9.81,-13.04,-8.78,19.5125145,-99.1294579,19.5124284,-99.1293366,19.5125338,-99.1294864,305.0,1,1,1,A,EN AIRE,RT,retorno_lanzamiento,4,,-68.0,-63.071,,0,ma0,D,8,45,1,15,2,3,1,40,3,10,0.5,-35,3,5,22.5,15,19.5125837,-99.1295635,rssi_avg20_ge_-35dbm (-34.951 dBm),peak_only,305.0,-40.034,-40.034,310.0,-40.181,-40.181,295.0,-40.818,-40.818,,,,,,
2026-08-20T10:40:19.354,221.547,0.282,9361,RTL,RETORNANDO,95.0,1,1,R,RETURN/RTL,159.2,305.0,-145.8,,0,,3,SB,3,30.0,40,19.5125837,-99.1295635,rssi_avg20_ge_-35dbm (-34.951 dBm),9.1,9.81,-13.04,-8.78,19.5125145,-99.1294579,19.5124284,-99.1293366,19.5125338,-99.1294864,305.0,1,1,1,A,EN AIRE,RT,retorno_lanzamiento,4,,-65.0,-63.264,,0,ma0,D,8,45,1,15,2,3,1,40,3,10,0.5,-35,3,5,22.5,15,19.5125837,-99.1295635,rssi_avg20_ge_-35dbm (-34.951 dBm),peak_only,305.0,-40.034,-40.034,310.0,-40.181,-40.181,295.0,-40.818,-40.818,,,,,,
2026-08-20T10:40:19.473,221.666,0.125,9361,RTL,RETORNANDO,95.0,1,1,R,RETURN/RTL,148.8,305.0,-156.2,,0,,3,SB,3,30.0,40,19.5125837,-99.1295635,rssi_avg20_ge_-35dbm (-34.951 dBm),9.1,8.98,-11.83,-8.76,19.5125099,-99.1294508,19.5124284,-99.1293366,19.5125338,-99.1294864,305.0,1,1,1,A,EN AIRE,RT,retorno_lanzamiento,4,,-69.0,-63.838,,0,ma0,D,8,45,1,15,2,3,1,40,3,10,0.5,-35,3,5,22.5,15,19.5125837,-99.1295635,rssi_avg20_ge_-35dbm (-34.951 dBm),peak_only,305.0,-40.034,-40.034,310.0,-40.181,-40.181,295.0,-40.818,-40.818,,,,,,
2026-08-20T10:40:19.631,221.824,0.281,9361,RTL,RETORNANDO,95.0,1,1,R,RETURN/RTL,148.8,305.0,-156.2,,0,,3,SB,3,30.0,40,19.5125837,-99.1295635,rssi_avg20_ge_-35dbm (-34.951 dBm),9.1,8.98,-11.83,-8.76,19.5125099,-99.1294508,19.5124284,-99.1293366,19.5125338,-99.1294864,305.0,1,1,1,A,EN AIRE,RT,retorno_lanzamiento,4,,-75.0,-64.954,,0,ma0,D,8,45,1,15,2,3,1,40,3,10,0.5,-35,3,5,22.5,15,19.5125837,-99.1295635,rssi_avg20_ge_-35dbm (-34.951 dBm),peak_only,305.0,-40.034,-40.034,310.0,-40.181,-40.181,295.0,-40.818,-40.818,,,,,,
2026-08-20T10:40:19.898,222.091,0.265,9361,RTL,RETORNANDO,95.0,1,1,R,RETURN/RTL,142.7,305.0,-162.3,,0,,3,SB,3,30.0,40,19.5125837,-99.1295635,rssi_avg20_ge_-35dbm (-34.951 dBm),9.1,8.98,-11.83,-8.76,19.512505,-99.1294434,19.5124284,-99.1293366,19.5125338,-99.1294864,305.0,1,1,1,A,EN AIRE,RT,retorno_lanzamiento,4,,-72.0,-65.658,,0,ma0,D,8,45,1,15,2,3,1,40,3,10,0.5,-35,3,5,22.5,15,19.5125837,-99.1295635,rssi_avg20_ge_-35dbm (-34.951 dBm),peak_only,305.0,-40.034,-40.034,310.0,-40.181,-40.181,295.0,-40.818,-40.818,,,,,,
2026-08-20T10:40:20.165,222.358,0.266,9361,RTL,RETORNANDO,95.0,1,1,R,RETURN/RTL,136.0,305.0,-169.0,,0,,3,SB,3,30.0,40,19.5125837,-99.1295635,rssi_avg20_ge_-35dbm (-34.951 dBm),9.1,8.08,-10.55,-8.76,19.5124955,-99.1294294,19.5124284,-99.1293366,19.5125338,-99.1294864,305.0,1,1,1,A,EN AIRE,RT,retorno_lanzamiento,4,,-69.0,-65.993,,0,ma0,D,8,45,1,15,2,3,1,40,3,10,0.5,-35,3,5,22.5,15,19.5125837,-99.1295635,rssi_avg20_ge_-35dbm (-34.951 dBm),peak_only,305.0,-40.034,-40.034,310.0,-40.181,-40.181,295.0,-40.818,-40.818,,,,,,
2026-08-20T10:40:20.167,222.36,0.266,9361,RTL,RETORNANDO,95.0,1,1,R,RETURN/RTL,136.0,305.0,-169.0,,0,,3,SB,3,30.0,40,19.5125837,-99.1295635,rssi_avg20_ge_-35dbm (-34.951 dBm),9.1,8.08,-10.55,-8.76,19.5124955,-99.1294294,19.5124284,-99.1293366,19.5125338,-99.1294864,305.0,1,1,1,A,EN AIRE,RT,retorno_lanzamiento,4,,-67.0,-66.093,,0,ma0,D,8,45,1,15,2,3,1,40,3,10,0.5,-35,3,5,22.5,15,19.5125837,-99.1295635,rssi_avg20_ge_-35dbm (-34.951 dBm),peak_only,305.0,-40.034,-40.034,310.0,-40.181,-40.181,295.0,-40.818,-40.818,,,,,,
2026-08-20T10:40:20.284,222.476,0.125,9361,RTL,RETORNANDO,95.0,1,1,R,RETURN/RTL,131.0,305.0,-174.0,,0,,3,SB,3,30.0,40,19.5125837,-99.1295635,rssi_avg20_ge_-35dbm (-34.951 dBm),9.1,7.18,-9.31,-8.8,19.5124904,-99.1294221,19.5124284,-99.1293366,19.5125338,-99.1294864,305.0,1,1,1,A,EN AIRE,RT,retorno_lanzamiento,4,,-67.0,-66.184,,0,ma0,D,8,45,1,15,2,3,1,40,3,10,0.5,-35,3,5,22.5,15,19.5125837,-99.1295635,rssi_avg20_ge_-35dbm (-34.951 dBm),peak_only,305.0,-40.034,-40.034,310.0,-40.181,-40.181,295.0,-40.818,-40.818,,,,,,
2026-08-20T10:40:20.831,223.024,0.125,9361,RTL,RETORNANDO,95.0,1,1,R,RETURN/RTL,126.8,305.0,-178.2,,0,,3,SB,3,30.0,40,19.5125837,-99.1295635,rssi_avg20_ge_-35dbm (-34.951 dBm),9.2,5.37,-6.9,-8.89,19.5124759,-99.1294018,19.5124284,-99.1293366,19.5125338,-99.1294864,305.0,1,1,1,A,EN AIRE,RT,retorno_lanzamiento,4,,-68.0,-66.366,,0,ma0,D,8,45,1,15,2,3,1,40,3,10,0.5,-35,3,5,22.5,15,19.5125837,-99.1295635,rssi_avg20_ge_-35dbm (-34.951 dBm),peak_only,305.0,-40.034,-40.034,310.0,-40.181,-40.181,295.0,-40.818,-40.818,,,,,,
2026-08-20T10:40:21.367,223.56,0.656,9361,RTL,RETORNANDO,95.0,1,1,R,RETURN/RTL,126.8,305.0,-178.2,,0,,3,SB,3,30.0,40,19.5125837,-99.1295635,rssi_avg20_ge_-35dbm (-34.951 dBm),9.2,5.37,-6.9,-8.89,19.5124759,-99.1294018,19.5124284,-99.1293366,19.5125338,-99.1294864,305.0,1,1,1,A,EN AIRE,RT,retorno_lanzamiento,4,,-68.0,-66.529,,0,ma0,D,8,45,1,15,2,3,1,40,3,10,0.5,-35,3,5,22.5,15,19.5125837,-99.1295635,rssi_avg20_ge_-35dbm (-34.951 dBm),peak_only,305.0,-40.034,-40.034,310.0,-40.181,-40.181,295.0,-40.818,-40.818,,,,,,
2026-08-20T10:40:21.545,223.738,0.094,9361,RTL,RETORNANDO,95.0,1,1,R,RETURN/RTL,128.1,305.0,-176.9,,0,,3,SB,3,30.0,40,19.5125837,-99.1295635,rssi_avg20_ge_-35dbm (-34.951 dBm),9.2,3.75,-4.89,-8.94,19.512459,-99.1293796,19.5124284,-99.1293366,19.5125338,-99.1294864,305.0,1,1,1,A,EN AIRE,RT,retorno_lanzamiento,4,,-72.0,-67.076,,0,ma0,D,8,45,1,15,2,3,1,40,3,10,0.5,-35,3,5,22.5,15,19.5125837,-99.1295635,rssi_avg20_ge_-35dbm (-34.951 dBm),peak_only,305.0,-40.034,-40.034,310.0,-40.181,-40.181,295.0,-40.818,-40.818,,,,,,
2026-08-20T10:40:21.656,223.849,0.203,9361,RTL,RETORNANDO,95.0,1,1,R,RETURN/RTL,128.1,305.0,-176.9,,0,,3,SB,3,30.0,40,19.5125837,-99.1295635,rssi_avg20_ge_-35dbm (-34.951 dBm),9.2,3.75,-4.89,-8.94,19.512459,-99.1293796,19.5124284,-99.1293366,19.5125338,-99.1294864,305.0,1,1,1,A,EN AIRE,RT,retorno_lanzamiento,4,,-64.0,-66.769,,0,ma0,D,8,45,1,15,2,3,1,40,3,10,0.5,-35,3,5,22.5,15,19.5125837,-99.1295635,rssi_avg20_ge_-35dbm (-34.951 dBm),peak_only,305.0,-40.034,-40.034,310.0,-40.181,-40.181,295.0,-40.818,-40.818,,,,,,
2026-08-20T10:40:21.657,223.85,0.203,9361,RTL,RETORNANDO,95.0,1,1,R,RETURN/RTL,128.1,305.0,-176.9,,0,,3,SB,3,30.0,40,19.5125837,-99.1295635,rssi_avg20_ge_-35dbm (-34.951 dBm),9.2,3.75,-4.89,-8.94,19.512459,-99.1293796,19.5124284,-99.1293366,19.5125338,-99.1294864,305.0,1,1,1,A,EN AIRE,RT,retorno_lanzamiento,4,,-64.0,-66.492,,0,ma0,D,8,45,1,15,2,3,1,40,3,10,0.5,-35,3,5,22.5,15,19.5125837,-99.1295635,rssi_avg20_ge_-35dbm (-34.951 dBm),peak_only,305.0,-40.034,-40.034,310.0,-40.181,-40.181,295.0,-40.818,-40.818,,,,,,
2026-08-20T10:40:21.657,223.85,0.203,9361,RTL,RETORNANDO,95.0,1,1,R,RETURN/RTL,128.1,305.0,-176.9,,0,,3,SB,3,30.0,40,19.5125837,-99.1295635,rssi_avg20_ge_-35dbm (-34.951 dBm),9.2,3.75,-4.89,-8.94,19.512459,-99.1293796,19.5124284,-99.1293366,19.5125338,-99.1294864,305.0,1,1,1,A,EN AIRE,RT,retorno_lanzamiento,4,,-64.0,-66.242,,0,ma0,D,8,45,1,15,2,3,1,40,3,10,0.5,-35,3,5,22.5,15,19.5125837,-99.1295635,rssi_avg20_ge_-35dbm (-34.951 dBm),peak_only,305.0,-40.034,-40.034,310.0,-40.181,-40.181,295.0,-40.818,-40.818,,,,,,
2026-08-20T10:40:21.753,223.946,0.016,9361,RTL,RETORNANDO,95.0,1,1,R,RETURN/RTL,127.1,305.0,-177.9,,0,,3,SB,3,30.0,40,19.5125837,-99.1295635,rssi_avg20_ge_-35dbm (-34.951 dBm),9.2,3.06,-4.06,-8.92,19.5124522,-99.1293708,19.5124284,-99.1293366,19.5125338,-99.1294864,305.0,1,1,1,A,EN AIRE,RT,retorno_lanzamiento,4,,-64.0,-66.018,,0,ma0,D,8,45,1,15,2,3,1,40,3,10,0.5,-35,3,5,22.5,15,19.5125837,-99.1295635,rssi_avg20_ge_-35dbm (-34.951 dBm),peak_only,305.0,-40.034,-40.034,310.0,-40.181,-40.181,295.0,-40.818,-40.818,,,,,,
2026-08-20T10:40:21.753,223.946,0.016,9361,RTL,RETORNANDO,95.0,1,1,R,RETURN/RTL,127.1,305.0,-177.9,,0,,3,SB,3,30.0,40,19.5125837,-99.1295635,rssi_avg20_ge_-35dbm (-34.951 dBm),9.2,3.06,-4.06,-8.92,19.5124522,-99.1293708,19.5124284,-99.1293366,19.5125338,-99.1294864,305.0,1,1,1,A,EN AIRE,RT,retorno_lanzamiento,4,,-66.0,-66.016,,0,ma0,D,8,45,1,15,2,3,1,40,3,10,0.5,-35,3,5,22.5,15,19.5125837,-99.1295635,rssi_avg20_ge_-35dbm (-34.951 dBm),peak_only,305.0,-40.034,-40.034,310.0,-40.181,-40.181,295.0,-40.818,-40.818,,,,,,
2026-08-20T10:40:22.441,224.634,0.125,9361,RTL,RETORNANDO,95.0,1,1,R,RETURN/RTL,125.8,305.0,-179.2,,0,,3,SB,3,30.0,40,19.5125837,-99.1295635,rssi_avg20_ge_-35dbm (-34.951 dBm),9.2,1.97,-2.68,-8.89,19.5124443,-99.1293599,19.5124284,-99.1293366,19.5125338,-99.1294864,305.0,1,1,1,A,EN AIRE,RT,retorno_lanzamiento,4,,-67.0,-66.115,,0,ma0,D,8,45,1,15,2,3,1,40,3,10,0.5,-35,3,5,22.5,15,19.5125837,-99.1295635,rssi_avg20_ge_-35dbm (-34.951 dBm),peak_only,305.0,-40.034,-40.034,310.0,-40.181,-40.181,295.0,-40.818,-40.818,,,,,,
2026-08-20T10:40:22.870,225.063,0.265,9361,RTL,RETORNANDO,95.0,1,1,R,RETURN/RTL,125.6,305.0,-179.4,,0,,3,SB,3,30.0,40,19.5125837,-99.1295635,rssi_avg20_ge_-35dbm (-34.951 dBm),9.2,1.97,-2.68,-8.89,19.5124443,-99.1293599,19.5124284,-99.1293366,19.5125338,-99.1294864,305.0,1,1,1,A,EN AIRE,RT,retorno_lanzamiento,4,,-67.0,-66.203,,0,ma0,D,8,45,1,15,2,3,1,40,3,10,0.5,-35,3,5,22.5,15,19.5125837,-99.1295635,rssi_avg20_ge_-35dbm (-34.951 dBm),peak_only,305.0,-40.034,-40.034,310.0,-40.181,-40.181,295.0,-40.818,-40.818,,,,,,
2026-08-20T10:40:23.169,225.362,0.172,9361,RTL,RETORNANDO,95.0,1,1,R,RETURN/RTL,124.3,305.0,179.3,,0,,3,SB,3,30.0,40,19.5125837,-99.1295635,rssi_avg20_ge_-35dbm (-34.951 dBm),9.2,1.2,-1.68,-8.9,19.5124369,-99.1293499,19.5124284,-99.1293366,19.5125338,-99.1294864,305.0,1,1,1,A,EN AIRE,RT,retorno_lanzamiento,4,,-67.0,-66.283,,0,ma0,D,8,45,1,15,2,3,1,40,3,10,0.5,-35,3,5,22.5,15,19.5125837,-99.1295635,rssi_avg20_ge_-35dbm (-34.951 dBm),peak_only,305.0,-40.034,-40.034,310.0,-40.181,-40.181,295.0,-40.818,-40.818,,,,,,
2026-08-20T10:40:23.169,225.362,0.172,9361,RTL,RETORNANDO,95.0,1,1,R,RETURN/RTL,124.3,305.0,179.3,,0,,3,SB,3,30.0,40,19.5125837,-99.1295635,rssi_avg20_ge_-35dbm (-34.951 dBm),9.2,1.2,-1.68,-8.9,19.5124369,-99.1293499,19.5124284,-99.1293366,19.5125338,-99.1294864,305.0,1,1,1,A,EN AIRE,RT,retorno_lanzamiento,4,,-67.0,-66.355,,0,ma0,D,8,45,1,15,2,3,1,40,3,10,0.5,-35,3,5,22.5,15,19.5125837,-99.1295635,rssi_avg20_ge_-35dbm (-34.951 dBm),peak_only,305.0,-40.034,-40.034,310.0,-40.181,-40.181,295.0,-40.818,-40.818,,,,,,
2026-08-20T10:40:23.271,225.464,0.281,9361,RTL,RETORNANDO,95.0,1,1,R,RETURN/RTL,124.3,305.0,179.3,,0,,3,SB,3,30.0,40,19.5125837,-99.1295635,rssi_avg20_ge_-35dbm (-34.951 dBm),9.2,1.2,-1.68,-8.9,19.5124369,-99.1293499,19.5124284,-99.1293366,19.5125338,-99.1294864,305.0,1,1,1,A,EN AIRE,RT,retorno_lanzamiento,4,,-67.0,-66.419,,0,ma0,D,8,45,1,15,2,3,1,40,3,10,0.5,-35,3,5,22.5,15,19.5125837,-99.1295635,rssi_avg20_ge_-35dbm (-34.951 dBm),peak_only,305.0,-40.034,-40.034,310.0,-40.181,-40.181,295.0,-40.818,-40.818,,,,,,
2026-08-20T10:40:23.271,225.464,0.281,9361,RTL,RETORNANDO,95.0,1,1,R,RETURN/RTL,124.3,305.0,179.3,,0,,3,SB,3,30.0,40,19.5125837,-99.1295635,rssi_avg20_ge_-35dbm (-34.951 dBm),9.2,1.2,-1.68,-8.9,19.5124369,-99.1293499,19.5124284,-99.1293366,19.5125338,-99.1294864,305.0,1,1,1,A,EN AIRE,RT,retorno_lanzamiento,4,,-67.0,-66.477,,0,ma0,D,8,45,1,15,2,3,1,40,3,10,0.5,-35,3,5,22.5,15,19.5125837,-99.1295635,rssi_avg20_ge_-35dbm (-34.951 dBm),peak_only,305.0,-40.034,-40.034,310.0,-40.181,-40.181,295.0,-40.818,-40.818,,,,,,
2026-08-20T10:40:23.271,225.464,0.281,9361,RTL,RETORNANDO,95.0,1,1,R,RETURN/RTL,124.3,305.0,179.3,,0,,3,SB,3,30.0,40,19.5125837,-99.1295635,rssi_avg20_ge_-35dbm (-34.951 dBm),9.2,1.2,-1.68,-8.9,19.5124369,-99.1293499,19.5124284,-99.1293366,19.5125338,-99.1294864,305.0,1,1,1,A,EN AIRE,RT,retorno_lanzamiento,4,,-67.0,-66.53,,0,ma0,D,8,45,1,15,2,3,1,40,3,10,0.5,-35,3,5,22.5,15,19.5125837,-99.1295635,rssi_avg20_ge_-35dbm (-34.951 dBm),peak_only,305.0,-40.034,-40.034,310.0,-40.181,-40.181,295.0,-40.818,-40.818,,,,,,
2026-08-20T10:40:23.454,225.647,0.172,9361,RTL,RETORNANDO,95.0,1,1,R,RETURN/RTL,122.5,305.0,177.5,,0,,3,SB,3,30.0,40,19.5125837,-99.1295635,rssi_avg20_ge_-35dbm (-34.951 dBm),9.2,0.9,-1.3,-8.91,19.5124355,-99.129348,19.5124284,-99.1293366,19.5125338,-99.1294864,305.0,1,1,1,A,EN AIRE,RT,retorno_lanzamiento,4,,-67.0,-66.577,,0,ma0,D,8,45,1,15,2,3,1,40,3,10,0.5,-35,3,5,22.5,15,19.5125837,-99.1295635,rssi_avg20_ge_-35dbm (-34.951 dBm),peak_only,305.0,-40.034,-40.034,310.0,-40.181,-40.181,295.0,-40.818,-40.818,,,,,,
2026-08-20T10:40:23.454,225.647,0.172,9361,RTL,RETORNANDO,95.0,1,1,R,RETURN/RTL,122.5,305.0,177.5,,0,,3,SB,3,30.0,40,19.5125837,-99.1295635,rssi_avg20_ge_-35dbm (-34.951 dBm),9.2,0.9,-1.3,-8.91,19.5124355,-99.129348,19.5124284,-99.1293366,19.5125338,-99.1294864,305.0,1,1,1,A,EN AIRE,RT,retorno_lanzamiento,4,,-64.0,-66.319,,0,ma0,D,8,45,1,15,2,3,1,40,3,10,0.5,-35,3,5,22.5,15,19.5125837,-99.1295635,rssi_avg20_ge_-35dbm (-34.951 dBm),peak_only,305.0,-40.034,-40.034,310.0,-40.181,-40.181,295.0,-40.818,-40.818,,,,,,
2026-08-20T10:40:23.454,225.647,0.172,9361,RTL,RETORNANDO,95.0,1,1,R,RETURN/RTL,122.5,305.0,177.5,,0,,3,SB,3,30.0,40,19.5125837,-99.1295635,rssi_avg20_ge_-35dbm (-34.951 dBm),9.2,0.9,-1.3,-8.91,19.5124355,-99.129348,19.5124284,-99.1293366,19.5125338,-99.1294864,305.0,1,1,1,A,EN AIRE,RT,retorno_lanzamiento,4,,-64.0,-66.087,,0,ma0,D,8,45,1,15,2,3,1,40,3,10,0.5,-35,3,5,22.5,15,19.5125837,-99.1295635,rssi_avg20_ge_-35dbm (-34.951 dBm),peak_only,305.0,-40.034,-40.034,310.0,-40.181,-40.181,295.0,-40.818,-40.818,,,,,,
2026-08-20T10:40:23.719,225.912,0.438,9361,RTL,RETORNANDO,95.0,1,1,R,RETURN/RTL,122.5,305.0,177.5,,0,,3,SB,3,30.0,40,19.5125837,-99.1295635,rssi_avg20_ge_-35dbm (-34.951 dBm),9.2,0.9,-1.3,-8.91,19.5124355,-99.129348,19.5124284,-99.1293366,19.5125338,-99.1294864,305.0,1,1,1,A,EN AIRE,RT,retorno_lanzamiento,4,,-64.0,-65.878,,0,ma0,D,8,45,1,15,2,3,1,40,3,10,0.5,-35,3,5,22.5,15,19.5125837,-99.1295635,rssi_avg20_ge_-35dbm (-34.951 dBm),peak_only,305.0,-40.034,-40.034,310.0,-40.181,-40.181,295.0,-40.818,-40.818,,,,,,
2026-08-20T10:40:23.719,225.912,0.438,9361,RTL,RETORNANDO,95.0,1,1,R,RETURN/RTL,122.5,305.0,177.5,,0,,3,SB,3,30.0,40,19.5125837,-99.1295635,rssi_avg20_ge_-35dbm (-34.951 dBm),9.2,0.9,-1.3,-8.91,19.5124355,-99.129348,19.5124284,-99.1293366,19.5125338,-99.1294864,305.0,1,1,1,A,EN AIRE,RT,retorno_lanzamiento,4,,-66.0,-65.891,,0,ma0,D,8,45,1,15,2,3,1,40,3,10,0.5,-35,3,5,22.5,15,19.5125837,-99.1295635,rssi_avg20_ge_-35dbm (-34.951 dBm),peak_only,305.0,-40.034,-40.034,310.0,-40.181,-40.181,295.0,-40.818,-40.818,,,,,,
2026-08-20T10:40:23.842,226.035,0.125,9361,RTL,RETORNANDO,95.0,1,1,R,RETURN/RTL,119.2,305.0,174.2,,0,,3,SB,3,30.0,40,19.5125837,-99.1295635,rssi_avg20_ge_-35dbm (-34.951 dBm),9.1,0.65,-0.98,-8.83,19.5124343,-99.1293463,19.5124284,-99.1293366,19.5125338,-99.1294864,305.0,1,1,1,A,EN AIRE,RT,retorno_lanzamiento,4,,-69.0,-66.201,,0,ma0,D,8,45,1,15,2,3,1,40,3,10,0.5,-35,3,5,22.5,15,19.5125837,-99.1295635,rssi_avg20_ge_-35dbm (-34.951 dBm),peak_only,305.0,-40.034,-40.034,310.0,-40.181,-40.181,295.0,-40.818,-40.818,,,,,,
2026-08-20T10:40:24.023,226.216,0.187,9361,RTL,RETORNANDO,95.0,1,1,R,RETURN/RTL,113.4,305.0,168.4,,0,,3,SB,3,30.0,40,19.5125837,-99.1295635,rssi_avg20_ge_-35dbm (-34.951 dBm),8.8,0.45,-0.71,-8.57,19.5124321,-99.1293432,19.5124284,-99.1293366,19.5125338,-99.1294864,305.0,1,1,1,A,EN AIRE,RT,retorno_lanzamiento,4,,-72.0,-66.781,,0,ma0,D,8,45,1,15,2,3,1,40,3,10,0.5,-35,3,5,22.5,15,19.5125837,-99.1295635,rssi_avg20_ge_-35dbm (-34.951 dBm),peak_only,305.0,-40.034,-40.034,310.0,-40.181,-40.181,295.0,-40.818,-40.818,,,,,,
2026-08-20T10:40:24.145,226.338,0.125,9361,RTL,RETORNANDO,95.0,1,1,R,RETURN/RTL,105.4,305.0,160.4,,0,,3,SB,3,30.0,40,19.5125837,-99.1295635,rssi_avg20_ge_-35dbm (-34.951 dBm),8.5,0.29,-0.49,-8.17,19.5124313,-99.129342,19.5124284,-99.1293366,19.5125338,-99.1294864,305.0,1,1,1,A,EN AIRE,RT,retorno_lanzamiento,4,,-74.0,-67.503,,0,ma0,D,8,45,1,15,2,3,1,40,3,10,0.5,-35,3,5,22.5,15,19.5125837,-99.1295635,rssi_avg20_ge_-35dbm (-34.951 dBm),peak_only,305.0,-40.034,-40.034,310.0,-40.181,-40.181,295.0,-40.818,-40.818,,,,,,
2026-08-20T10:40:24.315,226.508,0.297,9361,RTL,RETORNANDO,95.0,1,1,R,RETURN/RTL,105.4,305.0,160.4,,0,,3,SB,3,30.0,40,19.5125837,-99.1295635,rssi_avg20_ge_-35dbm (-34.951 dBm),8.5,0.29,-0.49,-8.17,19.5124313,-99.129342,19.5124284,-99.1293366,19.5125338,-99.1294864,305.0,1,1,1,A,EN AIRE,RT,retorno_lanzamiento,4,,-69.0,-67.653,,0,ma0,D,8,45,1,15,2,3,1,40,3,10,0.5,-35,3,5,22.5,15,19.5125837,-99.1295635,rssi_avg20_ge_-35dbm (-34.951 dBm),peak_only,305.0,-40.034,-40.034,310.0,-40.181,-40.181,295.0,-40.818,-40.818,,,,,,
2026-08-20T10:40:24.413,226.606,0.391,9361,RTL,RETORNANDO,95.0,1,1,R,RETURN/RTL,105.4,305.0,160.4,,0,,3,SB,3,30.0,40,19.5125837,-99.1295635,rssi_avg20_ge_-35dbm (-34.951 dBm),8.5,0.29,-0.49,-8.17,19.5124313,-99.129342,19.5124284,-99.1293366,19.5125338,-99.1294864,305.0,1,1,1,A,EN AIRE,RT,retorno_lanzamiento,4,,-69.0,-67.788,,0,ma0,D,8,45,1,15,2,3,1,40,3,10,0.5,-35,3,5,22.5,15,19.5125837,-99.1295635,rssi_avg20_ge_-35dbm (-34.951 dBm),peak_only,305.0,-40.034,-40.034,310.0,-40.181,-40.181,295.0,-40.818,-40.818,,,,,,
2026-08-20T10:40:24.820,227.013,0.218,9361,RTL,RETORNANDO,95.0,1,1,R,RETURN/RTL,89.2,305.0,144.2,,0,,3,SB,3,30.0,40,19.5125837,-99.1295635,rssi_avg20_ge_-35dbm (-34.951 dBm),7.9,0.19,-0.33,-7.8,19.5124301,-99.1293396,19.5124284,-99.1293366,19.5125338,-99.1294864,305.0,1,1,1,A,EN AIRE,RT,retorno_lanzamiento,4,,-69.0,-67.909,,0,ma0,D,8,45,1,15,2,3,1,40,3,10,0.5,-35,3,5,22.5,15,19.5125837,-99.1295635,rssi_avg20_ge_-35dbm (-34.951 dBm),peak_only,305.0,-40.034,-40.034,310.0,-40.181,-40.181,295.0,-40.818,-40.818,,,,,,
2026-08-20T10:40:24.820,227.013,0.218,9361,RTL,RETORNANDO,95.0,1,1,R,RETURN/RTL,89.2,305.0,144.2,,0,,3,SB,3,30.0,40,19.5125837,-99.1295635,rssi_avg20_ge_-35dbm (-34.951 dBm),7.9,0.19,-0.33,-7.8,19.5124301,-99.1293396,19.5124284,-99.1293366,19.5125338,-99.1294864,305.0,1,1,1,A,EN AIRE,RT,retorno_lanzamiento,4,,-72.0,-68.318,,0,ma0,D,8,45,1,15,2,3,1,40,3,10,0.5,-35,3,5,22.5,15,19.5125837,-99.1295635,rssi_avg20_ge_-35dbm (-34.951 dBm),peak_only,305.0,-40.034,-40.034,310.0,-40.181,-40.181,295.0,-40.818,-40.818,,,,,,
2026-08-20T10:40:24.919,227.112,0.312,9361,RTL,RETORNANDO,95.0,1,1,R,RETURN/RTL,89.2,305.0,144.2,,0,,3,SB,3,30.0,40,19.5125837,-99.1295635,rssi_avg20_ge_-35dbm (-34.951 dBm),7.9,0.19,-0.33,-7.8,19.5124301,-99.1293396,19.5124284,-99.1293366,19.5125338,-99.1294864,305.0,1,1,1,A,EN AIRE,RT,retorno_lanzamiento,4,,-67.0,-68.186,,0,ma0,D,8,45,1,15,2,3,1,40,3,10,0.5,-35,3,5,22.5,15,19.5125837,-99.1295635,rssi_avg20_ge_-35dbm (-34.951 dBm),peak_only,305.0,-40.034,-40.034,310.0,-40.181,-40.181,295.0,-40.818,-40.818,,,,,,
2026-08-20T10:40:25.105,227.298,0.094,9361,RTL,RETORNANDO,95.0,1,1,R,RETURN/RTL,78.7,305.0,133.7,,0,,3,SB,3,30.0,40,19.5125837,-99.1295635,rssi_avg20_ge_-35dbm (-34.951 dBm),7.7,0.15,-0.22,-7.5,19.5124299,-99.1293392,19.5124284,-99.1293366,19.5125338,-99.1294864,305.0,1,1,1,A,EN AIRE,RT,retorno_lanzamiento,4,,-68.0,-68.168,,0,ma0,D,8,45,1,15,2,3,1,40,3,10,0.5,-35,3,5,22.5,15,19.5125837,-99.1295635,rssi_avg20_ge_-35dbm (-34.951 dBm),peak_only,305.0,-40.034,-40.034,310.0,-40.181,-40.181,295.0,-40.818,-40.818,,,,,,
2026-08-20T10:40:25.342,227.534,0.203,9361,RTL,RETORNANDO,95.0,1,1,R,RETURN/RTL,66.0,305.0,121.0,,0,,3,SB,3,30.0,40,19.5125837,-99.1295635,rssi_avg20_ge_-35dbm (-34.951 dBm),7.3,0.14,-0.18,-7.2,19.5124299,-99.1293389,19.5124284,-99.1293366,19.5125338,-99.1294864,305.0,1,1,1,A,EN AIRE,RT,retorno_lanzamiento,4,,-70.0,-68.351,,0,ma0,D,8,45,1,15,2,3,1,40,3,10,0.5,-35,3,5,22.5,15,19.5125837,-99.1295635,rssi_avg20_ge_-35dbm (-34.951 dBm),peak_only,305.0,-40.034,-40.034,310.0,-40.181,-40.181,295.0,-40.818,-40.818,,,,,,
2026-08-20T10:40:25.449,227.642,0.312,9361,RTL,RETORNANDO,95.0,1,1,R,RETURN/RTL,66.0,305.0,121.0,,0,,3,SB,3,30.0,40,19.5125837,-99.1295635,rssi_avg20_ge_-35dbm (-34.951 dBm),7.3,0.14,-0.18,-7.2,19.5124299,-99.1293389,19.5124284,-99.1293366,19.5125338,-99.1294864,305.0,1,1,1,A,EN AIRE,RT,retorno_lanzamiento,4,,-69.0,-68.416,,0,ma0,D,8,45,1,15,2,3,1,40,3,10,0.5,-35,3,5,22.5,15,19.5125837,-99.1295635,rssi_avg20_ge_-35dbm (-34.951 dBm),peak_only,305.0,-40.034,-40.034,310.0,-40.181,-40.181,295.0,-40.818,-40.818,,,,,,
2026-08-20T10:40:25.734,227.927,0.282,9361,RTL,RETORNANDO,95.0,1,1,R,RETURN/RTL,51.0,305.0,106.0,,0,,3,SB,3,30.0,40,19.5125837,-99.1295635,rssi_avg20_ge_-35dbm (-34.951 dBm),7.1,0.14,-0.17,-6.87,19.5124299,-99.1293389,19.5124284,-99.1293366,19.5125338,-99.1294864,305.0,1,1,1,A,EN AIRE,RT,retorno_lanzamiento,4,,-70.0,-68.574,,0,ma0,D,8,45,1,15,2,3,1,40,3,10,0.5,-35,3,5,22.5,15,19.5125837,-99.1295635,rssi_avg20_ge_-35dbm (-34.951 dBm),peak_only,305.0,-40.034,-40.034,310.0,-40.181,-40.181,295.0,-40.818,-40.818,,,,,,
2026-08-20T10:40:26.044,228.237,0.109,9361,RTL,RETORNANDO,95.0,1,1,R,RETURN/RTL,34.0,305.0,89.0,,0,,3,SB,3,30.0,40,19.5125837,-99.1295635,rssi_avg20_ge_-35dbm (-34.951 dBm),6.6,0.13,-0.16,-6.54,19.5124297,-99.1293388,19.5124284,-99.1293366,19.5125338,-99.1294864,305.0,1,1,1,A,EN AIRE,RT,retorno_lanzamiento,4,,-78.0,-69.517,,0,ma0,D,8,45,1,15,2,3,1,40,3,10,0.5,-35,3,5,22.5,15,19.5125837,-99.1295635,rssi_avg20_ge_-35dbm (-34.951 dBm),peak_only,305.0,-40.034,-40.034,310.0,-40.181,-40.181,295.0,-40.818,-40.818,,,,,,
2026-08-20T10:40:26.203,228.396,0.265,9361,RTL,RETORNANDO,95.0,1,1,R,RETURN/RTL,34.0,305.0,89.0,,0,,3,SB,3,30.0,40,19.5125837,-99.1295635,rssi_avg20_ge_-35dbm (-34.951 dBm),6.6,0.13,-0.16,-6.54,19.5124297,-99.1293388,19.5124284,-99.1293366,19.5125338,-99.1294864,305.0,1,1,1,A,EN AIRE,RT,retorno_lanzamiento,4,,-83.0,-70.865,,0,ma0,D,8,45,1,15,2,3,1,40,3,10,0.5,-35,3,5,22.5,15,19.5125837,-99.1295635,rssi_avg20_ge_-35dbm (-34.951 dBm),peak_only,305.0,-40.034,-40.034,310.0,-40.181,-40.181,295.0,-40.818,-40.818,,,,,,
2026-08-20T10:40:26.301,228.494,0.375,9361,RTL,RETORNANDO,95.0,1,1,R,RETURN/RTL,34.0,305.0,89.0,,0,,3,SB,3,30.0,40,19.5125837,-99.1295635,rssi_avg20_ge_-35dbm (-34.951 dBm),6.6,0.13,-0.16,-6.54,19.5124297,-99.1293388,19.5124284,-99.1293366,19.5125338,-99.1294864,305.0,1,1,1,A,EN AIRE,RT,retorno_lanzamiento,4,,-79.0,-71.679,,0,ma0,D,8,45,1,15,2,3,1,40,3,10,0.5,-35,3,5,22.5,15,19.5125837,-99.1295635,rssi_avg20_ge_-35dbm (-34.951 dBm),peak_only,305.0,-40.034,-40.034,310.0,-40.181,-40.181,295.0,-40.818,-40.818,,,,,,
2026-08-20T10:40:26.483,228.676,0.094,9361,RTL,RETORNANDO,95.0,1,1,R,RETURN/RTL,22.4,305.0,77.4,,0,,3,SB,3,30.0,40,19.5125837,-99.1295635,rssi_avg20_ge_-35dbm (-34.951 dBm),6.4,0.11,-0.16,-6.22,19.5124295,-99.1293388,19.5124284,-99.1293366,19.5125338,-99.1294864,305.0,1,1,1,A,EN AIRE,RT,retorno_lanzamiento,4,,-83.0,-72.811,,0,ma0,D,8,45,1,15,2,3,1,40,3,10,0.5,-35,3,5,22.5,15,19.5125837,-99.1295635,rssi_avg20_ge_-35dbm (-34.951 dBm),peak_only,305.0,-40.034,-40.034,310.0,-40.181,-40.181,295.0,-40.818,-40.818,,,,,,
2026-08-20T10:40:26.831,229.024,0.125,9361,RTL,RETORNANDO,95.0,1,1,R,RETURN/RTL,8.4,305.0,63.4,,0,,3,SB,3,30.0,40,19.5125837,-99.1295635,rssi_avg20_ge_-35dbm (-34.951 dBm),5.9,0.05,-0.16,-5.65,19.5124291,-99.1293388,19.5124284,-99.1293366,19.5125338,-99.1294864,305.0,1,1,1,L,ATERRIZANDO,RT,retorno_lanzamiento,4,,-82.0,-73.73,,0,ma0,D,8,45,1,15,2,3,1,40,3,10,0.5,-35,3,5,22.5,15,19.5125837,-99.1295635,rssi_avg20_ge_-35dbm (-34.951 dBm),peak_only,305.0,-40.034,-40.034,310.0,-40.181,-40.181,295.0,-40.818,-40.818,,,,,,
2026-08-20T10:40:27.003,229.196,0.297,9361,RTL,RETORNANDO,95.0,1,1,R,RETURN/RTL,8.4,305.0,63.4,,0,,3,SB,3,30.0,40,19.5125837,-99.1295635,rssi_avg20_ge_-35dbm (-34.951 dBm),5.9,0.05,-0.16,-5.65,19.5124291,-99.1293388,19.5124284,-99.1293366,19.5125338,-99.1294864,305.0,1,1,1,L,ATERRIZANDO,RT,retorno_lanzamiento,4,,-82.0,-74.557,,0,ma0,D,8,45,1,15,2,3,1,40,3,10,0.5,-35,3,5,22.5,15,19.5125837,-99.1295635,rssi_avg20_ge_-35dbm (-34.951 dBm),peak_only,305.0,-40.034,-40.034,310.0,-40.181,-40.181,295.0,-40.818,-40.818,,,,,,
2026-08-20T10:40:27.286,229.479,0.281,9361,RTL,RETORNANDO,95.0,1,1,R,RETURN/RTL,5.9,305.0,60.9,,0,,3,SB,3,30.0,40,19.5125837,-99.1295635,rssi_avg20_ge_-35dbm (-34.951 dBm),5.6,0.04,-0.16,-5.39,19.5124289,-99.1293388,19.5124284,-99.1293366,19.5125338,-99.1294864,305.0,1,1,1,L,ATERRIZANDO,RT,retorno_lanzamiento,4,,-81.0,-75.201,,0,ma0,D,8,45,1,15,2,3,1,40,3,10,0.5,-35,3,5,22.5,15,19.5125837,-99.1295635,rssi_avg20_ge_-35dbm (-34.951 dBm),peak_only,305.0,-40.034,-40.034,310.0,-40.181,-40.181,295.0,-40.818,-40.818,,,,,,
2026-08-20T10:40:27.576,229.769,0.281,9361,RTL,RETORNANDO,95.0,1,1,R,RETURN/RTL,3.0,305.0,58.0,,0,,3,SB,3,30.0,40,19.5125837,-99.1295635,rssi_avg20_ge_-35dbm (-34.951 dBm),5.4,0.02,-0.16,-5.15,19.5124289,-99.1293387,19.5124284,-99.1293366,19.5125338,-99.1294864,305.0,1,1,1,L,ATERRIZANDO,RT,retorno_lanzamiento,4,,-82.0,-75.881,,0,ma0,D,8,45,1,15,2,3,1,40,3,10,0.5,-35,3,5,22.5,15,19.5125837,-99.1295635,rssi_avg20_ge_-35dbm (-34.951 dBm),peak_only,305.0,-40.034,-40.034,310.0,-40.181,-40.181,295.0,-40.818,-40.818,,,,,,
2026-08-20T10:40:27.711,229.904,0.141,9361,RTL,RETORNANDO,95.0,1,1,R,RETURN/RTL,1.7,305.0,56.7,,0,,3,SB,3,30.0,40,19.5125837,-99.1295635,rssi_avg20_ge_-35dbm (-34.951 dBm),5.3,0.02,-0.13,-4.93,19.5124288,-99.1293386,19.5124284,-99.1293366,19.5125338,-99.1294864,305.0,1,1,1,L,ATERRIZANDO,RT,retorno_lanzamiento,4,,-79.0,-76.193,,0,ma0,D,8,45,1,15,2,3,1,40,3,10,0.5,-35,3,5,22.5,15,19.5125837,-99.1295635,rssi_avg20_ge_-35dbm (-34.951 dBm),peak_only,305.0,-40.034,-40.034,310.0,-40.181,-40.181,295.0,-40.818,-40.818,,,,,,
2026-08-20T10:40:28.131,230.324,0.422,9361,RTL,RETORNANDO,95.0,1,1,R,RETURN/RTL,1.8,305.0,56.8,,0,,3,SB,3,30.0,40,19.5125837,-99.1295635,rssi_avg20_ge_-35dbm (-34.951 dBm),5.1,0.02,-0.13,-4.93,19.5124289,-99.1293382,19.5124284,-99.1293366,19.5125338,-99.1294864,305.0,1,1,1,L,ATERRIZANDO,RT,retorno_lanzamiento,4,,-79.0,-76.474,,0,ma0,D,8,45,1,15,2,3,1,40,3,10,0.5,-35,3,5,22.5,15,19.5125837,-99.1295635,rssi_avg20_ge_-35dbm (-34.951 dBm),peak_only,305.0,-40.034,-40.034,310.0,-40.181,-40.181,295.0,-40.818,-40.818,,,,,,
2026-08-20T10:40:28.264,230.457,0.125,9361,RTL,RETORNANDO,95.0,1,1,R,RETURN/RTL,2.4,305.0,57.4,,0,,3,SB,3,30.0,40,19.5125837,-99.1295635,rssi_avg20_ge_-35dbm (-34.951 dBm),4.9,0.02,-0.1,-4.73,19.5124289,-99.1293379,19.5124284,-99.1293366,19.5125338,-99.1294864,305.0,1,1,1,L,ATERRIZANDO,RT,retorno_lanzamiento,4,,-81.0,-76.926,,0,ma0,D,8,45,1,15,2,3,1,40,3,10,0.5,-35,3,5,22.5,15,19.5125837,-99.1295635,rssi_avg20_ge_-35dbm (-34.951 dBm),peak_only,305.0,-40.034,-40.034,310.0,-40.181,-40.181,295.0,-40.818,-40.818,,,,,,
2026-08-20T10:40:28.430,230.623,0.297,9361,RTL,RETORNANDO,95.0,1,1,R,RETURN/RTL,2.4,305.0,57.4,,0,,3,SB,3,30.0,40,19.5125837,-99.1295635,rssi_avg20_ge_-35dbm (-34.951 dBm),4.9,0.02,-0.1,-4.73,19.5124289,-99.1293379,19.5124284,-99.1293366,19.5125338,-99.1294864,305.0,1,1,1,L,ATERRIZANDO,RT,retorno_lanzamiento,4,,-77.0,-76.934,,0,ma0,D,8,45,1,15,2,3,1,40,3,10,0.5,-35,3,5,22.5,15,19.5125837,-99.1295635,rssi_avg20_ge_-35dbm (-34.951 dBm),peak_only,305.0,-40.034,-40.034,310.0,-40.181,-40.181,295.0,-40.818,-40.818,,,,,,
2026-08-20T10:40:28.550,230.743,0.125,9361,RTL,RETORNANDO,95.0,1,1,R,RETURN/RTL,2.9,305.0,57.9,,0,,3,SB,3,30.0,40,19.5125837,-99.1295635,rssi_avg20_ge_-35dbm (-34.951 dBm),4.7,0.02,-0.05,-4.54,19.5124288,-99.1293375,19.5124284,-99.1293366,19.5125338,-99.1294864,305.0,1,1,1,L,ATERRIZANDO,RT,retorno_lanzamiento,4,,-82.0,-77.44,,0,ma0,D,8,45,1,15,2,3,1,40,3,10,0.5,-35,3,5,22.5,15,19.5125837,-99.1295635,rssi_avg20_ge_-35dbm (-34.951 dBm),peak_only,305.0,-40.034,-40.034,310.0,-40.181,-40.181,295.0,-40.818,-40.818,,,,,,
2026-08-20T10:40:29.029,231.222,0.187,9361,RTL,RETORNANDO,95.0,1,1,R,RETURN/RTL,3.2,305.0,58.2,,0,,3,SB,3,30.0,40,19.5125837,-99.1295635,rssi_avg20_ge_-35dbm (-34.951 dBm),4.5,0.02,-0.01,-4.14,19.5124289,-99.1293373,19.5124284,-99.1293366,19.5125338,-99.1294864,305.0,1,1,1,L,ATERRIZANDO,RT,retorno_lanzamiento,4,,-77.0,-77.396,,0,ma0,D,8,45,1,15,2,3,1,40,3,10,0.5,-35,3,5,22.5,15,19.5125837,-99.1295635,rssi_avg20_ge_-35dbm (-34.951 dBm),peak_only,305.0,-40.034,-40.034,310.0,-40.181,-40.181,295.0,-40.818,-40.818,,,,,,
2026-08-20T10:40:29.306,231.499,0.094,9361,RTL,RETORNANDO,95.0,1,1,R,RETURN/RTL,3.4,305.0,58.4,,0,,3,SB,3,30.0,40,19.5125837,-99.1295635,rssi_avg20_ge_-35dbm (-34.951 dBm),4.2,0.02,-0.01,-3.94,19.5124289,-99.1293374,19.5124284,-99.1293366,19.5125338,-99.1294864,305.0,1,1,1,L,ATERRIZANDO,RT,retorno_lanzamiento,4,,-79.0,-77.557,,0,ma0,D,8,45,1,15,2,3,1,40,3,10,0.5,-35,3,5,22.5,15,19.5125837,-99.1295635,rssi_avg20_ge_-35dbm (-34.951 dBm),peak_only,305.0,-40.034,-40.034,310.0,-40.181,-40.181,295.0,-40.818,-40.818,,,,,,
2026-08-20T10:40:29.412,231.605,0.203,9361,RTL,RETORNANDO,95.0,1,1,R,RETURN/RTL,3.4,305.0,58.4,,0,,3,SB,3,30.0,40,19.5125837,-99.1295635,rssi_avg20_ge_-35dbm (-34.951 dBm),4.2,0.02,-0.01,-3.94,19.5124289,-99.1293374,19.5124284,-99.1293366,19.5125338,-99.1294864,305.0,1,1,1,L,ATERRIZANDO,RT,retorno_lanzamiento,4,,-80.0,-77.801,,0,ma0,D,8,45,1,15,2,3,1,40,3,10,0.5,-35,3,5,22.5,15,19.5125837,-99.1295635,rssi_avg20_ge_-35dbm (-34.951 dBm),peak_only,305.0,-40.034,-40.034,310.0,-40.181,-40.181,295.0,-40.818,-40.818,,,,,,
2026-08-20T10:40:29.822,232.014,0.203,9361,RTL,RETORNANDO,95.0,1,1,R,RETURN/RTL,2.2,305.0,57.2,,0,,3,SB,3,30.0,40,19.5125837,-99.1295635,rssi_avg20_ge_-35dbm (-34.951 dBm),4.0,0.03,-0.01,-3.73,19.5124289,-99.1293373,19.5124284,-99.1293366,19.5125338,-99.1294864,305.0,1,1,1,L,ATERRIZANDO,RT,retorno_lanzamiento,4,,-80.0,-78.021,,0,ma0,D,8,45,1,15,2,3,1,40,3,10,0.5,-35,3,5,22.5,15,19.5125837,-99.1295635,rssi_avg20_ge_-35dbm (-34.951 dBm),peak_only,305.0,-40.034,-40.034,310.0,-40.181,-40.181,295.0,-40.818,-40.818,,,,,,
2026-08-20T10:40:29.919,232.111,0.297,9361,RTL,RETORNANDO,95.0,1,1,R,RETURN/RTL,2.2,305.0,57.2,,0,,3,SB,3,30.0,40,19.5125837,-99.1295635,rssi_avg20_ge_-35dbm (-34.951 dBm),4.0,0.03,-0.01,-3.73,19.5124289,-99.1293373,19.5124284,-99.1293366,19.5125338,-99.1294864,305.0,1,1,1,L,ATERRIZANDO,RT,retorno_lanzamiento,4,,-76.0,-77.819,,0,ma0,D,8,45,1,15,2,3,1,40,3,10,0.5,-35,3,5,22.5,15,19.5125837,-99.1295635,rssi_avg20_ge_-35dbm (-34.951 dBm),peak_only,305.0,-40.034,-40.034,310.0,-40.181,-40.181,295.0,-40.818,-40.818,,,,,,
2026-08-20T10:40:30.100,232.293,0.094,9361,RTL,RETORNANDO,95.0,1,1,R,RETURN/RTL,2.3,305.0,57.3,,0,,3,SB,3,30.0,40,19.5125837,-99.1295635,rssi_avg20_ge_-35dbm (-34.951 dBm),3.8,0.03,0.0,-3.55,19.5124289,-99.1293371,19.5124284,-99.1293366,19.5125338,-99.1294864,305.0,1,1,1,L,ATERRIZANDO,RT,retorno_lanzamiento,4,,-75.0,-77.537,,0,ma0,D,8,45,1,15,2,3,1,40,3,10,0.5,-35,3,5,22.5,15,19.5125837,-99.1295635,rssi_avg20_ge_-35dbm (-34.951 dBm),peak_only,305.0,-40.034,-40.034,310.0,-40.181,-40.181,295.0,-40.818,-40.818,,,,,,
2026-08-20T10:40:30.305,232.498,0.297,9361,RTL,RETORNANDO,95.0,1,1,R,RETURN/RTL,2.3,305.0,57.3,,0,,3,SB,3,30.0,40,19.5125837,-99.1295635,rssi_avg20_ge_-35dbm (-34.951 dBm),3.8,0.03,0.0,-3.55,19.5124289,-99.1293371,19.5124284,-99.1293366,19.5125338,-99.1294864,305.0,1,1,1,L,ATERRIZANDO,RT,retorno_lanzamiento,4,,-76.0,-77.383,,0,ma0,D,8,45,1,15,2,3,1,40,3,10,0.5,-35,3,5,22.5,15,19.5125837,-99.1295635,rssi_avg20_ge_-35dbm (-34.951 dBm),peak_only,305.0,-40.034,-40.034,310.0,-40.181,-40.181,295.0,-40.818,-40.818,,,,,,
2026-08-20T10:40:30.603,232.796,0.188,9361,RTL,RETORNANDO,95.0,1,1,R,RETURN/RTL,2.8,305.0,57.8,,0,,3,SB,3,30.0,40,19.5125837,-99.1295635,rssi_avg20_ge_-35dbm (-34.951 dBm),3.4,0.03,0.04,-3.14,19.512429,-99.1293369,19.5124284,-99.1293366,19.5125338,-99.1294864,305.0,1,1,1,L,ATERRIZANDO,RT,retorno_lanzamiento,4,,-80.0,-77.645,,0,ma0,D,8,45,1,15,2,3,1,40,3,10,0.5,-35,3,5,22.5,15,19.5125837,-99.1295635,rssi_avg20_ge_-35dbm (-34.951 dBm),peak_only,305.0,-40.034,-40.034,310.0,-40.181,-40.181,295.0,-40.818,-40.818,,,,,,
2026-08-20T10:40:30.878,233.07,0.281,9361,RTL,RETORNANDO,95.0,1,1,R,RETURN/RTL,2.1,305.0,57.1,,0,,3,SB,3,30.0,40,19.5125837,-99.1295635,rssi_avg20_ge_-35dbm (-34.951 dBm),3.3,0.04,0.04,-2.94,19.512429,-99.1293368,19.5124284,-99.1293366,19.5125338,-99.1294864,305.0,1,1,1,L,ATERRIZANDO,RT,retorno_lanzamiento,4,,-76.0,-77.48,,0,ma0,D,8,45,1,15,2,3,1,40,3,10,0.5,-35,3,5,22.5,15,19.5125837,-99.1295635,rssi_avg20_ge_-35dbm (-34.951 dBm),peak_only,305.0,-40.034,-40.034,310.0,-40.181,-40.181,295.0,-40.818,-40.818,,,,,,
2026-08-20T10:40:30.976,233.168,0.375,9361,RTL,RETORNANDO,95.0,1,1,R,RETURN/RTL,2.1,305.0,57.1,,0,,3,SB,3,30.0,40,19.5125837,-99.1295635,rssi_avg20_ge_-35dbm (-34.951 dBm),3.3,0.04,0.04,-2.94,19.512429,-99.1293368,19.5124284,-99.1293366,19.5125338,-99.1294864,305.0,1,1,1,L,ATERRIZANDO,RT,retorno_lanzamiento,4,,-76.0,-77.332,,0,ma0,D,8,45,1,15,2,3,1,40,3,10,0.5,-35,3,5,22.5,15,19.5125837,-99.1295635,rssi_avg20_ge_-35dbm (-34.951 dBm),peak_only,305.0,-40.034,-40.034,310.0,-40.181,-40.181,295.0,-40.818,-40.818,,,,,,
2026-08-20T10:40:31.155,233.348,0.093,9361,RTL,RETORNANDO,95.0,1,1,R,RETURN/RTL,1.9,305.0,56.9,,0,,3,SB,3,30.0,40,19.5125837,-99.1295635,rssi_avg20_ge_-35dbm (-34.951 dBm),3.1,0.04,0.04,-2.94,19.5124291,-99.1293369,19.5124284,-99.1293366,19.5125338,-99.1294864,305.0,1,1,1,L,ATERRIZANDO,RT,retorno_lanzamiento,4,,-72.0,-76.799,,0,ma0,D,8,45,1,15,2,3,1,40,3,10,0.5,-35,3,5,22.5,15,19.5125837,-99.1295635,rssi_avg20_ge_-35dbm (-34.951 dBm),peak_only,305.0,-40.034,-40.034,310.0,-40.181,-40.181,295.0,-40.818,-40.818,,,,,,
2026-08-20T10:40:31.267,233.46,0.203,9361,RTL,RETORNANDO,95.0,1,1,R,RETURN/RTL,1.9,305.0,56.9,,0,,3,SB,3,30.0,40,19.5125837,-99.1295635,rssi_avg20_ge_-35dbm (-34.951 dBm),3.1,0.04,0.04,-2.94,19.5124291,-99.1293369,19.5124284,-99.1293366,19.5125338,-99.1294864,305.0,1,1,1,L,ATERRIZANDO,RT,retorno_lanzamiento,4,,-72.0,-76.319,,0,ma0,D,8,45,1,15,2,3,1,40,3,10,0.5,-35,3,5,22.5,15,19.5125837,-99.1295635,rssi_avg20_ge_-35dbm (-34.951 dBm),peak_only,305.0,-40.034,-40.034,310.0,-40.181,-40.181,295.0,-40.818,-40.818,,,,,,
2026-08-20T10:40:31.573,233.766,0.109,9361,RTL,RETORNANDO,95.0,1,1,R,RETURN/RTL,3.3,305.0,58.3,,0,,3,SB,3,30.0,40,19.5125837,-99.1295635,rssi_avg20_ge_-35dbm (-34.951 dBm),2.8,0.06,0.03,-2.53,19.5124292,-99.129337,19.5124284,-99.1293366,19.5125338,-99.1294864,305.0,1,1,1,L,ATERRIZANDO,RT,retorno_lanzamiento,4,,-77.0,-76.387,,0,ma0,D,8,45,1,15,2,3,1,40,3,10,0.5,-35,3,5,22.5,15,19.5125837,-99.1295635,rssi_avg20_ge_-35dbm (-34.951 dBm),peak_only,305.0,-40.034,-40.034,310.0,-40.181,-40.181,295.0,-40.818,-40.818,,,,,,
2026-08-20T10:40:31.573,233.766,0.109,9361,RTL,RETORNANDO,95.0,1,1,R,RETURN/RTL,3.3,305.0,58.3,,0,,3,SB,3,30.0,40,19.5125837,-99.1295635,rssi_avg20_ge_-35dbm (-34.951 dBm),2.8,0.06,0.03,-2.53,19.5124292,-99.129337,19.5124284,-99.1293366,19.5125338,-99.1294864,305.0,1,1,1,L,ATERRIZANDO,RT,retorno_lanzamiento,4,,-78.0,-76.549,,0,ma0,D,8,45,1,15,2,3,1,40,3,10,0.5,-35,3,5,22.5,15,19.5125837,-99.1295635,rssi_avg20_ge_-35dbm (-34.951 dBm),peak_only,305.0,-40.034,-40.034,310.0,-40.181,-40.181,295.0,-40.818,-40.818,,,,,,
2026-08-20T10:40:31.733,233.926,0.266,9361,RTL,RETORNANDO,95.0,1,1,R,RETURN/RTL,3.3,305.0,58.3,,0,,3,SB,3,30.0,40,19.5125837,-99.1295635,rssi_avg20_ge_-35dbm (-34.951 dBm),2.8,0.06,0.03,-2.53,19.5124292,-99.129337,19.5124284,-99.1293366,19.5125338,-99.1294864,305.0,1,1,1,L,ATERRIZANDO,RT,retorno_lanzamiento,4,,-77.0,-76.594,,0,ma0,D,8,45,1,15,2,3,1,40,3,10,0.5,-35,3,5,22.5,15,19.5125837,-99.1295635,rssi_avg20_ge_-35dbm (-34.951 dBm),peak_only,305.0,-40.034,-40.034,310.0,-40.181,-40.181,295.0,-40.818,-40.818,,,,,,
2026-08-20T10:40:31.831,234.024,0.375,9361,RTL,RETORNANDO,95.0,1,1,R,RETURN/RTL,3.3,305.0,58.3,,0,,3,SB,3,30.0,40,19.5125837,-99.1295635,rssi_avg20_ge_-35dbm (-34.951 dBm),2.8,0.06,0.03,-2.53,19.5124292,-99.129337,19.5124284,-99.1293366,19.5125338,-99.1294864,305.0,1,1,1,L,ATERRIZANDO,RT,retorno_lanzamiento,4,,-77.0,-76.634,,0,ma0,D,8,45,1,15,2,3,1,40,3,10,0.5,-35,3,5,22.5,15,19.5125837,-99.1295635,rssi_avg20_ge_-35dbm (-34.951 dBm),peak_only,305.0,-40.034,-40.034,310.0,-40.181,-40.181,295.0,-40.818,-40.818,,,,,,
2026-08-20T10:40:32.130,234.323,0.11,9361,RTL,RETORNANDO,95.0,1,1,R,RETURN/RTL,4.3,305.0,59.3,,0,,3,SB,3,30.0,40,19.5125837,-99.1295635,rssi_avg20_ge_-35dbm (-34.951 dBm),2.6,0.05,0.02,-2.34,19.512429,-99.1293371,19.5124284,-99.1293366,19.5125338,-99.1294864,305.0,1,1,1,L,ATERRIZANDO,RT,retorno_lanzamiento,4,,-76.0,-76.571,,0,ma0,D,8,45,1,15,2,3,1,40,3,10,0.5,-35,3,5,22.5,15,19.5125837,-99.1295635,rssi_avg20_ge_-35dbm (-34.951 dBm),peak_only,305.0,-40.034,-40.034,310.0,-40.181,-40.181,295.0,-40.818,-40.818,,,,,,
2026-08-20T10:40:32.131,234.324,0.11,9361,RTL,RETORNANDO,95.0,1,1,R,RETURN/RTL,4.3,305.0,59.3,,0,,3,SB,3,30.0,40,19.5125837,-99.1295635,rssi_avg20_ge_-35dbm (-34.951 dBm),2.6,0.05,0.02,-2.34,19.512429,-99.1293371,19.5124284,-99.1293366,19.5125338,-99.1294864,305.0,1,1,1,L,ATERRIZANDO,RT,retorno_lanzamiento,4,,-77.0,-76.614,,0,ma0,D,8,45,1,15,2,3,1,40,3,10,0.5,-35,3,5,22.5,15,19.5125837,-99.1295635,rssi_avg20_ge_-35dbm (-34.951 dBm),peak_only,305.0,-40.034,-40.034,310.0,-40.181,-40.181,295.0,-40.818,-40.818,,,,,,
2026-08-20T10:40:32.293,234.486,0.266,9361,RTL,RETORNANDO,95.0,1,1,R,RETURN/RTL,4.3,305.0,59.3,,0,,3,SB,3,30.0,40,19.5125837,-99.1295635,rssi_avg20_ge_-35dbm (-34.951 dBm),2.6,0.05,0.02,-2.34,19.512429,-99.1293371,19.5124284,-99.1293366,19.5125338,-99.1294864,305.0,1,1,1,L,ATERRIZANDO,RT,retorno_lanzamiento,4,,-78.0,-76.752,,0,ma0,D,8,45,1,15,2,3,1,40,3,10,0.5,-35,3,5,22.5,15,19.5125837,-99.1295635,rssi_avg20_ge_-35dbm (-34.951 dBm),peak_only,305.0,-40.034,-40.034,310.0,-40.181,-40.181,295.0,-40.818,-40.818,,,,,,
2026-08-20T10:40:32.644,234.837,0.359,9361,RTL,RETORNANDO,95.0,1,1,R,RETURN/RTL,4.8,305.0,59.8,,0,,3,SB,3,30.0,40,19.5125837,-99.1295635,rssi_avg20_ge_-35dbm (-34.951 dBm),2.4,0.06,-0.02,-2.13,19.5124291,-99.1293374,19.5124284,-99.1293366,19.5125338,-99.1294864,305.0,1,1,1,L,ATERRIZANDO,RT,retorno_lanzamiento,4,,-77.0,-76.777,,0,ma0,D,8,45,1,15,2,3,1,40,3,10,0.5,-35,3,5,22.5,15,19.5125837,-99.1295635,rssi_avg20_ge_-35dbm (-34.951 dBm),peak_only,305.0,-40.034,-40.034,310.0,-40.181,-40.181,295.0,-40.818,-40.818,,,,,,
2026-08-20T10:40:32.829,235.022,0.531,9361,RTL,RETORNANDO,95.0,1,1,R,RETURN/RTL,4.8,305.0,59.8,,0,,3,SB,3,30.0,40,19.5125837,-99.1295635,rssi_avg20_ge_-35dbm (-34.951 dBm),2.4,0.06,-0.02,-2.13,19.5124291,-99.1293374,19.5124284,-99.1293366,19.5125338,-99.1294864,305.0,1,1,1,L,ATERRIZANDO,RT,retorno_lanzamiento,4,,-77.0,-76.799,,0,ma0,D,8,45,1,15,2,3,1,40,3,10,0.5,-35,3,5,22.5,15,19.5125837,-99.1295635,rssi_avg20_ge_-35dbm (-34.951 dBm),peak_only,305.0,-40.034,-40.034,310.0,-40.181,-40.181,295.0,-40.818,-40.818,,,,,,
2026-08-20T10:40:33.168,235.361,0.031,9361,RTL,RETORNANDO,95.0,1,1,R,RETURN/RTL,4.5,305.0,59.5,,0,,3,SB,3,30.0,40,19.5125837,-99.1295635,rssi_avg20_ge_-35dbm (-34.951 dBm),2.5,0.15,-0.03,-2.14,19.5124301,-99.1293375,19.5124284,-99.1293366,19.5125338,-99.1294864,305.0,1,1,1,L,ATERRIZANDO,RT,retorno_lanzamiento,4,,-78.0,-76.92,,0,ma0,D,8,45,1,15,2,3,1,40,3,10,0.5,-35,3,5,22.5,15,19.5125837,-99.1295635,rssi_avg20_ge_-35dbm (-34.951 dBm),peak_only,305.0,-40.034,-40.034,310.0,-40.181,-40.181,295.0,-40.818,-40.818,,,,,,
2026-08-20T10:40:33.463,235.656,0.125,9361,RTL,RETORNANDO,95.0,1,1,R,RETURN/RTL,4.4,305.0,59.4,,0,,3,SB,3,30.0,40,19.5125837,-99.1295635,rssi_avg20_ge_-35dbm (-34.951 dBm),2.5,0.18,-0.02,-2.16,19.5124304,-99.1293375,19.5124284,-99.1293366,19.5125338,-99.1294864,305.0,1,1,1,L,ATERRIZANDO,RT,retorno_lanzamiento,4,,-78.0,-77.028,,0,ma0,D,8,45,1,15,2,3,1,40,3,10,0.5,-35,3,5,22.5,15,19.5125837,-99.1295635,rssi_avg20_ge_-35dbm (-34.951 dBm),peak_only,305.0,-40.034,-40.034,310.0,-40.181,-40.181,295.0,-40.818,-40.818,,,,,,
2026-08-20T10:40:33.625,235.818,0.281,9361,RTL,RETORNANDO,95.0,1,1,R,RETURN/RTL,4.4,305.0,59.4,,0,,3,SB,3,30.0,40,19.5125837,-99.1295635,rssi_avg20_ge_-35dbm (-34.951 dBm),2.5,0.18,-0.02,-2.16,19.5124304,-99.1293375,19.5124284,-99.1293366,19.5125338,-99.1294864,305.0,1,1,1,L,ATERRIZANDO,RT,retorno_lanzamiento,4,,-78.0,-77.125,,0,ma0,D,8,45,1,15,2,3,1,40,3,10,0.5,-35,3,5,22.5,15,19.5125837,-99.1295635,rssi_avg20_ge_-35dbm (-34.951 dBm),peak_only,305.0,-40.034,-40.034,310.0,-40.181,-40.181,295.0,-40.818,-40.818,,,,,,
2026-08-20T10:40:33.724,235.917,0.391,9361,RTL,RETORNANDO,95.0,1,1,R,RETURN/RTL,4.4,305.0,59.4,,0,,3,SB,3,30.0,40,19.5125837,-99.1295635,rssi_avg20_ge_-35dbm (-34.951 dBm),2.5,0.18,-0.02,-2.16,19.5124304,-99.1293375,19.5124284,-99.1293366,19.5125338,-99.1294864,305.0,1,1,1,L,ATERRIZANDO,RT,retorno_lanzamiento,4,,-77.0,-77.112,,0,ma0,D,8,45,1,15,2,3,1,40,3,10,0.5,-35,3,5,22.5,15,19.5125837,-99.1295635,rssi_avg20_ge_-35dbm (-34.951 dBm),peak_only,305.0,-40.034,-40.034,310.0,-40.181,-40.181,295.0,-40.818,-40.818,,,,,,
2026-08-20T10:40:33.885,236.078,0.547,9361,RTL,RETORNANDO,95.0,1,1,R,RETURN/RTL,4.4,305.0,59.4,,0,,3,SB,3,30.0,40,19.5125837,-99.1295635,rssi_avg20_ge_-35dbm (-34.951 dBm),2.5,0.18,-0.02,-2.16,19.5124304,-99.1293375,19.5124284,-99.1293366,19.5125338,-99.1294864,305.0,1,1,1,L,ATERRIZANDO,RT,retorno_lanzamiento,4,,-78.0,-77.201,,0,ma0,D,8,45,1,15,2,3,1,40,3,10,0.5,-35,3,5,22.5,15,19.5125837,-99.1295635,rssi_avg20_ge_-35dbm (-34.951 dBm),peak_only,305.0,-40.034,-40.034,310.0,-40.181,-40.181,295.0,-40.818,-40.818,,,,,,
2026-08-20T10:40:34.262,236.455,0.375,9361,RTL,RETORNANDO,95.0,1,1,R,RETURN/RTL,4.6,305.0,59.6,,0,,3,SB,3,30.0,40,19.5125837,-99.1295635,rssi_avg20_ge_-35dbm (-34.951 dBm),2.5,0.21,-0.03,-2.18,19.5124305,-99.1293375,19.5124284,-99.1293366,19.5125338,-99.1294864,305.0,1,1,1,L,ATERRIZANDO,RT,retorno_lanzamiento,4,,-78.0,-77.281,,0,ma0,D,8,45,1,15,2,3,1,40,3,10,0.5,-35,3,5,22.5,15,19.5125837,-99.1295635,rssi_avg20_ge_-35dbm (-34.951 dBm),peak_only,305.0,-40.034,-40.034,310.0,-40.181,-40.181,295.0,-40.818,-40.818,,,,,,
2026-08-20T10:40:34.426,236.619,0.547,9361,RTL,RETORNANDO,95.0,1,1,R,RETURN/RTL,4.6,305.0,59.6,,0,,3,SB,3,30.0,40,19.5125837,-99.1295635,rssi_avg20_ge_-35dbm (-34.951 dBm),2.5,0.21,-0.03,-2.18,19.5124305,-99.1293375,19.5124284,-99.1293366,19.5125338,-99.1294864,305.0,1,1,1,L,ATERRIZANDO,RT,retorno_lanzamiento,4,,-78.0,-77.353,,0,ma0,D,8,45,1,15,2,3,1,40,3,10,0.5,-35,3,5,22.5,15,19.5125837,-99.1295635,rssi_avg20_ge_-35dbm (-34.951 dBm),peak_only,305.0,-40.034,-40.034,310.0,-40.181,-40.181,295.0,-40.818,-40.818,,,,,,
2026-08-20T10:40:34.709,236.901,0.281,9361,RTL,RETORNANDO,95.0,1,1,R,RETURN/RTL,4.5,305.0,59.5,,0,,3,SB,3,30.0,40,19.5125837,-99.1295635,rssi_avg20_ge_-35dbm (-34.951 dBm),2.6,0.26,-0.06,-2.24,19.5124311,-99.1293379,19.5124284,-99.1293366,19.5125338,-99.1294864,305.0,1,1,1,L,ATERRIZANDO,RT,retorno_lanzamiento,4,,-78.0,-77.418,,0,ma0,D,8,45,1,15,2,3,1,40,3,10,0.5,-35,3,5,22.5,15,19.5125837,-99.1295635,rssi_avg20_ge_-35dbm (-34.951 dBm),peak_only,305.0,-40.034,-40.034,310.0,-40.181,-40.181,295.0,-40.818,-40.818,,,,,,
2026-08-20T10:40:34.829,237.021,0.109,9361,RTL,RETORNANDO,95.0,1,1,R,RETURN/RTL,4.4,305.0,59.4,,0,,3,SB,3,30.0,40,19.5125837,-99.1295635,rssi_avg20_ge_-35dbm (-34.951 dBm),2.6,0.28,-0.08,-2.27,19.5124313,-99.1293382,19.5124284,-99.1293366,19.5125338,-99.1294864,305.0,1,1,1,L,ATERRIZANDO,RT,retorno_lanzamiento,4,,-77.0,-77.376,,0,ma0,D,8,45,1,15,2,3,1,40,3,10,0.5,-35,3,5,22.5,15,19.5125837,-99.1295635,rssi_avg20_ge_-35dbm (-34.951 dBm),peak_only,305.0,-40.034,-40.034,310.0,-40.181,-40.181,295.0,-40.818,-40.818,,,,,,
2026-08-20T10:40:34.986,237.179,0.281,9361,RTL,RETORNANDO,95.0,1,1,R,RETURN/RTL,4.4,305.0,59.4,,0,,3,SB,3,30.0,40,19.5125837,-99.1295635,rssi_avg20_ge_-35dbm (-34.951 dBm),2.6,0.28,-0.08,-2.27,19.5124313,-99.1293382,19.5124284,-99.1293366,19.5125338,-99.1294864,305.0,1,1,1,L,ATERRIZANDO,RT,retorno_lanzamiento,4,,-77.0,-77.338,,0,ma0,D,8,45,1,15,2,3,1,40,3,10,0.5,-35,3,5,22.5,15,19.5125837,-99.1295635,rssi_avg20_ge_-35dbm (-34.951 dBm),peak_only,305.0,-40.034,-40.034,310.0,-40.181,-40.181,295.0,-40.818,-40.818,,,,,,
2026-08-20T10:40:35.172,237.364,0.453,9361,RTL,RETORNANDO,95.0,1,1,R,RETURN/RTL,4.4,305.0,59.4,,0,,3,SB,3,30.0,40,19.5125837,-99.1295635,rssi_avg20_ge_-35dbm (-34.951 dBm),2.6,0.28,-0.08,-2.27,19.5124313,-99.1293382,19.5124284,-99.1293366,19.5125338,-99.1294864,305.0,1,1,1,L,ATERRIZANDO,RT,retorno_lanzamiento,4,,-77.0,-77.304,,0,ma0,D,8,45,1,15,2,3,1,40,3,10,0.5,-35,3,5,22.5,15,19.5125837,-99.1295635,rssi_avg20_ge_-35dbm (-34.951 dBm),peak_only,305.0,-40.034,-40.034,310.0,-40.181,-40.181,295.0,-40.818,-40.818,,,,,,
2026-08-20T10:40:35.366,237.559,0.656,9361,RTL,RETORNANDO,95.0,1,1,R,RETURN/RTL,4.4,305.0,59.4,,0,,3,SB,3,30.0,40,19.5125837,-99.1295635,rssi_avg20_ge_-35dbm (-34.951 dBm),2.6,0.28,-0.08,-2.27,19.5124313,-99.1293382,19.5124284,-99.1293366,19.5125338,-99.1294864,305.0,1,1,1,L,ATERRIZANDO,RT,retorno_lanzamiento,4,,-77.0,-77.274,,0,ma0,D,8,45,1,15,2,3,1,40,3,10,0.5,-35,3,5,22.5,15,19.5125837,-99.1295635,rssi_avg20_ge_-35dbm (-34.951 dBm),peak_only,305.0,-40.034,-40.034,310.0,-40.181,-40.181,295.0,-40.818,-40.818,,,,,,
2026-08-20T10:40:35.366,237.559,0.656,9361,RTL,RETORNANDO,95.0,1,1,R,RETURN/RTL,4.4,305.0,59.4,,0,,3,SB,3,30.0,40,19.5125837,-99.1295635,rssi_avg20_ge_-35dbm (-34.951 dBm),2.6,0.28,-0.08,-2.27,19.5124313,-99.1293382,19.5124284,-99.1293366,19.5125338,-99.1294864,305.0,1,1,1,L,ATERRIZANDO,RT,retorno_lanzamiento,4,,-77.0,-77.247,,0,ma0,D,8,45,1,15,2,3,1,40,3,10,0.5,-35,3,5,22.5,15,19.5125837,-99.1295635,rssi_avg20_ge_-35dbm (-34.951 dBm),peak_only,305.0,-40.034,-40.034,310.0,-40.181,-40.181,295.0,-40.818,-40.818,,,,,,
2026-08-20T10:40:35.527,237.72,0.812,9361,RTL,RETORNANDO,95.0,1,1,R,RETURN/RTL,4.4,305.0,59.4,,0,,3,SB,3,30.0,40,19.5125837,-99.1295635,rssi_avg20_ge_-35dbm (-34.951 dBm),2.6,0.28,-0.08,-2.27,19.5124313,-99.1293382,19.5124284,-99.1293366,19.5125338,-99.1294864,305.0,1,1,1,L,ATERRIZANDO,RT,retorno_lanzamiento,4,,-78.0,-77.322,,0,ma0,D,8,45,1,15,2,3,1,40,3,10,0.5,-35,3,5,22.5,15,19.5125837,-99.1295635,rssi_avg20_ge_-35dbm (-34.951 dBm),peak_only,305.0,-40.034,-40.034,310.0,-40.181,-40.181,295.0,-40.818,-40.818,,,,,,
2026-08-20T10:40:35.670,237.863,0.109,9361,RTL,RETORNANDO,95.0,1,1,R,RETURN/RTL,4.4,305.0,59.4,,0,,3,SB,3,30.0,40,19.5125837,-99.1295635,rssi_avg20_ge_-35dbm (-34.951 dBm),0.0,0.35,-0.17,-2.39,19.5124318,-99.1293388,19.5124284,-99.1293366,19.5125338,-99.1294864,305.0,1,1,1,L,ATERRIZANDO,RT,retorno_lanzamiento,4,,-78.0,-77.39,,0,ma0,D,8,45,1,15,2,3,1,40,3,10,0.5,-35,3,5,22.5,15,19.5125837,-99.1295635,rssi_avg20_ge_-35dbm (-34.951 dBm),peak_only,305.0,-40.034,-40.034,310.0,-40.181,-40.181,295.0,-40.818,-40.818,,,,,,
2026-08-20T10:40:35.833,238.024,0.281,9361,RTL,RETORNANDO,95.0,1,1,R,RETURN/RTL,4.4,305.0,59.4,,0,,3,SB,3,30.0,40,19.5125837,-99.1295635,rssi_avg20_ge_-35dbm (-34.951 dBm),0.0,0.35,-0.17,-2.39,19.5124318,-99.1293388,19.5124284,-99.1293366,19.5125338,-99.1294864,305.0,1,1,1,L,ATERRIZANDO,RT,retorno_lanzamiento,4,,-77.0,-77.351,,0,ma0,D,8,45,1,15,2,3,1,40,3,10,0.5,-35,3,5,22.5,15,19.5125837,-99.1295635,rssi_avg20_ge_-35dbm (-34.951 dBm),peak_only,305.0,-40.034,-40.034,310.0,-40.181,-40.181,295.0,-40.818,-40.818,,,,,,
2026-08-20T10:40:35.951,238.144,0.109,9361,RTL,RETORNANDO,95.0,1,1,R,RETURN/RTL,4.4,305.0,59.4,,0,,3,SB,3,30.0,40,19.5125837,-99.1295635,rssi_avg20_ge_-35dbm (-34.951 dBm),0.0,0.35,-0.17,-2.39,19.512432,-99.129339,19.5124284,-99.1293366,19.5125338,-99.1294864,305.0,1,1,1,L,ATERRIZANDO,RT,retorno_lanzamiento,4,,-78.0,-77.416,,0,ma0,D,8,45,1,15,2,3,1,40,3,10,0.5,-35,3,5,22.5,15,19.5125837,-99.1295635,rssi_avg20_ge_-35dbm (-34.951 dBm),peak_only,305.0,-40.034,-40.034,310.0,-40.181,-40.181,295.0,-40.818,-40.818,,,,,,
2026-08-20T10:40:36.138,238.331,0.188,9361,RTL,RETORNANDO,95.0,1,0,H,HOLD,4.4,305.0,59.4,,0,,3,SB,3,30.0,40,19.5125837,-99.1295635,rssi_avg20_ge_-35dbm (-34.951 dBm),0.1,0.39,-0.19,-2.45,19.5124324,-99.1293392,19.5124284,-99.1293366,19.5125338,-99.1294864,305.0,1,1,1,G,EN TIERRA,RT,retorno_lanzamiento,4,,-78.0,-77.474,,0,ma0,D,8,45,1,15,2,3,1,40,3,10,0.5,-35,3,5,22.5,15,19.5125837,-99.1295635,rssi_avg20_ge_-35dbm (-34.951 dBm),peak_only,305.0,-40.034,-40.034,310.0,-40.181,-40.181,295.0,-40.818,-40.818,,,,,,
2026-08-20T10:40:36.241,238.434,0.297,9361,RTL,RETORNANDO,95.0,1,0,H,HOLD,4.4,305.0,59.4,,0,,3,SB,3,30.0,40,19.5125837,-99.1295635,rssi_avg20_ge_-35dbm (-34.951 dBm),0.1,0.39,-0.19,-2.45,19.5124324,-99.1293392,19.5124284,-99.1293366,19.5125338,-99.1294864,305.0,1,1,1,G,EN TIERRA,RT,retorno_lanzamiento,4,,-78.0,-77.527,,0,ma0,D,8,45,1,15,2,3,1,40,3,10,0.5,-35,3,5,22.5,15,19.5125837,-99.1295635,rssi_avg20_ge_-35dbm (-34.951 dBm),peak_only,305.0,-40.034,-40.034,310.0,-40.181,-40.181,295.0,-40.818,-40.818,,,,,,
2026-08-20T10:40:36.408,238.601,0.453,9361,RTL,RETORNANDO,95.0,1,0,H,HOLD,4.4,305.0,59.4,,0,,3,SB,3,30.0,40,19.5125837,-99.1295635,rssi_avg20_ge_-35dbm (-34.951 dBm),0.1,0.39,-0.19,-2.45,19.5124324,-99.1293392,19.5124284,-99.1293366,19.5125338,-99.1294864,305.0,1,1,1,G,EN TIERRA,RT,retorno_lanzamiento,4,,-77.0,-77.474,,0,ma0,D,8,45,1,15,2,3,1,40,3,10,0.5,-35,3,5,22.5,15,19.5125837,-99.1295635,rssi_avg20_ge_-35dbm (-34.951 dBm),peak_only,305.0,-40.034,-40.034,310.0,-40.181,-40.181,295.0,-40.818,-40.818,,,,,,
2026-08-20T10:40:36.503,238.695,0.563,9361,RTL,RETORNANDO,95.0,1,0,H,HOLD,4.4,305.0,59.4,,0,,3,SB,3,30.0,40,19.5125837,-99.1295635,rssi_avg20_ge_-35dbm (-34.951 dBm),0.1,0.39,-0.19,-2.45,19.5124324,-99.1293392,19.5124284,-99.1293366,19.5125338,-99.1294864,305.0,1,1,1,G,EN TIERRA,RT,retorno_lanzamiento,4,,-78.0,-77.527,,0,ma0,D,8,45,1,15,2,3,1,40,3,10,0.5,-35,3,5,22.5,15,19.5125837,-99.1295635,rssi_avg20_ge_-35dbm (-34.951 dBm),peak_only,305.0,-40.034,-40.034,310.0,-40.181,-40.181,295.0,-40.818,-40.818,,,,,,
