timestamp_local,mission_elapsed_s,telemetry_age_s,session_id,estado_codigo,estado,progreso_pct,px4_conectado,armado,modo_vuelo_codigo,modo_vuelo,yaw_real_deg,yaw_ref_deg,yaw_error_deg,angulo_bin_reportado_deg,measurement_active,sweep_mode_active,altura_relativa_m,local_norte_m,local_este_m,local_down_m,lat_deg,lon_deg,lat_inicio_mision_deg,lon_inicio_mision_deg,lat_inicio_barrido_deg,lon_inicio_barrido_deg,aoa_enviado_deg,health_local,health_global,health_home,landed_state_codigo,landed_state,ultimo_cmd_codigo,ultimo_cmd,exec_cmd_id,error_codigo,rssi_raw,rssi_dbm,rssi_filtrado_dbm,pattern_angle_bin_deg,pattern_valid_sample,pattern_skip_reason,mission_mode_cfg,height_cfg_m,yaw_rate_cfg_deg_s,rotations_cfg,step_cfg_deg,hold_cfg_s,peak_candidates_cfg,peak_neighbors_per_side_cfg,aoa_1_deg,aoa_1_rssi_dbm,aoa_1_media_vecinal_dbm,aoa_2_deg,aoa_2_rssi_dbm,aoa_2_media_vecinal_dbm,aoa_3_deg,aoa_3_rssi_dbm,aoa_3_media_vecinal_dbm,aoa_4_deg,aoa_4_rssi_dbm,aoa_4_media_vecinal_dbm,aoa_5_deg,aoa_5_rssi_dbm,aoa_5_media_vecinal_dbm
2026-08-07T11:14:22.812,0.015,0.187,20500,I,ESPERA,0.0,1,0,P,POSITION,346.4,,,,0,,0.6,1.05,-1.47,0.2,19.5124784,-99.1294166,19.5124784,-99.1294166,19.5124797,-99.1294196,325.0,1,1,1,G,EN TIERRA,N,ninguno,0,,63,-65,-65.0,,0,ma0,C,5.0,10.0,1,5.0,0.0,3,3,325.0,-49.177,-52.888,125.0,-60.38,-60.969,70.0,-62.734,-63.896,,,,,,
2026-08-07T11:14:23.059,0.262,0.188,20500,I,ESPERA,0.0,1,0,P,POSITION,346.4,,,,0,,0.8,1.08,-1.51,0.1,19.5124787,-99.1294171,19.5124784,-99.1294166,19.5124797,-99.1294196,325.0,1,1,1,G,EN TIERRA,N,ninguno,0,,64,-64,-64.9,,0,ma0,C,5.0,10.0,1,5.0,0.0,3,3,325.0,-49.177,-52.888,125.0,-60.38,-60.969,70.0,-62.734,-63.896,,,,,,
2026-08-07T11:14:23.177,0.38,0.125,20500,TK,DESPEGANDO,0.0,1,0,P,POSITION,346.4,,,,0,C,0.8,1.08,-1.51,0.1,19.5124788,-99.1294174,19.5124784,-99.1294166,19.5124797,-99.1294196,325.0,1,1,1,G,EN TIERRA,S,comenzar_barrido,1,,62,-66,-65.01,,0,ma0,C,5.0,10.0,1,5.0,0.0,3,3,325.0,-49.177,-52.888,125.0,-60.38,-60.969,70.0,-62.734,-63.896,,,,,,
2026-08-07T11:14:23.332,0.535,0.281,20500,TK,DESPEGANDO,0.0,1,0,P,POSITION,346.4,,,,0,C,0.8,1.08,-1.51,0.1,19.5124788,-99.1294174,19.5124784,-99.1294166,19.5124797,-99.1294196,325.0,1,1,1,G,EN TIERRA,S,comenzar_barrido,1,,64,-64,-64.909,,0,ma0,C,5.0,10.0,1,5.0,0.0,3,3,325.0,-49.177,-52.888,125.0,-60.38,-60.969,70.0,-62.734,-63.896,,,,,,
2026-08-07T11:14:23.584,0.787,0.25,20500,TK,DESPEGANDO,2.0,1,0,P,POSITION,346.4,,,,0,C,0.0,1.11,-1.56,-0.01,19.512479,-99.1294176,19.5124784,-99.1294166,19.5124797,-99.1294196,325.0,1,1,1,G,EN TIERRA,S,comenzar_barrido,1,,62,-66,-65.018,,0,ma0,C,5.0,10.0,1,5.0,0.0,3,3,325.0,-49.177,-52.888,125.0,-60.38,-60.969,70.0,-62.734,-63.896,,,,,,
2026-08-07T11:14:23.584,0.787,0.25,20500,TK,DESPEGANDO,2.0,1,0,P,POSITION,346.4,,,,0,C,0.0,1.11,-1.56,-0.01,19.512479,-99.1294176,19.5124784,-99.1294166,19.5124797,-99.1294196,325.0,1,1,1,G,EN TIERRA,S,comenzar_barrido,1,,62,-66,-65.116,,0,ma0,C,5.0,10.0,1,5.0,0.0,3,3,325.0,-49.177,-52.888,125.0,-60.38,-60.969,70.0,-62.734,-63.896,,,,,,
2026-08-07T11:14:23.751,0.954,0.016,20500,TK,DESPEGANDO,2.0,1,0,P,POSITION,346.4,,,,0,C,0.1,1.13,-1.59,-0.11,19.5124793,-99.129418,19.5124784,-99.1294166,19.5124797,-99.1294196,325.0,1,1,1,G,EN TIERRA,S,comenzar_barrido,1,,62,-66,-65.205,,0,ma0,C,5.0,10.0,1,5.0,0.0,3,3,325.0,-49.177,-52.888,125.0,-60.38,-60.969,70.0,-62.734,-63.896,,,,,,
2026-08-07T11:14:23.833,1.036,0.094,20500,TK,DESPEGANDO,2.0,1,0,P,POSITION,346.4,,,,0,C,0.1,1.13,-1.59,-0.11,19.5124793,-99.129418,19.5124784,-99.1294166,19.5124797,-99.1294196,325.0,1,1,1,G,EN TIERRA,S,comenzar_barrido,1,,62,-66,-65.284,,0,ma0,C,5.0,10.0,1,5.0,0.0,3,3,325.0,-49.177,-52.888,125.0,-60.38,-60.969,70.0,-62.734,-63.896,,,,,,
2026-08-07T11:14:23.959,1.163,0.109,20500,TK,DESPEGANDO,2.2,1,0,P,POSITION,346.4,,,,0,C,0.2,1.16,-1.62,-0.2,19.5124794,-99.1294182,19.5124784,-99.1294166,19.5124797,-99.1294196,325.0,1,1,1,G,EN TIERRA,S,comenzar_barrido,1,,64,-64,-65.156,,0,ma0,C,5.0,10.0,1,5.0,0.0,3,3,325.0,-49.177,-52.888,125.0,-60.38,-60.969,70.0,-62.734,-63.896,,,,,,
2026-08-07T11:14:24.204,1.407,0.109,20500,TK,DESPEGANDO,2.4,1,0,P,POSITION,346.4,,,,0,C,0.2,1.16,-1.62,-0.2,19.5124796,-99.1294184,19.5124784,-99.1294166,19.5124797,-99.1294196,325.0,1,1,1,G,EN TIERRA,S,comenzar_barrido,1,,62,-66,-65.24,,0,ma0,C,5.0,10.0,1,5.0,0.0,3,3,325.0,-49.177,-52.888,125.0,-60.38,-60.969,70.0,-62.734,-63.896,,,,,,
2026-08-07T11:14:24.205,1.408,0.109,20500,TK,DESPEGANDO,2.4,1,0,P,POSITION,346.4,,,,0,C,0.2,1.16,-1.62,-0.2,19.5124796,-99.1294184,19.5124784,-99.1294166,19.5124797,-99.1294196,325.0,1,1,1,G,EN TIERRA,S,comenzar_barrido,1,,63,-65,-65.216,,0,ma0,C,5.0,10.0,1,5.0,0.0,3,3,325.0,-49.177,-52.888,125.0,-60.38,-60.969,70.0,-62.734,-63.896,,,,,,
2026-08-07T11:14:24.464,1.667,0.094,20500,TK,DESPEGANDO,2.4,1,1,T,TAKEOFF,346.4,,,,0,C,0.3,1.19,-1.66,-0.29,19.5124798,-99.1294186,19.5124784,-99.1294166,19.5124797,-99.1294196,325.0,1,1,1,G,EN TIERRA,S,comenzar_barrido,1,,63,-65,-65.195,,0,ma0,C,5.0,10.0,1,5.0,0.0,3,3,325.0,-49.177,-52.888,125.0,-60.38,-60.969,70.0,-62.734,-63.896,,,,,,
2026-08-07T11:14:24.464,1.667,0.094,20500,TK,DESPEGANDO,2.4,1,1,T,TAKEOFF,346.4,,,,0,C,0.3,1.19,-1.66,-0.29,19.5124798,-99.1294186,19.5124784,-99.1294166,19.5124797,-99.1294196,325.0,1,1,1,G,EN TIERRA,S,comenzar_barrido,1,,63,-65,-65.175,,0,ma0,C,5.0,10.0,1,5.0,0.0,3,3,325.0,-49.177,-52.888,125.0,-60.38,-60.969,70.0,-62.734,-63.896,,,,,,
2026-08-07T11:14:24.735,1.938,0.109,20500,TK,DESPEGANDO,2.6,1,1,T,TAKEOFF,346.5,,,,0,C,0.4,1.22,-1.69,-0.36,19.5124801,-99.1294189,19.5124784,-99.1294166,19.5124797,-99.1294196,325.0,1,1,1,G,EN TIERRA,S,comenzar_barrido,1,,64,-64,-65.058,,0,ma0,C,5.0,10.0,1,5.0,0.0,3,3,325.0,-49.177,-52.888,125.0,-60.38,-60.969,70.0,-62.734,-63.896,,,,,,
2026-08-07T11:14:24.850,2.053,0.094,20500,TK,DESPEGANDO,2.8,1,1,T,TAKEOFF,346.5,,,,0,C,0.4,1.25,-1.71,-0.43,19.5124802,-99.129419,19.5124784,-99.1294166,19.5124797,-99.1294196,325.0,1,1,1,G,EN TIERRA,S,comenzar_barrido,1,,64,-64,-64.952,,0,ma0,C,5.0,10.0,1,5.0,0.0,3,3,325.0,-49.177,-52.888,125.0,-60.38,-60.969,70.0,-62.734,-63.896,,,,,,
2026-08-07T11:14:24.975,2.178,0.219,20500,TK,DESPEGANDO,2.8,1,1,T,TAKEOFF,346.5,,,,0,C,0.4,1.25,-1.71,-0.43,19.5124802,-99.129419,19.5124784,-99.1294166,19.5124797,-99.1294196,325.0,1,1,1,G,EN TIERRA,S,comenzar_barrido,1,,63,-65,-64.957,,0,ma0,C,5.0,10.0,1,5.0,0.0,3,3,325.0,-49.177,-52.888,125.0,-60.38,-60.969,70.0,-62.734,-63.896,,,,,,
2026-08-07T11:14:25.113,2.316,0.0,20500,TK,DESPEGANDO,2.8,1,1,T,TAKEOFF,346.4,,,,0,C,0.4,1.25,-1.71,-0.43,19.5124804,-99.1294191,19.5124784,-99.1294166,19.5124797,-99.1294196,325.0,1,1,1,G,EN TIERRA,S,comenzar_barrido,1,,64,-64,-64.861,,0,ma0,C,5.0,10.0,1,5.0,0.0,3,3,325.0,-49.177,-52.888,125.0,-60.38,-60.969,70.0,-62.734,-63.896,,,,,,
2026-08-07T11:14:25.199,2.403,0.078,20500,TK,DESPEGANDO,2.8,1,1,T,TAKEOFF,346.4,,,,0,C,0.4,1.25,-1.71,-0.43,19.5124804,-99.1294191,19.5124784,-99.1294166,19.5124797,-99.1294196,325.0,1,1,1,G,EN TIERRA,S,comenzar_barrido,1,,64,-64,-64.775,,0,ma0,C,5.0,10.0,1,5.0,0.0,3,3,325.0,-49.177,-52.888,125.0,-60.38,-60.969,70.0,-62.734,-63.896,,,,,,
2026-08-07T11:14:25.432,2.635,0.313,20500,TK,DESPEGANDO,2.8,1,1,T,TAKEOFF,346.4,,,,0,C,0.4,1.25,-1.71,-0.43,19.5124804,-99.1294191,19.5124784,-99.1294166,19.5124797,-99.1294196,325.0,1,1,1,G,EN TIERRA,S,comenzar_barrido,1,,63,-65,-64.797,,0,ma0,C,5.0,10.0,1,5.0,0.0,3,3,325.0,-49.177,-52.888,125.0,-60.38,-60.969,70.0,-62.734,-63.896,,,,,,
2026-08-07T11:14:25.601,2.804,0.0,20500,TK,DESPEGANDO,2.0,1,1,T,TAKEOFF,346.5,,,,0,C,0.1,1.3,-1.74,-0.56,19.5124807,-99.1294193,19.5124784,-99.1294166,19.5124797,-99.1294196,325.0,1,1,1,G,EN TIERRA,S,comenzar_barrido,1,,63,-65,-64.818,,0,ma0,C,5.0,10.0,1,5.0,0.0,3,3,325.0,-49.177,-52.888,125.0,-60.38,-60.969,70.0,-62.734,-63.896,,,,,,
2026-08-07T11:14:25.680,2.883,0.078,20500,TK,DESPEGANDO,2.0,1,1,T,TAKEOFF,346.5,,,,0,C,0.1,1.3,-1.74,-0.56,19.5124807,-99.1294193,19.5124784,-99.1294166,19.5124797,-99.1294196,325.0,1,1,1,G,EN TIERRA,S,comenzar_barrido,1,,64,-64,-64.736,,0,ma0,C,5.0,10.0,1,5.0,0.0,3,3,325.0,-49.177,-52.888,125.0,-60.38,-60.969,70.0,-62.734,-63.896,,,,,,
2026-08-07T11:14:25.860,3.063,0.265,20500,TK,DESPEGANDO,2.0,1,1,T,TAKEOFF,346.5,,,,0,C,0.1,1.3,-1.74,-0.56,19.5124807,-99.1294193,19.5124784,-99.1294166,19.5124797,-99.1294196,325.0,1,1,1,G,EN TIERRA,S,comenzar_barrido,1,,64,-64,-64.662,,0,ma0,C,5.0,10.0,1,5.0,0.0,3,3,325.0,-49.177,-52.888,125.0,-60.38,-60.969,70.0,-62.734,-63.896,,,,,,
2026-08-07T11:14:25.984,3.187,0.015,20500,TK,DESPEGANDO,2.2,1,1,T,TAKEOFF,346.5,,,,0,C,0.1,1.32,-1.75,-0.62,19.5124808,-99.1294193,19.5124784,-99.1294166,19.5124797,-99.1294196,325.0,1,1,1,G,EN TIERRA,S,comenzar_barrido,1,,63,-65,-64.696,,0,ma0,C,5.0,10.0,1,5.0,0.0,3,3,325.0,-49.177,-52.888,125.0,-60.38,-60.969,70.0,-62.734,-63.896,,,,,,
2026-08-07T11:14:26.158,3.361,0.187,20500,TK,DESPEGANDO,2.2,1,1,T,TAKEOFF,346.5,,,,0,C,0.1,1.32,-1.75,-0.62,19.5124808,-99.1294193,19.5124784,-99.1294166,19.5124797,-99.1294196,325.0,1,1,1,G,EN TIERRA,S,comenzar_barrido,1,,64,-64,-64.626,,0,ma0,C,5.0,10.0,1,5.0,0.0,3,3,325.0,-49.177,-52.888,125.0,-60.38,-60.969,70.0,-62.734,-63.896,,,,,,
2026-08-07T11:14:26.267,3.47,0.109,20500,TK,DESPEGANDO,2.2,1,1,T,TAKEOFF,346.6,,,,0,C,0.1,1.34,-1.76,-0.67,19.5124809,-99.1294194,19.5124784,-99.1294166,19.5124797,-99.1294196,325.0,1,1,1,G,EN TIERRA,S,comenzar_barrido,1,,64,-64,-64.564,,0,ma0,C,5.0,10.0,1,5.0,0.0,3,3,325.0,-49.177,-52.888,125.0,-60.38,-60.969,70.0,-62.734,-63.896,,,,,,
2026-08-07T11:14:26.429,3.632,0.157,20500,TK,DESPEGANDO,2.2,1,1,T,TAKEOFF,346.6,,,,0,C,0.2,1.34,-1.76,-0.67,19.5124811,-99.1294195,19.5124784,-99.1294166,19.5124797,-99.1294196,325.0,1,1,1,G,EN TIERRA,S,comenzar_barrido,1,,64,-64,-64.507,,0,ma0,C,5.0,10.0,1,5.0,0.0,3,3,325.0,-49.177,-52.888,125.0,-60.38,-60.969,70.0,-62.734,-63.896,,,,,,
2026-08-07T11:14:26.599,3.802,0.0,20500,TK,DESPEGANDO,2.4,1,1,T,TAKEOFF,346.6,,,,0,C,0.2,1.36,-1.77,-0.73,19.5124812,-99.1294196,19.5124784,-99.1294166,19.5124797,-99.1294196,325.0,1,1,1,G,EN TIERRA,S,comenzar_barrido,1,,63,-65,-64.557,,0,ma0,C,5.0,10.0,1,5.0,0.0,3,3,325.0,-49.177,-52.888,125.0,-60.38,-60.969,70.0,-62.734,-63.896,,,,,,
2026-08-07T11:14:26.815,4.018,0.109,20500,TK,DESPEGANDO,2.4,1,1,T,TAKEOFF,346.7,,,,0,C,0.3,1.37,-1.78,-0.78,19.5124813,-99.1294196,19.5124784,-99.1294166,19.5124797,-99.1294196,325.0,1,1,1,G,EN TIERRA,S,comenzar_barrido,1,,64,-64,-64.501,,0,ma0,C,5.0,10.0,1,5.0,0.0,3,3,325.0,-49.177,-52.888,125.0,-60.38,-60.969,70.0,-62.734,-63.896,,,,,,
2026-08-07T11:14:26.815,4.018,0.109,20500,TK,DESPEGANDO,2.4,1,1,T,TAKEOFF,346.7,,,,0,C,0.3,1.37,-1.78,-0.78,19.5124813,-99.1294196,19.5124784,-99.1294166,19.5124797,-99.1294196,325.0,1,1,1,G,EN TIERRA,S,comenzar_barrido,1,,65,-63,-64.351,,0,ma0,C,5.0,10.0,1,5.0,0.0,3,3,325.0,-49.177,-52.888,125.0,-60.38,-60.969,70.0,-62.734,-63.896,,,,,,
2026-08-07T11:14:27.055,4.258,0.094,20500,TK,DESPEGANDO,2.6,1,1,T,TAKEOFF,346.7,,,,0,C,0.3,1.39,-1.79,-0.83,19.5124815,-99.1294197,19.5124784,-99.1294166,19.5124797,-99.1294196,325.0,1,1,1,G,EN TIERRA,S,comenzar_barrido,1,,64,-64,-64.316,,0,ma0,C,5.0,10.0,1,5.0,0.0,3,3,325.0,-49.177,-52.888,125.0,-60.38,-60.969,70.0,-62.734,-63.896,,,,,,
2026-08-07T11:14:27.055,4.258,0.094,20500,TK,DESPEGANDO,2.6,1,1,T,TAKEOFF,346.7,,,,0,C,0.3,1.39,-1.79,-0.83,19.5124815,-99.1294197,19.5124784,-99.1294166,19.5124797,-99.1294196,325.0,1,1,1,G,EN TIERRA,S,comenzar_barrido,1,,65,-63,-64.184,,0,ma0,C,5.0,10.0,1,5.0,0.0,3,3,325.0,-49.177,-52.888,125.0,-60.38,-60.969,70.0,-62.734,-63.896,,,,,,
2026-08-07T11:14:27.314,4.517,0.359,20500,TK,DESPEGANDO,2.6,1,1,T,TAKEOFF,346.7,,,,0,C,0.3,1.39,-1.79,-0.83,19.5124815,-99.1294197,19.5124784,-99.1294166,19.5124797,-99.1294196,325.0,1,1,1,G,EN TIERRA,S,comenzar_barrido,1,,65,-63,-64.066,,0,ma0,C,5.0,10.0,1,5.0,0.0,3,3,325.0,-49.177,-52.888,125.0,-60.38,-60.969,70.0,-62.734,-63.896,,,,,,
2026-08-07T11:14:27.437,4.64,0.109,20500,TK,DESPEGANDO,2.6,1,1,T,TAKEOFF,346.8,,,,0,C,0.3,1.39,-1.79,-0.83,19.5124814,-99.1294197,19.5124784,-99.1294166,19.5124797,-99.1294196,325.0,1,1,1,G,EN TIERRA,S,comenzar_barrido,1,,67,-61,-63.759,,0,ma0,C,5.0,10.0,1,5.0,0.0,3,3,325.0,-49.177,-52.888,125.0,-60.38,-60.969,70.0,-62.734,-63.896,,,,,,
2026-08-07T11:14:27.502,4.705,0.172,20500,TK,DESPEGANDO,2.6,1,1,T,TAKEOFF,346.8,,,,0,C,0.3,1.39,-1.79,-0.83,19.5124814,-99.1294197,19.5124784,-99.1294166,19.5124797,-99.1294196,325.0,1,1,1,G,EN TIERRA,S,comenzar_barrido,1,,66,-62,-63.583,,0,ma0,C,5.0,10.0,1,5.0,0.0,3,3,325.0,-49.177,-52.888,125.0,-60.38,-60.969,70.0,-62.734,-63.896,,,,,,
2026-08-07T11:14:27.703,4.906,0.016,20500,TK,DESPEGANDO,2.6,1,1,T,TAKEOFF,347.0,,,,0,C,0.4,1.39,-1.79,-0.87,19.5124814,-99.1294197,19.5124784,-99.1294166,19.5124797,-99.1294196,325.0,1,1,1,G,EN TIERRA,S,comenzar_barrido,1,,63,-65,-63.725,,0,ma0,C,5.0,10.0,1,5.0,0.0,3,3,325.0,-49.177,-52.888,125.0,-60.38,-60.969,70.0,-62.734,-63.896,,,,,,
2026-08-07T11:14:27.784,4.987,0.094,20500,TK,DESPEGANDO,2.6,1,1,T,TAKEOFF,347.0,,,,0,C,0.4,1.39,-1.79,-0.87,19.5124814,-99.1294197,19.5124784,-99.1294166,19.5124797,-99.1294196,325.0,1,1,1,G,EN TIERRA,S,comenzar_barrido,1,,62,-66,-63.952,,0,ma0,C,5.0,10.0,1,5.0,0.0,3,3,325.0,-49.177,-52.888,125.0,-60.38,-60.969,70.0,-62.734,-63.896,,,,,,
2026-08-07T11:14:27.958,5.161,0.266,20500,TK,DESPEGANDO,2.6,1,1,T,TAKEOFF,347.0,,,,0,C,0.4,1.39,-1.79,-0.87,19.5124814,-99.1294197,19.5124784,-99.1294166,19.5124797,-99.1294196,325.0,1,1,1,G,EN TIERRA,S,comenzar_barrido,1,,63,-65,-64.057,,0,ma0,C,5.0,10.0,1,5.0,0.0,3,3,325.0,-49.177,-52.888,125.0,-60.38,-60.969,70.0,-62.734,-63.896,,,,,,
2026-08-07T11:14:28.052,5.256,0.36,20500,TK,DESPEGANDO,2.6,1,1,T,TAKEOFF,347.0,,,,0,C,0.4,1.39,-1.79,-0.87,19.5124814,-99.1294197,19.5124784,-99.1294166,19.5124797,-99.1294196,325.0,1,1,1,G,EN TIERRA,S,comenzar_barrido,1,,65,-63,-63.952,,0,ma0,C,5.0,10.0,1,5.0,0.0,3,3,325.0,-49.177,-52.888,125.0,-60.38,-60.969,70.0,-62.734,-63.896,,,,,,
2026-08-07T11:14:28.225,5.428,0.094,20500,TK,DESPEGANDO,2.8,1,1,T,TAKEOFF,351.5,,,,0,C,0.5,1.28,-1.79,-0.96,19.5124801,-99.1294198,19.5124784,-99.1294166,19.5124797,-99.1294196,325.0,1,1,1,G,EN TIERRA,S,comenzar_barrido,1,,61,-67,-64.256,,0,ma0,C,5.0,10.0,1,5.0,0.0,3,3,325.0,-49.177,-52.888,125.0,-60.38,-60.969,70.0,-62.734,-63.896,,,,,,
2026-08-07T11:14:28.347,5.55,0.11,20500,TK,DESPEGANDO,3.0,1,1,T,TAKEOFF,351.6,,,,0,C,0.5,1.16,-1.8,-1.05,19.5124794,-99.1294198,19.5124784,-99.1294166,19.5124797,-99.1294196,325.0,1,1,1,G,EN TIERRA,S,comenzar_barrido,1,,58,-70,-64.831,,0,ma0,C,5.0,10.0,1,5.0,0.0,3,3,325.0,-49.177,-52.888,125.0,-60.38,-60.969,70.0,-62.734,-63.896,,,,,,
2026-08-07T11:14:28.627,5.83,0.094,20500,TK,DESPEGANDO,3.0,1,1,T,TAKEOFF,351.2,,,,0,C,0.6,1.16,-1.8,-1.05,19.5124788,-99.1294198,19.5124784,-99.1294166,19.5124797,-99.1294196,325.0,1,1,1,G,EN TIERRA,S,comenzar_barrido,1,,58,-70,-65.348,,0,ma0,C,5.0,10.0,1,5.0,0.0,3,3,325.0,-49.177,-52.888,125.0,-60.38,-60.969,70.0,-62.734,-63.896,,,,,,
2026-08-07T11:14:28.781,5.984,0.25,20500,TK,DESPEGANDO,3.0,1,1,T,TAKEOFF,351.2,,,,0,C,0.6,1.16,-1.8,-1.05,19.5124788,-99.1294198,19.5124784,-99.1294166,19.5124797,-99.1294196,325.0,1,1,1,G,EN TIERRA,S,comenzar_barrido,1,,63,-65,-65.313,,0,ma0,C,5.0,10.0,1,5.0,0.0,3,3,325.0,-49.177,-52.888,125.0,-60.38,-60.969,70.0,-62.734,-63.896,,,,,,
2026-08-07T11:14:28.781,5.984,0.25,20500,TK,DESPEGANDO,3.0,1,1,T,TAKEOFF,351.2,,,,0,C,0.6,1.16,-1.8,-1.05,19.5124788,-99.1294198,19.5124784,-99.1294166,19.5124797,-99.1294196,325.0,1,1,1,G,EN TIERRA,S,comenzar_barrido,1,,65,-63,-65.082,,0,ma0,C,5.0,10.0,1,5.0,0.0,3,3,325.0,-49.177,-52.888,125.0,-60.38,-60.969,70.0,-62.734,-63.896,,,,,,
2026-08-07T11:14:28.944,6.148,0.0,20500,TK,DESPEGANDO,3.2,1,1,T,TAKEOFF,350.5,,,,0,C,0.9,1.04,-1.8,-1.23,19.5124778,-99.1294199,19.5124784,-99.1294166,19.5124797,-99.1294196,325.0,1,1,1,G,EN TIERRA,S,comenzar_barrido,1,,52,-76,-66.173,,0,ma0,C,5.0,10.0,1,5.0,0.0,3,3,325.0,-49.177,-52.888,125.0,-60.38,-60.969,70.0,-62.734,-63.896,,,,,,
2026-08-07T11:14:29.028,6.231,0.078,20500,TK,DESPEGANDO,3.2,1,1,T,TAKEOFF,350.5,,,,0,C,0.9,1.04,-1.8,-1.23,19.5124778,-99.1294199,19.5124784,-99.1294166,19.5124797,-99.1294196,325.0,1,1,1,G,EN TIERRA,S,comenzar_barrido,1,,65,-63,-65.856,,0,ma0,C,5.0,10.0,1,5.0,0.0,3,3,325.0,-49.177,-52.888,125.0,-60.38,-60.969,70.0,-62.734,-63.896,,,,,,
2026-08-07T11:14:29.149,6.352,0.093,20500,TK,DESPEGANDO,3.8,1,1,T,TAKEOFF,350.0,,,,0,C,1.0,0.97,-1.81,-1.48,19.5124775,-99.1294199,19.5124784,-99.1294166,19.5124797,-99.1294196,325.0,1,1,1,G,EN TIERRA,S,comenzar_barrido,1,,66,-62,-65.47,,0,ma0,C,5.0,10.0,1,5.0,0.0,3,3,325.0,-49.177,-52.888,125.0,-60.38,-60.969,70.0,-62.734,-63.896,,,,,,
2026-08-07T11:14:29.393,6.596,0.343,20500,TK,DESPEGANDO,3.8,1,1,T,TAKEOFF,350.0,,,,0,C,1.0,0.97,-1.81,-1.48,19.5124775,-99.1294199,19.5124784,-99.1294166,19.5124797,-99.1294196,325.0,1,1,1,G,EN TIERRA,S,comenzar_barrido,1,,54,-74,-66.323,,0,ma0,C,5.0,10.0,1,5.0,0.0,3,3,325.0,-49.177,-52.888,125.0,-60.38,-60.969,70.0,-62.734,-63.896,,,,,,
2026-08-07T11:14:29.393,6.596,0.343,20500,TK,DESPEGANDO,3.8,1,1,T,TAKEOFF,350.0,,,,0,C,1.0,0.97,-1.81,-1.48,19.5124775,-99.1294199,19.5124784,-99.1294166,19.5124797,-99.1294196,325.0,1,1,1,G,EN TIERRA,S,comenzar_barrido,1,,64,-64,-66.091,,0,ma0,C,5.0,10.0,1,5.0,0.0,3,3,325.0,-49.177,-52.888,125.0,-60.38,-60.969,70.0,-62.734,-63.896,,,,,,
2026-08-07T11:14:29.580,6.783,0.094,20500,TK,DESPEGANDO,4.4,1,1,T,TAKEOFF,347.0,,,,0,C,1.6,0.9,-1.78,-2.13,19.512477,-99.1294196,19.5124784,-99.1294166,19.5124797,-99.1294196,325.0,1,1,1,G,EN TIERRA,S,comenzar_barrido,1,,55,-73,-66.782,,0,ma0,C,5.0,10.0,1,5.0,0.0,3,3,325.0,-49.177,-52.888,125.0,-60.38,-60.969,70.0,-62.734,-63.896,,,,,,
2026-08-07T11:14:29.771,6.974,0.281,20500,TK,DESPEGANDO,4.4,1,1,T,TAKEOFF,347.0,,,,0,C,1.6,0.9,-1.78,-2.13,19.512477,-99.1294196,19.5124784,-99.1294166,19.5124797,-99.1294196,325.0,1,1,1,G,EN TIERRA,S,comenzar_barrido,1,,46,-82,-68.304,,0,ma0,C,5.0,10.0,1,5.0,0.0,3,3,325.0,-49.177,-52.888,125.0,-60.38,-60.969,70.0,-62.734,-63.896,,,,,,
2026-08-07T11:14:29.948,7.151,0.172,20500,TK,DESPEGANDO,5.2,1,1,T,TAKEOFF,354.7,,,,0,C,1.9,0.9,-1.78,-2.13,19.5124771,-99.1294195,19.5124784,-99.1294166,19.5124797,-99.1294196,325.0,1,1,1,G,EN TIERRA,S,comenzar_barrido,1,,64,-64,-67.873,,0,ma0,C,5.0,10.0,1,5.0,0.0,3,3,325.0,-49.177,-52.888,125.0,-60.38,-60.969,70.0,-62.734,-63.896,,,,,,
2026-08-07T11:14:30.123,7.326,0.36,20500,TK,DESPEGANDO,5.2,1,1,T,TAKEOFF,354.7,,,,0,C,1.9,0.9,-1.78,-2.13,19.5124771,-99.1294195,19.5124784,-99.1294166,19.5124797,-99.1294196,325.0,1,1,1,G,EN TIERRA,S,comenzar_barrido,1,,62,-66,-67.686,,0,ma0,C,5.0,10.0,1,5.0,0.0,3,3,325.0,-49.177,-52.888,125.0,-60.38,-60.969,70.0,-62.734,-63.896,,,,,,
2026-08-07T11:14:30.229,7.432,0.0,20500,TK,DESPEGANDO,6.2,1,1,T,TAKEOFF,355.0,,,,0,C,2.5,0.95,-1.75,-2.84,19.5124777,-99.1294192,19.5124784,-99.1294166,19.5124797,-99.1294196,325.0,1,1,1,G,EN TIERRA,S,comenzar_barrido,1,,57,-71,-68.017,,0,ma0,C,5.0,10.0,1,5.0,0.0,3,3,325.0,-49.177,-52.888,125.0,-60.38,-60.969,70.0,-62.734,-63.896,,,,,,
2026-08-07T11:14:30.310,7.513,0.093,20500,TK,DESPEGANDO,6.2,1,1,T,TAKEOFF,355.0,,,,0,C,2.5,0.95,-1.75,-2.84,19.5124777,-99.1294192,19.5124784,-99.1294166,19.5124797,-99.1294196,325.0,1,1,1,G,EN TIERRA,S,comenzar_barrido,1,,57,-71,-68.316,,0,ma0,C,5.0,10.0,1,5.0,0.0,3,3,325.0,-49.177,-52.888,125.0,-60.38,-60.969,70.0,-62.734,-63.896,,,,,,
2026-08-07T11:14:30.410,7.613,0.187,20500,TK,DESPEGANDO,6.2,1,1,T,TAKEOFF,355.0,,,,0,C,2.5,0.95,-1.75,-2.84,19.5124777,-99.1294192,19.5124784,-99.1294166,19.5124797,-99.1294196,325.0,1,1,1,G,EN TIERRA,S,comenzar_barrido,1,,59,-69,-68.384,,0,ma0,C,5.0,10.0,1,5.0,0.0,3,3,325.0,-49.177,-52.888,125.0,-60.38,-60.969,70.0,-62.734,-63.896,,,,,,
2026-08-07T11:14:30.682,7.886,0.078,20500,TK,DESPEGANDO,7.0,1,1,T,TAKEOFF,355.5,,,,0,C,2.7,0.99,-1.73,-3.17,19.5124779,-99.1294191,19.5124784,-99.1294166,19.5124797,-99.1294196,325.0,1,1,1,G,EN TIERRA,S,comenzar_barrido,1,,57,-71,-68.646,,0,ma0,C,5.0,10.0,1,5.0,0.0,3,3,325.0,-49.177,-52.888,125.0,-60.38,-60.969,70.0,-62.734,-63.896,,,,,,
2026-08-07T11:14:30.844,8.047,0.25,20500,TK,DESPEGANDO,7.0,1,1,T,TAKEOFF,355.5,,,,0,C,2.7,0.99,-1.73,-3.17,19.5124779,-99.1294191,19.5124784,-99.1294166,19.5124797,-99.1294196,325.0,1,1,1,G,EN TIERRA,S,comenzar_barrido,1,,59,-69,-68.681,,0,ma0,C,5.0,10.0,1,5.0,0.0,3,3,325.0,-49.177,-52.888,125.0,-60.38,-60.969,70.0,-62.734,-63.896,,,,,,
2026-08-07T11:14:30.931,8.134,0.078,20500,TK,DESPEGANDO,7.4,1,1,T,TAKEOFF,355.6,,,,0,C,2.9,0.99,-1.73,-3.17,19.5124782,-99.129419,19.5124784,-99.1294166,19.5124797,-99.1294196,325.0,1,1,1,G,EN TIERRA,S,comenzar_barrido,1,,59,-69,-68.713,,0,ma0,C,5.0,10.0,1,5.0,0.0,3,3,325.0,-49.177,-52.888,125.0,-60.38,-60.969,70.0,-62.734,-63.896,,,,,,
2026-08-07T11:14:31.087,8.29,0.234,20500,TK,DESPEGANDO,7.4,1,1,T,TAKEOFF,355.6,,,,0,C,2.9,0.99,-1.73,-3.17,19.5124782,-99.129419,19.5124784,-99.1294166,19.5124797,-99.1294196,325.0,1,1,1,G,EN TIERRA,S,comenzar_barrido,1,,58,-70,-68.842,,0,ma0,C,5.0,10.0,1,5.0,0.0,3,3,325.0,-49.177,-52.888,125.0,-60.38,-60.969,70.0,-62.734,-63.896,,,,,,
2026-08-07T11:14:31.087,8.29,0.234,20500,TK,DESPEGANDO,7.4,1,1,T,TAKEOFF,355.6,,,,0,C,2.9,0.99,-1.73,-3.17,19.5124782,-99.129419,19.5124784,-99.1294166,19.5124797,-99.1294196,325.0,1,1,1,G,EN TIERRA,S,comenzar_barrido,1,,57,-71,-69.058,,0,ma0,C,5.0,10.0,1,5.0,0.0,3,3,325.0,-49.177,-52.888,125.0,-60.38,-60.969,70.0,-62.734,-63.896,,,,,,
2026-08-07T11:14:31.333,8.536,0.25,20500,TK,DESPEGANDO,7.8,1,1,T,TAKEOFF,356.0,,,,0,C,3.3,1.03,-1.71,-3.49,19.5124785,-99.1294188,19.5124784,-99.1294166,19.5124797,-99.1294196,325.0,1,1,1,G,EN TIERRA,S,comenzar_barrido,1,,57,-71,-69.252,,0,ma0,C,5.0,10.0,1,5.0,0.0,3,3,325.0,-49.177,-52.888,125.0,-60.38,-60.969,70.0,-62.734,-63.896,,,,,,
2026-08-07T11:14:31.333,8.536,0.25,20500,TK,DESPEGANDO,7.8,1,1,T,TAKEOFF,356.0,,,,0,C,3.3,1.03,-1.71,-3.49,19.5124785,-99.1294188,19.5124784,-99.1294166,19.5124797,-99.1294196,325.0,1,1,1,G,EN TIERRA,S,comenzar_barrido,1,,55,-73,-69.627,,0,ma0,C,5.0,10.0,1,5.0,0.0,3,3,325.0,-49.177,-52.888,125.0,-60.38,-60.969,70.0,-62.734,-63.896,,,,,,
2026-08-07T11:14:31.578,8.782,0.25,20500,TK,DESPEGANDO,8.6,1,1,T,TAKEOFF,356.1,,,,0,C,3.4,1.06,-1.7,-3.8,19.5124786,-99.1294188,19.5124784,-99.1294166,19.5124797,-99.1294196,325.0,1,1,1,G,EN TIERRA,S,comenzar_barrido,1,,53,-75,-70.164,,0,ma0,C,5.0,10.0,1,5.0,0.0,3,3,325.0,-49.177,-52.888,125.0,-60.38,-60.969,70.0,-62.734,-63.896,,,,,,
2026-08-07T11:14:31.578,8.782,0.25,20500,TK,DESPEGANDO,8.6,1,1,T,TAKEOFF,356.1,,,,0,C,3.4,1.06,-1.7,-3.8,19.5124786,-99.1294188,19.5124784,-99.1294166,19.5124797,-99.1294196,325.0,1,1,1,G,EN TIERRA,S,comenzar_barrido,1,,49,-79,-71.048,,0,ma0,C,5.0,10.0,1,5.0,0.0,3,3,325.0,-49.177,-52.888,125.0,-60.38,-60.969,70.0,-62.734,-63.896,,,,,,
2026-08-07T11:14:31.849,9.052,0.094,20500,TK,DESPEGANDO,9.2,1,1,T,TAKEOFF,356.4,,,,0,C,3.7,1.13,-1.69,-4.31,19.512479,-99.1294187,19.5124784,-99.1294166,19.5124797,-99.1294196,325.0,1,1,1,G,EN TIERRA,S,comenzar_barrido,1,,53,-75,-71.443,,0,ma0,C,5.0,10.0,1,5.0,0.0,3,3,325.0,-49.177,-52.888,125.0,-60.38,-60.969,70.0,-62.734,-63.896,,,,,,
2026-08-07T11:14:31.849,9.052,0.094,20500,TK,DESPEGANDO,9.2,1,1,T,TAKEOFF,356.4,,,,0,C,3.7,1.13,-1.69,-4.31,19.512479,-99.1294187,19.5124784,-99.1294166,19.5124797,-99.1294196,325.0,1,1,1,G,EN TIERRA,S,comenzar_barrido,1,,51,-77,-71.999,,0,ma0,C,5.0,10.0,1,5.0,0.0,3,3,325.0,-49.177,-52.888,125.0,-60.38,-60.969,70.0,-62.734,-63.896,,,,,,
2026-08-07T11:14:31.951,9.154,0.203,20500,TK,DESPEGANDO,9.2,1,1,T,TAKEOFF,356.4,,,,0,C,3.7,1.13,-1.69,-4.31,19.512479,-99.1294187,19.5124784,-99.1294166,19.5124797,-99.1294196,325.0,1,1,1,G,EN TIERRA,S,comenzar_barrido,1,,53,-75,-72.299,,0,ma0,C,5.0,10.0,1,5.0,0.0,3,3,325.0,-49.177,-52.888,125.0,-60.38,-60.969,70.0,-62.734,-63.896,,,,,,
2026-08-07T11:14:32.215,9.418,0.188,20500,TK,DESPEGANDO,9.4,1,1,T,TAKEOFF,356.6,,,,0,C,4.0,1.13,-1.69,-4.31,19.5124794,-99.1294187,19.5124784,-99.1294166,19.5124797,-99.1294196,325.0,1,1,1,G,EN TIERRA,S,comenzar_barrido,1,,54,-74,-72.469,,0,ma0,C,5.0,10.0,1,5.0,0.0,3,3,325.0,-49.177,-52.888,125.0,-60.38,-60.969,70.0,-62.734,-63.896,,,,,,
2026-08-07T11:14:32.377,9.58,0.094,20500,TK,DESPEGANDO,10.0,1,1,H,HOLD,355.8,,,,0,C,4.0,1.17,-1.69,-4.49,19.5124796,-99.1294188,19.5124784,-99.1294166,19.5124797,-99.1294196,325.0,1,1,1,G,EN TIERRA,S,comenzar_barrido,1,,56,-72,-72.422,,0,ma0,C,5.0,10.0,1,5.0,0.0,3,3,325.0,-49.177,-52.888,125.0,-60.38,-60.969,70.0,-62.734,-63.896,,,,,,
2026-08-07T11:14:32.565,9.769,0.0,20500,TK,DESPEGANDO,10.0,1,1,H,HOLD,355.5,,,,0,C,4.0,1.2,-1.69,-4.56,19.5124798,-99.1294188,19.5124784,-99.1294166,19.5124797,-99.1294196,325.0,1,1,1,A,EN AIRE,S,comenzar_barrido,1,,55,-73,-72.48,,0,ma0,C,5.0,10.0,1,5.0,0.0,3,3,325.0,-49.177,-52.888,125.0,-60.38,-60.969,70.0,-62.734,-63.896,,,,,,
2026-08-07T11:14:32.652,9.855,0.078,20500,TK,DESPEGANDO,10.0,1,1,H,HOLD,355.5,,,,0,C,4.0,1.2,-1.69,-4.56,19.5124798,-99.1294188,19.5124784,-99.1294166,19.5124797,-99.1294196,325.0,1,1,1,A,EN AIRE,S,comenzar_barrido,1,,56,-72,-72.432,,0,ma0,C,5.0,10.0,1,5.0,0.0,3,3,325.0,-49.177,-52.888,125.0,-60.38,-60.969,70.0,-62.734,-63.896,,,,,,
2026-08-07T11:14:32.761,9.965,0.188,20500,TK,DESPEGANDO,10.0,1,1,H,HOLD,355.5,,,,0,C,4.0,1.2,-1.69,-4.56,19.5124798,-99.1294188,19.5124784,-99.1294166,19.5124797,-99.1294196,325.0,1,1,1,A,EN AIRE,S,comenzar_barrido,1,,53,-75,-72.689,,0,ma0,C,5.0,10.0,1,5.0,0.0,3,3,325.0,-49.177,-52.888,125.0,-60.38,-60.969,70.0,-62.734,-63.896,,,,,,
2026-08-07T11:14:32.925,10.128,0.094,20500,TK,DESPEGANDO,10.0,1,1,H,HOLD,356.2,,,,0,C,4.1,1.22,-1.7,-4.64,19.5124799,-99.1294189,19.5124784,-99.1294166,19.5124797,-99.1294196,325.0,1,1,1,A,EN AIRE,S,comenzar_barrido,1,,53,-75,-72.92,,0,ma0,C,5.0,10.0,1,5.0,0.0,3,3,325.0,-49.177,-52.888,125.0,-60.38,-60.969,70.0,-62.734,-63.896,,,,,,
2026-08-07T11:14:33.110,10.314,0.015,20500,TK,DESPEGANDO,10.2,1,1,H,HOLD,356.1,,,,0,C,4.2,1.22,-1.7,-4.64,19.5124799,-99.1294189,19.5124784,-99.1294166,19.5124797,-99.1294196,325.0,1,1,1,A,EN AIRE,S,comenzar_barrido,1,,49,-79,-73.528,,0,ma0,C,5.0,10.0,1,5.0,0.0,3,3,325.0,-49.177,-52.888,125.0,-60.38,-60.969,70.0,-62.734,-63.896,,,,,,
2026-08-07T11:14:33.193,10.396,0.093,20500,TK,DESPEGANDO,10.2,1,1,H,HOLD,356.1,,,,0,C,4.2,1.22,-1.7,-4.64,19.5124799,-99.1294189,19.5124784,-99.1294166,19.5124797,-99.1294196,325.0,1,1,1,A,EN AIRE,S,comenzar_barrido,1,,47,-81,-74.275,,0,ma0,C,5.0,10.0,1,5.0,0.0,3,3,325.0,-49.177,-52.888,125.0,-60.38,-60.969,70.0,-62.734,-63.896,,,,,,
2026-08-07T11:14:33.585,10.789,0.078,20500,TK,DESPEGANDO,10.4,1,1,H,HOLD,355.5,,,,0,C,4.3,1.22,-1.71,-4.78,19.5124801,-99.1294189,19.5124784,-99.1294166,19.5124797,-99.1294196,325.0,1,1,1,A,EN AIRE,S,comenzar_barrido,1,,50,-78,-74.647,,0,ma0,C,5.0,10.0,1,5.0,0.0,3,3,325.0,-49.177,-52.888,125.0,-60.38,-60.969,70.0,-62.734,-63.896,,,,,,
2026-08-07T11:14:33.685,10.889,0.015,20500,TK,DESPEGANDO,10.6,1,1,H,HOLD,355.1,,,,0,C,4.3,1.24,-1.71,-4.83,19.5124802,-99.129419,19.5124784,-99.1294166,19.5124797,-99.1294196,325.0,1,1,1,A,EN AIRE,S,comenzar_barrido,1,,48,-80,-75.183,,0,ma0,C,5.0,10.0,1,5.0,0.0,3,3,325.0,-49.177,-52.888,125.0,-60.38,-60.969,70.0,-62.734,-63.896,,,,,,
2026-08-07T11:14:33.767,10.97,0.093,20500,TK,DESPEGANDO,10.6,1,1,H,HOLD,355.1,,,,0,C,4.3,1.24,-1.71,-4.83,19.5124802,-99.129419,19.5124784,-99.1294166,19.5124797,-99.1294196,325.0,1,1,1,A,EN AIRE,S,comenzar_barrido,1,,51,-77,-75.364,,0,ma0,C,5.0,10.0,1,5.0,0.0,3,3,325.0,-49.177,-52.888,125.0,-60.38,-60.969,70.0,-62.734,-63.896,,,,,,
2026-08-07T11:14:33.879,11.082,0.203,20500,TK,DESPEGANDO,10.6,1,1,H,HOLD,355.1,,,,0,C,4.3,1.24,-1.71,-4.83,19.5124802,-99.129419,19.5124784,-99.1294166,19.5124797,-99.1294196,325.0,1,1,1,A,EN AIRE,S,comenzar_barrido,1,,50,-78,-75.628,,0,ma0,C,5.0,10.0,1,5.0,0.0,3,3,325.0,-49.177,-52.888,125.0,-60.38,-60.969,70.0,-62.734,-63.896,,,,,,
2026-08-07T11:14:34.072,11.275,0.0,20500,TK,DESPEGANDO,10.6,1,1,H,HOLD,354.6,,,,0,C,4.3,1.28,-1.71,-4.86,19.5124804,-99.129419,19.5124784,-99.1294166,19.5124797,-99.1294196,325.0,1,1,1,A,EN AIRE,S,comenzar_barrido,1,,55,-73,-75.365,,0,ma0,C,5.0,10.0,1,5.0,0.0,3,3,325.0,-49.177,-52.888,125.0,-60.38,-60.969,70.0,-62.734,-63.896,,,,,,
2026-08-07T11:14:34.171,11.375,0.11,20500,TK,DESPEGANDO,10.6,1,1,H,HOLD,354.6,,,,0,C,4.3,1.28,-1.71,-4.86,19.5124804,-99.129419,19.5124784,-99.1294166,19.5124797,-99.1294196,325.0,1,1,1,A,EN AIRE,S,comenzar_barrido,1,,57,-71,-74.929,,0,ma0,C,5.0,10.0,1,5.0,0.0,3,3,325.0,-49.177,-52.888,125.0,-60.38,-60.969,70.0,-62.734,-63.896,,,,,,
2026-08-07T11:14:34.397,11.6,0.078,20500,TK,DESPEGANDO,10.6,1,1,H,HOLD,354.1,,,,0,C,4.4,1.28,-1.71,-4.86,19.5124806,-99.129419,19.5124784,-99.1294166,19.5124797,-99.1294196,325.0,1,1,1,A,EN AIRE,S,comenzar_barrido,1,,51,-77,-75.136,,0,ma0,C,5.0,10.0,1,5.0,0.0,3,3,325.0,-49.177,-52.888,125.0,-60.38,-60.969,70.0,-62.734,-63.896,,,,,,
2026-08-07T11:14:34.560,11.763,0.25,20500,TK,DESPEGANDO,10.6,1,1,H,HOLD,354.1,,,,0,C,4.4,1.28,-1.71,-4.86,19.5124806,-99.129419,19.5124784,-99.1294166,19.5124797,-99.1294196,325.0,1,1,1,A,EN AIRE,S,comenzar_barrido,1,,56,-72,-74.822,,0,ma0,C,5.0,10.0,1,5.0,0.0,3,3,325.0,-49.177,-52.888,125.0,-60.38,-60.969,70.0,-62.734,-63.896,,,,,,
2026-08-07T11:14:34.561,11.764,0.25,20500,TK,DESPEGANDO,10.6,1,1,H,HOLD,354.1,,,,0,C,4.4,1.28,-1.71,-4.86,19.5124806,-99.129419,19.5124784,-99.1294166,19.5124797,-99.1294196,325.0,1,1,1,A,EN AIRE,S,comenzar_barrido,1,,52,-76,-74.94,,0,ma0,C,5.0,10.0,1,5.0,0.0,3,3,325.0,-49.177,-52.888,125.0,-60.38,-60.969,70.0,-62.734,-63.896,,,,,,
2026-08-07T11:14:34.813,12.016,0.25,20500,TK,DESPEGANDO,10.8,1,1,H,HOLD,354.4,,,,0,C,4.4,1.3,-1.71,-4.89,19.5124808,-99.1294191,19.5124784,-99.1294166,19.5124797,-99.1294196,325.0,1,1,1,A,EN AIRE,S,comenzar_barrido,1,,57,-71,-74.546,,0,ma0,C,5.0,10.0,1,5.0,0.0,3,3,325.0,-49.177,-52.888,125.0,-60.38,-60.969,70.0,-62.734,-63.896,,,,,,
2026-08-07T11:14:34.814,12.017,0.25,20500,TK,DESPEGANDO,10.8,1,1,H,HOLD,354.4,,,,0,C,4.4,1.3,-1.71,-4.89,19.5124808,-99.1294191,19.5124784,-99.1294166,19.5124797,-99.1294196,325.0,1,1,1,A,EN AIRE,S,comenzar_barrido,1,,59,-69,-73.991,,0,ma0,C,5.0,10.0,1,5.0,0.0,3,3,325.0,-49.177,-52.888,125.0,-60.38,-60.969,70.0,-62.734,-63.896,,,,,,
2026-08-07T11:14:35.060,12.263,0.25,20500,TK,DESPEGANDO,10.8,1,1,H,HOLD,354.7,,,,0,C,4.4,1.32,-1.72,-4.92,19.5124808,-99.1294191,19.5124784,-99.1294166,19.5124797,-99.1294196,325.0,1,1,1,A,EN AIRE,S,comenzar_barrido,1,,59,-69,-73.492,,0,ma0,C,5.0,10.0,1,5.0,0.0,3,3,325.0,-49.177,-52.888,125.0,-60.38,-60.969,70.0,-62.734,-63.896,,,,,,
2026-08-07T11:14:35.060,12.263,0.25,20500,TK,DESPEGANDO,10.8,1,1,H,HOLD,354.7,,,,0,C,4.4,1.32,-1.72,-4.92,19.5124808,-99.1294191,19.5124784,-99.1294166,19.5124797,-99.1294196,325.0,1,1,1,A,EN AIRE,S,comenzar_barrido,1,,58,-70,-73.143,,0,ma0,C,5.0,10.0,1,5.0,0.0,3,3,325.0,-49.177,-52.888,125.0,-60.38,-60.969,70.0,-62.734,-63.896,,,,,,
2026-08-07T11:14:35.326,12.529,0.156,20500,TK,DESPEGANDO,10.8,1,1,H,HOLD,354.8,,,,0,C,4.5,1.31,-1.75,-4.99,19.5124807,-99.1294193,19.5124784,-99.1294166,19.5124797,-99.1294196,325.0,1,1,1,A,EN AIRE,S,comenzar_barrido,1,,58,-70,-72.829,,0,ma0,C,5.0,10.0,1,5.0,0.0,3,3,325.0,-49.177,-52.888,125.0,-60.38,-60.969,70.0,-62.734,-63.896,,,,,,
2026-08-07T11:14:35.326,12.529,0.156,20500,TK,DESPEGANDO,10.8,1,1,H,HOLD,354.8,,,,0,C,4.5,1.31,-1.75,-4.99,19.5124807,-99.1294193,19.5124784,-99.1294166,19.5124797,-99.1294196,325.0,1,1,1,A,EN AIRE,S,comenzar_barrido,1,,58,-70,-72.546,,0,ma0,C,5.0,10.0,1,5.0,0.0,3,3,325.0,-49.177,-52.888,125.0,-60.38,-60.969,70.0,-62.734,-63.896,,,,,,
2026-08-07T11:14:35.412,12.616,0.234,20500,TK,DESPEGANDO,10.8,1,1,H,HOLD,354.8,,,,0,C,4.5,1.31,-1.75,-4.99,19.5124807,-99.1294193,19.5124784,-99.1294166,19.5124797,-99.1294196,325.0,1,1,1,A,EN AIRE,S,comenzar_barrido,1,,57,-71,-72.391,,0,ma0,C,5.0,10.0,1,5.0,0.0,3,3,325.0,-49.177,-52.888,125.0,-60.38,-60.969,70.0,-62.734,-63.896,,,,,,
2026-08-07T11:14:35.684,12.887,0.188,20500,HT,ALTURA_ALCANZADA,12.0,1,1,H,HOLD,355.0,,,,0,C,4.5,1.31,-1.75,-4.99,19.5124806,-99.1294194,19.5124784,-99.1294166,19.5124797,-99.1294196,325.0,1,1,1,A,EN AIRE,S,comenzar_barrido,1,,59,-69,-72.052,,0,ma0,C,5.0,10.0,1,5.0,0.0,3,3,325.0,-49.177,-52.888,125.0,-60.38,-60.969,70.0,-62.734,-63.896,,,,,,
2026-08-07T11:14:35.759,12.962,0.266,20500,HT,ALTURA_ALCANZADA,12.0,1,1,H,HOLD,355.0,,,,0,C,4.5,1.31,-1.75,-4.99,19.5124806,-99.1294194,19.5124784,-99.1294166,19.5124797,-99.1294196,325.0,1,1,1,A,EN AIRE,S,comenzar_barrido,1,,59,-69,-71.747,,0,ma0,C,5.0,10.0,1,5.0,0.0,3,3,325.0,-49.177,-52.888,125.0,-60.38,-60.969,70.0,-62.734,-63.896,,,,,,
2026-08-07T11:14:35.922,13.125,0.438,20500,HT,ALTURA_ALCANZADA,12.0,1,1,H,HOLD,355.0,,,,0,C,4.5,1.31,-1.75,-4.99,19.5124806,-99.1294194,19.5124784,-99.1294166,19.5124797,-99.1294196,325.0,1,1,1,A,EN AIRE,S,comenzar_barrido,1,,52,-76,-72.172,,0,ma0,C,5.0,10.0,1,5.0,0.0,3,3,325.0,-49.177,-52.888,125.0,-60.38,-60.969,70.0,-62.734,-63.896,,,,,,
2026-08-07T11:14:35.923,13.126,0.438,20500,HT,ALTURA_ALCANZADA,12.0,1,1,H,HOLD,355.0,,,,0,C,4.5,1.31,-1.75,-4.99,19.5124806,-99.1294194,19.5124784,-99.1294166,19.5124797,-99.1294196,325.0,1,1,1,A,EN AIRE,S,comenzar_barrido,1,,59,-69,-71.855,,0,ma0,C,5.0,10.0,1,5.0,0.0,3,3,325.0,-49.177,-52.888,125.0,-60.38,-60.969,70.0,-62.734,-63.896,,,,,,
2026-08-07T11:14:36.222,13.426,0.204,20500,HT,ALTURA_ALCANZADA,12.0,1,1,H,HOLD,355.4,,,,0,C,4.5,1.27,-1.76,-5.03,19.5124803,-99.1294194,19.5124784,-99.1294166,19.5124797,-99.1294196,325.0,1,1,1,A,EN AIRE,S,comenzar_barrido,1,,55,-73,-71.97,,0,ma0,C,5.0,10.0,1,5.0,0.0,3,3,325.0,-49.177,-52.888,125.0,-60.38,-60.969,70.0,-62.734,-63.896,,,,,,
2026-08-07T11:14:36.304,13.507,0.0,20500,HT,ALTURA_ALCANZADA,12.0,1,1,H,HOLD,355.9,,,,0,C,4.5,1.25,-1.75,-5.04,19.5124802,-99.1294194,19.5124784,-99.1294166,19.5124797,-99.1294196,325.0,1,1,1,A,EN AIRE,S,comenzar_barrido,1,,58,-70,-71.773,,0,ma0,C,5.0,10.0,1,5.0,0.0,3,3,325.0,-49.177,-52.888,125.0,-60.38,-60.969,70.0,-62.734,-63.896,,,,,,
2026-08-07T11:14:36.491,13.694,0.187,20500,HT,ALTURA_ALCANZADA,12.0,1,1,H,HOLD,355.9,,,,0,C,4.5,1.25,-1.75,-5.04,19.5124802,-99.1294194,19.5124784,-99.1294166,19.5124797,-99.1294196,325.0,1,1,1,A,EN AIRE,S,comenzar_barrido,1,,52,-76,-72.195,,0,ma0,C,5.0,10.0,1,5.0,0.0,3,3,325.0,-49.177,-52.888,125.0,-60.38,-60.969,70.0,-62.734,-63.896,,,,,,
2026-08-07T11:14:36.655,13.858,0.094,20500,HT,ALTURA_ALCANZADA,12.0,1,1,H,HOLD,356.4,,,,0,C,4.5,1.25,-1.75,-5.04,19.5124801,-99.1294194,19.5124784,-99.1294166,19.5124797,-99.1294196,325.0,1,1,1,A,EN AIRE,S,comenzar_barrido,1,,57,-71,-72.076,,0,ma0,C,5.0,10.0,1,5.0,0.0,3,3,325.0,-49.177,-52.888,125.0,-60.38,-60.969,70.0,-62.734,-63.896,,,,,,
2026-08-07T11:14:36.655,13.858,0.094,20500,HT,ALTURA_ALCANZADA,12.0,1,1,H,HOLD,356.4,,,,0,C,4.5,1.25,-1.75,-5.04,19.5124801,-99.1294194,19.5124784,-99.1294166,19.5124797,-99.1294196,325.0,1,1,1,A,EN AIRE,S,comenzar_barrido,1,,59,-69,-71.768,,0,ma0,C,5.0,10.0,1,5.0,0.0,3,3,325.0,-49.177,-52.888,125.0,-60.38,-60.969,70.0,-62.734,-63.896,,,,,,
2026-08-07T11:14:36.837,14.04,0.0,20500,HT,ALTURA_ALCANZADA,12.0,1,1,H,HOLD,355.8,,,,0,C,4.6,1.24,-1.75,-5.07,19.51248,-99.1294194,19.5124784,-99.1294166,19.5124797,-99.1294196,325.0,1,1,1,A,EN AIRE,S,comenzar_barrido,1,,58,-70,-71.591,,0,ma0,C,5.0,10.0,1,5.0,0.0,3,3,325.0,-49.177,-52.888,125.0,-60.38,-60.969,70.0,-62.734,-63.896,,,,,,
2026-08-07T11:14:36.919,14.122,0.094,20500,HT,ALTURA_ALCANZADA,12.0,1,1,H,HOLD,355.8,,,,0,C,4.6,1.24,-1.75,-5.07,19.51248,-99.1294194,19.5124784,-99.1294166,19.5124797,-99.1294196,325.0,1,1,1,A,EN AIRE,S,comenzar_barrido,1,,55,-73,-71.732,,0,ma0,C,5.0,10.0,1,5.0,0.0,3,3,325.0,-49.177,-52.888,125.0,-60.38,-60.969,70.0,-62.734,-63.896,,,,,,
2026-08-07T11:14:37.190,14.393,0.25,20500,HT,ALTURA_ALCANZADA,12.0,1,1,H,HOLD,355.3,,,,0,C,4.6,1.22,-1.76,-5.08,19.5124799,-99.1294194,19.5124784,-99.1294166,19.5124797,-99.1294196,325.0,1,1,1,A,EN AIRE,S,comenzar_barrido,1,,60,-68,-71.359,,0,ma0,C,5.0,10.0,1,5.0,0.0,3,3,325.0,-49.177,-52.888,125.0,-60.38,-60.969,70.0,-62.734,-63.896,,,,,,
2026-08-07T11:14:37.359,14.562,0.422,20500,HT,ALTURA_ALCANZADA,12.0,1,1,H,HOLD,355.3,,,,0,C,4.6,1.22,-1.76,-5.08,19.5124799,-99.1294194,19.5124784,-99.1294166,19.5124797,-99.1294196,325.0,1,1,1,A,EN AIRE,S,comenzar_barrido,1,,52,-76,-71.823,,0,ma0,C,5.0,10.0,1,5.0,0.0,3,3,325.0,-49.177,-52.888,125.0,-60.38,-60.969,70.0,-62.734,-63.896,,,,,,
2026-08-07T11:14:37.359,14.562,0.422,20500,HT,ALTURA_ALCANZADA,12.0,1,1,H,HOLD,355.3,,,,0,C,4.6,1.22,-1.76,-5.08,19.5124799,-99.1294194,19.5124784,-99.1294166,19.5124797,-99.1294196,325.0,1,1,1,A,EN AIRE,S,comenzar_barrido,1,,59,-69,-71.541,,0,ma0,C,5.0,10.0,1,5.0,0.0,3,3,325.0,-49.177,-52.888,125.0,-60.38,-60.969,70.0,-62.734,-63.896,,,,,,
2026-08-07T11:14:37.544,14.747,0.594,20500,HT,ALTURA_ALCANZADA,12.0,1,1,H,HOLD,355.3,,,,0,C,4.6,1.22,-1.76,-5.08,19.5124799,-99.1294194,19.5124784,-99.1294166,19.5124797,-99.1294196,325.0,1,1,1,A,EN AIRE,S,comenzar_barrido,1,,54,-74,-71.787,,0,ma0,C,5.0,10.0,1,5.0,0.0,3,3,325.0,-49.177,-52.888,125.0,-60.38,-60.969,70.0,-62.734,-63.896,,,,,,
2026-08-07T11:14:37.627,14.83,0.016,20500,OF,ENTRANDO_OFFBOARD,12.0,1,1,H,HOLD,356.0,,,,0,C,4.6,1.18,-1.76,-5.08,19.5124796,-99.1294195,19.5124784,-99.1294166,19.5124797,-99.1294196,325.0,1,1,1,A,EN AIRE,S,comenzar_barrido,1,,58,-70,-71.608,,0,ma0,C,5.0,10.0,1,5.0,0.0,3,3,325.0,-49.177,-52.888,125.0,-60.38,-60.969,70.0,-62.734,-63.896,,,,,,
2026-08-07T11:14:37.711,14.914,0.094,20500,OF,ENTRANDO_OFFBOARD,12.0,1,1,H,HOLD,356.0,,,,0,C,4.6,1.18,-1.76,-5.08,19.5124796,-99.1294195,19.5124784,-99.1294166,19.5124797,-99.1294196,325.0,1,1,1,A,EN AIRE,S,comenzar_barrido,1,,59,-69,-71.347,,0,ma0,C,5.0,10.0,1,5.0,0.0,3,3,325.0,-49.177,-52.888,125.0,-60.38,-60.969,70.0,-62.734,-63.896,,,,,,
2026-08-07T11:14:37.844,15.047,0.125,20500,OF,ENTRANDO_OFFBOARD,12.0,1,1,H,HOLD,356.5,,,,0,C,4.6,1.18,-1.76,-5.08,19.5124794,-99.1294194,19.5124784,-99.1294166,19.5124797,-99.1294196,325.0,1,1,1,A,EN AIRE,S,comenzar_barrido,1,,58,-70,-71.213,,0,ma0,C,5.0,10.0,1,5.0,0.0,3,3,325.0,-49.177,-52.888,125.0,-60.38,-60.969,70.0,-62.734,-63.896,,,,,,
2026-08-07T11:14:38.111,15.315,0.109,20500,OF,ENTRANDO_OFFBOARD,12.0,1,1,H,HOLD,356.3,,,,0,C,4.6,1.16,-1.76,-5.07,19.5124794,-99.1294194,19.5124784,-99.1294166,19.5124797,-99.1294196,325.0,1,1,1,A,EN AIRE,S,comenzar_barrido,1,,58,-70,-71.091,,0,ma0,C,5.0,10.0,1,5.0,0.0,3,3,325.0,-49.177,-52.888,125.0,-60.38,-60.969,70.0,-62.734,-63.896,,,,,,
2026-08-07T11:14:38.111,15.315,0.109,20500,OF,ENTRANDO_OFFBOARD,12.0,1,1,H,HOLD,356.3,,,,0,C,4.6,1.16,-1.76,-5.07,19.5124794,-99.1294194,19.5124784,-99.1294166,19.5124797,-99.1294196,325.0,1,1,1,A,EN AIRE,S,comenzar_barrido,1,,58,-70,-70.982,,0,ma0,C,5.0,10.0,1,5.0,0.0,3,3,325.0,-49.177,-52.888,125.0,-60.38,-60.969,70.0,-62.734,-63.896,,,,,,
2026-08-07T11:14:38.259,15.462,0.25,20500,OF,ENTRANDO_OFFBOARD,12.0,1,1,H,HOLD,356.3,,,,0,C,4.6,1.16,-1.76,-5.07,19.5124794,-99.1294194,19.5124784,-99.1294166,19.5124797,-99.1294196,325.0,1,1,1,A,EN AIRE,S,comenzar_barrido,1,,58,-70,-70.884,,0,ma0,C,5.0,10.0,1,5.0,0.0,3,3,325.0,-49.177,-52.888,125.0,-60.38,-60.969,70.0,-62.734,-63.896,,,,,,
2026-08-07T11:14:38.355,15.559,0.094,20500,OF,ENTRANDO_OFFBOARD,12.0,1,1,H,HOLD,355.9,,,,0,C,4.6,1.15,-1.75,-5.08,19.5124793,-99.1294193,19.5124784,-99.1294166,19.5124797,-99.1294196,325.0,1,1,1,A,EN AIRE,S,comenzar_barrido,1,,57,-71,-70.896,,0,ma0,C,5.0,10.0,1,5.0,0.0,3,3,325.0,-49.177,-52.888,125.0,-60.38,-60.969,70.0,-62.734,-63.896,,,,,,
2026-08-07T11:14:38.599,15.802,0.079,20500,OF,ENTRANDO_OFFBOARD,12.0,1,1,H,HOLD,355.1,,,,0,C,4.6,1.15,-1.74,-5.1,19.5124793,-99.1294192,19.5124784,-99.1294166,19.5124797,-99.1294196,325.0,1,1,1,A,EN AIRE,S,comenzar_barrido,1,,53,-75,-71.306,,0,ma0,C,5.0,10.0,1,5.0,0.0,3,3,325.0,-49.177,-52.888,125.0,-60.38,-60.969,70.0,-62.734,-63.896,,,,,,
2026-08-07T11:14:38.599,15.802,0.079,20500,OF,ENTRANDO_OFFBOARD,12.0,1,1,H,HOLD,355.1,,,,0,C,4.6,1.15,-1.74,-5.1,19.5124793,-99.1294192,19.5124784,-99.1294166,19.5124797,-99.1294196,325.0,1,1,1,A,EN AIRE,S,comenzar_barrido,1,,55,-73,-71.475,,0,ma0,C,5.0,10.0,1,5.0,0.0,3,3,325.0,-49.177,-52.888,125.0,-60.38,-60.969,70.0,-62.734,-63.896,,,,,,
2026-08-07T11:14:38.977,16.18,0.0,20500,OF,ENTRANDO_OFFBOARD,12.0,1,1,H,HOLD,355.4,,,,0,C,4.6,1.15,-1.73,-5.1,19.5124793,-99.129419,19.5124784,-99.1294166,19.5124797,-99.1294196,325.0,1,1,1,A,EN AIRE,S,comenzar_barrido,1,,50,-78,-72.128,,0,ma0,C,5.0,10.0,1,5.0,0.0,3,3,325.0,-49.177,-52.888,125.0,-60.38,-60.969,70.0,-62.734,-63.896,,,,,,
2026-08-07T11:14:38.977,16.18,0.0,20500,OF,ENTRANDO_OFFBOARD,12.0,1,1,H,HOLD,355.4,,,,0,C,4.6,1.15,-1.73,-5.1,19.5124793,-99.129419,19.5124784,-99.1294166,19.5124797,-99.1294196,325.0,1,1,1,A,EN AIRE,S,comenzar_barrido,1,,55,-73,-72.215,,0,ma0,C,5.0,10.0,1,5.0,0.0,3,3,325.0,-49.177,-52.888,125.0,-60.38,-60.969,70.0,-62.734,-63.896,,,,,,
2026-08-07T11:14:39.061,16.264,0.093,20500,OF,ENTRANDO_OFFBOARD,12.0,1,1,H,HOLD,355.4,,,,0,C,4.6,1.15,-1.73,-5.1,19.5124793,-99.129419,19.5124784,-99.1294166,19.5124797,-99.1294196,325.0,1,1,1,A,EN AIRE,S,comenzar_barrido,1,,53,-75,-72.494,,0,ma0,C,5.0,10.0,1,5.0,0.0,3,3,325.0,-49.177,-52.888,125.0,-60.38,-60.969,70.0,-62.734,-63.896,,,,,,
2026-08-07T11:14:39.430,16.634,0.188,20500,OF,ENTRANDO_OFFBOARD,12.0,1,1,H,HOLD,356.0,,,,0,C,4.6,1.15,-1.7,-5.09,19.5124793,-99.1294189,19.5124784,-99.1294166,19.5124797,-99.1294196,325.0,1,1,1,A,EN AIRE,S,comenzar_barrido,1,,53,-75,-72.744,,0,ma0,C,5.0,10.0,1,5.0,0.0,3,3,325.0,-49.177,-52.888,125.0,-60.38,-60.969,70.0,-62.734,-63.896,,,,,,
2026-08-07T11:14:39.431,16.635,0.188,20500,OF,ENTRANDO_OFFBOARD,12.0,1,1,H,HOLD,356.0,,,,0,C,4.6,1.15,-1.7,-5.09,19.5124793,-99.1294189,19.5124784,-99.1294166,19.5124797,-99.1294196,325.0,1,1,1,A,EN AIRE,S,comenzar_barrido,1,,52,-76,-73.07,,0,ma0,C,5.0,10.0,1,5.0,0.0,3,3,325.0,-49.177,-52.888,125.0,-60.38,-60.969,70.0,-62.734,-63.896,,,,,,
2026-08-07T11:14:39.431,16.635,0.188,20500,OF,ENTRANDO_OFFBOARD,12.0,1,1,H,HOLD,356.0,,,,0,C,4.6,1.15,-1.7,-5.09,19.5124793,-99.1294189,19.5124784,-99.1294166,19.5124797,-99.1294196,325.0,1,1,1,A,EN AIRE,S,comenzar_barrido,1,,51,-77,-73.463,,0,ma0,C,5.0,10.0,1,5.0,0.0,3,3,325.0,-49.177,-52.888,125.0,-60.38,-60.969,70.0,-62.734,-63.896,,,,,,
2026-08-07T11:14:39.904,17.107,0.031,20500,OF,ENTRANDO_OFFBOARD,12.0,1,1,H,HOLD,355.9,,,,0,C,4.6,1.15,-1.67,-5.11,19.5124793,-99.1294185,19.5124784,-99.1294166,19.5124797,-99.1294196,325.0,1,1,1,A,EN AIRE,S,comenzar_barrido,1,,45,-83,-74.417,,0,ma0,C,5.0,10.0,1,5.0,0.0,3,3,325.0,-49.177,-52.888,125.0,-60.38,-60.969,70.0,-62.734,-63.896,,,,,,
2026-08-07T11:14:40.081,17.284,0.203,20500,OF,ENTRANDO_OFFBOARD,12.0,1,1,H,HOLD,355.9,,,,0,C,4.6,1.15,-1.67,-5.11,19.5124793,-99.1294185,19.5124784,-99.1294166,19.5124797,-99.1294196,325.0,1,1,1,A,EN AIRE,S,comenzar_barrido,1,,50,-78,-74.775,,0,ma0,C,5.0,10.0,1,5.0,0.0,3,3,325.0,-49.177,-52.888,125.0,-60.38,-60.969,70.0,-62.734,-63.896,,,,,,
2026-08-07T11:14:40.329,17.532,0.25,20500,OF,ENTRANDO_OFFBOARD,12.0,1,1,H,HOLD,356.1,,,,0,C,4.6,1.15,-1.67,-5.11,19.5124793,-99.1294185,19.5124784,-99.1294166,19.5124797,-99.1294196,325.0,1,1,1,A,EN AIRE,S,comenzar_barrido,1,,52,-76,-74.897,,0,ma0,C,5.0,10.0,1,5.0,0.0,3,3,325.0,-49.177,-52.888,125.0,-60.38,-60.969,70.0,-62.734,-63.896,,,,,,
2026-08-07T11:14:40.329,17.532,0.25,20500,OF,ENTRANDO_OFFBOARD,12.0,1,1,H,HOLD,356.1,,,,0,C,4.6,1.15,-1.67,-5.11,19.5124793,-99.1294185,19.5124784,-99.1294166,19.5124797,-99.1294196,325.0,1,1,1,A,EN AIRE,S,comenzar_barrido,1,,49,-79,-75.308,,0,ma0,C,5.0,10.0,1,5.0,0.0,3,3,325.0,-49.177,-52.888,125.0,-60.38,-60.969,70.0,-62.734,-63.896,,,,,,
2026-08-07T11:14:40.596,17.799,0.157,20500,OF,ENTRANDO_OFFBOARD,12.0,1,1,H,HOLD,353.5,,,,0,C,4.6,1.14,-1.63,-5.13,19.5124791,-99.1294182,19.5124784,-99.1294166,19.5124797,-99.1294196,325.0,1,1,1,A,EN AIRE,S,comenzar_barrido,1,,51,-77,-75.477,,0,ma0,C,5.0,10.0,1,5.0,0.0,3,3,325.0,-49.177,-52.888,125.0,-60.38,-60.969,70.0,-62.734,-63.896,,,,,,
2026-08-07T11:14:40.596,17.799,0.157,20500,OF,ENTRANDO_OFFBOARD,12.0,1,1,H,HOLD,353.5,,,,0,C,4.6,1.14,-1.63,-5.13,19.5124791,-99.1294182,19.5124784,-99.1294166,19.5124797,-99.1294196,325.0,1,1,1,A,EN AIRE,S,comenzar_barrido,1,,53,-75,-75.429,,0,ma0,C,5.0,10.0,1,5.0,0.0,3,3,325.0,-49.177,-52.888,125.0,-60.38,-60.969,70.0,-62.734,-63.896,,,,,,
2026-08-07T11:14:40.760,17.963,0.0,20500,OF,ENTRANDO_OFFBOARD,12.0,1,1,H,HOLD,352.9,,,,0,C,4.6,1.13,-1.62,-5.14,19.5124791,-99.1294181,19.5124784,-99.1294166,19.5124797,-99.1294196,325.0,1,1,1,A,EN AIRE,S,comenzar_barrido,1,,53,-75,-75.386,,0,ma0,C,5.0,10.0,1,5.0,0.0,3,3,325.0,-49.177,-52.888,125.0,-60.38,-60.969,70.0,-62.734,-63.896,,,,,,
2026-08-07T11:14:41.374,18.577,0.094,20500,OF,ENTRANDO_OFFBOARD,12.0,1,1,H,HOLD,355.5,,,,0,C,4.6,1.13,-1.61,-5.13,19.5124792,-99.129418,19.5124784,-99.1294166,19.5124797,-99.1294196,325.0,1,1,1,A,EN AIRE,S,comenzar_barrido,1,,52,-76,-75.448,,0,ma0,C,5.0,10.0,1,5.0,0.0,3,3,325.0,-49.177,-52.888,125.0,-60.38,-60.969,70.0,-62.734,-63.896,,,,,,
2026-08-07T11:14:41.563,18.766,0.015,20500,OF,ENTRANDO_OFFBOARD,12.0,1,1,H,HOLD,356.5,,,,0,C,4.6,1.14,-1.61,-5.13,19.5124792,-99.129418,19.5124784,-99.1294166,19.5124797,-99.1294196,325.0,1,1,1,A,EN AIRE,S,comenzar_barrido,1,,50,-78,-75.703,,0,ma0,C,5.0,10.0,1,5.0,0.0,3,3,325.0,-49.177,-52.888,125.0,-60.38,-60.969,70.0,-62.734,-63.896,,,,,,
2026-08-07T11:14:42.375,19.579,0.25,20500,N0,ORIENTANDO_NORTE,15.0,1,1,O,OFFBOARD,357.7,0.0,-2.3,,0,C,4.6,1.14,-1.64,-5.15,19.5124792,-99.1294185,19.5124784,-99.1294166,19.5124797,-99.1294196,325.0,1,1,1,A,EN AIRE,S,comenzar_barrido,1,,51,-77,-75.833,,0,ma0,C,5.0,10.0,1,5.0,0.0,3,3,325.0,-49.177,-52.888,125.0,-60.38,-60.969,70.0,-62.734,-63.896,,,,,,
2026-08-07T11:14:42.375,19.579,0.25,20500,N0,ORIENTANDO_NORTE,15.0,1,1,O,OFFBOARD,357.7,0.0,-2.3,,0,C,4.6,1.14,-1.64,-5.15,19.5124792,-99.1294185,19.5124784,-99.1294166,19.5124797,-99.1294196,325.0,1,1,1,A,EN AIRE,S,comenzar_barrido,1,,52,-76,-75.849,,0,ma0,C,5.0,10.0,1,5.0,0.0,3,3,325.0,-49.177,-52.888,125.0,-60.38,-60.969,70.0,-62.734,-63.896,,,,,,
2026-08-07T11:14:42.865,20.068,0.484,20500,N0,ORIENTANDO_NORTE,15.0,1,1,O,OFFBOARD,2.7,0.0,2.7,,0,C,4.6,1.15,-1.68,-5.14,19.5124793,-99.1294188,19.5124784,-99.1294166,19.5124797,-99.1294196,325.0,1,1,1,A,EN AIRE,S,comenzar_barrido,1,,45,-83,-76.564,,0,ma0,C,5.0,10.0,1,5.0,0.0,3,3,325.0,-49.177,-52.888,125.0,-60.38,-60.969,70.0,-62.734,-63.896,,,,,,
2026-08-07T11:14:43.262,20.465,0.0,20500,BC,BARRIDO_CONTINUO,18.1,1,1,H,HOLD,358.1,0.5,-2.4,0.5,1,C,4.6,1.2,-1.78,-5.12,19.5124797,-99.1294196,19.5124784,-99.1294166,19.5124797,-99.1294196,325.0,1,1,1,A,EN AIRE,S,comenzar_barrido,1,,42,-86,-77.508,0.0,1,,C,5.0,10.0,1,5.0,0.0,3,3,325.0,-49.177,-52.888,125.0,-60.38,-60.969,70.0,-62.734,-63.896,,,,,,
2026-08-07T11:14:45.228,22.431,0.079,20500,BC,BARRIDO_CONTINUO,21.2,1,1,H,HOLD,359.4,16.5,-17.1,16.5,1,C,4.6,1.19,-1.8,-5.16,19.5124796,-99.1294198,19.5124784,-99.1294166,19.5124797,-99.1294196,325.0,1,1,1,A,EN AIRE,S,comenzar_barrido,1,,48,-80,-77.757,0.0,1,,C,5.0,10.0,1,5.0,0.0,3,3,325.0,-49.177,-52.888,125.0,-60.38,-60.969,70.0,-62.734,-63.896,,,,,,
2026-08-07T11:14:45.391,22.594,0.25,20500,BC,BARRIDO_CONTINUO,21.2,1,1,H,HOLD,359.4,16.5,-17.1,16.5,1,C,4.6,1.19,-1.8,-5.16,19.5124796,-99.1294198,19.5124784,-99.1294166,19.5124797,-99.1294196,325.0,1,1,1,A,EN AIRE,S,comenzar_barrido,1,,47,-81,-78.081,0.0,1,,C,5.0,10.0,1,5.0,0.0,3,3,325.0,-49.177,-52.888,125.0,-60.38,-60.969,70.0,-62.734,-63.896,,,,,,
2026-08-07T11:14:45.479,22.683,0.079,20500,BC,BARRIDO_CONTINUO,21.6,1,1,H,HOLD,359.6,18.5,-18.9,18.5,1,C,4.6,1.19,-1.8,-5.16,19.5124796,-99.1294199,19.5124784,-99.1294166,19.5124797,-99.1294196,325.0,1,1,1,A,EN AIRE,S,comenzar_barrido,1,,50,-78,-78.073,0.0,1,,C,5.0,10.0,1,5.0,0.0,3,3,325.0,-49.177,-52.888,125.0,-60.38,-60.969,70.0,-62.734,-63.896,,,,,,
2026-08-07T11:14:45.640,22.843,0.25,20500,BC,BARRIDO_CONTINUO,21.6,1,1,H,HOLD,359.6,18.5,-18.9,18.5,1,C,4.6,1.19,-1.8,-5.16,19.5124796,-99.1294199,19.5124784,-99.1294166,19.5124797,-99.1294196,325.0,1,1,1,A,EN AIRE,S,comenzar_barrido,1,,51,-77,-77.966,0.0,1,,C,5.0,10.0,1,5.0,0.0,3,3,325.0,-49.177,-52.888,125.0,-60.38,-60.969,70.0,-62.734,-63.896,,,,,,
2026-08-07T11:14:45.890,23.093,0.25,20500,BC,BARRIDO_CONTINUO,22.0,1,1,H,HOLD,359.0,20.5,-21.5,20.5,1,C,4.6,1.18,-1.81,-5.15,19.5124796,-99.12942,19.5124784,-99.1294166,19.5124797,-99.1294196,325.0,1,1,1,A,EN AIRE,S,comenzar_barrido,1,,51,-77,-77.869,0.0,1,,C,5.0,10.0,1,5.0,0.0,3,3,325.0,-49.177,-52.888,125.0,-60.38,-60.969,70.0,-62.734,-63.896,,,,,,
2026-08-07T11:14:45.890,23.093,0.25,20500,BC,BARRIDO_CONTINUO,22.0,1,1,H,HOLD,359.0,20.5,-21.5,20.5,1,C,4.6,1.18,-1.81,-5.15,19.5124796,-99.12942,19.5124784,-99.1294166,19.5124797,-99.1294196,325.0,1,1,1,A,EN AIRE,S,comenzar_barrido,1,,49,-79,-77.982,0.0,1,,C,5.0,10.0,1,5.0,0.0,3,3,325.0,-49.177,-52.888,125.0,-60.38,-60.969,70.0,-62.734,-63.896,,,,,,
2026-08-07T11:14:45.979,23.182,0.079,20500,BC,BARRIDO_CONTINUO,22.4,1,1,H,HOLD,358.6,22.5,-23.9,22.5,1,C,4.6,1.18,-1.82,-5.16,19.5124796,-99.1294201,19.5124784,-99.1294166,19.5124797,-99.1294196,325.0,1,1,1,A,EN AIRE,S,comenzar_barrido,1,,49,-79,-78.084,0.0,1,,C,5.0,10.0,1,5.0,0.0,3,3,325.0,-49.177,-52.888,125.0,-60.38,-60.969,70.0,-62.734,-63.896,,,,,,
2026-08-07T11:14:46.137,23.34,0.235,20500,BC,BARRIDO_CONTINUO,22.4,1,1,H,HOLD,358.6,22.5,-23.9,22.5,1,C,4.6,1.18,-1.82,-5.16,19.5124796,-99.1294201,19.5124784,-99.1294166,19.5124797,-99.1294196,325.0,1,1,1,A,EN AIRE,S,comenzar_barrido,1,,49,-79,-78.176,0.0,1,,C,5.0,10.0,1,5.0,0.0,3,3,325.0,-49.177,-52.888,125.0,-60.38,-60.969,70.0,-62.734,-63.896,,,,,,
2026-08-07T11:14:46.301,23.504,0.0,20500,BC,BARRIDO_CONTINUO,22.8,1,1,H,HOLD,359.3,24.5,-25.2,24.5,1,C,4.6,1.19,-1.84,-5.14,19.5124797,-99.1294202,19.5124784,-99.1294166,19.5124797,-99.1294196,325.0,1,1,1,A,EN AIRE,S,comenzar_barrido,1,,49,-79,-78.258,0.0,1,,C,5.0,10.0,1,5.0,0.0,3,3,325.0,-49.177,-52.888,125.0,-60.38,-60.969,70.0,-62.734,-63.896,,,,,,
2026-08-07T11:14:46.490,23.693,0.187,20500,BC,BARRIDO_CONTINUO,22.8,1,1,H,HOLD,359.3,24.5,-25.2,24.5,1,C,4.6,1.19,-1.84,-5.14,19.5124797,-99.1294202,19.5124784,-99.1294166,19.5124797,-99.1294196,325.0,1,1,1,A,EN AIRE,S,comenzar_barrido,1,,45,-83,-78.732,0.0,1,,C,5.0,10.0,1,5.0,0.0,3,3,325.0,-49.177,-52.888,125.0,-60.38,-60.969,70.0,-62.734,-63.896,,,,,,
2026-08-07T11:14:48.020,25.223,0.093,20500,BC,BARRIDO_CONTINUO,25.5,1,1,H,HOLD,358.8,38.5,-39.7,38.5,1,C,4.6,1.24,-1.83,-5.11,19.5124801,-99.12942,19.5124784,-99.1294166,19.5124797,-99.1294196,325.0,1,1,1,A,EN AIRE,S,comenzar_barrido,1,,49,-79,-78.759,0.0,1,,C,5.0,10.0,1,5.0,0.0,3,3,325.0,-49.177,-52.888,125.0,-60.38,-60.969,70.0,-62.734,-63.896,,,,,,
2026-08-07T11:14:48.021,25.224,0.093,20500,BC,BARRIDO_CONTINUO,25.5,1,1,H,HOLD,358.8,38.5,-39.7,38.5,1,C,4.6,1.24,-1.83,-5.11,19.5124801,-99.12942,19.5124784,-99.1294166,19.5124797,-99.1294196,325.0,1,1,1,A,EN AIRE,S,comenzar_barrido,1,,47,-81,-78.983,0.0,1,,C,5.0,10.0,1,5.0,0.0,3,3,325.0,-49.177,-52.888,125.0,-60.38,-60.969,70.0,-62.734,-63.896,,,,,,
2026-08-07T11:14:48.208,25.411,0.0,20500,BC,BARRIDO_CONTINUO,25.9,1,1,O,OFFBOARD,359.1,40.5,-41.4,40.5,1,C,4.6,1.24,-1.82,-5.1,19.5124801,-99.12942,19.5124784,-99.1294166,19.5124797,-99.1294196,325.0,1,1,1,A,EN AIRE,S,comenzar_barrido,1,,48,-80,-79.085,0.0,1,,C,5.0,10.0,1,5.0,0.0,3,3,325.0,-49.177,-52.888,125.0,-60.38,-60.969,70.0,-62.734,-63.896,,,,,,
2026-08-07T11:14:48.404,25.607,0.203,20500,BC,BARRIDO_CONTINUO,25.9,1,1,O,OFFBOARD,359.1,40.5,-41.4,40.5,1,C,4.6,1.24,-1.82,-5.1,19.5124801,-99.12942,19.5124784,-99.1294166,19.5124797,-99.1294196,325.0,1,1,1,A,EN AIRE,S,comenzar_barrido,1,,56,-72,-78.376,0.0,1,,C,5.0,10.0,1,5.0,0.0,3,3,325.0,-49.177,-52.888,125.0,-60.38,-60.969,70.0,-62.734,-63.896,,,,,,
2026-08-07T11:14:48.404,25.607,0.203,20500,BC,BARRIDO_CONTINUO,25.9,1,1,O,OFFBOARD,359.1,40.5,-41.4,40.5,1,C,4.6,1.24,-1.82,-5.1,19.5124801,-99.12942,19.5124784,-99.1294166,19.5124797,-99.1294196,325.0,1,1,1,A,EN AIRE,S,comenzar_barrido,1,,68,-60,-76.539,0.0,1,,C,5.0,10.0,1,5.0,0.0,3,3,325.0,-49.177,-52.888,125.0,-60.38,-60.969,70.0,-62.734,-63.896,,,,,,
2026-08-07T11:14:48.693,25.896,0.109,20500,BC,BARRIDO_CONTINUO,26.7,1,1,O,OFFBOARD,43.4,44.5,-1.1,44.5,1,C,4.7,1.21,-1.78,-5.19,19.5124798,-99.1294195,19.5124784,-99.1294166,19.5124797,-99.1294196,325.0,1,1,1,A,EN AIRE,S,comenzar_barrido,1,,67,-61,-74.985,45.0,1,,C,5.0,10.0,1,5.0,0.0,3,3,325.0,-49.177,-52.888,125.0,-60.38,-60.969,70.0,-62.734,-63.896,,,,,,
2026-08-07T11:14:48.837,26.039,0.25,20500,BC,BARRIDO_CONTINUO,26.7,1,1,O,OFFBOARD,43.4,44.5,-1.1,44.5,1,C,4.7,1.21,-1.78,-5.19,19.5124798,-99.1294195,19.5124784,-99.1294166,19.5124797,-99.1294196,325.0,1,1,1,A,EN AIRE,S,comenzar_barrido,1,,68,-60,-73.486,45.0,1,,C,5.0,10.0,1,5.0,0.0,3,3,325.0,-49.177,-52.888,125.0,-60.38,-60.969,70.0,-62.734,-63.896,,,,,,
2026-08-07T11:14:48.924,26.127,0.094,20500,BC,BARRIDO_CONTINUO,27.0,1,1,O,OFFBOARD,55.4,46.5,8.9,46.5,1,C,4.7,1.21,-1.78,-5.19,19.5124798,-99.1294192,19.5124784,-99.1294166,19.5124797,-99.1294196,325.0,1,1,1,A,EN AIRE,S,comenzar_barrido,1,,68,-60,-72.138,55.0,1,,C,5.0,10.0,1,5.0,0.0,3,3,325.0,-49.177,-52.888,125.0,-60.38,-60.969,70.0,-62.734,-63.896,,,,,,
2026-08-07T11:14:49.085,26.288,0.25,20500,BC,BARRIDO_CONTINUO,27.0,1,1,O,OFFBOARD,55.4,46.5,8.9,46.5,1,C,4.7,1.21,-1.78,-5.19,19.5124798,-99.1294192,19.5124784,-99.1294166,19.5124797,-99.1294196,325.0,1,1,1,A,EN AIRE,S,comenzar_barrido,1,,65,-63,-71.224,55.0,1,,C,5.0,10.0,1,5.0,0.0,3,3,325.0,-49.177,-52.888,125.0,-60.38,-60.969,70.0,-62.734,-63.896,,,,,,
2026-08-07T11:14:49.335,26.538,0.25,20500,BC,BARRIDO_CONTINUO,27.4,1,1,O,OFFBOARD,52.2,48.5,3.7,48.5,1,C,3.6,1.2,-1.73,-5.19,19.5124798,-99.129419,19.5124784,-99.1294166,19.5124797,-99.1294196,325.0,1,1,1,A,EN AIRE,S,comenzar_barrido,1,,67,-61,-70.202,50.0,1,,C,5.0,10.0,1,5.0,0.0,3,3,325.0,-49.177,-52.888,125.0,-60.38,-60.969,70.0,-62.734,-63.896,,,,,,
2026-08-07T11:14:49.422,26.625,0.094,20500,BC,BARRIDO_CONTINUO,27.8,1,1,O,OFFBOARD,45.6,50.5,-4.9,50.5,1,C,3.6,1.21,-1.69,-5.17,19.5124798,-99.1294186,19.5124784,-99.1294166,19.5124797,-99.1294196,325.0,1,1,1,A,EN AIRE,S,comenzar_barrido,1,,67,-61,-69.281,45.0,1,,C,5.0,10.0,1,5.0,0.0,3,3,325.0,-49.177,-52.888,125.0,-60.38,-60.969,70.0,-62.734,-63.896,,,,,,
2026-08-07T11:14:49.582,26.785,0.25,20500,BC,BARRIDO_CONTINUO,27.8,1,1,O,OFFBOARD,45.6,50.5,-4.9,50.5,1,C,3.6,1.21,-1.69,-5.17,19.5124798,-99.1294186,19.5124784,-99.1294166,19.5124797,-99.1294196,325.0,1,1,1,A,EN AIRE,S,comenzar_barrido,1,,67,-61,-68.453,45.0,1,,C,5.0,10.0,1,5.0,0.0,3,3,325.0,-49.177,-52.888,125.0,-60.38,-60.969,70.0,-62.734,-63.896,,,,,,
2026-08-07T11:14:49.749,26.952,0.016,20500,BC,BARRIDO_CONTINUO,28.2,1,1,O,OFFBOARD,46.5,52.5,-6.0,52.5,1,C,3.6,1.21,-1.67,-5.12,19.5124798,-99.1294186,19.5124784,-99.1294166,19.5124797,-99.1294196,325.0,1,1,1,A,EN AIRE,S,comenzar_barrido,1,,66,-62,-67.808,45.0,1,,C,5.0,10.0,1,5.0,0.0,3,3,325.0,-49.177,-52.888,125.0,-60.38,-60.969,70.0,-62.734,-63.896,,,,,,
2026-08-07T11:14:49.832,27.035,0.094,20500,BC,BARRIDO_CONTINUO,28.2,1,1,O,OFFBOARD,46.5,52.5,-6.0,52.5,1,C,3.6,1.21,-1.67,-5.12,19.5124798,-99.1294186,19.5124784,-99.1294166,19.5124797,-99.1294196,325.0,1,1,1,A,EN AIRE,S,comenzar_barrido,1,,65,-63,-67.327,45.0,1,,C,5.0,10.0,1,5.0,0.0,3,3,325.0,-49.177,-52.888,125.0,-60.38,-60.969,70.0,-62.734,-63.896,,,,,,
2026-08-07T11:14:49.940,27.144,0.203,20500,BC,BARRIDO_CONTINUO,28.2,1,1,O,OFFBOARD,46.5,52.5,-6.0,52.5,1,C,3.6,1.21,-1.67,-5.12,19.5124798,-99.1294186,19.5124784,-99.1294166,19.5124797,-99.1294196,325.0,1,1,1,A,EN AIRE,S,comenzar_barrido,1,,66,-62,-66.794,45.0,1,,C,5.0,10.0,1,5.0,0.0,3,3,325.0,-49.177,-52.888,125.0,-60.38,-60.969,70.0,-62.734,-63.896,,,,,,
2026-08-07T11:14:50.104,27.308,0.079,20500,BC,BARRIDO_CONTINUO,28.6,1,1,O,OFFBOARD,51.8,54.5,-2.7,54.5,1,C,3.5,1.19,-1.68,-5.09,19.5124797,-99.1294186,19.5124784,-99.1294166,19.5124797,-99.1294196,325.0,1,1,1,A,EN AIRE,S,comenzar_barrido,1,,66,-62,-66.315,50.0,1,,C,5.0,10.0,1,5.0,0.0,3,3,325.0,-49.177,-52.888,125.0,-60.38,-60.969,70.0,-62.734,-63.896,,,,,,
2026-08-07T11:14:50.233,27.436,0.109,20500,BC,BARRIDO_CONTINUO,29.0,1,1,O,OFFBOARD,55.2,56.5,-1.3,56.5,1,C,3.5,1.19,-1.68,-5.09,19.5124793,-99.1294187,19.5124784,-99.1294166,19.5124797,-99.1294196,325.0,1,1,1,A,EN AIRE,S,comenzar_barrido,1,,66,-62,-65.884,55.0,1,,C,5.0,10.0,1,5.0,0.0,3,3,325.0,-49.177,-52.888,125.0,-60.38,-60.969,70.0,-62.734,-63.896,,,,,,
2026-08-07T11:14:50.376,27.58,0.25,20500,BC,BARRIDO_CONTINUO,29.0,1,1,O,OFFBOARD,55.2,56.5,-1.3,56.5,1,C,3.5,1.19,-1.68,-5.09,19.5124793,-99.1294187,19.5124784,-99.1294166,19.5124797,-99.1294196,325.0,1,1,1,A,EN AIRE,S,comenzar_barrido,1,,67,-61,-65.395,55.0,1,,C,5.0,10.0,1,5.0,0.0,3,3,325.0,-49.177,-52.888,125.0,-60.38,-60.969,70.0,-62.734,-63.896,,,,,,
2026-08-07T11:14:50.477,27.681,0.094,20500,BC,BARRIDO_CONTINUO,29.4,1,1,O,OFFBOARD,56.3,58.5,-2.2,58.5,1,C,3.5,1.14,-1.69,-5.07,19.512479,-99.1294188,19.5124784,-99.1294166,19.5124797,-99.1294196,325.0,1,1,1,A,EN AIRE,S,comenzar_barrido,1,,67,-61,-64.956,55.0,1,,C,5.0,10.0,1,5.0,0.0,3,3,325.0,-49.177,-52.888,125.0,-60.38,-60.969,70.0,-62.734,-63.896,,,,,,
2026-08-07T11:14:50.648,27.851,0.265,20500,BC,BARRIDO_CONTINUO,29.4,1,1,O,OFFBOARD,56.3,58.5,-2.2,58.5,1,C,3.5,1.14,-1.69,-5.07,19.512479,-99.1294188,19.5124784,-99.1294166,19.5124797,-99.1294196,325.0,1,1,1,A,EN AIRE,S,comenzar_barrido,1,,67,-61,-64.56,55.0,1,,C,5.0,10.0,1,5.0,0.0,3,3,325.0,-49.177,-52.888,125.0,-60.38,-60.969,70.0,-62.734,-63.896,,,,,,
2026-08-07T11:14:50.739,27.943,0.094,20500,BC,BARRIDO_CONTINUO,29.8,1,1,O,OFFBOARD,56.8,60.5,-3.7,60.5,1,C,3.5,1.1,-1.7,-5.06,19.5124788,-99.1294188,19.5124784,-99.1294166,19.5124797,-99.1294196,325.0,1,1,1,A,EN AIRE,S,comenzar_barrido,1,,67,-61,-64.204,55.0,1,,C,5.0,10.0,1,5.0,0.0,3,3,325.0,-49.177,-52.888,125.0,-60.38,-60.969,70.0,-62.734,-63.896,,,,,,
2026-08-07T11:14:50.907,28.11,0.266,20500,BC,BARRIDO_CONTINUO,29.8,1,1,O,OFFBOARD,56.8,60.5,-3.7,60.5,1,C,3.5,1.1,-1.7,-5.06,19.5124788,-99.1294188,19.5124784,-99.1294166,19.5124797,-99.1294196,325.0,1,1,1,A,EN AIRE,S,comenzar_barrido,1,,67,-61,-63.884,55.0,1,,C,5.0,10.0,1,5.0,0.0,3,3,325.0,-49.177,-52.888,125.0,-60.38,-60.969,70.0,-62.734,-63.896,,,,,,
2026-08-07T11:14:51.003,28.206,0.094,20500,BC,BARRIDO_CONTINUO,30.2,1,1,O,OFFBOARD,59.5,62.5,-3.0,62.5,1,C,3.5,1.07,-1.7,-5.07,19.5124785,-99.1294188,19.5124784,-99.1294166,19.5124797,-99.1294196,325.0,1,1,1,A,EN AIRE,S,comenzar_barrido,1,,67,-61,-63.595,60.0,1,,C,5.0,10.0,1,5.0,0.0,3,3,325.0,-49.177,-52.888,125.0,-60.38,-60.969,70.0,-62.734,-63.896,,,,,,
2026-08-07T11:14:51.172,28.375,0.266,20500,BC,BARRIDO_CONTINUO,30.2,1,1,O,OFFBOARD,59.5,62.5,-3.0,62.5,1,C,3.5,1.07,-1.7,-5.07,19.5124785,-99.1294188,19.5124784,-99.1294166,19.5124797,-99.1294196,325.0,1,1,1,A,EN AIRE,S,comenzar_barrido,1,,66,-62,-63.436,60.0,1,,C,5.0,10.0,1,5.0,0.0,3,3,325.0,-49.177,-52.888,125.0,-60.38,-60.969,70.0,-62.734,-63.896,,,,,,
2026-08-07T11:14:51.267,28.47,0.093,20500,BC,BARRIDO_CONTINUO,30.5,1,1,O,OFFBOARD,60.9,64.5,-3.6,64.5,1,C,3.5,1.07,-1.7,-5.07,19.5124784,-99.1294187,19.5124784,-99.1294166,19.5124797,-99.1294196,325.0,1,1,1,A,EN AIRE,S,comenzar_barrido,1,,67,-61,-63.192,60.0,1,,C,5.0,10.0,1,5.0,0.0,3,3,325.0,-49.177,-52.888,125.0,-60.38,-60.969,70.0,-62.734,-63.896,,,,,,
2026-08-07T11:14:51.431,28.634,0.25,20500,BC,BARRIDO_CONTINUO,30.5,1,1,O,OFFBOARD,60.9,64.5,-3.6,64.5,1,C,3.5,1.07,-1.7,-5.07,19.5124784,-99.1294187,19.5124784,-99.1294166,19.5124797,-99.1294196,325.0,1,1,1,A,EN AIRE,S,comenzar_barrido,1,,67,-61,-62.973,60.0,1,,C,5.0,10.0,1,5.0,0.0,3,3,325.0,-49.177,-52.888,125.0,-60.38,-60.969,70.0,-62.734,-63.896,,,,,,
2026-08-07T11:14:51.680,28.884,0.25,20500,BC,BARRIDO_CONTINUO,30.9,1,1,O,OFFBOARD,64.5,66.5,-2.0,66.5,1,C,3.5,1.05,-1.68,-5.07,19.5124783,-99.1294186,19.5124784,-99.1294166,19.5124797,-99.1294196,325.0,1,1,1,A,EN AIRE,S,comenzar_barrido,1,,67,-61,-62.776,65.0,1,,C,5.0,10.0,1,5.0,0.0,3,3,325.0,-49.177,-52.888,125.0,-60.38,-60.969,70.0,-62.734,-63.896,,,,,,
2026-08-07T11:14:51.680,28.884,0.25,20500,BC,BARRIDO_CONTINUO,30.9,1,1,O,OFFBOARD,64.5,66.5,-2.0,66.5,1,C,3.5,1.05,-1.68,-5.07,19.5124783,-99.1294186,19.5124784,-99.1294166,19.5124797,-99.1294196,325.0,1,1,1,A,EN AIRE,S,comenzar_barrido,1,,65,-63,-62.798,65.0,1,,C,5.0,10.0,1,5.0,0.0,3,3,325.0,-49.177,-52.888,125.0,-60.38,-60.969,70.0,-62.734,-63.896,,,,,,
2026-08-07T11:14:51.935,29.139,0.265,20500,BC,BARRIDO_CONTINUO,31.3,1,1,O,OFFBOARD,65.4,68.5,-3.1,68.5,1,C,3.5,1.04,-1.66,-5.06,19.5124783,-99.1294185,19.5124784,-99.1294166,19.5124797,-99.1294196,325.0,1,1,1,A,EN AIRE,S,comenzar_barrido,1,,65,-63,-62.818,65.0,1,,C,5.0,10.0,1,5.0,0.0,3,3,325.0,-49.177,-52.888,125.0,-60.38,-60.969,70.0,-62.734,-63.896,,,,,,
2026-08-07T11:14:51.935,29.139,0.265,20500,BC,BARRIDO_CONTINUO,31.3,1,1,O,OFFBOARD,65.4,68.5,-3.1,68.5,1,C,3.5,1.04,-1.66,-5.06,19.5124783,-99.1294185,19.5124784,-99.1294166,19.5124797,-99.1294196,325.0,1,1,1,A,EN AIRE,S,comenzar_barrido,1,,67,-61,-62.636,65.0,1,,C,5.0,10.0,1,5.0,0.0,3,3,325.0,-49.177,-52.888,125.0,-60.38,-60.969,70.0,-62.734,-63.896,,,,,,
2026-08-07T11:14:52.273,29.476,0.078,20500,BC,BARRIDO_CONTINUO,32.1,1,1,O,OFFBOARD,69.3,72.5,-3.2,72.5,1,C,3.5,1.05,-1.63,-5.08,19.5124784,-99.1294183,19.5124784,-99.1294166,19.5124797,-99.1294196,325.0,1,1,1,A,EN AIRE,S,comenzar_barrido,1,,65,-63,-62.673,70.0,1,,C,5.0,10.0,1,5.0,0.0,3,3,325.0,-49.177,-52.888,125.0,-60.38,-60.969,70.0,-62.734,-63.896,,,,,,
2026-08-07T11:14:52.473,29.676,0.172,20500,BC,BARRIDO_CONTINUO,32.5,1,1,O,OFFBOARD,71.8,74.5,-2.7,74.5,1,C,3.5,1.05,-1.63,-5.08,19.5124785,-99.1294181,19.5124784,-99.1294166,19.5124797,-99.1294196,325.0,1,1,1,A,EN AIRE,S,comenzar_barrido,1,,66,-62,-62.606,70.0,1,,C,5.0,10.0,1,5.0,0.0,3,3,325.0,-49.177,-52.888,125.0,-60.38,-60.969,70.0,-62.734,-63.896,,,,,,
2026-08-07T11:14:52.473,29.676,0.172,20500,BC,BARRIDO_CONTINUO,32.5,1,1,O,OFFBOARD,71.8,74.5,-2.7,74.5,1,C,3.5,1.05,-1.63,-5.08,19.5124785,-99.1294181,19.5124784,-99.1294166,19.5124797,-99.1294196,325.0,1,1,1,A,EN AIRE,S,comenzar_barrido,1,,63,-65,-62.845,70.0,1,,C,5.0,10.0,1,5.0,0.0,3,3,325.0,-49.177,-52.888,125.0,-60.38,-60.969,70.0,-62.734,-63.896,,,,,,
2026-08-07T11:14:52.474,29.677,0.172,20500,BC,BARRIDO_CONTINUO,32.5,1,1,O,OFFBOARD,71.8,74.5,-2.7,74.5,1,C,3.5,1.05,-1.63,-5.08,19.5124785,-99.1294181,19.5124784,-99.1294166,19.5124797,-99.1294196,325.0,1,1,1,A,EN AIRE,S,comenzar_barrido,1,,66,-62,-62.76,70.0,1,,C,5.0,10.0,1,5.0,0.0,3,3,325.0,-49.177,-52.888,125.0,-60.38,-60.969,70.0,-62.734,-63.896,,,,,,
2026-08-07T11:14:52.566,29.77,0.265,20500,BC,BARRIDO_CONTINUO,32.5,1,1,O,OFFBOARD,71.8,74.5,-2.7,74.5,1,C,3.5,1.05,-1.63,-5.08,19.5124785,-99.1294181,19.5124784,-99.1294166,19.5124797,-99.1294196,325.0,1,1,1,A,EN AIRE,S,comenzar_barrido,1,,65,-63,-62.784,70.0,1,,C,5.0,10.0,1,5.0,0.0,3,3,325.0,-49.177,-52.888,125.0,-60.38,-60.969,70.0,-62.734,-63.896,,,,,,
2026-08-07T11:14:52.861,30.065,0.109,20500,BC,BARRIDO_CONTINUO,33.3,1,1,O,OFFBOARD,76.1,78.5,-2.4,78.5,1,C,3.5,1.12,-1.59,-5.08,19.5124791,-99.1294177,19.5124784,-99.1294166,19.5124797,-99.1294196,325.0,1,1,1,A,EN AIRE,S,comenzar_barrido,1,,62,-66,-63.106,75.0,1,,C,5.0,10.0,1,5.0,0.0,3,3,325.0,-49.177,-52.888,125.0,-60.38,-60.969,70.0,-62.734,-63.896,,,,,,
2026-08-07T11:14:53.006,30.209,0.25,20500,BC,BARRIDO_CONTINUO,33.3,1,1,O,OFFBOARD,76.1,78.5,-2.4,78.5,1,C,3.5,1.12,-1.59,-5.08,19.5124791,-99.1294177,19.5124784,-99.1294166,19.5124797,-99.1294196,325.0,1,1,1,A,EN AIRE,S,comenzar_barrido,1,,64,-64,-63.195,75.0,1,,C,5.0,10.0,1,5.0,0.0,3,3,325.0,-49.177,-52.888,125.0,-60.38,-60.969,70.0,-62.734,-63.896,,,,,,
2026-08-07T11:14:53.006,30.209,0.25,20500,BC,BARRIDO_CONTINUO,33.3,1,1,O,OFFBOARD,76.1,78.5,-2.4,78.5,1,C,3.5,1.12,-1.59,-5.08,19.5124791,-99.1294177,19.5124784,-99.1294166,19.5124797,-99.1294196,325.0,1,1,1,A,EN AIRE,S,comenzar_barrido,1,,64,-64,-63.276,75.0,1,,C,5.0,10.0,1,5.0,0.0,3,3,325.0,-49.177,-52.888,125.0,-60.38,-60.969,70.0,-62.734,-63.896,,,,,,
2026-08-07T11:14:53.265,30.468,0.093,20500,BC,BARRIDO_CONTINUO,33.7,1,1,O,OFFBOARD,78.9,80.5,-1.6,80.5,1,C,3.5,1.14,-1.56,-5.08,19.5124792,-99.1294175,19.5124784,-99.1294166,19.5124797,-99.1294196,325.0,1,1,1,A,EN AIRE,S,comenzar_barrido,1,,64,-64,-63.348,80.0,1,,C,5.0,10.0,1,5.0,0.0,3,3,325.0,-49.177,-52.888,125.0,-60.38,-60.969,70.0,-62.734,-63.896,,,,,,
2026-08-07T11:14:53.265,30.468,0.093,20500,BC,BARRIDO_CONTINUO,33.7,1,1,O,OFFBOARD,78.9,80.5,-1.6,80.5,1,C,3.5,1.14,-1.56,-5.08,19.5124792,-99.1294175,19.5124784,-99.1294166,19.5124797,-99.1294196,325.0,1,1,1,A,EN AIRE,S,comenzar_barrido,1,,60,-68,-63.813,80.0,1,,C,5.0,10.0,1,5.0,0.0,3,3,325.0,-49.177,-52.888,125.0,-60.38,-60.969,70.0,-62.734,-63.896,,,,,,
2026-08-07T11:14:53.452,30.655,0.016,20500,BC,BARRIDO_CONTINUO,34.0,1,1,O,OFFBOARD,80.6,82.5,-1.9,82.5,1,C,3.5,1.14,-1.56,-5.08,19.5124792,-99.1294174,19.5124784,-99.1294166,19.5124797,-99.1294196,325.0,1,1,1,A,EN AIRE,S,comenzar_barrido,1,,65,-63,-63.732,80.0,1,,C,5.0,10.0,1,5.0,0.0,3,3,325.0,-49.177,-52.888,125.0,-60.38,-60.969,70.0,-62.734,-63.896,,,,,,
2026-08-07T11:14:53.539,30.742,0.094,20500,BC,BARRIDO_CONTINUO,34.0,1,1,O,OFFBOARD,80.6,82.5,-1.9,82.5,1,C,3.5,1.14,-1.56,-5.08,19.5124792,-99.1294174,19.5124784,-99.1294166,19.5124797,-99.1294196,325.0,1,1,1,A,EN AIRE,S,comenzar_barrido,1,,60,-68,-64.159,80.0,1,,C,5.0,10.0,1,5.0,0.0,3,3,325.0,-49.177,-52.888,125.0,-60.38,-60.969,70.0,-62.734,-63.896,,,,,,
2026-08-07T11:14:53.724,30.927,0.016,20500,BC,BARRIDO_CONTINUO,34.4,1,1,O,OFFBOARD,81.8,84.5,-2.7,84.5,1,C,3.5,1.15,-1.54,-5.08,19.5124794,-99.1294174,19.5124784,-99.1294166,19.5124797,-99.1294196,325.0,1,1,1,A,EN AIRE,S,comenzar_barrido,1,,60,-68,-64.543,80.0,1,,C,5.0,10.0,1,5.0,0.0,3,3,325.0,-49.177,-52.888,125.0,-60.38,-60.969,70.0,-62.734,-63.896,,,,,,
2026-08-07T11:14:53.807,31.01,0.094,20500,BC,BARRIDO_CONTINUO,34.4,1,1,O,OFFBOARD,81.8,84.5,-2.7,84.5,1,C,3.5,1.15,-1.54,-5.08,19.5124794,-99.1294174,19.5124784,-99.1294166,19.5124797,-99.1294196,325.0,1,1,1,A,EN AIRE,S,comenzar_barrido,1,,62,-66,-64.689,80.0,1,,C,5.0,10.0,1,5.0,0.0,3,3,325.0,-49.177,-52.888,125.0,-60.38,-60.969,70.0,-62.734,-63.896,,,,,,
2026-08-07T11:14:53.936,31.139,0.125,20500,BC,BARRIDO_CONTINUO,34.8,1,1,O,OFFBOARD,83.2,86.5,-3.3,86.5,1,C,3.5,1.17,-1.54,-5.09,19.5124795,-99.1294174,19.5124784,-99.1294166,19.5124797,-99.1294196,325.0,1,1,1,A,EN AIRE,S,comenzar_barrido,1,,63,-65,-64.72,85.0,1,,C,5.0,10.0,1,5.0,0.0,3,3,325.0,-49.177,-52.888,125.0,-60.38,-60.969,70.0,-62.734,-63.896,,,,,,
2026-08-07T11:14:54.090,31.293,0.266,20500,BC,BARRIDO_CONTINUO,34.8,1,1,O,OFFBOARD,83.2,86.5,-3.3,86.5,1,C,3.5,1.17,-1.54,-5.09,19.5124795,-99.1294174,19.5124784,-99.1294166,19.5124797,-99.1294196,325.0,1,1,1,A,EN AIRE,S,comenzar_barrido,1,,63,-65,-64.748,85.0,1,,C,5.0,10.0,1,5.0,0.0,3,3,325.0,-49.177,-52.888,125.0,-60.38,-60.969,70.0,-62.734,-63.896,,,,,,
2026-08-07T11:14:54.180,31.383,0.36,20500,BC,BARRIDO_CONTINUO,34.8,1,1,O,OFFBOARD,83.2,86.5,-3.3,86.5,1,C,3.5,1.17,-1.54,-5.09,19.5124795,-99.1294174,19.5124784,-99.1294166,19.5124797,-99.1294196,325.0,1,1,1,A,EN AIRE,S,comenzar_barrido,1,,64,-64,-64.673,85.0,1,,C,5.0,10.0,1,5.0,0.0,3,3,325.0,-49.177,-52.888,125.0,-60.38,-60.969,70.0,-62.734,-63.896,,,,,,
2026-08-07T11:14:54.363,31.566,0.109,20500,BC,BARRIDO_CONTINUO,35.6,1,1,O,OFFBOARD,88.4,90.5,-2.1,90.5,1,C,3.6,1.19,-1.58,-5.13,19.5124797,-99.1294177,19.5124784,-99.1294166,19.5124797,-99.1294196,325.0,1,1,1,A,EN AIRE,S,comenzar_barrido,1,,64,-64,-64.606,90.0,1,,C,5.0,10.0,1,5.0,0.0,3,3,325.0,-49.177,-52.888,125.0,-60.38,-60.969,70.0,-62.734,-63.896,,,,,,
2026-08-07T11:14:54.460,31.663,0.203,20500,BC,BARRIDO_CONTINUO,35.6,1,1,O,OFFBOARD,88.4,90.5,-2.1,90.5,1,C,3.6,1.19,-1.58,-5.13,19.5124797,-99.1294177,19.5124784,-99.1294166,19.5124797,-99.1294196,325.0,1,1,1,A,EN AIRE,S,comenzar_barrido,1,,64,-64,-64.545,90.0,1,,C,5.0,10.0,1,5.0,0.0,3,3,325.0,-49.177,-52.888,125.0,-60.38,-60.969,70.0,-62.734,-63.896,,,,,,
2026-08-07T11:14:54.642,31.845,0.093,20500,BC,BARRIDO_CONTINUO,36.0,1,1,O,OFFBOARD,90.3,92.5,-2.2,92.5,1,C,3.6,1.19,-1.58,-5.13,19.5124798,-99.1294179,19.5124784,-99.1294166,19.5124797,-99.1294196,325.0,1,1,1,A,EN AIRE,S,comenzar_barrido,1,,64,-64,-64.491,90.0,1,,C,5.0,10.0,1,5.0,0.0,3,3,325.0,-49.177,-52.888,125.0,-60.38,-60.969,70.0,-62.734,-63.896,,,,,,
2026-08-07T11:14:54.881,32.084,0.328,20500,BC,BARRIDO_CONTINUO,36.0,1,1,O,OFFBOARD,90.3,92.5,-2.2,92.5,1,C,3.6,1.19,-1.58,-5.13,19.5124798,-99.1294179,19.5124784,-99.1294166,19.5124797,-99.1294196,325.0,1,1,1,A,EN AIRE,S,comenzar_barrido,1,,59,-69,-64.942,90.0,1,,C,5.0,10.0,1,5.0,0.0,3,3,325.0,-49.177,-52.888,125.0,-60.38,-60.969,70.0,-62.734,-63.896,,,,,,
2026-08-07T11:14:55.017,32.22,0.093,20500,BC,BARRIDO_CONTINUO,36.4,1,1,O,OFFBOARD,93.4,94.5,-1.1,94.5,1,C,3.6,1.22,-1.6,-5.12,19.51248,-99.1294181,19.5124784,-99.1294166,19.5124797,-99.1294196,325.0,1,1,1,A,EN AIRE,S,comenzar_barrido,1,,67,-61,-64.547,95.0,1,,C,5.0,10.0,1,5.0,0.0,3,3,325.0,-49.177,-52.888,125.0,-60.38,-60.969,70.0,-62.734,-63.896,,,,,,
2026-08-07T11:14:55.187,32.39,0.265,20500,BC,BARRIDO_CONTINUO,36.4,1,1,O,OFFBOARD,93.4,94.5,-1.1,94.5,1,C,3.6,1.22,-1.6,-5.12,19.51248,-99.1294181,19.5124784,-99.1294166,19.5124797,-99.1294196,325.0,1,1,1,A,EN AIRE,S,comenzar_barrido,1,,65,-63,-64.393,95.0,1,,C,5.0,10.0,1,5.0,0.0,3,3,325.0,-49.177,-52.888,125.0,-60.38,-60.969,70.0,-62.734,-63.896,,,,,,
2026-08-07T11:14:55.187,32.39,0.265,20500,BC,BARRIDO_CONTINUO,36.4,1,1,O,OFFBOARD,93.4,94.5,-1.1,94.5,1,C,3.6,1.22,-1.6,-5.12,19.51248,-99.1294181,19.5124784,-99.1294166,19.5124797,-99.1294196,325.0,1,1,1,A,EN AIRE,S,comenzar_barrido,1,,62,-66,-64.553,95.0,1,,C,5.0,10.0,1,5.0,0.0,3,3,325.0,-49.177,-52.888,125.0,-60.38,-60.969,70.0,-62.734,-63.896,,,,,,
2026-08-07T11:14:55.442,32.645,0.25,20500,BC,BARRIDO_CONTINUO,36.8,1,1,O,OFFBOARD,95.1,96.5,-1.4,96.5,1,C,3.5,1.24,-1.63,-5.11,19.5124802,-99.1294183,19.5124784,-99.1294166,19.5124797,-99.1294196,325.0,1,1,1,A,EN AIRE,S,comenzar_barrido,1,,66,-62,-64.298,95.0,1,,C,5.0,10.0,1,5.0,0.0,3,3,325.0,-49.177,-52.888,125.0,-60.38,-60.969,70.0,-62.734,-63.896,,,,,,
2026-08-07T11:14:55.442,32.645,0.25,20500,BC,BARRIDO_CONTINUO,36.8,1,1,O,OFFBOARD,95.1,96.5,-1.4,96.5,1,C,3.5,1.24,-1.63,-5.11,19.5124802,-99.1294183,19.5124784,-99.1294166,19.5124797,-99.1294196,325.0,1,1,1,A,EN AIRE,S,comenzar_barrido,1,,66,-62,-64.068,95.0,1,,C,5.0,10.0,1,5.0,0.0,3,3,325.0,-49.177,-52.888,125.0,-60.38,-60.969,70.0,-62.734,-63.896,,,,,,
2026-08-07T11:14:55.527,32.73,0.328,20500,BC,BARRIDO_CONTINUO,36.8,1,1,O,OFFBOARD,95.1,96.5,-1.4,96.5,1,C,3.5,1.24,-1.63,-5.11,19.5124802,-99.1294183,19.5124784,-99.1294166,19.5124797,-99.1294196,325.0,1,1,1,A,EN AIRE,S,comenzar_barrido,1,,66,-62,-63.861,95.0,1,,C,5.0,10.0,1,5.0,0.0,3,3,325.0,-49.177,-52.888,125.0,-60.38,-60.969,70.0,-62.734,-63.896,,,,,,
2026-08-07T11:14:55.733,32.937,0.187,20500,BC,BARRIDO_CONTINUO,37.5,1,1,O,OFFBOARD,97.9,100.5,-2.6,100.5,1,C,3.6,1.26,-1.64,-5.11,19.5124803,-99.1294183,19.5124784,-99.1294166,19.5124797,-99.1294196,325.0,1,1,1,A,EN AIRE,S,comenzar_barrido,1,,67,-61,-63.575,100.0,1,,C,5.0,10.0,1,5.0,0.0,3,3,325.0,-49.177,-52.888,125.0,-60.38,-60.969,70.0,-62.734,-63.896,,,,,,
2026-08-07T11:14:55.914,33.117,0.359,20500,BC,BARRIDO_CONTINUO,37.5,1,1,O,OFFBOARD,97.9,100.5,-2.6,100.5,1,C,3.6,1.26,-1.64,-5.11,19.5124803,-99.1294183,19.5124784,-99.1294166,19.5124797,-99.1294196,325.0,1,1,1,A,EN AIRE,S,comenzar_barrido,1,,64,-64,-63.618,100.0,1,,C,5.0,10.0,1,5.0,0.0,3,3,325.0,-49.177,-52.888,125.0,-60.38,-60.969,70.0,-62.734,-63.896,,,,,,
2026-08-07T11:14:56.087,33.291,0.172,20500,BC,BARRIDO_CONTINUO,37.9,1,1,O,OFFBOARD,100.6,102.5,-1.9,102.5,1,C,3.6,1.27,-1.64,-5.11,19.5124804,-99.1294183,19.5124784,-99.1294166,19.5124797,-99.1294196,325.0,1,1,1,A,EN AIRE,S,comenzar_barrido,1,,67,-61,-63.356,100.0,1,,C,5.0,10.0,1,5.0,0.0,3,3,325.0,-49.177,-52.888,125.0,-60.38,-60.969,70.0,-62.734,-63.896,,,,,,
2026-08-07T11:14:56.198,33.401,0.109,20500,BC,BARRIDO_CONTINUO,38.3,1,1,O,OFFBOARD,103.1,104.5,-1.4,104.5,1,C,3.6,1.28,-1.64,-5.11,19.5124804,-99.1294184,19.5124784,-99.1294166,19.5124797,-99.1294196,325.0,1,1,1,A,EN AIRE,S,comenzar_barrido,1,,66,-62,-63.22,105.0,1,,C,5.0,10.0,1,5.0,0.0,3,3,325.0,-49.177,-52.888,125.0,-60.38,-60.969,70.0,-62.734,-63.896,,,,,,
2026-08-07T11:14:56.359,33.562,0.172,20500,BC,BARRIDO_CONTINUO,38.7,1,1,O,OFFBOARD,104.5,106.5,-2.0,106.5,1,C,3.6,1.27,-1.65,-5.12,19.5124804,-99.1294184,19.5124784,-99.1294166,19.5124797,-99.1294196,325.0,1,1,1,A,EN AIRE,S,comenzar_barrido,1,,67,-61,-62.998,105.0,1,,C,5.0,10.0,1,5.0,0.0,3,3,325.0,-49.177,-52.888,125.0,-60.38,-60.969,70.0,-62.734,-63.896,,,,,,
2026-08-07T11:14:56.447,33.651,0.25,20500,BC,BARRIDO_CONTINUO,38.7,1,1,O,OFFBOARD,104.5,106.5,-2.0,106.5,1,C,3.6,1.27,-1.65,-5.12,19.5124804,-99.1294184,19.5124784,-99.1294166,19.5124797,-99.1294196,325.0,1,1,1,A,EN AIRE,S,comenzar_barrido,1,,67,-61,-62.799,105.0,1,,C,5.0,10.0,1,5.0,0.0,3,3,325.0,-49.177,-52.888,125.0,-60.38,-60.969,70.0,-62.734,-63.896,,,,,,
2026-08-07T11:14:56.713,33.917,0.078,20500,BC,BARRIDO_CONTINUO,39.1,1,1,O,OFFBOARD,107.0,108.5,-1.5,108.5,1,C,3.6,1.26,-1.66,-5.14,19.5124803,-99.1294185,19.5124784,-99.1294166,19.5124797,-99.1294196,325.0,1,1,1,A,EN AIRE,S,comenzar_barrido,1,,67,-61,-62.619,105.0,1,,C,5.0,10.0,1,5.0,0.0,3,3,325.0,-49.177,-52.888,125.0,-60.38,-60.969,70.0,-62.734,-63.896,,,,,,
2026-08-07T11:14:56.876,34.079,0.25,20500,BC,BARRIDO_CONTINUO,39.1,1,1,O,OFFBOARD,107.0,108.5,-1.5,108.5,1,C,3.6,1.26,-1.66,-5.14,19.5124803,-99.1294185,19.5124784,-99.1294166,19.5124797,-99.1294196,325.0,1,1,1,A,EN AIRE,S,comenzar_barrido,1,,68,-60,-62.357,105.0,1,,C,5.0,10.0,1,5.0,0.0,3,3,325.0,-49.177,-52.888,125.0,-60.38,-60.969,70.0,-62.734,-63.896,,,,,,
2026-08-07T11:14:56.876,34.079,0.25,20500,BC,BARRIDO_CONTINUO,39.1,1,1,O,OFFBOARD,107.0,108.5,-1.5,108.5,1,C,3.6,1.26,-1.66,-5.14,19.5124803,-99.1294185,19.5124784,-99.1294166,19.5124797,-99.1294196,325.0,1,1,1,A,EN AIRE,S,comenzar_barrido,1,,67,-61,-62.221,105.0,1,,C,5.0,10.0,1,5.0,0.0,3,3,325.0,-49.177,-52.888,125.0,-60.38,-60.969,70.0,-62.734,-63.896,,,,,,
2026-08-07T11:14:56.966,34.17,0.094,20500,BC,BARRIDO_CONTINUO,39.5,1,1,O,OFFBOARD,108.9,110.5,-1.6,110.5,1,C,3.6,1.26,-1.66,-5.14,19.5124803,-99.1294185,19.5124784,-99.1294166,19.5124797,-99.1294196,325.0,1,1,1,A,EN AIRE,S,comenzar_barrido,1,,67,-61,-62.099,110.0,1,,C,5.0,10.0,1,5.0,0.0,3,3,325.0,-49.177,-52.888,125.0,-60.38,-60.969,70.0,-62.734,-63.896,,,,,,
2026-08-07T11:14:57.134,34.337,0.25,20500,BC,BARRIDO_CONTINUO,39.5,1,1,O,OFFBOARD,108.9,110.5,-1.6,110.5,1,C,3.6,1.26,-1.66,-5.14,19.5124803,-99.1294185,19.5124784,-99.1294166,19.5124797,-99.1294196,325.0,1,1,1,A,EN AIRE,S,comenzar_barrido,1,,68,-60,-61.889,110.0,1,,C,5.0,10.0,1,5.0,0.0,3,3,325.0,-49.177,-52.888,125.0,-60.38,-60.969,70.0,-62.734,-63.896,,,,,,
2026-08-07T11:14:57.222,34.425,0.094,20500,BC,BARRIDO_CONTINUO,39.9,1,1,O,OFFBOARD,111.2,112.5,-1.3,112.5,1,C,3.6,1.26,-1.66,-5.14,19.5124803,-99.1294185,19.5124784,-99.1294166,19.5124797,-99.1294196,325.0,1,1,1,A,EN AIRE,S,comenzar_barrido,1,,67,-61,-61.8,110.0,1,,C,5.0,10.0,1,5.0,0.0,3,3,325.0,-49.177,-52.888,125.0,-60.38,-60.969,70.0,-62.734,-63.896,,,,,,
2026-08-07T11:14:57.386,34.589,0.25,20500,BC,BARRIDO_CONTINUO,39.9,1,1,O,OFFBOARD,111.2,112.5,-1.3,112.5,1,C,3.6,1.26,-1.66,-5.14,19.5124803,-99.1294185,19.5124784,-99.1294166,19.5124797,-99.1294196,325.0,1,1,1,A,EN AIRE,S,comenzar_barrido,1,,68,-60,-61.62,110.0,1,,C,5.0,10.0,1,5.0,0.0,3,3,325.0,-49.177,-52.888,125.0,-60.38,-60.969,70.0,-62.734,-63.896,,,,,,
2026-08-07T11:14:57.477,34.68,0.094,20500,BC,BARRIDO_CONTINUO,40.3,1,1,O,OFFBOARD,112.1,114.5,-2.4,114.5,1,C,3.6,1.26,-1.66,-5.14,19.5124803,-99.1294185,19.5124784,-99.1294166,19.5124797,-99.1294196,325.0,1,1,1,A,EN AIRE,S,comenzar_barrido,1,,68,-60,-61.458,110.0,1,,C,5.0,10.0,1,5.0,0.0,3,3,325.0,-49.177,-52.888,125.0,-60.38,-60.969,70.0,-62.734,-63.896,,,,,,
2026-08-07T11:14:57.637,34.841,0.25,20500,BC,BARRIDO_CONTINUO,40.3,1,1,O,OFFBOARD,112.1,114.5,-2.4,114.5,1,C,3.6,1.26,-1.66,-5.14,19.5124803,-99.1294185,19.5124784,-99.1294166,19.5124797,-99.1294196,325.0,1,1,1,A,EN AIRE,S,comenzar_barrido,1,,68,-60,-61.312,110.0,1,,C,5.0,10.0,1,5.0,0.0,3,3,325.0,-49.177,-52.888,125.0,-60.38,-60.969,70.0,-62.734,-63.896,,,,,,
2026-08-07T11:14:57.726,34.929,0.079,20500,BC,BARRIDO_CONTINUO,40.7,1,1,O,OFFBOARD,113.9,116.5,-2.6,116.5,1,C,3.6,1.26,-1.66,-5.15,19.5124803,-99.1294185,19.5124784,-99.1294166,19.5124797,-99.1294196,325.0,1,1,1,A,EN AIRE,S,comenzar_barrido,1,,68,-60,-61.181,115.0,1,,C,5.0,10.0,1,5.0,0.0,3,3,325.0,-49.177,-52.888,125.0,-60.38,-60.969,70.0,-62.734,-63.896,,,,,,
2026-08-07T11:14:57.911,35.114,0.172,20500,BC,BARRIDO_CONTINUO,41.0,1,1,O,OFFBOARD,115.2,118.5,-3.3,118.5,1,C,3.6,1.26,-1.66,-5.15,19.5124803,-99.1294186,19.5124784,-99.1294166,19.5124797,-99.1294196,325.0,1,1,1,A,EN AIRE,S,comenzar_barrido,1,,68,-60,-61.063,115.0,1,,C,5.0,10.0,1,5.0,0.0,3,3,325.0,-49.177,-52.888,125.0,-60.38,-60.969,70.0,-62.734,-63.896,,,,,,
2026-08-07T11:14:58.001,35.204,0.266,20500,BC,BARRIDO_CONTINUO,41.0,1,1,O,OFFBOARD,115.2,118.5,-3.3,118.5,1,C,3.6,1.26,-1.66,-5.15,19.5124803,-99.1294186,19.5124784,-99.1294166,19.5124797,-99.1294196,325.0,1,1,1,A,EN AIRE,S,comenzar_barrido,1,,68,-60,-60.957,115.0,1,,C,5.0,10.0,1,5.0,0.0,3,3,325.0,-49.177,-52.888,125.0,-60.38,-60.969,70.0,-62.734,-63.896,,,,,,
2026-08-07T11:14:58.166,35.369,0.078,20500,BC,BARRIDO_CONTINUO,41.4,1,1,O,OFFBOARD,118.7,120.5,-1.8,120.5,1,C,3.6,1.26,-1.67,-5.15,19.5124802,-99.1294186,19.5124784,-99.1294166,19.5124797,-99.1294196,325.0,1,1,1,A,EN AIRE,S,comenzar_barrido,1,,69,-59,-60.761,120.0,1,,C,5.0,10.0,1,5.0,0.0,3,3,325.0,-49.177,-52.888,125.0,-60.38,-60.969,70.0,-62.734,-63.896,,,,,,
2026-08-07T11:14:58.271,35.474,0.187,20500,BC,BARRIDO_CONTINUO,41.4,1,1,O,OFFBOARD,118.7,120.5,-1.8,120.5,1,C,3.6,1.26,-1.67,-5.15,19.5124802,-99.1294186,19.5124784,-99.1294166,19.5124797,-99.1294196,325.0,1,1,1,A,EN AIRE,S,comenzar_barrido,1,,69,-59,-60.585,120.0,1,,C,5.0,10.0,1,5.0,0.0,3,3,325.0,-49.177,-52.888,125.0,-60.38,-60.969,70.0,-62.734,-63.896,,,,,,
2026-08-07T11:14:58.435,35.638,0.093,20500,BC,BARRIDO_CONTINUO,41.8,1,1,O,OFFBOARD,121.3,122.5,-1.2,122.5,1,C,3.6,1.25,-1.68,-5.14,19.5124801,-99.1294187,19.5124784,-99.1294166,19.5124797,-99.1294196,325.0,1,1,1,A,EN AIRE,S,comenzar_barrido,1,,68,-60,-60.526,120.0,1,,C,5.0,10.0,1,5.0,0.0,3,3,325.0,-49.177,-52.888,125.0,-60.38,-60.969,70.0,-62.734,-63.896,,,,,,
2026-08-07T11:14:58.615,35.818,0.0,20500,BC,BARRIDO_CONTINUO,42.2,1,1,O,OFFBOARD,123.4,124.5,-1.1,124.5,1,C,3.6,1.23,-1.68,-5.14,19.51248,-99.1294187,19.5124784,-99.1294166,19.5124797,-99.1294196,325.0,1,1,1,A,EN AIRE,S,comenzar_barrido,1,,69,-59,-60.374,125.0,1,,C,5.0,10.0,1,5.0,0.0,3,3,325.0,-49.177,-52.888,125.0,-60.38,-60.969,70.0,-62.734,-63.896,,,,,,
2026-08-07T11:14:58.698,35.901,0.078,20500,BC,BARRIDO_CONTINUO,42.2,1,1,O,OFFBOARD,123.4,124.5,-1.1,124.5,1,C,3.6,1.23,-1.68,-5.14,19.51248,-99.1294187,19.5124784,-99.1294166,19.5124797,-99.1294196,325.0,1,1,1,A,EN AIRE,S,comenzar_barrido,1,,69,-59,-60.236,125.0,1,,C,5.0,10.0,1,5.0,0.0,3,3,325.0,-49.177,-52.888,125.0,-60.38,-60.969,70.0,-62.734,-63.896,,,,,,
2026-08-07T11:14:58.805,36.009,0.188,20500,BC,BARRIDO_CONTINUO,42.2,1,1,O,OFFBOARD,123.4,124.5,-1.1,124.5,1,C,3.6,1.23,-1.68,-5.14,19.51248,-99.1294187,19.5124784,-99.1294166,19.5124797,-99.1294196,325.0,1,1,1,A,EN AIRE,S,comenzar_barrido,1,,68,-60,-60.213,125.0,1,,C,5.0,10.0,1,5.0,0.0,3,3,325.0,-49.177,-52.888,125.0,-60.38,-60.969,70.0,-62.734,-63.896,,,,,,
2026-08-07T11:14:58.970,36.173,0.094,20500,BC,BARRIDO_CONTINUO,42.6,1,1,O,OFFBOARD,125.6,126.5,-0.9,126.5,1,C,3.6,1.22,-1.68,-5.14,19.5124799,-99.1294187,19.5124784,-99.1294166,19.5124797,-99.1294196,325.0,1,1,1,A,EN AIRE,S,comenzar_barrido,1,,67,-61,-60.291,125.0,1,,C,5.0,10.0,1,5.0,0.0,3,3,325.0,-49.177,-52.888,125.0,-60.38,-60.969,70.0,-62.734,-63.896,,,,,,
2026-08-07T11:14:59.102,36.305,0.11,20500,BC,BARRIDO_CONTINUO,43.0,1,1,O,OFFBOARD,126.6,128.5,-1.9,128.5,1,C,3.6,1.22,-1.68,-5.14,19.5124799,-99.1294186,19.5124784,-99.1294166,19.5124797,-99.1294196,325.0,1,1,1,A,EN AIRE,S,comenzar_barrido,1,,65,-63,-60.562,125.0,1,,C,5.0,10.0,1,5.0,0.0,3,3,325.0,-49.177,-52.888,125.0,-60.38,-60.969,70.0,-62.734,-63.896,,,,,,
2026-08-07T11:14:59.243,36.446,0.25,20500,BC,BARRIDO_CONTINUO,43.0,1,1,O,OFFBOARD,126.6,128.5,-1.9,128.5,1,C,3.6,1.22,-1.68,-5.14,19.5124799,-99.1294186,19.5124784,-99.1294166,19.5124797,-99.1294196,325.0,1,1,1,A,EN AIRE,S,comenzar_barrido,1,,67,-61,-60.606,125.0,1,,C,5.0,10.0,1,5.0,0.0,3,3,325.0,-49.177,-52.888,125.0,-60.38,-60.969,70.0,-62.734,-63.896,,,,,,
2026-08-07T11:14:59.331,36.534,0.094,20500,BC,BARRIDO_CONTINUO,43.4,1,1,O,OFFBOARD,128.4,130.5,-2.1,130.5,1,C,3.6,1.21,-1.66,-5.14,19.5124798,-99.1294183,19.5124784,-99.1294166,19.5124797,-99.1294196,325.0,1,1,1,A,EN AIRE,S,comenzar_barrido,1,,68,-60,-60.545,130.0,1,,C,5.0,10.0,1,5.0,0.0,3,3,325.0,-49.177,-52.888,125.0,-60.38,-60.969,70.0,-62.734,-63.896,,,,,,
2026-08-07T11:14:59.491,36.694,0.25,20500,BC,BARRIDO_CONTINUO,43.4,1,1,O,OFFBOARD,128.4,130.5,-2.1,130.5,1,C,3.6,1.21,-1.66,-5.14,19.5124798,-99.1294183,19.5124784,-99.1294166,19.5124797,-99.1294196,325.0,1,1,1,A,EN AIRE,S,comenzar_barrido,1,,68,-60,-60.491,130.0,1,,C,5.0,10.0,1,5.0,0.0,3,3,325.0,-49.177,-52.888,125.0,-60.38,-60.969,70.0,-62.734,-63.896,,,,,,
2026-08-07T11:14:59.740,36.943,0.25,20500,BC,BARRIDO_CONTINUO,43.8,1,1,O,OFFBOARD,130.4,132.5,-2.1,132.5,1,C,3.6,1.2,-1.63,-5.14,19.5124797,-99.1294182,19.5124784,-99.1294166,19.5124797,-99.1294196,325.0,1,1,1,A,EN AIRE,S,comenzar_barrido,1,,68,-60,-60.442,130.0,1,,C,5.0,10.0,1,5.0,0.0,3,3,325.0,-49.177,-52.888,125.0,-60.38,-60.969,70.0,-62.734,-63.896,,,,,,
2026-08-07T11:14:59.741,36.944,0.25,20500,BC,BARRIDO_CONTINUO,43.8,1,1,O,OFFBOARD,130.4,132.5,-2.1,132.5,1,C,3.6,1.2,-1.63,-5.14,19.5124797,-99.1294182,19.5124784,-99.1294166,19.5124797,-99.1294196,325.0,1,1,1,A,EN AIRE,S,comenzar_barrido,1,,68,-60,-60.398,130.0,1,,C,5.0,10.0,1,5.0,0.0,3,3,325.0,-49.177,-52.888,125.0,-60.38,-60.969,70.0,-62.734,-63.896,,,,,,
2026-08-07T11:14:59.829,37.032,0.094,20500,BC,BARRIDO_CONTINUO,44.2,1,1,O,OFFBOARD,131.8,134.5,-2.7,134.5,1,C,3.6,1.2,-1.61,-5.14,19.5124797,-99.129418,19.5124784,-99.1294166,19.5124797,-99.1294196,325.0,1,1,1,A,EN AIRE,S,comenzar_barrido,1,,67,-61,-60.458,130.0,1,,C,5.0,10.0,1,5.0,0.0,3,3,325.0,-49.177,-52.888,125.0,-60.38,-60.969,70.0,-62.734,-63.896,,,,,,
2026-08-07T11:14:59.990,37.193,0.25,20500,BC,BARRIDO_CONTINUO,44.2,1,1,O,OFFBOARD,131.8,134.5,-2.7,134.5,1,C,3.6,1.2,-1.61,-5.14,19.5124797,-99.129418,19.5124784,-99.1294166,19.5124797,-99.1294196,325.0,1,1,1,A,EN AIRE,S,comenzar_barrido,1,,67,-61,-60.512,130.0,1,,C,5.0,10.0,1,5.0,0.0,3,3,325.0,-49.177,-52.888,125.0,-60.38,-60.969,70.0,-62.734,-63.896,,,,,,
2026-08-07T11:15:00.156,37.36,0.422,20500,BC,BARRIDO_CONTINUO,44.2,1,1,O,OFFBOARD,131.8,134.5,-2.7,134.5,1,C,3.6,1.2,-1.61,-5.14,19.5124797,-99.129418,19.5124784,-99.1294166,19.5124797,-99.1294196,325.0,1,1,1,A,EN AIRE,S,comenzar_barrido,1,,67,-61,-60.561,130.0,1,,C,5.0,10.0,1,5.0,0.0,3,3,325.0,-49.177,-52.888,125.0,-60.38,-60.969,70.0,-62.734,-63.896,,,,,,
2026-08-07T11:15:00.275,37.478,0.015,20500,BC,BARRIDO_CONTINUO,44.9,1,1,O,OFFBOARD,135.7,138.5,-2.8,138.5,1,C,3.6,1.19,-1.59,-5.15,19.5124796,-99.1294177,19.5124784,-99.1294166,19.5124797,-99.1294196,325.0,1,1,1,A,EN AIRE,S,comenzar_barrido,1,,67,-61,-60.605,135.0,1,,C,5.0,10.0,1,5.0,0.0,3,3,325.0,-49.177,-52.888,125.0,-60.38,-60.969,70.0,-62.734,-63.896,,,,,,
2026-08-07T11:15:00.377,37.58,0.125,20500,BC,BARRIDO_CONTINUO,44.9,1,1,O,OFFBOARD,135.7,138.5,-2.8,138.5,1,C,3.6,1.19,-1.59,-5.15,19.5124796,-99.1294177,19.5124784,-99.1294166,19.5124797,-99.1294196,325.0,1,1,1,A,EN AIRE,S,comenzar_barrido,1,,66,-62,-60.744,135.0,1,,C,5.0,10.0,1,5.0,0.0,3,3,325.0,-49.177,-52.888,125.0,-60.38,-60.969,70.0,-62.734,-63.896,,,,,,
2026-08-07T11:15:00.521,37.724,0.265,20500,BC,BARRIDO_CONTINUO,44.9,1,1,O,OFFBOARD,135.7,138.5,-2.8,138.5,1,C,3.6,1.19,-1.59,-5.15,19.5124796,-99.1294177,19.5124784,-99.1294166,19.5124797,-99.1294196,325.0,1,1,1,A,EN AIRE,S,comenzar_barrido,1,,66,-62,-60.87,135.0,1,,C,5.0,10.0,1,5.0,0.0,3,3,325.0,-49.177,-52.888,125.0,-60.38,-60.969,70.0,-62.734,-63.896,,,,,,
2026-08-07T11:15:00.688,37.891,0.015,20500,BC,BARRIDO_CONTINUO,45.3,1,1,O,OFFBOARD,137.9,140.5,-2.6,140.5,1,C,3.6,1.18,-1.58,-5.15,19.5124795,-99.1294177,19.5124784,-99.1294166,19.5124797,-99.1294196,325.0,1,1,1,A,EN AIRE,S,comenzar_barrido,1,,66,-62,-60.983,140.0,1,,C,5.0,10.0,1,5.0,0.0,3,3,325.0,-49.177,-52.888,125.0,-60.38,-60.969,70.0,-62.734,-63.896,,,,,,
2026-08-07T11:15:00.774,37.977,0.093,20500,BC,BARRIDO_CONTINUO,45.3,1,1,O,OFFBOARD,137.9,140.5,-2.6,140.5,1,C,3.6,1.18,-1.58,-5.15,19.5124795,-99.1294177,19.5124784,-99.1294166,19.5124797,-99.1294196,325.0,1,1,1,A,EN AIRE,S,comenzar_barrido,1,,64,-64,-61.285,140.0,1,,C,5.0,10.0,1,5.0,0.0,3,3,325.0,-49.177,-52.888,125.0,-60.38,-60.969,70.0,-62.734,-63.896,,,,,,
2026-08-07T11:15:00.894,38.097,0.109,20500,BC,BARRIDO_CONTINUO,45.7,1,1,O,OFFBOARD,140.2,142.5,-2.3,142.5,1,C,3.6,1.16,-1.58,-5.14,19.5124793,-99.1294178,19.5124784,-99.1294166,19.5124797,-99.1294196,325.0,1,1,1,A,EN AIRE,S,comenzar_barrido,1,,64,-64,-61.556,140.0,1,,C,5.0,10.0,1,5.0,0.0,3,3,325.0,-49.177,-52.888,125.0,-60.38,-60.969,70.0,-62.734,-63.896,,,,,,
2026-08-07T11:15:01.043,38.246,0.25,20500,BC,BARRIDO_CONTINUO,45.7,1,1,O,OFFBOARD,140.2,142.5,-2.3,142.5,1,C,3.6,1.16,-1.58,-5.14,19.5124793,-99.1294178,19.5124784,-99.1294166,19.5124797,-99.1294196,325.0,1,1,1,A,EN AIRE,S,comenzar_barrido,1,,64,-64,-61.801,140.0,1,,C,5.0,10.0,1,5.0,0.0,3,3,325.0,-49.177,-52.888,125.0,-60.38,-60.969,70.0,-62.734,-63.896,,,,,,
2026-08-07T11:15:01.117,38.32,0.328,20500,BC,BARRIDO_CONTINUO,45.7,1,1,O,OFFBOARD,140.2,142.5,-2.3,142.5,1,C,3.6,1.16,-1.58,-5.14,19.5124793,-99.1294178,19.5124784,-99.1294166,19.5124797,-99.1294196,325.0,1,1,1,A,EN AIRE,S,comenzar_barrido,1,,61,-67,-62.32,140.0,1,,C,5.0,10.0,1,5.0,0.0,3,3,325.0,-49.177,-52.888,125.0,-60.38,-60.969,70.0,-62.734,-63.896,,,,,,
2026-08-07T11:15:01.337,38.54,0.547,20500,BC,BARRIDO_CONTINUO,45.7,1,1,O,OFFBOARD,140.2,142.5,-2.3,142.5,1,C,3.6,1.16,-1.58,-5.14,19.5124793,-99.1294178,19.5124784,-99.1294166,19.5124797,-99.1294196,325.0,1,1,1,A,EN AIRE,S,comenzar_barrido,1,,61,-67,-62.788,140.0,1,,C,5.0,10.0,1,5.0,0.0,3,3,325.0,-49.177,-52.888,125.0,-60.38,-60.969,70.0,-62.734,-63.896,,,,,,
2026-08-07T11:15:01.645,38.848,0.203,20500,BC,BARRIDO_CONTINUO,46.9,1,1,O,OFFBOARD,146.9,148.5,-1.6,148.5,1,C,3.6,1.13,-1.61,-5.12,19.5124791,-99.1294181,19.5124784,-99.1294166,19.5124797,-99.1294196,325.0,1,1,1,A,EN AIRE,S,comenzar_barrido,1,,61,-67,-63.21,145.0,1,,C,5.0,10.0,1,5.0,0.0,3,3,325.0,-49.177,-52.888,125.0,-60.38,-60.969,70.0,-62.734,-63.896,,,,,,
2026-08-07T11:15:01.645,38.849,0.203,20500,BC,BARRIDO_CONTINUO,46.9,1,1,O,OFFBOARD,146.9,148.5,-1.6,148.5,1,C,3.6,1.13,-1.61,-5.12,19.5124791,-99.1294181,19.5124784,-99.1294166,19.5124797,-99.1294196,325.0,1,1,1,A,EN AIRE,S,comenzar_barrido,1,,60,-68,-63.689,145.0,1,,C,5.0,10.0,1,5.0,0.0,3,3,325.0,-49.177,-52.888,125.0,-60.38,-60.969,70.0,-62.734,-63.896,,,,,,
2026-08-07T11:15:01.922,39.126,0.094,20500,BC,BARRIDO_CONTINUO,47.3,1,1,O,OFFBOARD,148.3,150.5,-2.2,150.5,1,C,3.6,1.12,-1.63,-5.11,19.512479,-99.1294184,19.5124784,-99.1294166,19.5124797,-99.1294196,325.0,1,1,1,A,EN AIRE,S,comenzar_barrido,1,,61,-67,-64.02,150.0,1,,C,5.0,10.0,1,5.0,0.0,3,3,325.0,-49.177,-52.888,125.0,-60.38,-60.969,70.0,-62.734,-63.896,,,,,,
2026-08-07T11:15:02.085,39.288,0.25,20500,BC,BARRIDO_CONTINUO,47.3,1,1,O,OFFBOARD,148.3,150.5,-2.2,150.5,1,C,3.6,1.12,-1.63,-5.11,19.512479,-99.1294184,19.5124784,-99.1294166,19.5124797,-99.1294196,325.0,1,1,1,A,EN AIRE,S,comenzar_barrido,1,,62,-66,-64.218,150.0,1,,C,5.0,10.0,1,5.0,0.0,3,3,325.0,-49.177,-52.888,125.0,-60.38,-60.969,70.0,-62.734,-63.896,,,,,,
2026-08-07T11:15:02.086,39.289,0.25,20500,BC,BARRIDO_CONTINUO,47.3,1,1,O,OFFBOARD,148.3,150.5,-2.2,150.5,1,C,3.6,1.12,-1.63,-5.11,19.512479,-99.1294184,19.5124784,-99.1294166,19.5124797,-99.1294196,325.0,1,1,1,A,EN AIRE,S,comenzar_barrido,1,,60,-68,-64.596,150.0,1,,C,5.0,10.0,1,5.0,0.0,3,3,325.0,-49.177,-52.888,125.0,-60.38,-60.969,70.0,-62.734,-63.896,,,,,,
2026-08-07T11:15:02.176,39.379,0.094,20500,BC,BARRIDO_CONTINUO,47.7,1,1,O,OFFBOARD,150.2,152.5,-2.3,152.5,1,C,3.6,1.11,-1.66,-5.12,19.5124789,-99.1294185,19.5124784,-99.1294166,19.5124797,-99.1294196,325.0,1,1,1,A,EN AIRE,S,comenzar_barrido,1,,59,-69,-65.036,150.0,1,,C,5.0,10.0,1,5.0,0.0,3,3,325.0,-49.177,-52.888,125.0,-60.38,-60.969,70.0,-62.734,-63.896,,,,,,
2026-08-07T11:15:02.337,39.54,0.25,20500,BC,BARRIDO_CONTINUO,47.7,1,1,O,OFFBOARD,150.2,152.5,-2.3,152.5,1,C,3.6,1.11,-1.66,-5.12,19.5124789,-99.1294185,19.5124784,-99.1294166,19.5124797,-99.1294196,325.0,1,1,1,A,EN AIRE,S,comenzar_barrido,1,,57,-71,-65.633,150.0,1,,C,5.0,10.0,1,5.0,0.0,3,3,325.0,-49.177,-52.888,125.0,-60.38,-60.969,70.0,-62.734,-63.896,,,,,,
2026-08-07T11:15:02.429,39.632,0.094,20500,BC,BARRIDO_CONTINUO,48.0,1,1,O,OFFBOARD,153.1,154.5,-1.4,154.5,1,C,3.6,1.1,-1.69,-5.13,19.5124789,-99.1294187,19.5124784,-99.1294166,19.5124797,-99.1294196,325.0,1,1,1,A,EN AIRE,S,comenzar_barrido,1,,59,-69,-65.969,155.0,1,,C,5.0,10.0,1,5.0,0.0,3,3,325.0,-49.177,-52.888,125.0,-60.38,-60.969,70.0,-62.734,-63.896,,,,,,
2026-08-07T11:15:02.589,39.793,0.25,20500,BC,BARRIDO_CONTINUO,48.0,1,1,O,OFFBOARD,153.1,154.5,-1.4,154.5,1,C,3.6,1.1,-1.69,-5.13,19.5124789,-99.1294187,19.5124784,-99.1294166,19.5124797,-99.1294196,325.0,1,1,1,A,EN AIRE,S,comenzar_barrido,1,,60,-68,-66.173,155.0,1,,C,5.0,10.0,1,5.0,0.0,3,3,325.0,-49.177,-52.888,125.0,-60.38,-60.969,70.0,-62.734,-63.896,,,,,,
2026-08-07T11:15:02.866,40.069,0.156,20500,BC,BARRIDO_CONTINUO,48.8,1,1,O,OFFBOARD,156.4,158.5,-2.1,158.5,1,C,3.6,1.09,-1.7,-5.14,19.5124788,-99.129419,19.5124784,-99.1294166,19.5124797,-99.1294196,325.0,1,1,1,A,EN AIRE,S,comenzar_barrido,1,,61,-67,-66.255,155.0,1,,C,5.0,10.0,1,5.0,0.0,3,3,325.0,-49.177,-52.888,125.0,-60.38,-60.969,70.0,-62.734,-63.896,,,,,,
2026-08-07T11:15:02.866,40.069,0.156,20500,BC,BARRIDO_CONTINUO,48.8,1,1,O,OFFBOARD,156.4,158.5,-2.1,158.5,1,C,3.6,1.09,-1.7,-5.14,19.5124788,-99.129419,19.5124784,-99.1294166,19.5124797,-99.1294196,325.0,1,1,1,A,EN AIRE,S,comenzar_barrido,1,,60,-68,-66.43,155.0,1,,C,5.0,10.0,1,5.0,0.0,3,3,325.0,-49.177,-52.888,125.0,-60.38,-60.969,70.0,-62.734,-63.896,,,,,,
2026-08-07T11:15:02.955,40.158,0.25,20500,BC,BARRIDO_CONTINUO,48.8,1,1,O,OFFBOARD,156.4,158.5,-2.1,158.5,1,C,3.6,1.09,-1.7,-5.14,19.5124788,-99.129419,19.5124784,-99.1294166,19.5124797,-99.1294196,325.0,1,1,1,A,EN AIRE,S,comenzar_barrido,1,,62,-66,-66.387,155.0,1,,C,5.0,10.0,1,5.0,0.0,3,3,325.0,-49.177,-52.888,125.0,-60.38,-60.969,70.0,-62.734,-63.896,,,,,,
2026-08-07T11:15:03.250,40.453,0.11,20500,BC,BARRIDO_CONTINUO,49.6,1,1,O,OFFBOARD,160.2,162.5,-2.3,162.5,1,C,3.6,1.11,-1.74,-5.15,19.5124789,-99.1294193,19.5124784,-99.1294166,19.5124797,-99.1294196,325.0,1,1,1,A,EN AIRE,S,comenzar_barrido,1,,63,-65,-66.248,160.0,1,,C,5.0,10.0,1,5.0,0.0,3,3,325.0,-49.177,-52.888,125.0,-60.38,-60.969,70.0,-62.734,-63.896,,,,,,
2026-08-07T11:15:03.250,40.453,0.11,20500,BC,BARRIDO_CONTINUO,49.6,1,1,O,OFFBOARD,160.2,162.5,-2.3,162.5,1,C,3.6,1.11,-1.74,-5.15,19.5124789,-99.1294193,19.5124784,-99.1294166,19.5124797,-99.1294196,325.0,1,1,1,A,EN AIRE,S,comenzar_barrido,1,,64,-64,-66.023,160.0,1,,C,5.0,10.0,1,5.0,0.0,3,3,325.0,-49.177,-52.888,125.0,-60.38,-60.969,70.0,-62.734,-63.896,,,,,,
2026-08-07T11:15:03.393,40.596,0.25,20500,BC,BARRIDO_CONTINUO,49.6,1,1,O,OFFBOARD,160.2,162.5,-2.3,162.5,1,C,3.6,1.11,-1.74,-5.15,19.5124789,-99.1294193,19.5124784,-99.1294166,19.5124797,-99.1294196,325.0,1,1,1,A,EN AIRE,S,comenzar_barrido,1,,64,-64,-65.821,160.0,1,,C,5.0,10.0,1,5.0,0.0,3,3,325.0,-49.177,-52.888,125.0,-60.38,-60.969,70.0,-62.734,-63.896,,,,,,
2026-08-07T11:15:03.562,40.765,0.015,20500,BC,BARRIDO_CONTINUO,50.0,1,1,O,OFFBOARD,162.0,164.5,-2.5,164.5,1,C,3.6,1.12,-1.77,-5.15,19.512479,-99.1294195,19.5124784,-99.1294166,19.5124797,-99.1294196,325.0,1,1,1,A,EN AIRE,S,comenzar_barrido,1,,64,-64,-65.639,160.0,1,,C,5.0,10.0,1,5.0,0.0,3,3,325.0,-49.177,-52.888,125.0,-60.38,-60.969,70.0,-62.734,-63.896,,,,,,
2026-08-07T11:15:03.644,40.848,0.093,20500,BC,BARRIDO_CONTINUO,50.0,1,1,O,OFFBOARD,162.0,164.5,-2.5,164.5,1,C,3.6,1.12,-1.77,-5.15,19.512479,-99.1294195,19.5124784,-99.1294166,19.5124797,-99.1294196,325.0,1,1,1,A,EN AIRE,S,comenzar_barrido,1,,63,-65,-65.575,160.0,1,,C,5.0,10.0,1,5.0,0.0,3,3,325.0,-49.177,-52.888,125.0,-60.38,-60.969,70.0,-62.734,-63.896,,,,,,
2026-08-07T11:15:03.756,40.959,0.203,20500,BC,BARRIDO_CONTINUO,50.0,1,1,O,OFFBOARD,162.0,164.5,-2.5,164.5,1,C,3.6,1.12,-1.77,-5.15,19.512479,-99.1294195,19.5124784,-99.1294166,19.5124797,-99.1294196,325.0,1,1,1,A,EN AIRE,S,comenzar_barrido,1,,63,-65,-65.517,160.0,1,,C,5.0,10.0,1,5.0,0.0,3,3,325.0,-49.177,-52.888,125.0,-60.38,-60.969,70.0,-62.734,-63.896,,,,,,
2026-08-07T11:15:04.024,41.227,0.093,20500,BC,BARRIDO_CONTINUO,50.4,1,1,O,OFFBOARD,164.9,166.5,-1.6,166.5,1,C,3.6,1.12,-1.77,-5.15,19.5124791,-99.1294196,19.5124784,-99.1294166,19.5124797,-99.1294196,325.0,1,1,1,A,EN AIRE,S,comenzar_barrido,1,,64,-64,-65.366,165.0,1,,C,5.0,10.0,1,5.0,0.0,3,3,325.0,-49.177,-52.888,125.0,-60.38,-60.969,70.0,-62.734,-63.896,,,,,,
2026-08-07T11:15:04.024,41.227,0.093,20500,BC,BARRIDO_CONTINUO,50.4,1,1,O,OFFBOARD,164.9,166.5,-1.6,166.5,1,C,3.6,1.12,-1.77,-5.15,19.5124791,-99.1294196,19.5124784,-99.1294166,19.5124797,-99.1294196,325.0,1,1,1,A,EN AIRE,S,comenzar_barrido,1,,63,-65,-65.329,165.0,1,,C,5.0,10.0,1,5.0,0.0,3,3,325.0,-49.177,-52.888,125.0,-60.38,-60.969,70.0,-62.734,-63.896,,,,,,
2026-08-07T11:15:04.189,41.392,0.265,20500,BC,BARRIDO_CONTINUO,50.4,1,1,O,OFFBOARD,164.9,166.5,-1.6,166.5,1,C,3.6,1.12,-1.77,-5.15,19.5124791,-99.1294196,19.5124784,-99.1294166,19.5124797,-99.1294196,325.0,1,1,1,A,EN AIRE,S,comenzar_barrido,1,,63,-65,-65.296,165.0,1,,C,5.0,10.0,1,5.0,0.0,3,3,325.0,-49.177,-52.888,125.0,-60.38,-60.969,70.0,-62.734,-63.896,,,,,,
2026-08-07T11:15:04.286,41.49,0.094,20500,BC,BARRIDO_CONTINUO,51.2,1,1,O,OFFBOARD,169.3,170.5,-1.2,170.5,1,C,3.6,1.16,-1.81,-5.14,19.5124794,-99.1294199,19.5124784,-99.1294166,19.5124797,-99.1294196,325.0,1,1,1,A,EN AIRE,S,comenzar_barrido,1,,61,-67,-65.467,170.0,1,,C,5.0,10.0,1,5.0,0.0,3,3,325.0,-49.177,-52.888,125.0,-60.38,-60.969,70.0,-62.734,-63.896,,,,,,
2026-08-07T11:15:04.458,41.661,0.266,20500,BC,BARRIDO_CONTINUO,51.2,1,1,O,OFFBOARD,169.3,170.5,-1.2,170.5,1,C,3.6,1.16,-1.81,-5.14,19.5124794,-99.1294199,19.5124784,-99.1294166,19.5124797,-99.1294196,325.0,1,1,1,A,EN AIRE,S,comenzar_barrido,1,,61,-67,-65.62,170.0,1,,C,5.0,10.0,1,5.0,0.0,3,3,325.0,-49.177,-52.888,125.0,-60.38,-60.969,70.0,-62.734,-63.896,,,,,,
2026-08-07T11:15:04.571,41.774,0.109,20500,BC,BARRIDO_CONTINUO,51.5,1,1,O,OFFBOARD,170.5,172.5,-2.0,172.5,1,C,3.6,1.18,-1.81,-5.13,19.5124796,-99.1294199,19.5124784,-99.1294166,19.5124797,-99.1294196,325.0,1,1,1,A,EN AIRE,S,comenzar_barrido,1,,60,-68,-65.858,170.0,1,,C,5.0,10.0,1,5.0,0.0,3,3,325.0,-49.177,-52.888,125.0,-60.38,-60.969,70.0,-62.734,-63.896,,,,,,
2026-08-07T11:15:04.713,41.916,0.25,20500,BC,BARRIDO_CONTINUO,51.5,1,1,O,OFFBOARD,170.5,172.5,-2.0,172.5,1,C,3.6,1.18,-1.81,-5.13,19.5124796,-99.1294199,19.5124784,-99.1294166,19.5124797,-99.1294196,325.0,1,1,1,A,EN AIRE,S,comenzar_barrido,1,,60,-68,-66.072,170.0,1,,C,5.0,10.0,1,5.0,0.0,3,3,325.0,-49.177,-52.888,125.0,-60.38,-60.969,70.0,-62.734,-63.896,,,,,,
2026-08-07T11:15:04.892,42.095,0.015,20500,BC,BARRIDO_CONTINUO,52.3,1,1,O,OFFBOARD,173.6,176.5,-2.9,176.5,1,C,3.6,1.2,-1.79,-5.13,19.5124798,-99.1294197,19.5124784,-99.1294166,19.5124797,-99.1294196,325.0,1,1,1,A,EN AIRE,S,comenzar_barrido,1,,59,-69,-66.365,175.0,1,,C,5.0,10.0,1,5.0,0.0,3,3,325.0,-49.177,-52.888,125.0,-60.38,-60.969,70.0,-62.734,-63.896,,,,,,
2026-08-07T11:15:04.976,42.179,0.094,20500,BC,BARRIDO_CONTINUO,52.3,1,1,O,OFFBOARD,173.6,176.5,-2.9,176.5,1,C,3.6,1.2,-1.79,-5.13,19.5124798,-99.1294197,19.5124784,-99.1294166,19.5124797,-99.1294196,325.0,1,1,1,A,EN AIRE,S,comenzar_barrido,1,,57,-71,-66.828,175.0,1,,C,5.0,10.0,1,5.0,0.0,3,3,325.0,-49.177,-52.888,125.0,-60.38,-60.969,70.0,-62.734,-63.896,,,,,,
2026-08-07T11:15:05.166,42.369,0.281,20500,BC,BARRIDO_CONTINUO,52.3,1,1,O,OFFBOARD,173.6,176.5,-2.9,176.5,1,C,3.6,1.2,-1.79,-5.13,19.5124798,-99.1294197,19.5124784,-99.1294166,19.5124797,-99.1294196,325.0,1,1,1,A,EN AIRE,S,comenzar_barrido,1,,59,-69,-67.046,175.0,1,,C,5.0,10.0,1,5.0,0.0,3,3,325.0,-49.177,-52.888,125.0,-60.38,-60.969,70.0,-62.734,-63.896,,,,,,
2026-08-07T11:15:05.337,42.54,0.0,20500,BC,BARRIDO_CONTINUO,52.7,1,1,O,OFFBOARD,176.8,178.5,-1.7,178.5,1,C,3.6,1.21,-1.78,-5.13,19.5124799,-99.1294197,19.5124784,-99.1294166,19.5124797,-99.1294196,325.0,1,1,1,A,EN AIRE,S,comenzar_barrido,1,,59,-69,-67.241,175.0,1,,C,5.0,10.0,1,5.0,0.0,3,3,325.0,-49.177,-52.888,125.0,-60.38,-60.969,70.0,-62.734,-63.896,,,,,,
2026-08-07T11:15:05.533,42.737,0.203,20500,BC,BARRIDO_CONTINUO,52.7,1,1,O,OFFBOARD,176.8,178.5,-1.7,178.5,1,C,3.6,1.21,-1.78,-5.13,19.5124799,-99.1294197,19.5124784,-99.1294166,19.5124797,-99.1294196,325.0,1,1,1,A,EN AIRE,S,comenzar_barrido,1,,59,-69,-67.417,175.0,1,,C,5.0,10.0,1,5.0,0.0,3,3,325.0,-49.177,-52.888,125.0,-60.38,-60.969,70.0,-62.734,-63.896,,,,,,
2026-08-07T11:15:05.533,42.737,0.203,20500,BC,BARRIDO_CONTINUO,52.7,1,1,O,OFFBOARD,176.8,178.5,-1.7,178.5,1,C,3.6,1.21,-1.78,-5.13,19.5124799,-99.1294197,19.5124784,-99.1294166,19.5124797,-99.1294196,325.0,1,1,1,A,EN AIRE,S,comenzar_barrido,1,,59,-69,-67.575,175.0,1,,C,5.0,10.0,1,5.0,0.0,3,3,325.0,-49.177,-52.888,125.0,-60.38,-60.969,70.0,-62.734,-63.896,,,,,,
2026-08-07T11:15:05.833,43.036,0.109,20500,BC,BARRIDO_CONTINUO,53.5,1,1,O,OFFBOARD,180.7,182.5,-1.8,182.5,1,C,3.6,1.22,-1.8,-5.15,19.51248,-99.1294198,19.5124784,-99.1294166,19.5124797,-99.1294196,325.0,1,1,1,A,EN AIRE,S,comenzar_barrido,1,,59,-69,-67.718,180.0,1,,C,5.0,10.0,1,5.0,0.0,3,3,325.0,-49.177,-52.888,125.0,-60.38,-60.969,70.0,-62.734,-63.896,,,,,,
2026-08-07T11:15:05.971,43.174,0.25,20500,BC,BARRIDO_CONTINUO,53.5,1,1,O,OFFBOARD,180.7,182.5,-1.8,182.5,1,C,3.6,1.22,-1.8,-5.15,19.51248,-99.1294198,19.5124784,-99.1294166,19.5124797,-99.1294196,325.0,1,1,1,A,EN AIRE,S,comenzar_barrido,1,,58,-70,-67.946,180.0,1,,C,5.0,10.0,1,5.0,0.0,3,3,325.0,-49.177,-52.888,125.0,-60.38,-60.969,70.0,-62.734,-63.896,,,,,,
2026-08-07T11:15:05.971,43.174,0.25,20500,BC,BARRIDO_CONTINUO,53.5,1,1,O,OFFBOARD,180.7,182.5,-1.8,182.5,1,C,3.6,1.22,-1.8,-5.15,19.51248,-99.1294198,19.5124784,-99.1294166,19.5124797,-99.1294196,325.0,1,1,1,A,EN AIRE,S,comenzar_barrido,1,,57,-71,-68.251,180.0,1,,C,5.0,10.0,1,5.0,0.0,3,3,325.0,-49.177,-52.888,125.0,-60.38,-60.969,70.0,-62.734,-63.896,,,,,,
2026-08-07T11:15:06.065,43.268,0.093,20500,BC,BARRIDO_CONTINUO,53.9,1,1,O,OFFBOARD,181.8,184.5,-2.7,184.5,1,C,3.6,1.22,-1.8,-5.15,19.51248,-99.12942,19.5124784,-99.1294166,19.5124797,-99.1294196,325.0,1,1,1,A,EN AIRE,S,comenzar_barrido,1,,58,-70,-68.426,180.0,1,,C,5.0,10.0,1,5.0,0.0,3,3,325.0,-49.177,-52.888,125.0,-60.38,-60.969,70.0,-62.734,-63.896,,,,,,
2026-08-07T11:15:06.225,43.428,0.25,20500,BC,BARRIDO_CONTINUO,53.9,1,1,O,OFFBOARD,181.8,184.5,-2.7,184.5,1,C,3.6,1.22,-1.8,-5.15,19.51248,-99.12942,19.5124784,-99.1294166,19.5124797,-99.1294196,325.0,1,1,1,A,EN AIRE,S,comenzar_barrido,1,,58,-70,-68.584,180.0,1,,C,5.0,10.0,1,5.0,0.0,3,3,325.0,-49.177,-52.888,125.0,-60.38,-60.969,70.0,-62.734,-63.896,,,,,,
2026-08-07T11:15:06.313,43.516,0.093,20500,BC,BARRIDO_CONTINUO,54.3,1,1,O,OFFBOARD,184.4,186.5,-2.1,186.5,1,C,3.6,1.23,-1.82,-5.15,19.51248,-99.1294201,19.5124784,-99.1294166,19.5124797,-99.1294196,325.0,1,1,1,A,EN AIRE,S,comenzar_barrido,1,,58,-70,-68.725,185.0,1,,C,5.0,10.0,1,5.0,0.0,3,3,325.0,-49.177,-52.888,125.0,-60.38,-60.969,70.0,-62.734,-63.896,,,,,,
2026-08-07T11:15:06.480,43.683,0.25,20500,BC,BARRIDO_CONTINUO,54.3,1,1,O,OFFBOARD,184.4,186.5,-2.1,186.5,1,C,3.6,1.23,-1.82,-5.15,19.51248,-99.1294201,19.5124784,-99.1294166,19.5124797,-99.1294196,325.0,1,1,1,A,EN AIRE,S,comenzar_barrido,1,,56,-72,-69.053,185.0,1,,C,5.0,10.0,1,5.0,0.0,3,3,325.0,-49.177,-52.888,125.0,-60.38,-60.969,70.0,-62.734,-63.896,,,,,,
2026-08-07T11:15:06.574,43.777,0.078,20500,BC,BARRIDO_CONTINUO,54.7,1,1,O,OFFBOARD,186.5,188.5,-2.0,188.5,1,C,3.6,1.23,-1.84,-5.16,19.51248,-99.1294203,19.5124784,-99.1294166,19.5124797,-99.1294196,325.0,1,1,1,A,EN AIRE,S,comenzar_barrido,1,,57,-71,-69.247,185.0,1,,C,5.0,10.0,1,5.0,0.0,3,3,325.0,-49.177,-52.888,125.0,-60.38,-60.969,70.0,-62.734,-63.896,,,,,,
2026-08-07T11:15:06.737,43.94,0.25,20500,BC,BARRIDO_CONTINUO,54.7,1,1,O,OFFBOARD,186.5,188.5,-2.0,188.5,1,C,3.6,1.23,-1.84,-5.16,19.51248,-99.1294203,19.5124784,-99.1294166,19.5124797,-99.1294196,325.0,1,1,1,A,EN AIRE,S,comenzar_barrido,1,,56,-72,-69.523,185.0,1,,C,5.0,10.0,1,5.0,0.0,3,3,325.0,-49.177,-52.888,125.0,-60.38,-60.969,70.0,-62.734,-63.896,,,,,,
2026-08-07T11:15:06.829,44.032,0.094,20500,BC,BARRIDO_CONTINUO,55.0,1,1,O,OFFBOARD,187.7,190.5,-2.8,190.5,1,C,3.6,1.24,-1.85,-5.15,19.5124801,-99.1294203,19.5124784,-99.1294166,19.5124797,-99.1294196,325.0,1,1,1,A,EN AIRE,S,comenzar_barrido,1,,54,-74,-69.97,190.0,1,,C,5.0,10.0,1,5.0,0.0,3,3,325.0,-49.177,-52.888,125.0,-60.38,-60.969,70.0,-62.734,-63.896,,,,,,
2026-08-07T11:15:06.992,44.196,0.25,20500,BC,BARRIDO_CONTINUO,55.0,1,1,O,OFFBOARD,187.7,190.5,-2.8,190.5,1,C,3.6,1.24,-1.85,-5.15,19.5124801,-99.1294203,19.5124784,-99.1294166,19.5124797,-99.1294196,325.0,1,1,1,A,EN AIRE,S,comenzar_barrido,1,,52,-76,-70.573,190.0,1,,C,5.0,10.0,1,5.0,0.0,3,3,325.0,-49.177,-52.888,125.0,-60.38,-60.969,70.0,-62.734,-63.896,,,,,,
2026-08-07T11:15:07.248,44.451,0.266,20500,BC,BARRIDO_CONTINUO,55.4,1,1,O,OFFBOARD,189.1,192.5,-3.4,192.5,1,C,3.6,1.24,-1.85,-5.15,19.5124801,-99.1294202,19.5124784,-99.1294166,19.5124797,-99.1294196,325.0,1,1,1,A,EN AIRE,S,comenzar_barrido,1,,54,-74,-70.916,190.0,1,,C,5.0,10.0,1,5.0,0.0,3,3,325.0,-49.177,-52.888,125.0,-60.38,-60.969,70.0,-62.734,-63.896,,,,,,
2026-08-07T11:15:07.248,44.451,0.266,20500,BC,BARRIDO_CONTINUO,55.4,1,1,O,OFFBOARD,189.1,192.5,-3.4,192.5,1,C,3.6,1.24,-1.85,-5.15,19.5124801,-99.1294202,19.5124784,-99.1294166,19.5124797,-99.1294196,325.0,1,1,1,A,EN AIRE,S,comenzar_barrido,1,,55,-73,-71.124,190.0,1,,C,5.0,10.0,1,5.0,0.0,3,3,325.0,-49.177,-52.888,125.0,-60.38,-60.969,70.0,-62.734,-63.896,,,,,,
2026-08-07T11:15:07.335,44.538,0.078,20500,BC,BARRIDO_CONTINUO,55.8,1,1,O,OFFBOARD,192.5,194.5,-2.0,194.5,1,C,3.6,1.25,-1.84,-5.14,19.5124802,-99.1294201,19.5124784,-99.1294166,19.5124797,-99.1294196,325.0,1,1,1,A,EN AIRE,S,comenzar_barrido,1,,56,-72,-71.212,190.0,1,,C,5.0,10.0,1,5.0,0.0,3,3,325.0,-49.177,-52.888,125.0,-60.38,-60.969,70.0,-62.734,-63.896,,,,,,
2026-08-07T11:15:07.496,44.699,0.234,20500,BC,BARRIDO_CONTINUO,55.8,1,1,O,OFFBOARD,192.5,194.5,-2.0,194.5,1,C,3.6,1.25,-1.84,-5.14,19.5124802,-99.1294201,19.5124784,-99.1294166,19.5124797,-99.1294196,325.0,1,1,1,A,EN AIRE,S,comenzar_barrido,1,,56,-72,-71.291,190.0,1,,C,5.0,10.0,1,5.0,0.0,3,3,325.0,-49.177,-52.888,125.0,-60.38,-60.969,70.0,-62.734,-63.896,,,,,,
2026-08-07T11:15:07.588,44.791,0.094,20500,BC,BARRIDO_CONTINUO,56.2,1,1,O,OFFBOARD,194.5,196.5,-2.0,196.5,1,C,3.6,1.25,-1.83,-5.14,19.5124803,-99.1294201,19.5124784,-99.1294166,19.5124797,-99.1294196,325.0,1,1,1,A,EN AIRE,S,comenzar_barrido,1,,57,-71,-71.262,195.0,1,,C,5.0,10.0,1,5.0,0.0,3,3,325.0,-49.177,-52.888,125.0,-60.38,-60.969,70.0,-62.734,-63.896,,,,,,
2026-08-07T11:15:07.757,44.96,0.266,20500,BC,BARRIDO_CONTINUO,56.2,1,1,O,OFFBOARD,194.5,196.5,-2.0,196.5,1,C,3.6,1.25,-1.83,-5.14,19.5124803,-99.1294201,19.5124784,-99.1294166,19.5124797,-99.1294196,325.0,1,1,1,A,EN AIRE,S,comenzar_barrido,1,,57,-71,-71.236,195.0,1,,C,5.0,10.0,1,5.0,0.0,3,3,325.0,-49.177,-52.888,125.0,-60.38,-60.969,70.0,-62.734,-63.896,,,,,,
2026-08-07T11:15:07.846,45.049,0.094,20500,BC,BARRIDO_CONTINUO,56.6,1,1,O,OFFBOARD,196.6,198.5,-1.9,198.5,1,C,3.6,1.26,-1.83,-5.14,19.5124803,-99.1294201,19.5124784,-99.1294166,19.5124797,-99.1294196,325.0,1,1,1,A,EN AIRE,S,comenzar_barrido,1,,58,-70,-71.112,195.0,1,,C,5.0,10.0,1,5.0,0.0,3,3,325.0,-49.177,-52.888,125.0,-60.38,-60.969,70.0,-62.734,-63.896,,,,,,
2026-08-07T11:15:08.027,45.23,0.265,20500,BC,BARRIDO_CONTINUO,56.6,1,1,O,OFFBOARD,196.6,198.5,-1.9,198.5,1,C,3.6,1.26,-1.83,-5.14,19.5124803,-99.1294201,19.5124784,-99.1294166,19.5124797,-99.1294196,325.0,1,1,1,A,EN AIRE,S,comenzar_barrido,1,,58,-70,-71.001,195.0,1,,C,5.0,10.0,1,5.0,0.0,3,3,325.0,-49.177,-52.888,125.0,-60.38,-60.969,70.0,-62.734,-63.896,,,,,,
2026-08-07T11:15:08.139,45.342,0.125,20500,BC,BARRIDO_CONTINUO,57.0,1,1,O,OFFBOARD,199.8,200.5,-0.7,200.5,1,C,3.6,1.26,-1.83,-5.13,19.5124803,-99.1294201,19.5124784,-99.1294166,19.5124797,-99.1294196,325.0,1,1,1,A,EN AIRE,S,comenzar_barrido,1,,57,-71,-71.001,200.0,1,,C,5.0,10.0,1,5.0,0.0,3,3,325.0,-49.177,-52.888,125.0,-60.38,-60.969,70.0,-62.734,-63.896,,,,,,
2026-08-07T11:15:08.306,45.509,0.157,20500,BC,BARRIDO_CONTINUO,57.4,1,1,O,OFFBOARD,200.3,202.5,-2.2,202.5,1,C,3.6,1.26,-1.83,-5.13,19.5124802,-99.1294201,19.5124784,-99.1294166,19.5124797,-99.1294196,325.0,1,1,1,A,EN AIRE,S,comenzar_barrido,1,,59,-69,-70.801,200.0,1,,C,5.0,10.0,1,5.0,0.0,3,3,325.0,-49.177,-52.888,125.0,-60.38,-60.969,70.0,-62.734,-63.896,,,,,,
2026-08-07T11:15:08.401,45.604,0.25,20500,BC,BARRIDO_CONTINUO,57.4,1,1,O,OFFBOARD,200.3,202.5,-2.2,202.5,1,C,3.6,1.26,-1.83,-5.13,19.5124802,-99.1294201,19.5124784,-99.1294166,19.5124797,-99.1294196,325.0,1,1,1,A,EN AIRE,S,comenzar_barrido,1,,59,-69,-70.621,200.0,1,,C,5.0,10.0,1,5.0,0.0,3,3,325.0,-49.177,-52.888,125.0,-60.38,-60.969,70.0,-62.734,-63.896,,,,,,
2026-08-07T11:15:08.569,45.772,0.093,20500,BC,BARRIDO_CONTINUO,57.8,1,1,O,OFFBOARD,202.0,204.5,-2.5,204.5,1,C,3.6,1.25,-1.83,-5.13,19.5124801,-99.1294201,19.5124784,-99.1294166,19.5124797,-99.1294196,325.0,1,1,1,A,EN AIRE,S,comenzar_barrido,1,,61,-67,-70.259,200.0,1,,C,5.0,10.0,1,5.0,0.0,3,3,325.0,-49.177,-52.888,125.0,-60.38,-60.969,70.0,-62.734,-63.896,,,,,,
2026-08-07T11:15:08.755,45.958,0.0,20500,BC,BARRIDO_CONTINUO,58.2,1,1,O,OFFBOARD,203.0,206.5,-3.5,206.5,1,C,3.6,1.23,-1.82,-5.12,19.51248,-99.1294201,19.5124784,-99.1294166,19.5124797,-99.1294196,325.0,1,1,1,A,EN AIRE,S,comenzar_barrido,1,,61,-67,-69.933,205.0,1,,C,5.0,10.0,1,5.0,0.0,3,3,325.0,-49.177,-52.888,125.0,-60.38,-60.969,70.0,-62.734,-63.896,,,,,,
2026-08-07T11:15:08.840,46.043,0.078,20500,BC,BARRIDO_CONTINUO,58.2,1,1,O,OFFBOARD,203.0,206.5,-3.5,206.5,1,C,3.6,1.23,-1.82,-5.12,19.51248,-99.1294201,19.5124784,-99.1294166,19.5124797,-99.1294196,325.0,1,1,1,A,EN AIRE,S,comenzar_barrido,1,,61,-67,-69.639,205.0,1,,C,5.0,10.0,1,5.0,0.0,3,3,325.0,-49.177,-52.888,125.0,-60.38,-60.969,70.0,-62.734,-63.896,,,,,,
2026-08-07T11:15:09.025,46.228,0.0,20500,BC,BARRIDO_CONTINUO,58.5,1,1,O,OFFBOARD,206.7,208.5,-1.8,208.5,1,C,3.6,1.22,-1.83,-5.12,19.5124798,-99.1294201,19.5124784,-99.1294166,19.5124797,-99.1294196,325.0,1,1,1,A,EN AIRE,S,comenzar_barrido,1,,61,-67,-69.375,205.0,1,,C,5.0,10.0,1,5.0,0.0,3,3,325.0,-49.177,-52.888,125.0,-60.38,-60.969,70.0,-62.734,-63.896,,,,,,
2026-08-07T11:15:09.110,46.314,0.094,20500,BC,BARRIDO_CONTINUO,58.5,1,1,O,OFFBOARD,206.7,208.5,-1.8,208.5,1,C,3.6,1.22,-1.83,-5.12,19.5124798,-99.1294201,19.5124784,-99.1294166,19.5124797,-99.1294196,325.0,1,1,1,A,EN AIRE,S,comenzar_barrido,1,,60,-68,-69.238,205.0,1,,C,5.0,10.0,1,5.0,0.0,3,3,325.0,-49.177,-52.888,125.0,-60.38,-60.969,70.0,-62.734,-63.896,,,,,,
2026-08-07T11:15:09.292,46.495,0.0,20500,BC,BARRIDO_CONTINUO,58.9,1,1,O,OFFBOARD,208.3,210.5,-2.2,210.5,1,C,3.6,1.22,-1.83,-5.12,19.5124798,-99.1294201,19.5124784,-99.1294166,19.5124797,-99.1294196,325.0,1,1,1,A,EN AIRE,S,comenzar_barrido,1,,59,-69,-69.214,210.0,1,,C,5.0,10.0,1,5.0,0.0,3,3,325.0,-49.177,-52.888,125.0,-60.38,-60.969,70.0,-62.734,-63.896,,,,,,
2026-08-07T11:15:09.478,46.681,0.188,20500,BC,BARRIDO_CONTINUO,58.9,1,1,O,OFFBOARD,208.3,210.5,-2.2,210.5,1,C,3.6,1.22,-1.83,-5.12,19.5124798,-99.1294201,19.5124784,-99.1294166,19.5124797,-99.1294196,325.0,1,1,1,A,EN AIRE,S,comenzar_barrido,1,,58,-70,-69.293,210.0,1,,C,5.0,10.0,1,5.0,0.0,3,3,325.0,-49.177,-52.888,125.0,-60.38,-60.969,70.0,-62.734,-63.896,,,,,,
2026-08-07T11:15:09.478,46.681,0.188,20500,BC,BARRIDO_CONTINUO,58.9,1,1,O,OFFBOARD,208.3,210.5,-2.2,210.5,1,C,3.6,1.22,-1.83,-5.12,19.5124798,-99.1294201,19.5124784,-99.1294166,19.5124797,-99.1294196,325.0,1,1,1,A,EN AIRE,S,comenzar_barrido,1,,58,-70,-69.363,210.0,1,,C,5.0,10.0,1,5.0,0.0,3,3,325.0,-49.177,-52.888,125.0,-60.38,-60.969,70.0,-62.734,-63.896,,,,,,
2026-08-07T11:15:09.644,46.847,0.093,20500,BC,BARRIDO_CONTINUO,59.3,1,1,O,OFFBOARD,210.6,212.5,-1.9,212.5,1,C,3.6,1.2,-1.83,-5.12,19.5124797,-99.1294201,19.5124784,-99.1294166,19.5124797,-99.1294196,325.0,1,1,1,A,EN AIRE,S,comenzar_barrido,1,,56,-72,-69.627,210.0,1,,C,5.0,10.0,1,5.0,0.0,3,3,325.0,-49.177,-52.888,125.0,-60.38,-60.969,70.0,-62.734,-63.896,,,,,,
2026-08-07T11:15:09.766,46.969,0.109,20500,BC,BARRIDO_CONTINUO,59.7,1,1,O,OFFBOARD,212.9,214.5,-1.6,214.5,1,C,3.6,1.18,-1.82,-5.12,19.5124795,-99.12942,19.5124784,-99.1294166,19.5124797,-99.1294196,325.0,1,1,1,A,EN AIRE,S,comenzar_barrido,1,,56,-72,-69.864,215.0,1,,C,5.0,10.0,1,5.0,0.0,3,3,325.0,-49.177,-52.888,125.0,-60.38,-60.969,70.0,-62.734,-63.896,,,,,,
2026-08-07T11:15:09.911,47.114,0.25,20500,BC,BARRIDO_CONTINUO,59.7,1,1,O,OFFBOARD,212.9,214.5,-1.6,214.5,1,C,3.6,1.18,-1.82,-5.12,19.5124795,-99.12942,19.5124784,-99.1294166,19.5124797,-99.1294196,325.0,1,1,1,A,EN AIRE,S,comenzar_barrido,1,,56,-72,-70.078,215.0,1,,C,5.0,10.0,1,5.0,0.0,3,3,325.0,-49.177,-52.888,125.0,-60.38,-60.969,70.0,-62.734,-63.896,,,,,,
2026-08-07T11:15:10.002,47.205,0.094,20500,BC,BARRIDO_CONTINUO,60.1,1,1,O,OFFBOARD,214.9,216.5,-1.6,216.5,1,C,3.6,1.17,-1.81,-5.12,19.5124794,-99.1294198,19.5124784,-99.1294166,19.5124797,-99.1294196,325.0,1,1,1,A,EN AIRE,S,comenzar_barrido,1,,56,-72,-70.27,215.0,1,,C,5.0,10.0,1,5.0,0.0,3,3,325.0,-49.177,-52.888,125.0,-60.38,-60.969,70.0,-62.734,-63.896,,,,,,
2026-08-07T11:15:10.166,47.37,0.25,20500,BC,BARRIDO_CONTINUO,60.1,1,1,O,OFFBOARD,214.9,216.5,-1.6,216.5,1,C,3.6,1.17,-1.81,-5.12,19.5124794,-99.1294198,19.5124784,-99.1294166,19.5124797,-99.1294196,325.0,1,1,1,A,EN AIRE,S,comenzar_barrido,1,,54,-74,-70.643,215.0,1,,C,5.0,10.0,1,5.0,0.0,3,3,325.0,-49.177,-52.888,125.0,-60.38,-60.969,70.0,-62.734,-63.896,,,,,,
2026-08-07T11:15:10.255,47.458,0.094,20500,BC,BARRIDO_CONTINUO,60.5,1,1,O,OFFBOARD,216.3,218.5,-2.2,218.5,1,C,3.6,1.16,-1.79,-5.13,19.5124794,-99.1294197,19.5124784,-99.1294166,19.5124797,-99.1294196,325.0,1,1,1,A,EN AIRE,S,comenzar_barrido,1,,52,-76,-71.179,215.0,1,,C,5.0,10.0,1,5.0,0.0,3,3,325.0,-49.177,-52.888,125.0,-60.38,-60.969,70.0,-62.734,-63.896,,,,,,
2026-08-07T11:15:10.424,47.628,0.266,20500,BC,BARRIDO_CONTINUO,60.5,1,1,O,OFFBOARD,216.3,218.5,-2.2,218.5,1,C,3.6,1.16,-1.79,-5.13,19.5124794,-99.1294197,19.5124784,-99.1294166,19.5124797,-99.1294196,325.0,1,1,1,A,EN AIRE,S,comenzar_barrido,1,,50,-78,-71.861,215.0,1,,C,5.0,10.0,1,5.0,0.0,3,3,325.0,-49.177,-52.888,125.0,-60.38,-60.969,70.0,-62.734,-63.896,,,,,,
2026-08-07T11:15:10.783,47.986,0.094,20500,BC,BARRIDO_CONTINUO,61.3,1,1,O,OFFBOARD,219.8,222.5,-2.7,222.5,1,C,3.6,1.16,-1.76,-5.12,19.5124795,-99.1294194,19.5124784,-99.1294166,19.5124797,-99.1294196,325.0,1,1,1,A,EN AIRE,S,comenzar_barrido,1,,49,-79,-72.575,220.0,1,,C,5.0,10.0,1,5.0,0.0,3,3,325.0,-49.177,-52.888,125.0,-60.38,-60.969,70.0,-62.734,-63.896,,,,,,
2026-08-07T11:15:10.945,48.148,0.25,20500,BC,BARRIDO_CONTINUO,61.3,1,1,O,OFFBOARD,219.8,222.5,-2.7,222.5,1,C,3.6,1.16,-1.76,-5.12,19.5124795,-99.1294194,19.5124784,-99.1294166,19.5124797,-99.1294196,325.0,1,1,1,A,EN AIRE,S,comenzar_barrido,1,,50,-78,-73.117,220.0,1,,C,5.0,10.0,1,5.0,0.0,3,3,325.0,-49.177,-52.888,125.0,-60.38,-60.969,70.0,-62.734,-63.896,,,,,,
2026-08-07T11:15:10.945,48.149,0.25,20500,BC,BARRIDO_CONTINUO,61.3,1,1,O,OFFBOARD,219.8,222.5,-2.7,222.5,1,C,3.6,1.16,-1.76,-5.12,19.5124795,-99.1294194,19.5124784,-99.1294166,19.5124797,-99.1294196,325.0,1,1,1,A,EN AIRE,S,comenzar_barrido,1,,50,-78,-73.606,220.0,1,,C,5.0,10.0,1,5.0,0.0,3,3,325.0,-49.177,-52.888,125.0,-60.38,-60.969,70.0,-62.734,-63.896,,,,,,
2026-08-07T11:15:11.037,48.24,0.094,20500,BC,BARRIDO_CONTINUO,61.7,1,1,O,OFFBOARD,223.2,224.5,-1.3,224.5,1,C,3.6,1.18,-1.76,-5.12,19.5124795,-99.1294194,19.5124784,-99.1294166,19.5124797,-99.1294196,325.0,1,1,1,A,EN AIRE,S,comenzar_barrido,1,,51,-77,-73.945,225.0,1,,C,5.0,10.0,1,5.0,0.0,3,3,325.0,-49.177,-52.888,125.0,-60.38,-60.969,70.0,-62.734,-63.896,,,,,,
2026-08-07T11:15:11.373,48.577,0.016,20500,BC,BARRIDO_CONTINUO,62.0,1,1,O,OFFBOARD,224.4,226.5,-2.1,226.5,1,C,3.6,1.18,-1.75,-5.15,19.5124795,-99.1294193,19.5124784,-99.1294166,19.5124797,-99.1294196,325.0,1,1,1,A,EN AIRE,S,comenzar_barrido,1,,53,-75,-74.051,225.0,1,,C,5.0,10.0,1,5.0,0.0,3,3,325.0,-49.177,-52.888,125.0,-60.38,-60.969,70.0,-62.734,-63.896,,,,,,
2026-08-07T11:15:11.456,48.66,0.094,20500,BC,BARRIDO_CONTINUO,62.0,1,1,O,OFFBOARD,224.4,226.5,-2.1,226.5,1,C,3.6,1.18,-1.75,-5.15,19.5124795,-99.1294193,19.5124784,-99.1294166,19.5124797,-99.1294196,325.0,1,1,1,A,EN AIRE,S,comenzar_barrido,1,,55,-73,-73.946,225.0,1,,C,5.0,10.0,1,5.0,0.0,3,3,325.0,-49.177,-52.888,125.0,-60.38,-60.969,70.0,-62.734,-63.896,,,,,,
2026-08-07T11:15:11.675,48.878,0.188,20500,BC,BARRIDO_CONTINUO,62.4,1,1,O,OFFBOARD,226.4,228.5,-2.1,228.5,1,C,3.6,1.17,-1.74,-5.16,19.5124795,-99.1294193,19.5124784,-99.1294166,19.5124797,-99.1294196,325.0,1,1,1,A,EN AIRE,S,comenzar_barrido,1,,56,-72,-73.751,225.0,1,,C,5.0,10.0,1,5.0,0.0,3,3,325.0,-49.177,-52.888,125.0,-60.38,-60.969,70.0,-62.734,-63.896,,,,,,
2026-08-07T11:15:11.763,48.966,0.281,20500,BC,BARRIDO_CONTINUO,62.4,1,1,O,OFFBOARD,226.4,228.5,-2.1,228.5,1,C,3.6,1.17,-1.74,-5.16,19.5124795,-99.1294193,19.5124784,-99.1294166,19.5124797,-99.1294196,325.0,1,1,1,A,EN AIRE,S,comenzar_barrido,1,,57,-71,-73.476,225.0,1,,C,5.0,10.0,1,5.0,0.0,3,3,325.0,-49.177,-52.888,125.0,-60.38,-60.969,70.0,-62.734,-63.896,,,,,,
2026-08-07T11:15:11.933,49.136,0.094,20500,BC,BARRIDO_CONTINUO,63.2,1,1,O,OFFBOARD,231.3,232.5,-1.2,232.5,1,C,3.6,1.17,-1.74,-5.16,19.5124795,-99.1294192,19.5124784,-99.1294166,19.5124797,-99.1294196,325.0,1,1,1,A,EN AIRE,S,comenzar_barrido,1,,58,-70,-73.128,230.0,1,,C,5.0,10.0,1,5.0,0.0,3,3,325.0,-49.177,-52.888,125.0,-60.38,-60.969,70.0,-62.734,-63.896,,,,,,
2026-08-07T11:15:12.233,49.436,0.015,20500,BC,BARRIDO_CONTINUO,63.6,1,1,O,OFFBOARD,234.2,234.5,-0.3,234.5,1,C,3.6,1.17,-1.74,-5.15,19.5124795,-99.1294193,19.5124784,-99.1294166,19.5124797,-99.1294196,325.0,1,1,1,A,EN AIRE,S,comenzar_barrido,1,,58,-70,-72.815,235.0,1,,C,5.0,10.0,1,5.0,0.0,3,3,325.0,-49.177,-52.888,125.0,-60.38,-60.969,70.0,-62.734,-63.896,,,,,,
2026-08-07T11:15:12.337,49.541,0.109,20500,BC,BARRIDO_CONTINUO,63.6,1,1,O,OFFBOARD,234.2,234.5,-0.3,234.5,1,C,3.6,1.17,-1.74,-5.15,19.5124795,-99.1294193,19.5124784,-99.1294166,19.5124797,-99.1294196,325.0,1,1,1,A,EN AIRE,S,comenzar_barrido,1,,58,-70,-72.534,235.0,1,,C,5.0,10.0,1,5.0,0.0,3,3,325.0,-49.177,-52.888,125.0,-60.38,-60.969,70.0,-62.734,-63.896,,,,,,
2026-08-07T11:15:12.480,49.683,0.25,20500,BC,BARRIDO_CONTINUO,63.6,1,1,O,OFFBOARD,234.2,234.5,-0.3,234.5,1,C,3.6,1.17,-1.74,-5.15,19.5124795,-99.1294193,19.5124784,-99.1294166,19.5124797,-99.1294196,325.0,1,1,1,A,EN AIRE,S,comenzar_barrido,1,,57,-71,-72.381,235.0,1,,C,5.0,10.0,1,5.0,0.0,3,3,325.0,-49.177,-52.888,125.0,-60.38,-60.969,70.0,-62.734,-63.896,,,,,,
2026-08-07T11:15:12.570,49.773,0.093,20500,BC,BARRIDO_CONTINUO,64.0,1,1,O,OFFBOARD,235.2,236.5,-1.3,236.5,1,C,3.6,1.17,-1.74,-5.15,19.5124795,-99.1294193,19.5124784,-99.1294166,19.5124797,-99.1294196,325.0,1,1,1,A,EN AIRE,S,comenzar_barrido,1,,59,-69,-72.042,235.0,1,,C,5.0,10.0,1,5.0,0.0,3,3,325.0,-49.177,-52.888,125.0,-60.38,-60.969,70.0,-62.734,-63.896,,,,,,
2026-08-07T11:15:12.737,49.94,0.265,20500,BC,BARRIDO_CONTINUO,64.0,1,1,O,OFFBOARD,235.2,236.5,-1.3,236.5,1,C,3.6,1.17,-1.74,-5.15,19.5124795,-99.1294193,19.5124784,-99.1294166,19.5124797,-99.1294196,325.0,1,1,1,A,EN AIRE,S,comenzar_barrido,1,,60,-68,-71.638,235.0,1,,C,5.0,10.0,1,5.0,0.0,3,3,325.0,-49.177,-52.888,125.0,-60.38,-60.969,70.0,-62.734,-63.896,,,,,,
2026-08-07T11:15:12.825,50.029,0.094,20500,BC,BARRIDO_CONTINUO,64.4,1,1,O,OFFBOARD,238.0,238.5,-0.5,238.5,1,C,3.6,1.17,-1.76,-5.15,19.5124795,-99.1294194,19.5124784,-99.1294166,19.5124797,-99.1294196,325.0,1,1,1,A,EN AIRE,S,comenzar_barrido,1,,61,-67,-71.174,240.0,1,,C,5.0,10.0,1,5.0,0.0,3,3,325.0,-49.177,-52.888,125.0,-60.38,-60.969,70.0,-62.734,-63.896,,,,,,
2026-08-07T11:15:12.989,50.192,0.25,20500,BC,BARRIDO_CONTINUO,64.4,1,1,O,OFFBOARD,238.0,238.5,-0.5,238.5,1,C,3.6,1.17,-1.76,-5.15,19.5124795,-99.1294194,19.5124784,-99.1294166,19.5124797,-99.1294196,325.0,1,1,1,A,EN AIRE,S,comenzar_barrido,1,,61,-67,-70.757,240.0,1,,C,5.0,10.0,1,5.0,0.0,3,3,325.0,-49.177,-52.888,125.0,-60.38,-60.969,70.0,-62.734,-63.896,,,,,,
2026-08-07T11:15:13.077,50.28,0.094,20500,BC,BARRIDO_CONTINUO,64.8,1,1,O,OFFBOARD,239.1,240.5,-1.4,240.5,1,C,3.6,1.17,-1.76,-5.15,19.5124794,-99.1294194,19.5124784,-99.1294166,19.5124797,-99.1294196,325.0,1,1,1,A,EN AIRE,S,comenzar_barrido,1,,61,-67,-70.381,240.0,1,,C,5.0,10.0,1,5.0,0.0,3,3,325.0,-49.177,-52.888,125.0,-60.38,-60.969,70.0,-62.734,-63.896,,,,,,
2026-08-07T11:15:13.259,50.462,0.156,20500,BC,BARRIDO_CONTINUO,65.2,1,1,O,OFFBOARD,239.6,242.5,-2.9,242.5,1,C,3.6,1.16,-1.75,-5.14,19.5124793,-99.1294193,19.5124784,-99.1294166,19.5124797,-99.1294196,325.0,1,1,1,A,EN AIRE,S,comenzar_barrido,1,,60,-68,-70.143,240.0,1,,C,5.0,10.0,1,5.0,0.0,3,3,325.0,-49.177,-52.888,125.0,-60.38,-60.969,70.0,-62.734,-63.896,,,,,,
2026-08-07T11:15:13.350,50.553,0.25,20500,BC,BARRIDO_CONTINUO,65.2,1,1,O,OFFBOARD,239.6,242.5,-2.9,242.5,1,C,3.6,1.16,-1.75,-5.14,19.5124793,-99.1294193,19.5124784,-99.1294166,19.5124797,-99.1294196,325.0,1,1,1,A,EN AIRE,S,comenzar_barrido,1,,59,-69,-70.029,240.0,1,,C,5.0,10.0,1,5.0,0.0,3,3,325.0,-49.177,-52.888,125.0,-60.38,-60.969,70.0,-62.734,-63.896,,,,,,
2026-08-07T11:15:13.522,50.725,0.093,20500,BC,BARRIDO_CONTINUO,65.5,1,1,O,OFFBOARD,240.8,244.5,-3.7,244.5,1,C,3.6,1.14,-1.74,-5.11,19.5124791,-99.1294192,19.5124784,-99.1294166,19.5124797,-99.1294196,325.0,1,1,1,A,EN AIRE,S,comenzar_barrido,1,,59,-69,-69.926,240.0,1,,C,5.0,10.0,1,5.0,0.0,3,3,325.0,-49.177,-52.888,125.0,-60.38,-60.969,70.0,-62.734,-63.896,,,,,,
2026-08-07T11:15:13.618,50.821,0.187,20500,BC,BARRIDO_CONTINUO,65.5,1,1,O,OFFBOARD,240.8,244.5,-3.7,244.5,1,C,3.6,1.14,-1.74,-5.11,19.5124791,-99.1294192,19.5124784,-99.1294166,19.5124797,-99.1294196,325.0,1,1,1,A,EN AIRE,S,comenzar_barrido,1,,59,-69,-69.833,240.0,1,,C,5.0,10.0,1,5.0,0.0,3,3,325.0,-49.177,-52.888,125.0,-60.38,-60.969,70.0,-62.734,-63.896,,,,,,
2026-08-07T11:15:13.784,50.987,0.094,20500,BC,BARRIDO_CONTINUO,65.9,1,1,O,OFFBOARD,242.6,246.5,-3.9,246.5,1,C,3.5,1.12,-1.74,-5.09,19.512479,-99.1294193,19.5124784,-99.1294166,19.5124797,-99.1294196,325.0,1,1,1,A,EN AIRE,S,comenzar_barrido,1,,59,-69,-69.75,245.0,1,,C,5.0,10.0,1,5.0,0.0,3,3,325.0,-49.177,-52.888,125.0,-60.38,-60.969,70.0,-62.734,-63.896,,,,,,
2026-08-07T11:15:13.884,51.087,0.188,20500,BC,BARRIDO_CONTINUO,65.9,1,1,O,OFFBOARD,242.6,246.5,-3.9,246.5,1,C,3.5,1.12,-1.74,-5.09,19.512479,-99.1294193,19.5124784,-99.1294166,19.5124797,-99.1294196,325.0,1,1,1,A,EN AIRE,S,comenzar_barrido,1,,58,-70,-69.775,245.0,1,,C,5.0,10.0,1,5.0,0.0,3,3,325.0,-49.177,-52.888,125.0,-60.38,-60.969,70.0,-62.734,-63.896,,,,,,
2026-08-07T11:15:14.046,51.249,0.094,20500,BC,BARRIDO_CONTINUO,66.3,1,1,O,OFFBOARD,245.5,248.5,-3.0,248.5,1,C,3.5,1.12,-1.74,-5.09,19.512479,-99.1294194,19.5124784,-99.1294166,19.5124797,-99.1294196,325.0,1,1,1,A,EN AIRE,S,comenzar_barrido,1,,58,-70,-69.798,245.0,1,,C,5.0,10.0,1,5.0,0.0,3,3,325.0,-49.177,-52.888,125.0,-60.38,-60.969,70.0,-62.734,-63.896,,,,,,
2026-08-07T11:15:14.230,51.433,0.0,20500,BC,BARRIDO_CONTINUO,66.7,1,1,O,OFFBOARD,247.9,250.5,-2.6,250.5,1,C,3.5,1.12,-1.76,-5.08,19.5124792,-99.1294195,19.5124784,-99.1294166,19.5124797,-99.1294196,325.0,1,1,1,A,EN AIRE,S,comenzar_barrido,1,,54,-74,-70.218,250.0,1,,C,5.0,10.0,1,5.0,0.0,3,3,325.0,-49.177,-52.888,125.0,-60.38,-60.969,70.0,-62.734,-63.896,,,,,,
2026-08-07T11:15:14.315,51.519,0.093,20500,BC,BARRIDO_CONTINUO,66.7,1,1,O,OFFBOARD,247.9,250.5,-2.6,250.5,1,C,3.5,1.12,-1.76,-5.08,19.5124792,-99.1294195,19.5124784,-99.1294166,19.5124797,-99.1294196,325.0,1,1,1,A,EN AIRE,S,comenzar_barrido,1,,52,-76,-70.796,250.0,1,,C,5.0,10.0,1,5.0,0.0,3,3,325.0,-49.177,-52.888,125.0,-60.38,-60.969,70.0,-62.734,-63.896,,,,,,
2026-08-07T11:15:14.496,51.7,0.0,20500,BC,BARRIDO_CONTINUO,67.1,1,1,O,OFFBOARD,249.8,252.5,-2.7,252.5,1,C,3.5,1.15,-1.78,-5.07,19.5124793,-99.1294197,19.5124784,-99.1294166,19.5124797,-99.1294196,325.0,1,1,1,A,EN AIRE,S,comenzar_barrido,1,,55,-73,-71.016,250.0,1,,C,5.0,10.0,1,5.0,0.0,3,3,325.0,-49.177,-52.888,125.0,-60.38,-60.969,70.0,-62.734,-63.896,,,,,,
2026-08-07T11:15:14.582,51.785,0.094,20500,BC,BARRIDO_CONTINUO,67.1,1,1,O,OFFBOARD,249.8,252.5,-2.7,252.5,1,C,3.5,1.15,-1.78,-5.07,19.5124793,-99.1294197,19.5124784,-99.1294166,19.5124797,-99.1294196,325.0,1,1,1,A,EN AIRE,S,comenzar_barrido,1,,55,-73,-71.215,250.0,1,,C,5.0,10.0,1,5.0,0.0,3,3,325.0,-49.177,-52.888,125.0,-60.38,-60.969,70.0,-62.734,-63.896,,,,,,
2026-08-07T11:15:14.681,51.884,0.188,20500,BC,BARRIDO_CONTINUO,67.1,1,1,O,OFFBOARD,249.8,252.5,-2.7,252.5,1,C,3.5,1.15,-1.78,-5.07,19.5124793,-99.1294197,19.5124784,-99.1294166,19.5124797,-99.1294196,325.0,1,1,1,A,EN AIRE,S,comenzar_barrido,1,,54,-74,-71.493,250.0,1,,C,5.0,10.0,1,5.0,0.0,3,3,325.0,-49.177,-52.888,125.0,-60.38,-60.969,70.0,-62.734,-63.896,,,,,,
2026-08-07T11:15:14.846,52.049,0.094,20500,BC,BARRIDO_CONTINUO,67.5,1,1,O,OFFBOARD,253.5,254.5,-1.0,254.5,1,C,3.5,1.19,-1.81,-5.06,19.5124798,-99.12942,19.5124784,-99.1294166,19.5124797,-99.1294196,325.0,1,1,1,A,EN AIRE,S,comenzar_barrido,1,,51,-77,-72.044,255.0,1,,C,5.0,10.0,1,5.0,0.0,3,3,325.0,-49.177,-52.888,125.0,-60.38,-60.969,70.0,-62.734,-63.896,,,,,,
2026-08-07T11:15:14.969,52.173,0.11,20500,BC,BARRIDO_CONTINUO,67.9,1,1,O,OFFBOARD,254.9,256.5,-1.6,256.5,1,C,3.5,1.19,-1.81,-5.06,19.51248,-99.1294202,19.5124784,-99.1294166,19.5124797,-99.1294196,325.0,1,1,1,A,EN AIRE,S,comenzar_barrido,1,,51,-77,-72.54,255.0,1,,C,5.0,10.0,1,5.0,0.0,3,3,325.0,-49.177,-52.888,125.0,-60.38,-60.969,70.0,-62.734,-63.896,,,,,,
2026-08-07T11:15:15.120,52.323,0.0,20500,BC,BARRIDO_CONTINUO,68.3,1,1,O,OFFBOARD,257.5,258.5,-1.0,258.5,1,C,3.5,1.23,-1.84,-5.07,19.5124801,-99.1294203,19.5124784,-99.1294166,19.5124797,-99.1294196,325.0,1,1,1,A,EN AIRE,S,comenzar_barrido,1,,52,-76,-72.886,260.0,1,,C,5.0,10.0,1,5.0,0.0,3,3,325.0,-49.177,-52.888,125.0,-60.38,-60.969,70.0,-62.734,-63.896,,,,,,
2026-08-07T11:15:15.238,52.441,0.125,20500,BC,BARRIDO_CONTINUO,68.3,1,1,O,OFFBOARD,257.5,258.5,-1.0,258.5,1,C,3.5,1.23,-1.84,-5.07,19.5124801,-99.1294203,19.5124784,-99.1294166,19.5124797,-99.1294196,325.0,1,1,1,A,EN AIRE,S,comenzar_barrido,1,,52,-76,-73.197,260.0,1,,C,5.0,10.0,1,5.0,0.0,3,3,325.0,-49.177,-52.888,125.0,-60.38,-60.969,70.0,-62.734,-63.896,,,,,,
2026-08-07T11:15:15.386,52.589,0.0,20500,BC,BARRIDO_CONTINUO,68.7,1,1,O,OFFBOARD,259.3,260.5,-1.2,260.5,1,C,3.5,1.25,-1.86,-5.09,19.5124802,-99.1294204,19.5124784,-99.1294166,19.5124797,-99.1294196,325.0,1,1,1,A,EN AIRE,S,comenzar_barrido,1,,52,-76,-73.477,260.0,1,,C,5.0,10.0,1,5.0,0.0,3,3,325.0,-49.177,-52.888,125.0,-60.38,-60.969,70.0,-62.734,-63.896,,,,,,
2026-08-07T11:15:15.478,52.681,0.094,20500,BC,BARRIDO_CONTINUO,68.7,1,1,O,OFFBOARD,259.3,260.5,-1.2,260.5,1,C,3.5,1.25,-1.86,-5.09,19.5124802,-99.1294204,19.5124784,-99.1294166,19.5124797,-99.1294196,325.0,1,1,1,A,EN AIRE,S,comenzar_barrido,1,,51,-77,-73.83,260.0,1,,C,5.0,10.0,1,5.0,0.0,3,3,325.0,-49.177,-52.888,125.0,-60.38,-60.969,70.0,-62.734,-63.896,,,,,,
2026-08-07T11:15:15.639,52.842,0.265,20500,BC,BARRIDO_CONTINUO,68.7,1,1,O,OFFBOARD,259.3,260.5,-1.2,260.5,1,C,3.5,1.25,-1.86,-5.09,19.5124802,-99.1294204,19.5124784,-99.1294166,19.5124797,-99.1294196,325.0,1,1,1,A,EN AIRE,S,comenzar_barrido,1,,50,-78,-74.247,260.0,1,,C,5.0,10.0,1,5.0,0.0,3,3,325.0,-49.177,-52.888,125.0,-60.38,-60.969,70.0,-62.734,-63.896,,,,,,
2026-08-07T11:15:15.758,52.961,0.375,20500,BC,BARRIDO_CONTINUO,68.7,1,1,O,OFFBOARD,259.3,260.5,-1.2,260.5,1,C,3.5,1.25,-1.86,-5.09,19.5124802,-99.1294204,19.5124784,-99.1294166,19.5124797,-99.1294196,325.0,1,1,1,A,EN AIRE,S,comenzar_barrido,1,,49,-79,-74.722,260.0,1,,C,5.0,10.0,1,5.0,0.0,3,3,325.0,-49.177,-52.888,125.0,-60.38,-60.969,70.0,-62.734,-63.896,,,,,,
2026-08-07T11:15:16.140,53.343,0.015,20500,BC,BARRIDO_CONTINUO,69.8,1,1,O,OFFBOARD,263.4,266.5,-3.1,266.5,1,C,3.5,1.25,-1.9,-5.09,19.5124801,-99.1294209,19.5124784,-99.1294166,19.5124797,-99.1294196,325.0,1,1,1,A,EN AIRE,S,comenzar_barrido,1,,51,-77,-74.95,265.0,1,,C,5.0,10.0,1,5.0,0.0,3,3,325.0,-49.177,-52.888,125.0,-60.38,-60.969,70.0,-62.734,-63.896,,,,,,
2026-08-07T11:15:16.222,53.426,0.094,20500,BC,BARRIDO_CONTINUO,69.8,1,1,O,OFFBOARD,263.4,266.5,-3.1,266.5,1,C,3.5,1.25,-1.9,-5.09,19.5124801,-99.1294209,19.5124784,-99.1294166,19.5124797,-99.1294196,325.0,1,1,1,A,EN AIRE,S,comenzar_barrido,1,,51,-77,-75.155,265.0,1,,C,5.0,10.0,1,5.0,0.0,3,3,325.0,-49.177,-52.888,125.0,-60.38,-60.969,70.0,-62.734,-63.896,,,,,,
2026-08-07T11:15:16.381,53.585,0.25,20500,BC,BARRIDO_CONTINUO,69.8,1,1,O,OFFBOARD,263.4,266.5,-3.1,266.5,1,C,3.5,1.25,-1.9,-5.09,19.5124801,-99.1294209,19.5124784,-99.1294166,19.5124797,-99.1294196,325.0,1,1,1,A,EN AIRE,S,comenzar_barrido,1,,53,-75,-75.139,265.0,1,,C,5.0,10.0,1,5.0,0.0,3,3,325.0,-49.177,-52.888,125.0,-60.38,-60.969,70.0,-62.734,-63.896,,,,,,
2026-08-07T11:15:16.633,53.836,0.25,20500,BC,BARRIDO_CONTINUO,70.2,1,1,O,OFFBOARD,265.8,268.5,-2.7,268.5,1,C,3.5,1.24,-1.93,-5.08,19.51248,-99.1294212,19.5124784,-99.1294166,19.5124797,-99.1294196,325.0,1,1,1,A,EN AIRE,S,comenzar_barrido,1,,57,-71,-74.725,265.0,1,,C,5.0,10.0,1,5.0,0.0,3,3,325.0,-49.177,-52.888,125.0,-60.38,-60.969,70.0,-62.734,-63.896,,,,,,
2026-08-07T11:15:16.721,53.924,0.094,20500,BC,BARRIDO_CONTINUO,70.6,1,1,O,OFFBOARD,267.5,270.5,-3.0,270.5,1,C,3.5,1.23,-1.95,-5.08,19.51248,-99.1294213,19.5124784,-99.1294166,19.5124797,-99.1294196,325.0,1,1,1,A,EN AIRE,S,comenzar_barrido,1,,58,-70,-74.253,270.0,1,,C,5.0,10.0,1,5.0,0.0,3,3,325.0,-49.177,-52.888,125.0,-60.38,-60.969,70.0,-62.734,-63.896,,,,,,
2026-08-07T11:15:16.883,54.086,0.25,20500,BC,BARRIDO_CONTINUO,70.6,1,1,O,OFFBOARD,267.5,270.5,-3.0,270.5,1,C,3.5,1.23,-1.95,-5.08,19.51248,-99.1294213,19.5124784,-99.1294166,19.5124797,-99.1294196,325.0,1,1,1,A,EN AIRE,S,comenzar_barrido,1,,59,-69,-73.728,270.0,1,,C,5.0,10.0,1,5.0,0.0,3,3,325.0,-49.177,-52.888,125.0,-60.38,-60.969,70.0,-62.734,-63.896,,,,,,
2026-08-07T11:15:17.133,54.336,0.25,20500,BC,BARRIDO_CONTINUO,71.0,1,1,O,OFFBOARD,270.5,272.5,-2.0,272.5,1,C,3.5,1.23,-1.97,-5.09,19.51248,-99.1294215,19.5124784,-99.1294166,19.5124797,-99.1294196,325.0,1,1,1,A,EN AIRE,S,comenzar_barrido,1,,60,-68,-73.155,270.0,1,,C,5.0,10.0,1,5.0,0.0,3,3,325.0,-49.177,-52.888,125.0,-60.38,-60.969,70.0,-62.734,-63.896,,,,,,
2026-08-07T11:15:17.221,54.424,0.094,20500,BC,BARRIDO_CONTINUO,71.4,1,1,O,OFFBOARD,272.2,274.5,-2.3,274.5,1,C,3.5,1.23,-1.97,-5.09,19.51248,-99.1294216,19.5124784,-99.1294166,19.5124797,-99.1294196,325.0,1,1,1,A,EN AIRE,S,comenzar_barrido,1,,61,-67,-72.539,270.0,1,,C,5.0,10.0,1,5.0,0.0,3,3,325.0,-49.177,-52.888,125.0,-60.38,-60.969,70.0,-62.734,-63.896,,,,,,
2026-08-07T11:15:17.380,54.583,0.25,20500,BC,BARRIDO_CONTINUO,71.4,1,1,O,OFFBOARD,272.2,274.5,-2.3,274.5,1,C,3.5,1.23,-1.97,-5.09,19.51248,-99.1294216,19.5124784,-99.1294166,19.5124797,-99.1294196,325.0,1,1,1,A,EN AIRE,S,comenzar_barrido,1,,60,-68,-72.085,270.0,1,,C,5.0,10.0,1,5.0,0.0,3,3,325.0,-49.177,-52.888,125.0,-60.38,-60.969,70.0,-62.734,-63.896,,,,,,
2026-08-07T11:15:17.551,54.754,0.016,20500,BC,BARRIDO_CONTINUO,72.2,1,1,O,OFFBOARD,276.5,278.5,-2.0,278.5,1,C,3.6,1.22,-2.0,-5.12,19.5124799,-99.1294217,19.5124784,-99.1294166,19.5124797,-99.1294196,325.0,1,1,1,A,EN AIRE,S,comenzar_barrido,1,,59,-69,-71.777,275.0,1,,C,5.0,10.0,1,5.0,0.0,3,3,325.0,-49.177,-52.888,125.0,-60.38,-60.969,70.0,-62.734,-63.896,,,,,,
2026-08-07T11:15:17.634,54.837,0.094,20500,BC,BARRIDO_CONTINUO,72.2,1,1,O,OFFBOARD,276.5,278.5,-2.0,278.5,1,C,3.6,1.22,-2.0,-5.12,19.5124799,-99.1294217,19.5124784,-99.1294166,19.5124797,-99.1294196,325.0,1,1,1,A,EN AIRE,S,comenzar_barrido,1,,59,-69,-71.499,275.0,1,,C,5.0,10.0,1,5.0,0.0,3,3,325.0,-49.177,-52.888,125.0,-60.38,-60.969,70.0,-62.734,-63.896,,,,,,
2026-08-07T11:15:17.745,54.948,0.203,20500,BC,BARRIDO_CONTINUO,72.2,1,1,O,OFFBOARD,276.5,278.5,-2.0,278.5,1,C,3.6,1.22,-2.0,-5.12,19.5124799,-99.1294217,19.5124784,-99.1294166,19.5124797,-99.1294196,325.0,1,1,1,A,EN AIRE,S,comenzar_barrido,1,,59,-69,-71.249,275.0,1,,C,5.0,10.0,1,5.0,0.0,3,3,325.0,-49.177,-52.888,125.0,-60.38,-60.969,70.0,-62.734,-63.896,,,,,,
2026-08-07T11:15:17.997,55.2,0.453,20500,BC,BARRIDO_CONTINUO,72.2,1,1,O,OFFBOARD,276.5,278.5,-2.0,278.5,1,C,3.6,1.22,-2.0,-5.12,19.5124799,-99.1294217,19.5124784,-99.1294166,19.5124797,-99.1294196,325.0,1,1,1,A,EN AIRE,S,comenzar_barrido,1,,60,-68,-70.924,275.0,1,,C,5.0,10.0,1,5.0,0.0,3,3,325.0,-49.177,-52.888,125.0,-60.38,-60.969,70.0,-62.734,-63.896,,,,,,
2026-08-07T11:15:17.997,55.2,0.453,20500,BC,BARRIDO_CONTINUO,72.2,1,1,O,OFFBOARD,276.5,278.5,-2.0,278.5,1,C,3.6,1.22,-2.0,-5.12,19.5124799,-99.1294217,19.5124784,-99.1294166,19.5124797,-99.1294196,325.0,1,1,1,A,EN AIRE,S,comenzar_barrido,1,,60,-68,-70.632,275.0,1,,C,5.0,10.0,1,5.0,0.0,3,3,325.0,-49.177,-52.888,125.0,-60.38,-60.969,70.0,-62.734,-63.896,,,,,,
2026-08-07T11:15:18.303,55.506,0.203,20500,BC,BARRIDO_CONTINUO,72.9,1,1,O,OFFBOARD,280.5,282.5,-2.0,282.5,1,C,3.6,1.19,-2.0,-5.13,19.5124797,-99.1294217,19.5124784,-99.1294166,19.5124797,-99.1294196,325.0,1,1,1,A,EN AIRE,S,comenzar_barrido,1,,75,-53,-68.869,280.0,1,,C,5.0,10.0,1,5.0,0.0,3,3,325.0,-49.177,-52.888,125.0,-60.38,-60.969,70.0,-62.734,-63.896,,,,,,
2026-08-07T11:15:18.303,55.506,0.203,20500,BC,BARRIDO_CONTINUO,72.9,1,1,O,OFFBOARD,280.5,282.5,-2.0,282.5,1,C,3.6,1.19,-2.0,-5.13,19.5124797,-99.1294217,19.5124784,-99.1294166,19.5124797,-99.1294196,325.0,1,1,1,A,EN AIRE,S,comenzar_barrido,1,,72,-56,-67.582,280.0,1,,C,5.0,10.0,1,5.0,0.0,3,3,325.0,-49.177,-52.888,125.0,-60.38,-60.969,70.0,-62.734,-63.896,,,,,,
2026-08-07T11:15:18.569,55.772,0.187,20500,BC,BARRIDO_CONTINUO,73.3,1,1,O,OFFBOARD,281.3,284.5,-3.2,284.5,1,C,3.6,1.19,-2.0,-5.13,19.5124796,-99.1294216,19.5124784,-99.1294166,19.5124797,-99.1294196,325.0,1,1,1,A,EN AIRE,S,comenzar_barrido,1,,76,-52,-66.024,280.0,1,,C,5.0,10.0,1,5.0,0.0,3,3,325.0,-49.177,-52.888,125.0,-60.38,-60.969,70.0,-62.734,-63.896,,,,,,
2026-08-07T11:15:18.569,55.772,0.187,20500,BC,BARRIDO_CONTINUO,73.3,1,1,O,OFFBOARD,281.3,284.5,-3.2,284.5,1,C,3.6,1.19,-2.0,-5.13,19.5124796,-99.1294216,19.5124784,-99.1294166,19.5124797,-99.1294196,325.0,1,1,1,A,EN AIRE,S,comenzar_barrido,1,,76,-52,-64.621,280.0,1,,C,5.0,10.0,1,5.0,0.0,3,3,325.0,-49.177,-52.888,125.0,-60.38,-60.969,70.0,-62.734,-63.896,,,,,,
2026-08-07T11:15:18.731,55.934,0.079,20500,BC,BARRIDO_CONTINUO,73.7,1,1,O,OFFBOARD,283.7,286.5,-2.8,286.5,1,C,3.6,1.19,-1.99,-5.14,19.5124796,-99.1294215,19.5124784,-99.1294166,19.5124797,-99.1294196,325.0,1,1,1,A,EN AIRE,S,comenzar_barrido,1,,77,-51,-63.259,285.0,1,,C,5.0,10.0,1,5.0,0.0,3,3,325.0,-49.177,-52.888,125.0,-60.38,-60.969,70.0,-62.734,-63.896,,,,,,
2026-08-07T11:15:18.943,56.146,0.172,20500,BC,BARRIDO_CONTINUO,74.1,1,1,O,OFFBOARD,286.6,288.5,-1.9,288.5,1,C,3.6,1.19,-1.97,-5.14,19.5124797,-99.1294213,19.5124784,-99.1294166,19.5124797,-99.1294196,325.0,1,1,1,A,EN AIRE,S,comenzar_barrido,1,,76,-52,-62.133,285.0,1,,C,5.0,10.0,1,5.0,0.0,3,3,325.0,-49.177,-52.888,125.0,-60.38,-60.969,70.0,-62.734,-63.896,,,,,,
2026-08-07T11:15:19.034,56.237,0.266,20500,BC,BARRIDO_CONTINUO,74.1,1,1,O,OFFBOARD,286.6,288.5,-1.9,288.5,1,C,3.6,1.19,-1.97,-5.14,19.5124797,-99.1294213,19.5124784,-99.1294166,19.5124797,-99.1294196,325.0,1,1,1,A,EN AIRE,S,comenzar_barrido,1,,76,-52,-61.12,285.0,1,,C,5.0,10.0,1,5.0,0.0,3,3,325.0,-49.177,-52.888,125.0,-60.38,-60.969,70.0,-62.734,-63.896,,,,,,
2026-08-07T11:15:19.197,56.4,0.078,20500,BC,BARRIDO_CONTINUO,74.5,1,1,O,OFFBOARD,288.3,290.5,-2.2,290.5,1,C,3.6,1.2,-1.95,-5.14,19.5124797,-99.1294212,19.5124784,-99.1294166,19.5124797,-99.1294196,325.0,1,1,1,A,EN AIRE,S,comenzar_barrido,1,,74,-54,-60.408,290.0,1,,C,5.0,10.0,1,5.0,0.0,3,3,325.0,-49.177,-52.888,125.0,-60.38,-60.969,70.0,-62.734,-63.896,,,,,,
2026-08-07T11:15:19.390,56.593,0.015,20500,BC,BARRIDO_CONTINUO,74.9,1,1,O,OFFBOARD,290.1,292.5,-2.4,292.5,1,C,3.6,1.21,-1.92,-5.14,19.5124798,-99.129421,19.5124784,-99.1294166,19.5124797,-99.1294196,325.0,1,1,1,A,EN AIRE,S,comenzar_barrido,1,,74,-54,-59.767,290.0,1,,C,5.0,10.0,1,5.0,0.0,3,3,325.0,-49.177,-52.888,125.0,-60.38,-60.969,70.0,-62.734,-63.896,,,,,,
2026-08-07T11:15:19.585,56.788,0.203,20500,BC,BARRIDO_CONTINUO,74.9,1,1,O,OFFBOARD,290.1,292.5,-2.4,292.5,1,C,3.6,1.21,-1.92,-5.14,19.5124798,-99.129421,19.5124784,-99.1294166,19.5124797,-99.1294196,325.0,1,1,1,A,EN AIRE,S,comenzar_barrido,1,,75,-53,-59.09,290.0,1,,C,5.0,10.0,1,5.0,0.0,3,3,325.0,-49.177,-52.888,125.0,-60.38,-60.969,70.0,-62.734,-63.896,,,,,,
2026-08-07T11:15:19.585,56.788,0.203,20500,BC,BARRIDO_CONTINUO,74.9,1,1,O,OFFBOARD,290.1,292.5,-2.4,292.5,1,C,3.6,1.21,-1.92,-5.14,19.5124798,-99.129421,19.5124784,-99.1294166,19.5124797,-99.1294196,325.0,1,1,1,A,EN AIRE,S,comenzar_barrido,1,,73,-55,-58.681,290.0,1,,C,5.0,10.0,1,5.0,0.0,3,3,325.0,-49.177,-52.888,125.0,-60.38,-60.969,70.0,-62.734,-63.896,,,,,,
2026-08-07T11:15:19.750,56.953,0.094,20500,BC,BARRIDO_CONTINUO,75.3,1,1,O,OFFBOARD,292.3,294.5,-2.2,294.5,1,C,3.6,1.21,-1.92,-5.14,19.5124798,-99.1294207,19.5124784,-99.1294166,19.5124797,-99.1294196,325.0,1,1,1,A,EN AIRE,S,comenzar_barrido,1,,71,-57,-58.513,290.0,1,,C,5.0,10.0,1,5.0,0.0,3,3,325.0,-49.177,-52.888,125.0,-60.38,-60.969,70.0,-62.734,-63.896,,,,,,
2026-08-07T11:15:19.851,57.054,0.188,20500,BC,BARRIDO_CONTINUO,75.3,1,1,O,OFFBOARD,292.3,294.5,-2.2,294.5,1,C,3.6,1.21,-1.92,-5.14,19.5124798,-99.1294207,19.5124784,-99.1294166,19.5124797,-99.1294196,325.0,1,1,1,A,EN AIRE,S,comenzar_barrido,1,,71,-57,-58.362,290.0,1,,C,5.0,10.0,1,5.0,0.0,3,3,325.0,-49.177,-52.888,125.0,-60.38,-60.969,70.0,-62.734,-63.896,,,,,,
2026-08-07T11:15:20.017,57.22,0.093,20500,BC,BARRIDO_CONTINUO,75.7,1,1,O,OFFBOARD,294.4,296.5,-2.1,296.5,1,C,3.6,1.21,-1.89,-5.12,19.5124799,-99.1294205,19.5124784,-99.1294166,19.5124797,-99.1294196,325.0,1,1,1,A,EN AIRE,S,comenzar_barrido,1,,71,-57,-58.226,295.0,1,,C,5.0,10.0,1,5.0,0.0,3,3,325.0,-49.177,-52.888,125.0,-60.38,-60.969,70.0,-62.734,-63.896,,,,,,
2026-08-07T11:15:20.205,57.408,0.016,20500,BC,BARRIDO_CONTINUO,76.0,1,1,O,OFFBOARD,296.0,298.5,-2.5,298.5,1,C,3.6,1.22,-1.86,-5.12,19.5124799,-99.1294203,19.5124784,-99.1294166,19.5124797,-99.1294196,325.0,1,1,1,A,EN AIRE,S,comenzar_barrido,1,,71,-57,-58.103,295.0,1,,C,5.0,10.0,1,5.0,0.0,3,3,325.0,-49.177,-52.888,125.0,-60.38,-60.969,70.0,-62.734,-63.896,,,,,,
2026-08-07T11:15:20.416,57.619,0.094,20500,BC,BARRIDO_CONTINUO,76.4,1,1,O,OFFBOARD,298.7,300.5,-1.8,300.5,1,C,3.6,1.22,-1.83,-5.12,19.51248,-99.12942,19.5124784,-99.1294166,19.5124797,-99.1294196,325.0,1,1,1,A,EN AIRE,S,comenzar_barrido,1,,74,-54,-57.693,300.0,1,,C,5.0,10.0,1,5.0,0.0,3,3,325.0,-49.177,-52.888,125.0,-60.38,-60.969,70.0,-62.734,-63.896,,,,,,
2026-08-07T11:15:20.416,57.619,0.094,20500,BC,BARRIDO_CONTINUO,76.4,1,1,O,OFFBOARD,298.7,300.5,-1.8,300.5,1,C,3.6,1.22,-1.83,-5.12,19.51248,-99.12942,19.5124784,-99.1294166,19.5124797,-99.1294196,325.0,1,1,1,A,EN AIRE,S,comenzar_barrido,1,,73,-55,-57.424,300.0,1,,C,5.0,10.0,1,5.0,0.0,3,3,325.0,-49.177,-52.888,125.0,-60.38,-60.969,70.0,-62.734,-63.896,,,,,,
2026-08-07T11:15:20.564,57.768,0.25,20500,BC,BARRIDO_CONTINUO,76.4,1,1,O,OFFBOARD,298.7,300.5,-1.8,300.5,1,C,3.6,1.22,-1.83,-5.12,19.51248,-99.12942,19.5124784,-99.1294166,19.5124797,-99.1294196,325.0,1,1,1,A,EN AIRE,S,comenzar_barrido,1,,73,-55,-57.181,300.0,1,,C,5.0,10.0,1,5.0,0.0,3,3,325.0,-49.177,-52.888,125.0,-60.38,-60.969,70.0,-62.734,-63.896,,,,,,
2026-08-07T11:15:20.651,57.854,0.078,20500,BC,BARRIDO_CONTINUO,76.8,1,1,O,OFFBOARD,300.3,302.5,-2.2,302.5,1,C,3.6,1.22,-1.83,-5.12,19.5124801,-99.1294199,19.5124784,-99.1294166,19.5124797,-99.1294196,325.0,1,1,1,A,EN AIRE,S,comenzar_barrido,1,,72,-56,-57.063,300.0,1,,C,5.0,10.0,1,5.0,0.0,3,3,325.0,-49.177,-52.888,125.0,-60.38,-60.969,70.0,-62.734,-63.896,,,,,,
2026-08-07T11:15:20.815,58.018,0.25,20500,BC,BARRIDO_CONTINUO,76.8,1,1,O,OFFBOARD,300.3,302.5,-2.2,302.5,1,C,3.6,1.22,-1.83,-5.12,19.5124801,-99.1294199,19.5124784,-99.1294166,19.5124797,-99.1294196,325.0,1,1,1,A,EN AIRE,S,comenzar_barrido,1,,72,-56,-56.957,300.0,1,,C,5.0,10.0,1,5.0,0.0,3,3,325.0,-49.177,-52.888,125.0,-60.38,-60.969,70.0,-62.734,-63.896,,,,,,
2026-08-07T11:15:20.984,58.187,0.015,20500,BC,BARRIDO_CONTINUO,77.2,1,1,O,OFFBOARD,302.9,304.5,-1.6,304.5,1,C,3.6,1.24,-1.8,-5.12,19.5124802,-99.1294198,19.5124784,-99.1294166,19.5124797,-99.1294196,325.0,1,1,1,A,EN AIRE,S,comenzar_barrido,1,,72,-56,-56.861,305.0,1,,C,5.0,10.0,1,5.0,0.0,3,3,325.0,-49.177,-52.888,125.0,-60.38,-60.969,70.0,-62.734,-63.896,,,,,,
2026-08-07T11:15:21.070,58.273,0.093,20500,BC,BARRIDO_CONTINUO,77.2,1,1,O,OFFBOARD,302.9,304.5,-1.6,304.5,1,C,3.6,1.24,-1.8,-5.12,19.5124802,-99.1294198,19.5124784,-99.1294166,19.5124797,-99.1294196,325.0,1,1,1,A,EN AIRE,S,comenzar_barrido,1,,70,-58,-56.975,305.0,1,,C,5.0,10.0,1,5.0,0.0,3,3,325.0,-49.177,-52.888,125.0,-60.38,-60.969,70.0,-62.734,-63.896,,,,,,
2026-08-07T11:15:21.188,58.392,0.109,20500,BC,BARRIDO_CONTINUO,77.6,1,1,O,OFFBOARD,304.5,306.5,-2.0,306.5,1,C,3.6,1.26,-1.79,-5.12,19.5124803,-99.1294197,19.5124784,-99.1294166,19.5124797,-99.1294196,325.0,1,1,1,A,EN AIRE,S,comenzar_barrido,1,,77,-51,-56.377,305.0,1,,C,5.0,10.0,1,5.0,0.0,3,3,325.0,-49.177,-52.888,125.0,-60.38,-60.969,70.0,-62.734,-63.896,,,,,,
2026-08-07T11:15:21.330,58.533,0.25,20500,BC,BARRIDO_CONTINUO,77.6,1,1,O,OFFBOARD,304.5,306.5,-2.0,306.5,1,C,3.6,1.26,-1.79,-5.12,19.5124803,-99.1294197,19.5124784,-99.1294166,19.5124797,-99.1294196,325.0,1,1,1,A,EN AIRE,S,comenzar_barrido,1,,75,-53,-56.04,305.0,1,,C,5.0,10.0,1,5.0,0.0,3,3,325.0,-49.177,-52.888,125.0,-60.38,-60.969,70.0,-62.734,-63.896,,,,,,
2026-08-07T11:15:21.499,58.703,0.016,20500,BC,BARRIDO_CONTINUO,78.0,1,1,O,OFFBOARD,305.5,308.5,-3.0,308.5,1,C,3.6,1.27,-1.78,-5.12,19.5124803,-99.1294196,19.5124784,-99.1294166,19.5124797,-99.1294196,325.0,1,1,1,A,EN AIRE,S,comenzar_barrido,1,,77,-51,-55.536,305.0,1,,C,5.0,10.0,1,5.0,0.0,3,3,325.0,-49.177,-52.888,125.0,-60.38,-60.969,70.0,-62.734,-63.896,,,,,,
2026-08-07T11:15:21.582,58.785,0.094,20500,BC,BARRIDO_CONTINUO,78.0,1,1,O,OFFBOARD,305.5,308.5,-3.0,308.5,1,C,3.6,1.27,-1.78,-5.12,19.5124803,-99.1294196,19.5124784,-99.1294166,19.5124797,-99.1294196,325.0,1,1,1,A,EN AIRE,S,comenzar_barrido,1,,76,-52,-55.182,305.0,1,,C,5.0,10.0,1,5.0,0.0,3,3,325.0,-49.177,-52.888,125.0,-60.38,-60.969,70.0,-62.734,-63.896,,,,,,
2026-08-07T11:15:21.706,58.909,0.109,20500,BC,BARRIDO_CONTINUO,78.4,1,1,O,OFFBOARD,307.4,310.5,-3.1,310.5,1,C,3.6,1.27,-1.78,-5.12,19.5124803,-99.1294196,19.5124784,-99.1294166,19.5124797,-99.1294196,325.0,1,1,1,A,EN AIRE,S,comenzar_barrido,1,,76,-52,-54.864,305.0,1,,C,5.0,10.0,1,5.0,0.0,3,3,325.0,-49.177,-52.888,125.0,-60.38,-60.969,70.0,-62.734,-63.896,,,,,,
2026-08-07T11:15:21.847,59.05,0.25,20500,BC,BARRIDO_CONTINUO,78.4,1,1,O,OFFBOARD,307.4,310.5,-3.1,310.5,1,C,3.6,1.27,-1.78,-5.12,19.5124803,-99.1294196,19.5124784,-99.1294166,19.5124797,-99.1294196,325.0,1,1,1,A,EN AIRE,S,comenzar_barrido,1,,78,-50,-54.378,305.0,1,,C,5.0,10.0,1,5.0,0.0,3,3,325.0,-49.177,-52.888,125.0,-60.38,-60.969,70.0,-62.734,-63.896,,,,,,
2026-08-07T11:15:21.938,59.141,0.093,20500,BC,BARRIDO_CONTINUO,78.8,1,1,O,OFFBOARD,309.1,312.5,-3.4,312.5,1,C,3.6,1.26,-1.77,-5.13,19.5124802,-99.1294195,19.5124784,-99.1294166,19.5124797,-99.1294196,325.0,1,1,1,A,EN AIRE,S,comenzar_barrido,1,,77,-51,-54.04,310.0,1,,C,5.0,10.0,1,5.0,0.0,3,3,325.0,-49.177,-52.888,125.0,-60.38,-60.969,70.0,-62.734,-63.896,,,,,,
2026-08-07T11:15:22.098,59.301,0.25,20500,BC,BARRIDO_CONTINUO,78.8,1,1,O,OFFBOARD,309.1,312.5,-3.4,312.5,1,C,3.6,1.26,-1.77,-5.13,19.5124802,-99.1294195,19.5124784,-99.1294166,19.5124797,-99.1294196,325.0,1,1,1,A,EN AIRE,S,comenzar_barrido,1,,79,-49,-53.536,310.0,1,,C,5.0,10.0,1,5.0,0.0,3,3,325.0,-49.177,-52.888,125.0,-60.38,-60.969,70.0,-62.734,-63.896,,,,,,
2026-08-07T11:15:22.276,59.479,0.0,20500,BC,BARRIDO_CONTINUO,79.5,1,1,O,OFFBOARD,313.7,316.5,-2.8,316.5,1,C,3.6,1.23,-1.75,-5.15,19.51248,-99.1294193,19.5124784,-99.1294166,19.5124797,-99.1294196,325.0,1,1,1,A,EN AIRE,S,comenzar_barrido,1,,79,-49,-53.082,315.0,1,,C,5.0,10.0,1,5.0,0.0,3,3,325.0,-49.177,-52.888,125.0,-60.38,-60.969,70.0,-62.734,-63.896,,,,,,
2026-08-07T11:15:22.465,59.669,0.188,20500,BC,BARRIDO_CONTINUO,79.5,1,1,O,OFFBOARD,313.7,316.5,-2.8,316.5,1,C,3.6,1.23,-1.75,-5.15,19.51248,-99.1294193,19.5124784,-99.1294166,19.5124797,-99.1294196,325.0,1,1,1,A,EN AIRE,S,comenzar_barrido,1,,80,-48,-52.574,315.0,1,,C,5.0,10.0,1,5.0,0.0,3,3,325.0,-49.177,-52.888,125.0,-60.38,-60.969,70.0,-62.734,-63.896,,,,,,
2026-08-07T11:15:22.466,59.67,0.204,20500,BC,BARRIDO_CONTINUO,79.5,1,1,O,OFFBOARD,313.7,316.5,-2.8,316.5,1,C,3.6,1.23,-1.75,-5.15,19.51248,-99.1294193,19.5124784,-99.1294166,19.5124797,-99.1294196,325.0,1,1,1,A,EN AIRE,S,comenzar_barrido,1,,80,-48,-52.117,315.0,1,,C,5.0,10.0,1,5.0,0.0,3,3,325.0,-49.177,-52.888,125.0,-60.38,-60.969,70.0,-62.734,-63.896,,,,,,
2026-08-07T11:15:22.741,59.944,0.094,20500,BC,BARRIDO_CONTINUO,79.9,1,1,O,OFFBOARD,317.0,318.5,-1.5,318.5,1,C,3.6,1.24,-1.75,-5.16,19.5124801,-99.1294193,19.5124784,-99.1294166,19.5124797,-99.1294196,325.0,1,1,1,A,EN AIRE,S,comenzar_barrido,1,,81,-47,-51.605,315.0,1,,C,5.0,10.0,1,5.0,0.0,3,3,325.0,-49.177,-52.888,125.0,-60.38,-60.969,70.0,-62.734,-63.896,,,,,,
2026-08-07T11:15:22.742,59.945,0.094,20500,BC,BARRIDO_CONTINUO,79.9,1,1,O,OFFBOARD,317.0,318.5,-1.5,318.5,1,C,3.6,1.24,-1.75,-5.16,19.5124801,-99.1294193,19.5124784,-99.1294166,19.5124797,-99.1294196,325.0,1,1,1,A,EN AIRE,S,comenzar_barrido,1,,82,-46,-51.044,315.0,1,,C,5.0,10.0,1,5.0,0.0,3,3,325.0,-49.177,-52.888,125.0,-60.38,-60.969,70.0,-62.734,-63.896,,,,,,
2026-08-07T11:15:22.914,60.117,0.266,20500,BC,BARRIDO_CONTINUO,79.9,1,1,O,OFFBOARD,317.0,318.5,-1.5,318.5,1,C,3.6,1.24,-1.75,-5.16,19.5124801,-99.1294193,19.5124784,-99.1294166,19.5124797,-99.1294196,325.0,1,1,1,A,EN AIRE,S,comenzar_barrido,1,,82,-46,-50.54,315.0,1,,C,5.0,10.0,1,5.0,0.0,3,3,325.0,-49.177,-52.888,125.0,-60.38,-60.969,70.0,-62.734,-63.896,,,,,,
2026-08-07T11:15:23.027,60.23,0.109,20500,BC,BARRIDO_CONTINUO,80.3,1,1,O,OFFBOARD,318.9,320.5,-1.6,320.5,1,C,3.6,1.24,-1.75,-5.16,19.5124801,-99.1294194,19.5124784,-99.1294166,19.5124797,-99.1294196,325.0,1,1,1,A,EN AIRE,S,comenzar_barrido,1,,81,-47,-50.186,320.0,1,,C,5.0,10.0,1,5.0,0.0,3,3,325.0,-49.177,-52.888,125.0,-60.38,-60.969,70.0,-62.734,-63.896,,,,,,
2026-08-07T11:15:23.172,60.375,0.266,20500,BC,BARRIDO_CONTINUO,80.3,1,1,O,OFFBOARD,318.9,320.5,-1.6,320.5,1,C,3.6,1.24,-1.75,-5.16,19.5124801,-99.1294194,19.5124784,-99.1294166,19.5124797,-99.1294196,325.0,1,1,1,A,EN AIRE,S,comenzar_barrido,1,,81,-47,-49.867,320.0,1,,C,5.0,10.0,1,5.0,0.0,3,3,325.0,-49.177,-52.888,125.0,-60.38,-60.969,70.0,-62.734,-63.896,,,,,,
2026-08-07T11:15:23.264,60.467,0.093,20500,BC,BARRIDO_CONTINUO,80.7,1,1,O,OFFBOARD,321.4,322.5,-1.1,322.5,1,C,3.6,1.25,-1.76,-5.16,19.5124803,-99.1294195,19.5124784,-99.1294166,19.5124797,-99.1294196,325.0,1,1,1,A,EN AIRE,S,comenzar_barrido,1,,77,-51,-49.981,320.0,1,,C,5.0,10.0,1,5.0,0.0,3,3,325.0,-49.177,-52.888,125.0,-60.38,-60.969,70.0,-62.734,-63.896,,,,,,
2026-08-07T11:15:23.456,60.66,0.172,20500,BC,BARRIDO_CONTINUO,81.1,1,1,O,OFFBOARD,323.5,324.5,-1.0,324.5,1,C,3.6,1.26,-1.77,-5.17,19.5124804,-99.1294195,19.5124784,-99.1294166,19.5124797,-99.1294196,325.0,1,1,1,A,EN AIRE,S,comenzar_barrido,1,,82,-46,-49.583,325.0,1,,C,5.0,10.0,1,5.0,0.0,3,3,325.0,-49.177,-52.888,125.0,-60.38,-60.969,70.0,-62.734,-63.896,,,,,,
2026-08-07T11:15:23.549,60.752,0.266,20500,BC,BARRIDO_CONTINUO,81.1,1,1,O,OFFBOARD,323.5,324.5,-1.0,324.5,1,C,3.6,1.26,-1.77,-5.17,19.5124804,-99.1294195,19.5124784,-99.1294166,19.5124797,-99.1294196,325.0,1,1,1,A,EN AIRE,S,comenzar_barrido,1,,82,-46,-49.224,325.0,1,,C,5.0,10.0,1,5.0,0.0,3,3,325.0,-49.177,-52.888,125.0,-60.38,-60.969,70.0,-62.734,-63.896,,,,,,
2026-08-07T11:15:23.771,60.974,0.031,20500,BC,BARRIDO_CONTINUO,81.9,1,1,O,OFFBOARD,326.6,328.5,-1.9,328.5,1,C,3.6,1.28,-1.78,-5.16,19.5124805,-99.1294197,19.5124784,-99.1294166,19.5124797,-99.1294196,325.0,1,1,1,A,EN AIRE,S,comenzar_barrido,1,,80,-48,-49.102,325.0,1,,C,5.0,10.0,1,5.0,0.0,3,3,325.0,-49.177,-52.888,125.0,-60.38,-60.969,70.0,-62.734,-63.896,,,,,,
2026-08-07T11:15:23.929,61.132,0.188,20500,BC,BARRIDO_CONTINUO,81.9,1,1,O,OFFBOARD,326.6,328.5,-1.9,328.5,1,C,3.6,1.28,-1.78,-5.16,19.5124805,-99.1294197,19.5124784,-99.1294166,19.5124797,-99.1294196,325.0,1,1,1,A,EN AIRE,S,comenzar_barrido,1,,79,-49,-49.092,325.0,1,,C,5.0,10.0,1,5.0,0.0,3,3,325.0,-49.177,-52.888,125.0,-60.38,-60.969,70.0,-62.734,-63.896,,,,,,
2026-08-07T11:15:24.023,61.226,0.281,20500,BC,BARRIDO_CONTINUO,81.9,1,1,O,OFFBOARD,326.6,328.5,-1.9,328.5,1,C,3.6,1.28,-1.78,-5.16,19.5124805,-99.1294197,19.5124784,-99.1294166,19.5124797,-99.1294196,325.0,1,1,1,A,EN AIRE,S,comenzar_barrido,1,,81,-47,-48.883,325.0,1,,C,5.0,10.0,1,5.0,0.0,3,3,325.0,-49.177,-52.888,125.0,-60.38,-60.969,70.0,-62.734,-63.896,,,,,,
2026-08-07T11:15:24.307,61.51,0.203,20500,BC,BARRIDO_CONTINUO,82.3,1,1,O,OFFBOARD,328.0,330.5,-2.5,330.5,1,C,3.6,1.28,-1.78,-5.16,19.5124805,-99.1294197,19.5124784,-99.1294166,19.5124797,-99.1294196,325.0,1,1,1,A,EN AIRE,S,comenzar_barrido,1,,80,-48,-48.794,330.0,1,,C,5.0,10.0,1,5.0,0.0,3,3,325.0,-49.177,-52.888,125.0,-60.38,-60.969,70.0,-62.734,-63.896,,,,,,
2026-08-07T11:15:24.398,61.601,0.0,20500,BC,BARRIDO_CONTINUO,82.7,1,1,O,OFFBOARD,330.6,332.5,-1.9,332.5,1,C,3.6,1.28,-1.78,-5.15,19.5124804,-99.1294197,19.5124784,-99.1294166,19.5124797,-99.1294196,325.0,1,1,1,A,EN AIRE,S,comenzar_barrido,1,,63,-65,-50.415,330.0,1,,C,5.0,10.0,1,5.0,0.0,3,3,325.0,-49.177,-52.888,125.0,-60.38,-60.969,70.0,-62.734,-63.896,,,,,,
2026-08-07T11:15:24.589,61.792,0.188,20500,BC,BARRIDO_CONTINUO,82.7,1,1,O,OFFBOARD,330.6,332.5,-1.9,332.5,1,C,3.6,1.28,-1.78,-5.15,19.5124804,-99.1294197,19.5124784,-99.1294166,19.5124797,-99.1294196,325.0,1,1,1,A,EN AIRE,S,comenzar_barrido,1,,63,-65,-51.873,330.0,1,,C,5.0,10.0,1,5.0,0.0,3,3,325.0,-49.177,-52.888,125.0,-60.38,-60.969,70.0,-62.734,-63.896,,,,,,
2026-08-07T11:15:24.590,61.793,0.188,20500,BC,BARRIDO_CONTINUO,82.7,1,1,O,OFFBOARD,330.6,332.5,-1.9,332.5,1,C,3.6,1.28,-1.78,-5.15,19.5124804,-99.1294197,19.5124784,-99.1294166,19.5124797,-99.1294196,325.0,1,1,1,A,EN AIRE,S,comenzar_barrido,1,,64,-64,-53.086,330.0,1,,C,5.0,10.0,1,5.0,0.0,3,3,325.0,-49.177,-52.888,125.0,-60.38,-60.969,70.0,-62.734,-63.896,,,,,,
2026-08-07T11:15:24.764,61.967,0.093,20500,BC,BARRIDO_CONTINUO,83.0,1,1,O,OFFBOARD,333.1,334.5,-1.4,334.5,1,C,3.6,1.27,-1.78,-5.16,19.5124803,-99.1294196,19.5124784,-99.1294166,19.5124797,-99.1294196,325.0,1,1,1,A,EN AIRE,S,comenzar_barrido,1,,64,-64,-54.177,335.0,1,,C,5.0,10.0,1,5.0,0.0,3,3,325.0,-49.177,-52.888,125.0,-60.38,-60.969,70.0,-62.734,-63.896,,,,,,
2026-08-07T11:15:24.978,62.181,0.188,20500,BC,BARRIDO_CONTINUO,83.4,1,1,O,OFFBOARD,335.4,336.5,-1.1,336.5,1,C,3.6,1.26,-1.77,-5.16,19.5124802,-99.1294196,19.5124784,-99.1294166,19.5124797,-99.1294196,325.0,1,1,1,A,EN AIRE,S,comenzar_barrido,1,,62,-66,-55.36,335.0,1,,C,5.0,10.0,1,5.0,0.0,3,3,325.0,-49.177,-52.888,125.0,-60.38,-60.969,70.0,-62.734,-63.896,,,,,,
2026-08-07T11:15:25.158,62.362,0.016,20500,BC,BARRIDO_CONTINUO,83.8,1,1,O,OFFBOARD,337.1,338.5,-1.4,338.5,1,C,3.6,1.26,-1.77,-5.16,19.5124802,-99.1294195,19.5124784,-99.1294166,19.5124797,-99.1294196,325.0,1,1,1,A,EN AIRE,S,comenzar_barrido,1,,64,-64,-56.224,335.0,1,,C,5.0,10.0,1,5.0,0.0,3,3,325.0,-49.177,-52.888,125.0,-60.38,-60.969,70.0,-62.734,-63.896,,,,,,
2026-08-07T11:15:25.246,62.449,0.094,20500,BC,BARRIDO_CONTINUO,83.8,1,1,O,OFFBOARD,337.1,338.5,-1.4,338.5,1,C,3.6,1.26,-1.77,-5.16,19.5124802,-99.1294195,19.5124784,-99.1294166,19.5124797,-99.1294196,325.0,1,1,1,A,EN AIRE,S,comenzar_barrido,1,,62,-66,-57.201,335.0,1,,C,5.0,10.0,1,5.0,0.0,3,3,325.0,-49.177,-52.888,125.0,-60.38,-60.969,70.0,-62.734,-63.896,,,,,,
2026-08-07T11:15:25.375,62.578,0.125,20500,BC,BARRIDO_CONTINUO,84.2,1,1,O,OFFBOARD,339.8,340.5,-0.7,340.5,1,C,3.6,1.25,-1.76,-5.16,19.5124799,-99.1294194,19.5124784,-99.1294166,19.5124797,-99.1294196,325.0,1,1,1,A,EN AIRE,S,comenzar_barrido,1,,65,-63,-57.781,340.0,1,,C,5.0,10.0,1,5.0,0.0,3,3,325.0,-49.177,-52.888,125.0,-60.38,-60.969,70.0,-62.734,-63.896,,,,,,
2026-08-07T11:15:25.525,62.728,0.265,20500,BC,BARRIDO_CONTINUO,84.2,1,1,O,OFFBOARD,339.8,340.5,-0.7,340.5,1,C,3.6,1.25,-1.76,-5.16,19.5124799,-99.1294194,19.5124784,-99.1294166,19.5124797,-99.1294196,325.0,1,1,1,A,EN AIRE,S,comenzar_barrido,1,,65,-63,-58.303,340.0,1,,C,5.0,10.0,1,5.0,0.0,3,3,325.0,-49.177,-52.888,125.0,-60.38,-60.969,70.0,-62.734,-63.896,,,,,,
2026-08-07T11:15:25.786,62.989,0.266,20500,BC,BARRIDO_CONTINUO,84.6,1,1,O,OFFBOARD,341.3,342.5,-1.2,342.5,1,C,3.6,1.22,-1.75,-5.14,19.5124798,-99.1294193,19.5124784,-99.1294166,19.5124797,-99.1294196,325.0,1,1,1,A,EN AIRE,S,comenzar_barrido,1,,63,-65,-58.973,340.0,1,,C,5.0,10.0,1,5.0,0.0,3,3,325.0,-49.177,-52.888,125.0,-60.38,-60.969,70.0,-62.734,-63.896,,,,,,
2026-08-07T11:15:25.879,63.082,0.094,20500,BC,BARRIDO_CONTINUO,85.0,1,1,O,OFFBOARD,341.5,344.5,-3.0,344.5,1,C,3.6,1.19,-1.74,-5.12,19.5124796,-99.1294193,19.5124784,-99.1294166,19.5124797,-99.1294196,325.0,1,1,1,A,EN AIRE,S,comenzar_barrido,1,,64,-64,-59.476,340.0,1,,C,5.0,10.0,1,5.0,0.0,3,3,325.0,-49.177,-52.888,125.0,-60.38,-60.969,70.0,-62.734,-63.896,,,,,,
2026-08-07T11:15:26.522,63.725,0.187,20500,BC,BARRIDO_CONTINUO,85.8,1,1,O,OFFBOARD,345.2,348.5,-3.3,348.5,1,C,3.6,1.15,-1.73,-5.13,19.5124789,-99.1294192,19.5124784,-99.1294166,19.5124797,-99.1294196,325.0,1,1,1,A,EN AIRE,S,comenzar_barrido,1,,61,-67,-60.228,345.0,1,,C,5.0,10.0,1,5.0,0.0,3,3,325.0,-49.177,-52.888,125.0,-60.38,-60.969,70.0,-62.734,-63.896,,,,,,
2026-08-07T11:15:26.522,63.725,0.187,20500,BC,BARRIDO_CONTINUO,85.8,1,1,O,OFFBOARD,345.2,348.5,-3.3,348.5,1,C,3.6,1.15,-1.73,-5.13,19.5124789,-99.1294192,19.5124784,-99.1294166,19.5124797,-99.1294196,325.0,1,1,1,A,EN AIRE,S,comenzar_barrido,1,,60,-68,-61.005,345.0,1,,C,5.0,10.0,1,5.0,0.0,3,3,325.0,-49.177,-52.888,125.0,-60.38,-60.969,70.0,-62.734,-63.896,,,,,,
2026-08-07T11:15:26.866,64.07,0.0,20500,BC,BARRIDO_CONTINUO,86.5,1,1,O,OFFBOARD,350.5,352.5,-2.0,352.5,1,C,3.6,1.07,-1.76,-5.14,19.5124786,-99.1294194,19.5124784,-99.1294166,19.5124797,-99.1294196,325.0,1,1,1,A,EN AIRE,S,comenzar_barrido,1,,52,-76,-62.505,350.0,1,,C,5.0,10.0,1,5.0,0.0,3,3,325.0,-49.177,-52.888,125.0,-60.38,-60.969,70.0,-62.734,-63.896,,,,,,
2026-08-07T11:15:27.147,64.35,0.0,20500,BC,BARRIDO_CONTINUO,86.9,1,1,O,OFFBOARD,352.0,354.5,-2.5,354.5,1,C,3.6,1.06,-1.79,-5.14,19.5124785,-99.1294198,19.5124784,-99.1294166,19.5124797,-99.1294196,325.0,1,1,1,A,EN AIRE,S,comenzar_barrido,1,,55,-73,-63.554,350.0,1,,C,5.0,10.0,1,5.0,0.0,3,3,325.0,-49.177,-52.888,125.0,-60.38,-60.969,70.0,-62.734,-63.896,,,,,,
2026-08-07T11:15:27.367,64.57,0.109,20500,BC,BARRIDO_CONTINUO,87.3,1,1,O,OFFBOARD,353.7,356.5,-2.8,356.5,1,C,3.6,1.08,-1.82,-5.15,19.5124787,-99.12942,19.5124784,-99.1294166,19.5124797,-99.1294196,325.0,1,1,1,A,EN AIRE,S,comenzar_barrido,1,,49,-79,-65.099,355.0,1,,C,5.0,10.0,1,5.0,0.0,3,3,325.0,-49.177,-52.888,125.0,-60.38,-60.969,70.0,-62.734,-63.896,,,,,,
2026-08-07T11:15:27.368,64.571,0.109,20500,BC,BARRIDO_CONTINUO,87.3,1,1,O,OFFBOARD,353.7,356.5,-2.8,356.5,1,C,3.6,1.08,-1.82,-5.15,19.5124787,-99.12942,19.5124784,-99.1294166,19.5124797,-99.1294196,325.0,1,1,1,A,EN AIRE,S,comenzar_barrido,1,,45,-83,-66.889,355.0,1,,C,5.0,10.0,1,5.0,0.0,3,3,325.0,-49.177,-52.888,125.0,-60.38,-60.969,70.0,-62.734,-63.896,,,,,,
2026-08-07T11:15:28.243,65.446,0.015,20500,QA,ESPERANDO_AOA,90.0,1,1,O,OFFBOARD,0.0,0.0,0.0,,0,C,3.6,1.15,-1.84,-5.13,19.5124793,-99.1294203,19.5124784,-99.1294166,19.5124797,-99.1294196,325.0,1,1,1,A,EN AIRE,S,comenzar_barrido,1,,51,-77,-67.9,,0,ma0,C,5.0,10.0,1,5.0,0.0,3,3,325.0,-49.177,-52.888,125.0,-60.38,-60.969,70.0,-62.734,-63.896,,,,,,
2026-08-07T11:15:28.433,65.637,0.203,20500,QA,ESPERANDO_AOA,90.0,1,1,O,OFFBOARD,0.0,0.0,0.0,,0,C,3.6,1.15,-1.84,-5.13,19.5124793,-99.1294203,19.5124784,-99.1294166,19.5124797,-99.1294196,325.0,1,1,1,A,EN AIRE,S,comenzar_barrido,1,,51,-77,-68.81,,0,ma0,C,5.0,10.0,1,5.0,0.0,3,3,325.0,-49.177,-52.888,125.0,-60.38,-60.969,70.0,-62.734,-63.896,,,,,,
2026-08-07T11:15:28.620,65.823,0.094,20500,QA,ESPERANDO_AOA,90.0,1,1,O,OFFBOARD,359.8,0.0,-0.2,,0,C,3.6,1.15,-1.84,-5.13,19.5124793,-99.1294202,19.5124784,-99.1294166,19.5124797,-99.1294196,325.0,1,1,1,A,EN AIRE,S,comenzar_barrido,1,,51,-77,-69.629,,0,ma0,C,5.0,10.0,1,5.0,0.0,3,3,325.0,-49.177,-52.888,125.0,-60.38,-60.969,70.0,-62.734,-63.896,,,,,,
2026-08-07T11:15:28.720,65.923,0.204,20500,QA,ESPERANDO_AOA,90.0,1,1,O,OFFBOARD,359.8,0.0,-0.2,,0,C,3.6,1.15,-1.84,-5.13,19.5124793,-99.1294202,19.5124784,-99.1294166,19.5124797,-99.1294196,325.0,1,1,1,A,EN AIRE,S,comenzar_barrido,1,,49,-79,-70.566,,0,ma0,C,5.0,10.0,1,5.0,0.0,3,3,325.0,-49.177,-52.888,125.0,-60.38,-60.969,70.0,-62.734,-63.896,,,,,,
2026-08-07T11:15:28.929,66.132,0.094,20500,QA,ESPERANDO_AOA,90.0,1,1,O,OFFBOARD,0.2,0.0,0.2,,0,C,3.6,1.16,-1.84,-5.13,19.5124794,-99.1294203,19.5124784,-99.1294166,19.5124797,-99.1294196,325.0,1,1,1,A,EN AIRE,S,comenzar_barrido,1,,52,-76,-71.109,,0,ma0,C,5.0,10.0,1,5.0,0.0,3,3,325.0,-49.177,-52.888,125.0,-60.38,-60.969,70.0,-62.734,-63.896,,,,,,
2026-08-07T11:15:29.128,66.331,0.297,20500,QA,ESPERANDO_AOA,90.0,1,1,O,OFFBOARD,0.2,0.0,0.2,,0,C,3.6,1.16,-1.84,-5.13,19.5124794,-99.1294203,19.5124784,-99.1294166,19.5124797,-99.1294196,325.0,1,1,1,A,EN AIRE,S,comenzar_barrido,1,,51,-77,-71.699,,0,ma0,C,5.0,10.0,1,5.0,0.0,3,3,325.0,-49.177,-52.888,125.0,-60.38,-60.969,70.0,-62.734,-63.896,,,,,,
2026-08-07T11:15:29.251,66.454,0.125,20500,YA,ORIENTANDO_AOA,94.0,1,1,O,OFFBOARD,359.8,355.7,4.1,,0,C,3.6,1.16,-1.85,-5.12,19.5124794,-99.1294203,19.5124784,-99.1294166,19.5124797,-99.1294196,325.0,1,1,1,A,EN AIRE,Y,orientar_aoa,2,,59,-69,-71.429,,0,ma0,C,5.0,10.0,1,5.0,0.0,3,3,325.0,-49.177,-52.888,125.0,-60.38,-60.969,70.0,-62.734,-63.896,,,,,,
2026-08-07T11:15:29.445,66.649,0.187,20500,YA,ORIENTANDO_AOA,94.0,1,1,O,OFFBOARD,358.3,346.2,12.1,,0,C,3.6,1.17,-1.85,-5.12,19.5124794,-99.1294203,19.5124784,-99.1294166,19.5124797,-99.1294196,325.0,1,1,1,A,EN AIRE,Y,orientar_aoa,2,,65,-63,-70.586,,0,ma0,C,5.0,10.0,1,5.0,0.0,3,3,325.0,-49.177,-52.888,125.0,-60.38,-60.969,70.0,-62.734,-63.896,,,,,,
2026-08-07T11:15:29.664,66.867,0.219,20500,YA,ORIENTANDO_AOA,94.0,1,1,O,OFFBOARD,348.4,336.8,11.6,,0,C,3.6,1.16,-1.87,-5.13,19.5124794,-99.1294205,19.5124784,-99.1294166,19.5124797,-99.1294196,325.0,1,1,1,A,EN AIRE,Y,orientar_aoa,2,,61,-67,-70.227,,0,ma0,C,5.0,10.0,1,5.0,0.0,3,3,325.0,-49.177,-52.888,125.0,-60.38,-60.969,70.0,-62.734,-63.896,,,,,,
2026-08-07T11:15:29.868,67.071,0.0,20500,YA,ORIENTANDO_AOA,94.0,1,1,O,OFFBOARD,338.9,327.4,11.5,,0,C,3.6,1.16,-1.87,-5.13,19.5124794,-99.1294206,19.5124784,-99.1294166,19.5124797,-99.1294196,325.0,1,1,1,A,EN AIRE,Y,orientar_aoa,2,,66,-62,-69.405,,0,ma0,C,5.0,10.0,1,5.0,0.0,3,3,325.0,-49.177,-52.888,125.0,-60.38,-60.969,70.0,-62.734,-63.896,,,,,,
2026-08-07T11:15:29.953,67.156,0.094,20500,YA,ORIENTANDO_AOA,94.0,1,1,O,OFFBOARD,338.9,327.4,11.5,,0,C,3.6,1.16,-1.87,-5.13,19.5124794,-99.1294206,19.5124784,-99.1294166,19.5124797,-99.1294196,325.0,1,1,1,A,EN AIRE,Y,orientar_aoa,2,,65,-63,-68.764,,0,ma0,C,5.0,10.0,1,5.0,0.0,3,3,325.0,-49.177,-52.888,125.0,-60.38,-60.969,70.0,-62.734,-63.896,,,,,,
2026-08-07T11:15:30.166,67.369,0.297,20500,YA,ORIENTANDO_AOA,94.0,1,1,O,OFFBOARD,338.9,327.4,11.5,,0,C,3.6,1.16,-1.87,-5.13,19.5124794,-99.1294206,19.5124784,-99.1294166,19.5124797,-99.1294196,325.0,1,1,1,A,EN AIRE,Y,orientar_aoa,2,,66,-62,-68.088,,0,ma0,C,5.0,10.0,1,5.0,0.0,3,3,325.0,-49.177,-52.888,125.0,-60.38,-60.969,70.0,-62.734,-63.896,,,,,,
2026-08-07T11:15:30.283,67.487,0.125,20500,YA,ORIENTANDO_AOA,94.0,1,1,O,OFFBOARD,326.6,325.0,1.6,,0,C,3.6,1.16,-1.88,-5.12,19.5124794,-99.1294207,19.5124784,-99.1294166,19.5124797,-99.1294196,325.0,1,1,1,A,EN AIRE,Y,orientar_aoa,2,,82,-46,-65.879,,0,ma0,C,5.0,10.0,1,5.0,0.0,3,3,325.0,-49.177,-52.888,125.0,-60.38,-60.969,70.0,-62.734,-63.896,,,,,,
2026-08-07T11:15:30.474,67.677,0.188,20500,YA,ORIENTANDO_AOA,94.0,1,1,O,OFFBOARD,321.0,325.0,-4.0,,0,C,3.5,1.18,-1.9,-5.1,19.5124797,-99.1294209,19.5124784,-99.1294166,19.5124797,-99.1294196,325.0,1,1,1,A,EN AIRE,Y,orientar_aoa,2,,76,-52,-64.491,,0,ma0,C,5.0,10.0,1,5.0,0.0,3,3,325.0,-49.177,-52.888,125.0,-60.38,-60.969,70.0,-62.734,-63.896,,,,,,
2026-08-07T11:15:30.601,67.804,0.125,20500,YA,ORIENTANDO_AOA,94.0,1,1,O,OFFBOARD,322.5,325.0,-2.5,,0,C,3.5,1.22,-1.93,-5.1,19.5124799,-99.129421,19.5124784,-99.1294166,19.5124797,-99.1294196,325.0,1,1,1,A,EN AIRE,Y,orientar_aoa,2,,83,-45,-62.542,,0,ma0,C,5.0,10.0,1,5.0,0.0,3,3,325.0,-49.177,-52.888,125.0,-60.38,-60.969,70.0,-62.734,-63.896,,,,,,
2026-08-07T11:15:30.777,67.98,0.296,20500,YA,ORIENTANDO_AOA,94.0,1,1,O,OFFBOARD,322.5,325.0,-2.5,,0,C,3.5,1.22,-1.93,-5.1,19.5124799,-99.129421,19.5124784,-99.1294166,19.5124797,-99.1294196,325.0,1,1,1,A,EN AIRE,Y,orientar_aoa,2,,82,-46,-60.888,,0,ma0,C,5.0,10.0,1,5.0,0.0,3,3,325.0,-49.177,-52.888,125.0,-60.38,-60.969,70.0,-62.734,-63.896,,,,,,
2026-08-07T11:15:30.899,68.102,0.125,20500,YA,ORIENTANDO_AOA,94.0,1,1,O,OFFBOARD,325.1,325.0,0.1,,0,C,3.5,1.22,-1.93,-5.1,19.5124801,-99.1294211,19.5124784,-99.1294166,19.5124797,-99.1294196,325.0,1,1,1,A,EN AIRE,Y,orientar_aoa,2,,82,-46,-59.399,,0,ma0,C,5.0,10.0,1,5.0,0.0,3,3,325.0,-49.177,-52.888,125.0,-60.38,-60.969,70.0,-62.734,-63.896,,,,,,
2026-08-07T11:15:31.098,68.301,0.204,20500,YA,ORIENTANDO_AOA,94.0,1,1,O,OFFBOARD,325.9,325.0,0.9,,0,C,3.5,1.25,-1.93,-5.1,19.5124802,-99.129421,19.5124784,-99.1294166,19.5124797,-99.1294196,325.0,1,1,1,A,EN AIRE,Y,orientar_aoa,2,,78,-50,-58.459,,0,ma0,C,5.0,10.0,1,5.0,0.0,3,3,325.0,-49.177,-52.888,125.0,-60.38,-60.969,70.0,-62.734,-63.896,,,,,,
2026-08-07T11:15:31.293,68.496,0.391,20500,YA,ORIENTANDO_AOA,94.0,1,1,O,OFFBOARD,325.9,325.0,0.9,,0,C,3.5,1.25,-1.93,-5.1,19.5124802,-99.129421,19.5124784,-99.1294166,19.5124797,-99.1294196,325.0,1,1,1,A,EN AIRE,Y,orientar_aoa,2,,80,-48,-57.413,,0,ma0,C,5.0,10.0,1,5.0,0.0,3,3,325.0,-49.177,-52.888,125.0,-60.38,-60.969,70.0,-62.734,-63.896,,,,,,
2026-08-07T11:15:31.417,68.62,0.125,20500,LND,ATERRIZANDO,96.0,1,1,O,OFFBOARD,325.9,325.0,0.9,,0,C,3.5,1.25,-1.91,-5.09,19.5124802,-99.1294208,19.5124784,-99.1294166,19.5124797,-99.1294196,325.0,1,1,1,A,EN AIRE,YC,aoa_orientado,2,,78,-50,-56.672,,0,ma0,C,5.0,10.0,1,5.0,0.0,3,3,325.0,-49.177,-52.888,125.0,-60.38,-60.969,70.0,-62.734,-63.896,,,,,,
2026-08-07T11:15:31.591,68.794,0.297,20500,LND,ATERRIZANDO,96.0,1,1,O,OFFBOARD,325.9,325.0,0.9,,0,C,3.5,1.25,-1.91,-5.09,19.5124802,-99.1294208,19.5124784,-99.1294166,19.5124797,-99.1294196,325.0,1,1,1,A,EN AIRE,YC,aoa_orientado,2,,77,-51,-56.105,,0,ma0,C,5.0,10.0,1,5.0,0.0,3,3,325.0,-49.177,-52.888,125.0,-60.38,-60.969,70.0,-62.734,-63.896,,,,,,
2026-08-07T11:15:31.710,68.913,0.125,20500,LND,ATERRIZANDO,96.0,1,1,O,OFFBOARD,326.0,325.0,1.0,,0,C,3.5,1.25,-1.91,-5.09,19.5124802,-99.1294208,19.5124784,-99.1294166,19.5124797,-99.1294196,325.0,1,1,1,A,EN AIRE,YC,aoa_orientado,2,,77,-51,-55.594,,0,ma0,C,5.0,10.0,1,5.0,0.0,3,3,325.0,-49.177,-52.888,125.0,-60.38,-60.969,70.0,-62.734,-63.896,,,,,,
2026-08-07T11:15:31.878,69.081,0.297,20500,LND,ATERRIZANDO,96.0,1,1,O,OFFBOARD,326.0,325.0,1.0,,0,C,3.5,1.25,-1.91,-5.09,19.5124802,-99.1294208,19.5124784,-99.1294166,19.5124797,-99.1294196,325.0,1,1,1,A,EN AIRE,YC,aoa_orientado,2,,74,-54,-55.435,,0,ma0,C,5.0,10.0,1,5.0,0.0,3,3,325.0,-49.177,-52.888,125.0,-60.38,-60.969,70.0,-62.734,-63.896,,,,,,
2026-08-07T11:15:32.000,69.203,0.125,20500,LND,ATERRIZANDO,96.0,1,1,O,OFFBOARD,326.9,325.0,1.9,,0,C,3.5,1.24,-1.9,-5.03,19.5124801,-99.1294207,19.5124784,-99.1294166,19.5124797,-99.1294196,325.0,1,1,1,A,EN AIRE,YC,aoa_orientado,2,,68,-60,-55.891,,0,ma0,C,5.0,10.0,1,5.0,0.0,3,3,325.0,-49.177,-52.888,125.0,-60.38,-60.969,70.0,-62.734,-63.896,,,,,,
2026-08-07T11:15:32.188,69.391,0.187,20500,LND,ATERRIZANDO,96.0,1,1,O,OFFBOARD,326.6,325.0,1.6,,0,C,3.4,1.24,-1.9,-5.03,19.5124801,-99.1294208,19.5124784,-99.1294166,19.5124797,-99.1294196,325.0,1,1,1,A,EN AIRE,YC,aoa_orientado,2,,73,-55,-55.802,,0,ma0,C,5.0,10.0,1,5.0,0.0,3,3,325.0,-49.177,-52.888,125.0,-60.38,-60.969,70.0,-62.734,-63.896,,,,,,
2026-08-07T11:15:32.285,69.488,0.281,20500,LND,ATERRIZANDO,96.0,1,1,O,OFFBOARD,326.6,325.0,1.6,,0,C,3.4,1.24,-1.9,-5.03,19.5124801,-99.1294208,19.5124784,-99.1294166,19.5124797,-99.1294196,325.0,1,1,1,A,EN AIRE,YC,aoa_orientado,2,,77,-51,-55.322,,0,ma0,C,5.0,10.0,1,5.0,0.0,3,3,325.0,-49.177,-52.888,125.0,-60.38,-60.969,70.0,-62.734,-63.896,,,,,,
2026-08-07T11:15:32.701,69.904,0.188,20500,LND,ATERRIZANDO,96.0,1,1,L,LAND,324.5,325.0,-0.5,,0,C,3.1,1.22,-1.9,-4.64,19.51248,-99.1294207,19.5124784,-99.1294166,19.5124797,-99.1294196,325.0,1,1,1,A,EN AIRE,YC,aoa_orientado,2,,82,-46,-54.39,,0,ma0,C,5.0,10.0,1,5.0,0.0,3,3,325.0,-49.177,-52.888,125.0,-60.38,-60.969,70.0,-62.734,-63.896,,,,,,
2026-08-07T11:15:32.701,69.904,0.188,20500,LND,ATERRIZANDO,96.0,1,1,L,LAND,324.5,325.0,-0.5,,0,C,3.1,1.22,-1.9,-4.64,19.51248,-99.1294207,19.5124784,-99.1294166,19.5124797,-99.1294196,325.0,1,1,1,A,EN AIRE,YC,aoa_orientado,2,,81,-47,-53.651,,0,ma0,C,5.0,10.0,1,5.0,0.0,3,3,325.0,-49.177,-52.888,125.0,-60.38,-60.969,70.0,-62.734,-63.896,,,,,,
2026-08-07T11:15:32.833,70.036,0.125,20500,LND,ATERRIZANDO,96.0,1,1,L,LAND,325.5,325.0,0.5,,0,C,2.9,1.22,-1.9,-4.47,19.51248,-99.1294208,19.5124784,-99.1294166,19.5124797,-99.1294196,325.0,1,1,1,A,EN AIRE,YC,aoa_orientado,2,,63,-65,-54.786,,0,ma0,C,5.0,10.0,1,5.0,0.0,3,3,325.0,-49.177,-52.888,125.0,-60.38,-60.969,70.0,-62.734,-63.896,,,,,,
2026-08-07T11:15:33.008,70.211,0.297,20500,LND,ATERRIZANDO,96.0,1,1,L,LAND,325.5,325.0,0.5,,0,C,2.9,1.22,-1.9,-4.47,19.51248,-99.1294208,19.5124784,-99.1294166,19.5124797,-99.1294196,325.0,1,1,1,A,EN AIRE,YC,aoa_orientado,2,,68,-60,-55.307,,0,ma0,C,5.0,10.0,1,5.0,0.0,3,3,325.0,-49.177,-52.888,125.0,-60.38,-60.969,70.0,-62.734,-63.896,,,,,,
2026-08-07T11:15:33.127,70.33,0.125,20500,LND,ATERRIZANDO,96.0,1,1,L,LAND,326.8,325.0,1.8,,0,C,2.7,1.22,-1.9,-4.47,19.5124801,-99.1294208,19.5124784,-99.1294166,19.5124797,-99.1294196,325.0,1,1,1,A,EN AIRE,YC,aoa_orientado,2,,77,-51,-54.876,,0,ma0,C,5.0,10.0,1,5.0,0.0,3,3,325.0,-49.177,-52.888,125.0,-60.38,-60.969,70.0,-62.734,-63.896,,,,,,
2026-08-07T11:15:33.316,70.519,0.187,20500,LND,ATERRIZANDO,96.0,1,1,L,LAND,327.3,325.0,2.3,,0,C,2.6,1.24,-1.91,-4.29,19.5124801,-99.1294209,19.5124784,-99.1294166,19.5124797,-99.1294196,325.0,1,1,1,A,EN AIRE,YC,aoa_orientado,2,,71,-57,-55.089,,0,ma0,C,5.0,10.0,1,5.0,0.0,3,3,325.0,-49.177,-52.888,125.0,-60.38,-60.969,70.0,-62.734,-63.896,,,,,,
2026-08-07T11:15:33.411,70.614,0.281,20500,LND,ATERRIZANDO,96.0,1,1,L,LAND,327.3,325.0,2.3,,0,C,2.6,1.24,-1.91,-4.29,19.5124801,-99.1294209,19.5124784,-99.1294166,19.5124797,-99.1294196,325.0,1,1,1,A,EN AIRE,YC,aoa_orientado,2,,74,-54,-54.98,,0,ma0,C,5.0,10.0,1,5.0,0.0,3,3,325.0,-49.177,-52.888,125.0,-60.38,-60.969,70.0,-62.734,-63.896,,,,,,
2026-08-07T11:15:33.607,70.81,0.094,20500,LND,ATERRIZANDO,96.0,1,1,L,LAND,326.5,325.0,1.5,,0,C,2.4,1.24,-1.91,-4.12,19.5124801,-99.1294209,19.5124784,-99.1294166,19.5124797,-99.1294196,325.0,1,1,1,A,EN AIRE,YC,aoa_orientado,2,,80,-48,-54.282,,0,ma0,C,5.0,10.0,1,5.0,0.0,3,3,325.0,-49.177,-52.888,125.0,-60.38,-60.969,70.0,-62.734,-63.896,,,,,,
2026-08-07T11:15:33.804,71.007,0.282,20500,LND,ATERRIZANDO,96.0,1,1,L,LAND,326.5,325.0,1.5,,0,C,2.4,1.24,-1.91,-4.12,19.5124801,-99.1294209,19.5124784,-99.1294166,19.5124797,-99.1294196,325.0,1,1,1,A,EN AIRE,YC,aoa_orientado,2,,82,-46,-53.454,,0,ma0,C,5.0,10.0,1,5.0,0.0,3,3,325.0,-49.177,-52.888,125.0,-60.38,-60.969,70.0,-62.734,-63.896,,,,,,
2026-08-07T11:15:33.921,71.124,0.125,20500,LND,ATERRIZANDO,96.0,1,1,L,LAND,326.8,325.0,1.8,,0,C,2.3,1.24,-1.91,-3.93,19.5124801,-99.1294208,19.5124784,-99.1294166,19.5124797,-99.1294196,325.0,1,1,1,A,EN AIRE,YC,aoa_orientado,2,,83,-45,-52.608,,0,ma0,C,5.0,10.0,1,5.0,0.0,3,3,325.0,-49.177,-52.888,125.0,-60.38,-60.969,70.0,-62.734,-63.896,,,,,,
2026-08-07T11:15:34.123,71.326,0.203,20500,LND,ATERRIZANDO,96.0,1,1,L,LAND,325.9,325.0,0.9,,0,C,2.2,1.24,-1.9,-3.74,19.5124801,-99.1294207,19.5124784,-99.1294166,19.5124797,-99.1294196,325.0,1,1,1,A,EN AIRE,YC,aoa_orientado,2,,81,-47,-52.048,,0,ma0,C,5.0,10.0,1,5.0,0.0,3,3,325.0,-49.177,-52.888,125.0,-60.38,-60.969,70.0,-62.734,-63.896,,,,,,
2026-08-07T11:15:34.327,71.53,0.406,20500,LND,ATERRIZANDO,96.0,1,1,L,LAND,325.9,325.0,0.9,,0,C,2.2,1.24,-1.9,-3.74,19.5124801,-99.1294207,19.5124784,-99.1294166,19.5124797,-99.1294196,325.0,1,1,1,A,EN AIRE,YC,aoa_orientado,2,,75,-53,-52.143,,0,ma0,C,5.0,10.0,1,5.0,0.0,3,3,325.0,-49.177,-52.888,125.0,-60.38,-60.969,70.0,-62.734,-63.896,,,,,,
2026-08-07T11:15:34.428,71.631,0.5,20500,LND,ATERRIZANDO,96.0,1,1,L,LAND,325.9,325.0,0.9,,0,C,2.2,1.24,-1.9,-3.74,19.5124801,-99.1294207,19.5124784,-99.1294166,19.5124797,-99.1294196,325.0,1,1,1,A,EN AIRE,YC,aoa_orientado,2,,64,-64,-53.328,,0,ma0,C,5.0,10.0,1,5.0,0.0,3,3,325.0,-49.177,-52.888,125.0,-60.38,-60.969,70.0,-62.734,-63.896,,,,,,
2026-08-07T11:15:34.614,71.817,0.187,20500,LND,ATERRIZANDO,96.0,1,1,L,LAND,325.4,325.0,0.4,,0,C,1.9,1.24,-1.89,-3.57,19.5124802,-99.1294206,19.5124784,-99.1294166,19.5124797,-99.1294196,325.0,1,1,1,A,EN AIRE,YC,aoa_orientado,2,,74,-54,-53.396,,0,ma0,C,5.0,10.0,1,5.0,0.0,3,3,325.0,-49.177,-52.888,125.0,-60.38,-60.969,70.0,-62.734,-63.896,,,,,,
2026-08-07T11:15:34.712,71.915,0.281,20500,LND,ATERRIZANDO,96.0,1,1,L,LAND,325.4,325.0,0.4,,0,C,1.9,1.24,-1.89,-3.57,19.5124802,-99.1294206,19.5124784,-99.1294166,19.5124797,-99.1294196,325.0,1,1,1,A,EN AIRE,YC,aoa_orientado,2,,76,-52,-53.256,,0,ma0,C,5.0,10.0,1,5.0,0.0,3,3,325.0,-49.177,-52.888,125.0,-60.38,-60.969,70.0,-62.734,-63.896,,,,,,
2026-08-07T11:15:34.906,72.11,0.094,20500,LND,ATERRIZANDO,96.0,1,1,L,LAND,326.2,325.0,1.2,,0,C,1.7,1.26,-1.88,-3.36,19.5124803,-99.1294206,19.5124784,-99.1294166,19.5124797,-99.1294196,325.0,1,1,1,A,EN AIRE,YC,aoa_orientado,2,,76,-52,-53.13,,0,ma0,C,5.0,10.0,1,5.0,0.0,3,3,325.0,-49.177,-52.888,125.0,-60.38,-60.969,70.0,-62.734,-63.896,,,,,,
2026-08-07T11:15:35.151,72.354,0.187,20500,LND,ATERRIZANDO,96.0,1,1,L,LAND,325.7,325.0,0.7,,0,C,1.6,1.27,-1.89,-3.18,19.5124804,-99.1294206,19.5124784,-99.1294166,19.5124797,-99.1294196,325.0,1,1,1,A,EN AIRE,YC,aoa_orientado,2,,78,-50,-52.817,,0,ma0,C,5.0,10.0,1,5.0,0.0,3,3,325.0,-49.177,-52.888,125.0,-60.38,-60.969,70.0,-62.734,-63.896,,,,,,
2026-08-07T11:15:35.250,72.453,0.297,20500,LND,ATERRIZANDO,96.0,1,1,L,LAND,325.7,325.0,0.7,,0,C,1.6,1.27,-1.89,-3.18,19.5124804,-99.1294206,19.5124784,-99.1294166,19.5124797,-99.1294196,325.0,1,1,1,A,EN AIRE,YC,aoa_orientado,2,,79,-49,-52.436,,0,ma0,C,5.0,10.0,1,5.0,0.0,3,3,325.0,-49.177,-52.888,125.0,-60.38,-60.969,70.0,-62.734,-63.896,,,,,,
2026-08-07T11:15:35.440,72.643,0.093,20500,LND,ATERRIZANDO,96.0,1,1,L,LAND,326.1,325.0,1.1,,0,C,1.4,1.29,-1.89,-3.01,19.5124805,-99.1294207,19.5124784,-99.1294166,19.5124797,-99.1294196,325.0,1,1,1,A,EN AIRE,YC,aoa_orientado,2,,69,-59,-53.092,,0,ma0,C,5.0,10.0,1,5.0,0.0,3,3,325.0,-49.177,-52.888,125.0,-60.38,-60.969,70.0,-62.734,-63.896,,,,,,
2026-08-07T11:15:35.675,72.879,0.188,20500,LND,ATERRIZANDO,96.0,1,1,L,LAND,326.5,325.0,1.5,,0,C,1.3,1.29,-1.89,-3.01,19.5124805,-99.1294208,19.5124784,-99.1294166,19.5124797,-99.1294196,325.0,1,1,1,A,EN AIRE,YC,aoa_orientado,2,,63,-65,-54.283,,0,ma0,C,5.0,10.0,1,5.0,0.0,3,3,325.0,-49.177,-52.888,125.0,-60.38,-60.969,70.0,-62.734,-63.896,,,,,,
2026-08-07T11:15:35.793,72.997,0.109,20500,LND,ATERRIZANDO,96.0,1,1,L,LAND,327.5,325.0,2.5,,0,C,1.2,1.29,-1.91,-2.81,19.5124805,-99.1294209,19.5124784,-99.1294166,19.5124797,-99.1294196,325.0,1,1,1,A,EN AIRE,YC,aoa_orientado,2,,76,-52,-54.055,,0,ma0,C,5.0,10.0,1,5.0,0.0,3,3,325.0,-49.177,-52.888,125.0,-60.38,-60.969,70.0,-62.734,-63.896,,,,,,
2026-08-07T11:15:35.961,73.165,0.281,20500,LND,ATERRIZANDO,96.0,1,1,L,LAND,327.5,325.0,2.5,,0,C,1.2,1.29,-1.91,-2.81,19.5124805,-99.1294209,19.5124784,-99.1294166,19.5124797,-99.1294196,325.0,1,1,1,A,EN AIRE,YC,aoa_orientado,2,,80,-48,-53.449,,0,ma0,C,5.0,10.0,1,5.0,0.0,3,3,325.0,-49.177,-52.888,125.0,-60.38,-60.969,70.0,-62.734,-63.896,,,,,,
2026-08-07T11:15:36.077,73.28,0.125,20500,LND,ATERRIZANDO,96.0,1,1,L,LAND,326.3,325.0,1.3,,0,C,1.0,1.27,-1.92,-2.63,19.5124802,-99.129421,19.5124784,-99.1294166,19.5124797,-99.1294196,325.0,1,1,1,A,EN AIRE,YC,aoa_orientado,2,,79,-49,-53.004,,0,ma0,C,5.0,10.0,1,5.0,0.0,3,3,325.0,-49.177,-52.888,125.0,-60.38,-60.969,70.0,-62.734,-63.896,,,,,,
2026-08-07T11:15:36.247,73.45,0.281,20500,LND,ATERRIZANDO,96.0,1,1,L,LAND,326.3,325.0,1.3,,0,C,1.0,1.27,-1.92,-2.63,19.5124802,-99.129421,19.5124784,-99.1294166,19.5124797,-99.1294196,325.0,1,1,1,A,EN AIRE,YC,aoa_orientado,2,,76,-52,-52.904,,0,ma0,C,5.0,10.0,1,5.0,0.0,3,3,325.0,-49.177,-52.888,125.0,-60.38,-60.969,70.0,-62.734,-63.896,,,,,,
2026-08-07T11:15:36.557,73.76,0.188,20500,LND,ATERRIZANDO,96.0,1,1,L,LAND,325.0,325.0,0.0,,0,C,0.8,1.23,-1.92,-2.45,19.5124799,-99.129421,19.5124784,-99.1294166,19.5124797,-99.1294196,325.0,1,1,1,A,EN AIRE,YC,aoa_orientado,2,,77,-51,-52.713,,0,ma0,C,5.0,10.0,1,5.0,0.0,3,3,325.0,-49.177,-52.888,125.0,-60.38,-60.969,70.0,-62.734,-63.896,,,,,,
2026-08-07T11:15:36.653,73.856,0.297,20500,LND,ATERRIZANDO,96.0,1,1,L,LAND,325.0,325.0,0.0,,0,C,0.8,1.23,-1.92,-2.45,19.5124799,-99.129421,19.5124784,-99.1294166,19.5124797,-99.1294196,325.0,1,1,1,A,EN AIRE,YC,aoa_orientado,2,,83,-45,-51.942,,0,ma0,C,5.0,10.0,1,5.0,0.0,3,3,325.0,-49.177,-52.888,125.0,-60.38,-60.969,70.0,-62.734,-63.896,,,,,,
2026-08-07T11:15:36.843,74.046,0.094,20500,LND,ATERRIZANDO,96.0,1,1,L,LAND,325.1,325.0,0.1,,0,C,0.5,1.21,-1.92,-2.27,19.5124798,-99.1294207,19.5124784,-99.1294166,19.5124797,-99.1294196,325.0,1,1,1,A,EN AIRE,YC,aoa_orientado,2,,82,-46,-51.348,,0,ma0,C,5.0,10.0,1,5.0,0.0,3,3,325.0,-49.177,-52.888,125.0,-60.38,-60.969,70.0,-62.734,-63.896,,,,,,
2026-08-07T11:15:37.047,74.25,0.297,20500,LND,ATERRIZANDO,96.0,1,1,L,LAND,325.1,325.0,0.1,,0,C,0.5,1.21,-1.92,-2.27,19.5124798,-99.1294207,19.5124784,-99.1294166,19.5124797,-99.1294196,325.0,1,1,1,A,EN AIRE,YC,aoa_orientado,2,,76,-52,-51.413,,0,ma0,C,5.0,10.0,1,5.0,0.0,3,3,325.0,-49.177,-52.888,125.0,-60.38,-60.969,70.0,-62.734,-63.896,,,,,,
2026-08-07T11:15:37.161,74.364,0.109,20500,LND,ATERRIZANDO,96.0,1,1,L,LAND,325.1,325.0,0.1,,0,C,0.4,1.21,-1.89,-2.08,19.5124798,-99.1294205,19.5124784,-99.1294166,19.5124797,-99.1294196,325.0,1,1,1,A,EN AIRE,YC,aoa_orientado,2,,74,-54,-51.672,,0,ma0,C,5.0,10.0,1,5.0,0.0,3,3,325.0,-49.177,-52.888,125.0,-60.38,-60.969,70.0,-62.734,-63.896,,,,,,
2026-08-07T11:15:37.351,74.554,0.188,20500,LND,ATERRIZANDO,96.0,1,1,L,LAND,326.0,325.0,1.0,,0,C,0.3,1.21,-1.86,-1.9,19.5124799,-99.1294204,19.5124784,-99.1294166,19.5124797,-99.1294196,325.0,1,1,1,A,EN AIRE,YC,aoa_orientado,2,,78,-50,-51.505,,0,ma0,C,5.0,10.0,1,5.0,0.0,3,3,325.0,-49.177,-52.888,125.0,-60.38,-60.969,70.0,-62.734,-63.896,,,,,,
2026-08-07T11:15:37.449,74.652,0.281,20500,LND,ATERRIZANDO,96.0,1,1,L,LAND,326.0,325.0,1.0,,0,C,0.3,1.21,-1.86,-1.9,19.5124799,-99.1294204,19.5124784,-99.1294166,19.5124797,-99.1294196,325.0,1,1,1,A,EN AIRE,YC,aoa_orientado,2,,84,-44,-50.754,,0,ma0,C,5.0,10.0,1,5.0,0.0,3,3,325.0,-49.177,-52.888,125.0,-60.38,-60.969,70.0,-62.734,-63.896,,,,,,
2026-08-07T11:15:37.633,74.836,0.078,20500,LND,ATERRIZANDO,96.0,1,1,L,LAND,326.8,325.0,1.8,,0,C,0.2,1.21,-1.83,-1.72,19.5124799,-99.1294202,19.5124784,-99.1294166,19.5124797,-99.1294196,325.0,1,1,1,A,EN AIRE,YC,aoa_orientado,2,,79,-49,-50.579,,0,ma0,C,5.0,10.0,1,5.0,0.0,3,3,325.0,-49.177,-52.888,125.0,-60.38,-60.969,70.0,-62.734,-63.896,,,,,,
2026-08-07T11:15:37.871,75.074,0.172,20500,LND,ATERRIZANDO,96.0,1,1,L,LAND,326.5,325.0,1.5,,0,C,-0.0,1.21,-1.83,-1.72,19.5124798,-99.1294199,19.5124784,-99.1294166,19.5124797,-99.1294196,325.0,1,1,1,A,EN AIRE,YC,aoa_orientado,2,,70,-58,-51.321,,0,ma0,C,5.0,10.0,1,5.0,0.0,3,3,325.0,-49.177,-52.888,125.0,-60.38,-60.969,70.0,-62.734,-63.896,,,,,,
2026-08-07T11:15:37.985,75.188,0.125,20500,LND,ATERRIZANDO,96.0,1,1,L,LAND,326.5,325.0,1.5,,0,C,-0.1,1.21,-1.81,-1.54,19.5124798,-99.1294198,19.5124784,-99.1294166,19.5124797,-99.1294196,325.0,1,1,1,A,EN AIRE,YC,aoa_orientado,2,,75,-53,-51.489,,0,ma0,C,5.0,10.0,1,5.0,0.0,3,3,325.0,-49.177,-52.888,125.0,-60.38,-60.969,70.0,-62.734,-63.896,,,,,,
2026-08-07T11:15:38.148,75.351,0.281,20500,LND,ATERRIZANDO,96.0,1,1,L,LAND,326.5,325.0,1.5,,0,C,-0.1,1.21,-1.81,-1.54,19.5124798,-99.1294198,19.5124784,-99.1294166,19.5124797,-99.1294196,325.0,1,1,1,A,EN AIRE,YC,aoa_orientado,2,,80,-48,-51.14,,0,ma0,C,5.0,10.0,1,5.0,0.0,3,3,325.0,-49.177,-52.888,125.0,-60.38,-60.969,70.0,-62.734,-63.896,,,,,,
2026-08-07T11:15:38.341,75.544,0.0,20500,LND,ATERRIZANDO,96.0,1,1,L,LAND,326.2,325.0,1.2,,0,C,-0.2,1.2,-1.79,-1.35,19.5124798,-99.1294197,19.5124784,-99.1294166,19.5124797,-99.1294196,325.0,1,1,1,A,EN AIRE,YC,aoa_orientado,2,,82,-46,-50.626,,0,ma0,C,5.0,10.0,1,5.0,0.0,3,3,325.0,-49.177,-52.888,125.0,-60.38,-60.969,70.0,-62.734,-63.896,,,,,,
2026-08-07T11:15:38.418,75.621,0.078,20500,LND,ATERRIZANDO,96.0,1,1,L,LAND,326.2,325.0,1.2,,0,C,-0.2,1.2,-1.79,-1.35,19.5124798,-99.1294197,19.5124784,-99.1294166,19.5124797,-99.1294196,325.0,1,1,1,A,EN AIRE,YC,aoa_orientado,2,,83,-45,-50.063,,0,ma0,C,5.0,10.0,1,5.0,0.0,3,3,325.0,-49.177,-52.888,125.0,-60.38,-60.969,70.0,-62.734,-63.896,,,,,,
2026-08-07T11:15:38.645,75.848,0.187,20500,LND,ATERRIZANDO,96.0,1,1,L,LAND,325.4,325.0,0.4,,0,C,-0.4,1.21,-1.77,-1.19,19.5124798,-99.1294196,19.5124784,-99.1294166,19.5124797,-99.1294196,325.0,1,1,1,A,EN AIRE,YC,aoa_orientado,2,,82,-46,-49.657,,0,ma0,C,5.0,10.0,1,5.0,0.0,3,3,325.0,-49.177,-52.888,125.0,-60.38,-60.969,70.0,-62.734,-63.896,,,,,,
2026-08-07T11:15:38.735,75.938,0.281,20500,LND,ATERRIZANDO,96.0,1,1,L,LAND,325.4,325.0,0.4,,0,C,-0.4,1.21,-1.77,-1.19,19.5124798,-99.1294196,19.5124784,-99.1294166,19.5124797,-99.1294196,325.0,1,1,1,A,EN AIRE,YC,aoa_orientado,2,,82,-46,-49.291,,0,ma0,C,5.0,10.0,1,5.0,0.0,3,3,325.0,-49.177,-52.888,125.0,-60.38,-60.969,70.0,-62.734,-63.896,,,,,,
2026-08-07T11:15:38.942,76.145,0.093,20500,LND,ATERRIZANDO,96.0,1,1,L,LAND,325.0,325.0,0.0,,0,C,-0.4,1.21,-1.77,-1.19,19.5124797,-99.1294197,19.5124784,-99.1294166,19.5124797,-99.1294196,325.0,1,1,1,A,EN AIRE,YC,aoa_orientado,2,,82,-46,-48.962,,0,ma0,C,5.0,10.0,1,5.0,0.0,3,3,325.0,-49.177,-52.888,125.0,-60.38,-60.969,70.0,-62.734,-63.896,,,,,,
2026-08-07T11:15:39.167,76.37,0.187,20500,LND,ATERRIZANDO,96.0,1,1,L,LAND,326.0,325.0,1.0,,0,C,-0.5,1.19,-1.79,-1.12,19.5124796,-99.1294199,19.5124784,-99.1294166,19.5124797,-99.1294196,325.0,1,1,1,A,EN AIRE,YC,aoa_orientado,2,,82,-46,-48.666,,0,ma0,C,5.0,10.0,1,5.0,0.0,3,3,325.0,-49.177,-52.888,125.0,-60.38,-60.969,70.0,-62.734,-63.896,,,,,,
2026-08-07T11:15:39.509,76.712,0.11,20500,LND,ATERRIZANDO,96.0,1,1,L,LAND,326.0,325.0,1.0,,0,C,-0.5,1.18,-1.8,-1.09,19.5124796,-99.1294198,19.5124784,-99.1294166,19.5124797,-99.1294196,325.0,1,1,1,L,ATERRIZANDO,YC,aoa_orientado,2,,83,-45,-48.299,,0,ma0,C,5.0,10.0,1,5.0,0.0,3,3,325.0,-49.177,-52.888,125.0,-60.38,-60.969,70.0,-62.734,-63.896,,,,,,
2026-08-07T11:15:39.683,76.886,0.282,20500,LND,ATERRIZANDO,96.0,1,1,L,LAND,326.0,325.0,1.0,,0,C,-0.5,1.18,-1.8,-1.09,19.5124796,-99.1294198,19.5124784,-99.1294166,19.5124797,-99.1294196,325.0,1,1,1,L,ATERRIZANDO,YC,aoa_orientado,2,,82,-46,-48.069,,0,ma0,C,5.0,10.0,1,5.0,0.0,3,3,325.0,-49.177,-52.888,125.0,-60.38,-60.969,70.0,-62.734,-63.896,,,,,,
2026-08-07T11:15:39.822,77.025,0.14,20500,LND,ATERRIZANDO,96.0,1,1,L,LAND,326.0,325.0,1.0,,0,C,-0.5,1.18,-1.8,-1.07,19.5124796,-99.1294199,19.5124784,-99.1294166,19.5124797,-99.1294196,325.0,1,1,1,L,ATERRIZANDO,YC,aoa_orientado,2,,82,-46,-47.862,,0,ma0,C,5.0,10.0,1,5.0,0.0,3,3,325.0,-49.177,-52.888,125.0,-60.38,-60.969,70.0,-62.734,-63.896,,,,,,
2026-08-07T11:15:40.013,77.216,0.203,20500,LND,ATERRIZANDO,96.0,1,1,L,LAND,326.1,325.0,1.1,,0,C,-0.5,1.18,-1.8,-1.07,19.5124796,-99.1294199,19.5124784,-99.1294166,19.5124797,-99.1294196,325.0,1,1,1,L,ATERRIZANDO,YC,aoa_orientado,2,,82,-46,-47.676,,0,ma0,C,5.0,10.0,1,5.0,0.0,3,3,325.0,-49.177,-52.888,125.0,-60.38,-60.969,70.0,-62.734,-63.896,,,,,,
2026-08-07T11:15:40.104,77.307,0.282,20500,LND,ATERRIZANDO,96.0,1,1,L,LAND,326.1,325.0,1.1,,0,C,-0.5,1.18,-1.8,-1.07,19.5124796,-99.1294199,19.5124784,-99.1294166,19.5124797,-99.1294196,325.0,1,1,1,L,ATERRIZANDO,YC,aoa_orientado,2,,82,-46,-47.509,,0,ma0,C,5.0,10.0,1,5.0,0.0,3,3,325.0,-49.177,-52.888,125.0,-60.38,-60.969,70.0,-62.734,-63.896,,,,,,
2026-08-07T11:15:40.305,77.508,0.094,20500,LND,ATERRIZANDO,96.0,1,1,L,LAND,326.1,325.0,1.1,,0,C,-0.5,1.19,-1.81,-1.05,19.5124797,-99.1294199,19.5124784,-99.1294166,19.5124797,-99.1294196,325.0,1,1,1,L,ATERRIZANDO,YC,aoa_orientado,2,,82,-46,-47.358,,0,ma0,C,5.0,10.0,1,5.0,0.0,3,3,325.0,-49.177,-52.888,125.0,-60.38,-60.969,70.0,-62.734,-63.896,,,,,,
2026-08-07T11:15:40.498,77.701,0.297,20500,LND,ATERRIZANDO,96.0,1,1,L,LAND,326.1,325.0,1.1,,0,C,-0.5,1.19,-1.81,-1.05,19.5124797,-99.1294199,19.5124784,-99.1294166,19.5124797,-99.1294196,325.0,1,1,1,L,ATERRIZANDO,YC,aoa_orientado,2,,83,-45,-47.122,,0,ma0,C,5.0,10.0,1,5.0,0.0,3,3,325.0,-49.177,-52.888,125.0,-60.38,-60.969,70.0,-62.734,-63.896,,,,,,
2026-08-07T11:15:40.624,77.827,0.125,20500,LND,ATERRIZANDO,96.0,1,1,L,LAND,326.0,325.0,1.0,,0,C,-0.5,1.19,-1.81,-1.04,19.5124797,-99.12942,19.5124784,-99.1294166,19.5124797,-99.1294196,325.0,1,1,1,L,ATERRIZANDO,YC,aoa_orientado,2,,82,-46,-47.01,,0,ma0,C,5.0,10.0,1,5.0,0.0,3,3,325.0,-49.177,-52.888,125.0,-60.38,-60.969,70.0,-62.734,-63.896,,,,,,
2026-08-07T11:15:40.812,78.015,0.187,20500,LND,ATERRIZANDO,96.0,1,1,L,LAND,326.1,325.0,1.1,,0,C,-0.5,1.21,-1.82,-1.02,19.5124798,-99.12942,19.5124784,-99.1294166,19.5124797,-99.1294196,325.0,1,1,1,L,ATERRIZANDO,YC,aoa_orientado,2,,82,-46,-46.909,,0,ma0,C,5.0,10.0,1,5.0,0.0,3,3,325.0,-49.177,-52.888,125.0,-60.38,-60.969,70.0,-62.734,-63.896,,,,,,
2026-08-07T11:15:40.919,78.122,0.297,20500,LND,ATERRIZANDO,96.0,1,1,L,LAND,326.1,325.0,1.1,,0,C,-0.5,1.21,-1.82,-1.02,19.5124798,-99.12942,19.5124784,-99.1294166,19.5124797,-99.1294196,325.0,1,1,1,L,ATERRIZANDO,YC,aoa_orientado,2,,82,-46,-46.818,,0,ma0,C,5.0,10.0,1,5.0,0.0,3,3,325.0,-49.177,-52.888,125.0,-60.38,-60.969,70.0,-62.734,-63.896,,,,,,
2026-08-07T11:15:41.103,78.306,0.172,20500,LND,ATERRIZANDO,96.0,1,1,L,LAND,326.1,325.0,1.1,,0,C,-0.5,1.21,-1.82,-1.02,19.5124799,-99.12942,19.5124784,-99.1294166,19.5124797,-99.1294196,325.0,1,1,1,L,ATERRIZANDO,YC,aoa_orientado,2,,82,-46,-46.736,,0,ma0,C,5.0,10.0,1,5.0,0.0,3,3,325.0,-49.177,-52.888,125.0,-60.38,-60.969,70.0,-62.734,-63.896,,,,,,
2026-08-07T11:15:41.213,78.416,0.109,20500,LND,ATERRIZANDO,96.0,1,1,L,LAND,326.1,325.0,1.1,,0,C,0.5,1.22,-1.83,-1.0,19.5124799,-99.1294202,19.5124784,-99.1294166,19.5124797,-99.1294196,325.0,1,1,1,L,ATERRIZANDO,YC,aoa_orientado,2,,82,-46,-46.663,,0,ma0,C,5.0,10.0,1,5.0,0.0,3,3,325.0,-49.177,-52.888,125.0,-60.38,-60.969,70.0,-62.734,-63.896,,,,,,
2026-08-07T11:15:41.392,78.595,0.296,20500,LND,ATERRIZANDO,96.0,1,1,L,LAND,326.1,325.0,1.1,,0,C,0.5,1.22,-1.83,-1.0,19.5124799,-99.1294202,19.5124784,-99.1294166,19.5124797,-99.1294196,325.0,1,1,1,L,ATERRIZANDO,YC,aoa_orientado,2,,82,-46,-46.596,,0,ma0,C,5.0,10.0,1,5.0,0.0,3,3,325.0,-49.177,-52.888,125.0,-60.38,-60.969,70.0,-62.734,-63.896,,,,,,
2026-08-07T11:15:41.507,78.71,0.11,20500,LND,ATERRIZANDO,96.0,1,1,L,LAND,326.0,325.0,1.0,,0,C,0.4,1.22,-1.84,-0.98,19.5124799,-99.1294202,19.5124784,-99.1294166,19.5124797,-99.1294196,325.0,1,1,1,L,ATERRIZANDO,YC,aoa_orientado,2,,82,-46,-46.537,,0,ma0,C,5.0,10.0,1,5.0,0.0,3,3,325.0,-49.177,-52.888,125.0,-60.38,-60.969,70.0,-62.734,-63.896,,,,,,
2026-08-07T11:15:41.676,78.88,0.282,20500,LND,ATERRIZANDO,96.0,1,1,L,LAND,326.0,325.0,1.0,,0,C,0.4,1.22,-1.84,-0.98,19.5124799,-99.1294202,19.5124784,-99.1294166,19.5124797,-99.1294196,325.0,1,1,1,L,ATERRIZANDO,YC,aoa_orientado,2,,82,-46,-46.483,,0,ma0,C,5.0,10.0,1,5.0,0.0,3,3,325.0,-49.177,-52.888,125.0,-60.38,-60.969,70.0,-62.734,-63.896,,,,,,
2026-08-07T11:15:41.815,79.018,0.14,20500,LND,ATERRIZANDO,96.0,1,1,L,LAND,326.0,325.0,1.0,,0,C,0.4,1.22,-1.85,-0.97,19.51248,-99.1294203,19.5124784,-99.1294166,19.5124797,-99.1294196,325.0,1,1,1,L,ATERRIZANDO,YC,aoa_orientado,2,,82,-46,-46.435,,0,ma0,C,5.0,10.0,1,5.0,0.0,3,3,325.0,-49.177,-52.888,125.0,-60.38,-60.969,70.0,-62.734,-63.896,,,,,,
2026-08-07T11:15:42.004,79.207,0.328,20500,LND,ATERRIZANDO,96.0,1,1,L,LAND,326.0,325.0,1.0,,0,C,0.4,1.22,-1.85,-0.97,19.51248,-99.1294203,19.5124784,-99.1294166,19.5124797,-99.1294196,325.0,1,1,1,L,ATERRIZANDO,YC,aoa_orientado,2,,82,-46,-46.391,,0,ma0,C,5.0,10.0,1,5.0,0.0,3,3,325.0,-49.177,-52.888,125.0,-60.38,-60.969,70.0,-62.734,-63.896,,,,,,
2026-08-07T11:15:42.129,79.332,0.125,20500,LND,ATERRIZANDO,96.0,1,1,L,LAND,325.9,325.0,0.9,,0,C,0.4,1.23,-1.85,-0.95,19.51248,-99.1294203,19.5124784,-99.1294166,19.5124797,-99.1294196,325.0,1,1,1,L,ATERRIZANDO,YC,aoa_orientado,2,,82,-46,-46.352,,0,ma0,C,5.0,10.0,1,5.0,0.0,3,3,325.0,-49.177,-52.888,125.0,-60.38,-60.969,70.0,-62.734,-63.896,,,,,,
2026-08-07T11:15:42.341,79.544,0.219,20500,LND,ATERRIZANDO,96.0,1,1,L,LAND,325.9,325.0,0.9,,0,C,0.4,1.23,-1.85,-0.95,19.51248,-99.1294203,19.5124784,-99.1294166,19.5124797,-99.1294196,325.0,1,1,1,L,ATERRIZANDO,YC,aoa_orientado,2,,82,-46,-46.317,,0,ma0,C,5.0,10.0,1,5.0,0.0,3,3,325.0,-49.177,-52.888,125.0,-60.38,-60.969,70.0,-62.734,-63.896,,,,,,
2026-08-07T11:15:42.547,79.75,0.422,20500,LND,ATERRIZANDO,96.0,1,1,L,LAND,325.9,325.0,0.9,,0,C,0.4,1.23,-1.85,-0.95,19.51248,-99.1294203,19.5124784,-99.1294166,19.5124797,-99.1294196,325.0,1,1,1,L,ATERRIZANDO,YC,aoa_orientado,2,,82,-46,-46.285,,0,ma0,C,5.0,10.0,1,5.0,0.0,3,3,325.0,-49.177,-52.888,125.0,-60.38,-60.969,70.0,-62.734,-63.896,,,,,,
2026-08-07T11:15:42.671,79.874,0.125,20500,LND,ATERRIZANDO,96.0,1,0,H,HOLD,325.9,325.0,0.9,,0,C,0.4,1.23,-1.85,-0.93,19.51248,-99.1294203,19.5124784,-99.1294166,19.5124797,-99.1294196,325.0,1,1,1,L,ATERRIZANDO,YC,aoa_orientado,2,,82,-46,-46.257,,0,ma0,C,5.0,10.0,1,5.0,0.0,3,3,325.0,-49.177,-52.888,125.0,-60.38,-60.969,70.0,-62.734,-63.896,,,,,,
2026-08-07T11:15:42.865,80.068,0.187,20500,LND,ATERRIZANDO,96.0,1,0,H,HOLD,325.9,325.0,0.9,,0,C,0.4,1.23,-1.85,-0.91,19.51248,-99.1294203,19.5124784,-99.1294166,19.5124797,-99.1294196,325.0,1,1,1,L,ATERRIZANDO,YC,aoa_orientado,2,,82,-46,-46.231,,0,ma0,C,5.0,10.0,1,5.0,0.0,3,3,325.0,-49.177,-52.888,125.0,-60.38,-60.969,70.0,-62.734,-63.896,,,,,,
2026-08-07T11:15:43.085,80.288,0.219,20500,LND,ATERRIZANDO,96.0,1,0,H,HOLD,325.8,325.0,0.8,,0,C,0.4,1.23,-1.84,-0.89,19.51248,-99.1294202,19.5124784,-99.1294166,19.5124797,-99.1294196,325.0,1,1,1,L,ATERRIZANDO,YC,aoa_orientado,2,,82,-46,-46.208,,0,ma0,C,5.0,10.0,1,5.0,0.0,3,3,325.0,-49.177,-52.888,125.0,-60.38,-60.969,70.0,-62.734,-63.896,,,,,,
2026-08-07T11:15:43.203,80.406,0.125,20500,LND,ATERRIZANDO,96.0,1,0,H,HOLD,325.8,325.0,0.8,,0,C,0.3,1.23,-1.84,-0.86,19.51248,-99.1294202,19.5124784,-99.1294166,19.5124797,-99.1294196,325.0,1,1,1,L,ATERRIZANDO,YC,aoa_orientado,2,,82,-46,-46.187,,0,ma0,C,5.0,10.0,1,5.0,0.0,3,3,325.0,-49.177,-52.888,125.0,-60.38,-60.969,70.0,-62.734,-63.896,,,,,,
2026-08-07T11:15:43.376,80.579,0.297,20500,LND,ATERRIZANDO,96.0,1,0,H,HOLD,325.8,325.0,0.8,,0,C,0.3,1.23,-1.84,-0.86,19.51248,-99.1294202,19.5124784,-99.1294166,19.5124797,-99.1294196,325.0,1,1,1,L,ATERRIZANDO,YC,aoa_orientado,2,,82,-46,-46.168,,0,ma0,C,5.0,10.0,1,5.0,0.0,3,3,325.0,-49.177,-52.888,125.0,-60.38,-60.969,70.0,-62.734,-63.896,,,,,,
2026-08-07T11:15:43.664,80.867,0.281,20500,LND,ATERRIZANDO,96.0,1,0,H,HOLD,325.8,325.0,0.8,,0,C,0.3,1.23,-1.84,-0.86,19.51248,-99.1294201,19.5124784,-99.1294166,19.5124797,-99.1294196,325.0,1,1,1,L,ATERRIZANDO,YC,aoa_orientado,2,,82,-46,-46.152,,0,ma0,C,5.0,10.0,1,5.0,0.0,3,3,325.0,-49.177,-52.888,125.0,-60.38,-60.969,70.0,-62.734,-63.896,,,,,,
2026-08-07T11:15:43.935,81.138,0.281,20500,LND,ATERRIZANDO,96.0,1,0,H,HOLD,325.8,325.0,0.8,,0,C,0.3,1.23,-1.83,-0.85,19.51248,-99.1294201,19.5124784,-99.1294166,19.5124797,-99.1294196,325.0,1,1,1,L,ATERRIZANDO,YC,aoa_orientado,2,,82,-46,-46.136,,0,ma0,C,5.0,10.0,1,5.0,0.0,3,3,325.0,-49.177,-52.888,125.0,-60.38,-60.969,70.0,-62.734,-63.896,,,,,,
2026-08-07T11:15:44.043,81.246,0.094,20500,LND,ATERRIZANDO,96.0,1,0,H,HOLD,325.9,325.0,0.9,,0,C,0.3,1.23,-1.83,-0.83,19.51248,-99.1294201,19.5124784,-99.1294166,19.5124797,-99.1294196,325.0,1,1,1,L,ATERRIZANDO,YC,aoa_orientado,2,,82,-46,-46.123,,0,ma0,C,5.0,10.0,1,5.0,0.0,3,3,325.0,-49.177,-52.888,125.0,-60.38,-60.969,70.0,-62.734,-63.896,,,,,,
2026-08-07T11:15:44.206,81.409,0.266,20500,LND,ATERRIZANDO,96.0,1,0,H,HOLD,325.9,325.0,0.9,,0,C,0.3,1.23,-1.83,-0.83,19.51248,-99.1294201,19.5124784,-99.1294166,19.5124797,-99.1294196,325.0,1,1,1,L,ATERRIZANDO,YC,aoa_orientado,2,,82,-46,-46.11,,0,ma0,C,5.0,10.0,1,5.0,0.0,3,3,325.0,-49.177,-52.888,125.0,-60.38,-60.969,70.0,-62.734,-63.896,,,,,,
2026-08-07T11:15:44.314,81.517,0.109,20500,LND,ATERRIZANDO,96.0,1,0,H,HOLD,325.9,325.0,0.9,,0,C,0.3,1.23,-1.83,-0.81,19.51248,-99.1294201,19.5124784,-99.1294166,19.5124797,-99.1294196,325.0,1,1,1,L,ATERRIZANDO,YC,aoa_orientado,2,,82,-46,-46.099,,0,ma0,C,5.0,10.0,1,5.0,0.0,3,3,325.0,-49.177,-52.888,125.0,-60.38,-60.969,70.0,-62.734,-63.896,,,,,,
2026-08-07T11:15:44.488,81.691,0.281,20500,LND,ATERRIZANDO,96.0,1,0,H,HOLD,325.9,325.0,0.9,,0,C,0.3,1.23,-1.83,-0.81,19.51248,-99.1294201,19.5124784,-99.1294166,19.5124797,-99.1294196,325.0,1,1,1,L,ATERRIZANDO,YC,aoa_orientado,2,,82,-46,-46.089,,0,ma0,C,5.0,10.0,1,5.0,0.0,3,3,325.0,-49.177,-52.888,125.0,-60.38,-60.969,70.0,-62.734,-63.896,,,,,,
2026-08-07T11:15:44.596,81.799,0.11,20500,LND,ATERRIZANDO,96.0,1,0,H,HOLD,325.9,325.0,0.9,,0,C,0.3,1.23,-1.83,-0.81,19.51248,-99.1294201,19.5124784,-99.1294166,19.5124797,-99.1294196,325.0,1,1,1,L,ATERRIZANDO,YC,aoa_orientado,2,,80,-48,-46.281,,0,ma0,C,5.0,10.0,1,5.0,0.0,3,3,325.0,-49.177,-52.888,125.0,-60.38,-60.969,70.0,-62.734,-63.896,,,,,,
2026-08-07T11:15:44.784,81.987,0.187,20500,LND,ATERRIZANDO,96.0,1,0,H,HOLD,326.0,325.0,1.0,,0,C,0.2,1.23,-1.83,-0.79,19.51248,-99.1294201,19.5124784,-99.1294166,19.5124797,-99.1294196,325.0,1,1,1,L,ATERRIZANDO,YC,aoa_orientado,2,,82,-46,-46.252,,0,ma0,C,5.0,10.0,1,5.0,0.0,3,3,325.0,-49.177,-52.888,125.0,-60.38,-60.969,70.0,-62.734,-63.896,,,,,,
2026-08-07T11:15:44.899,82.102,0.109,20500,LND,ATERRIZANDO,96.0,1,0,H,HOLD,326.0,325.0,1.0,,0,C,0.2,1.24,-1.82,-0.77,19.5124801,-99.12942,19.5124784,-99.1294166,19.5124797,-99.1294196,325.0,1,1,1,L,ATERRIZANDO,YC,aoa_orientado,2,,82,-46,-46.227,,0,ma0,C,5.0,10.0,1,5.0,0.0,3,3,325.0,-49.177,-52.888,125.0,-60.38,-60.969,70.0,-62.734,-63.896,,,,,,
