timestamp_local,mission_elapsed_s,telemetry_age_s,session_id,estado_codigo,estado,progreso_pct,px4_conectado,armado,modo_vuelo_codigo,modo_vuelo,yaw_real_deg,yaw_ref_deg,yaw_error_deg,angulo_bin_reportado_deg,measurement_active,sweep_mode_active,altura_relativa_m,local_norte_m,local_este_m,local_down_m,lat_deg,lon_deg,lat_inicio_mision_deg,lon_inicio_mision_deg,lat_inicio_barrido_deg,lon_inicio_barrido_deg,aoa_enviado_deg,health_local,health_global,health_home,landed_state_codigo,landed_state,ultimo_cmd_codigo,ultimo_cmd,exec_cmd_id,error_codigo,rssi_raw,rssi_dbm,rssi_filtrado_dbm,pattern_angle_bin_deg,pattern_valid_sample,pattern_skip_reason,mission_mode_cfg,height_cfg_m,yaw_rate_cfg_deg_s,rotations_cfg,step_cfg_deg,hold_cfg_s,peak_candidates_cfg,peak_neighbors_per_side_cfg,aoa_1_deg,aoa_1_rssi_dbm,aoa_1_media_vecinal_dbm,aoa_2_deg,aoa_2_rssi_dbm,aoa_2_media_vecinal_dbm,aoa_3_deg,aoa_3_rssi_dbm,aoa_3_media_vecinal_dbm,aoa_4_deg,aoa_4_rssi_dbm,aoa_4_media_vecinal_dbm,aoa_5_deg,aoa_5_rssi_dbm,aoa_5_media_vecinal_dbm
2026-08-07T10:57:26.839,0.018,0.0,4722,I,ESPERA,0.0,1,0,P,POSITION,4.7,,,,0,,0.3,0.46,-0.07,-0.26,19.5124737,-99.1293985,19.5124737,-99.1293983,19.512476,-99.1294019,315.0,1,1,1,G,EN TIERRA,N,ninguno,0,,54,-74,-74.0,,0,ma0,D,5.0,45.0,1,15.0,2.0,3,1,315.0,-50.778,-52.512,75.0,-63.494,-64.246,120.0,-63.442,-64.406,,,,,,
2026-08-07T10:57:26.940,0.12,0.109,4722,I,ESPERA,0.0,1,0,P,POSITION,4.7,,,,0,,0.3,0.46,-0.07,-0.26,19.5124737,-99.1293985,19.5124737,-99.1293983,19.512476,-99.1294019,315.0,1,1,1,G,EN TIERRA,N,ninguno,0,,54,-74,-74.0,,0,ma0,D,5.0,45.0,1,15.0,2.0,3,1,315.0,-50.778,-52.512,75.0,-63.494,-64.246,120.0,-63.442,-64.406,,,,,,
2026-08-07T10:57:27.120,0.299,0.172,4722,I,ESPERA,0.0,1,0,P,POSITION,4.7,,,,0,,0.3,0.47,-0.09,-0.26,19.5124738,-99.1293986,19.5124737,-99.1293983,19.512476,-99.1294019,315.0,1,1,1,G,EN TIERRA,N,ninguno,0,,54,-74,-74.0,,0,ma0,D,5.0,45.0,1,15.0,2.0,3,1,315.0,-50.778,-52.512,75.0,-63.494,-64.246,120.0,-63.442,-64.406,,,,,,
2026-08-07T10:57:27.299,0.478,0.016,4722,TK,DESPEGANDO,0.0,1,0,P,POSITION,4.7,,,,0,D,0.3,0.48,-0.11,-0.26,19.5124739,-99.1293988,19.5124737,-99.1293983,19.512476,-99.1294019,315.0,1,1,1,G,EN TIERRA,S,comenzar_barrido,1,,55,-73,-73.9,,0,ma0,D,5.0,45.0,1,15.0,2.0,3,1,315.0,-50.778,-52.512,75.0,-63.494,-64.246,120.0,-63.442,-64.406,,,,,,
2026-08-07T10:57:27.580,0.759,0.172,4722,TK,DESPEGANDO,2.6,1,1,T,TAKEOFF,4.7,,,,0,D,0.0,0.49,-0.13,-0.27,19.512474,-99.129399,19.5124737,-99.1293983,19.512476,-99.1294019,315.0,1,1,1,G,EN TIERRA,S,comenzar_barrido,1,,55,-73,-73.81,,0,ma0,D,5.0,45.0,1,15.0,2.0,3,1,315.0,-50.778,-52.512,75.0,-63.494,-64.246,120.0,-63.442,-64.406,,,,,,
2026-08-07T10:57:27.661,0.84,0.25,4722,TK,DESPEGANDO,2.6,1,1,T,TAKEOFF,4.7,,,,0,D,0.0,0.49,-0.13,-0.27,19.512474,-99.129399,19.5124737,-99.1293983,19.512476,-99.1294019,315.0,1,1,1,G,EN TIERRA,S,comenzar_barrido,1,,54,-74,-73.829,,0,ma0,D,5.0,45.0,1,15.0,2.0,3,1,315.0,-50.778,-52.512,75.0,-63.494,-64.246,120.0,-63.442,-64.406,,,,,,
2026-08-07T10:57:27.971,1.15,0.219,4722,TK,DESPEGANDO,2.0,1,1,T,TAKEOFF,4.7,,,,0,D,0.0,0.5,-0.15,-0.27,19.512474,-99.1293991,19.5124737,-99.1293983,19.512476,-99.1294019,315.0,1,1,1,G,EN TIERRA,S,comenzar_barrido,1,,55,-73,-73.746,,0,ma0,D,5.0,45.0,1,15.0,2.0,3,1,315.0,-50.778,-52.512,75.0,-63.494,-64.246,120.0,-63.442,-64.406,,,,,,
2026-08-07T10:57:28.241,1.421,0.203,4722,TK,DESPEGANDO,2.0,1,1,T,TAKEOFF,4.7,,,,0,D,0.0,0.5,-0.15,-0.27,19.5124741,-99.1293992,19.5124737,-99.1293983,19.512476,-99.1294019,315.0,1,1,1,G,EN TIERRA,S,comenzar_barrido,1,,55,-73,-73.671,,0,ma0,D,5.0,45.0,1,15.0,2.0,3,1,315.0,-50.778,-52.512,75.0,-63.494,-64.246,120.0,-63.442,-64.406,,,,,,
2026-08-07T10:57:28.241,1.421,0.203,4722,TK,DESPEGANDO,2.0,1,1,T,TAKEOFF,4.7,,,,0,D,0.0,0.5,-0.15,-0.27,19.5124741,-99.1293992,19.5124737,-99.1293983,19.512476,-99.1294019,315.0,1,1,1,G,EN TIERRA,S,comenzar_barrido,1,,55,-73,-73.604,,0,ma0,D,5.0,45.0,1,15.0,2.0,3,1,315.0,-50.778,-52.512,75.0,-63.494,-64.246,120.0,-63.442,-64.406,,,,,,
2026-08-07T10:57:28.507,1.686,0.188,4722,TK,DESPEGANDO,2.0,1,1,T,TAKEOFF,4.6,,,,0,D,0.0,0.51,-0.17,-0.28,19.5124742,-99.1293993,19.5124737,-99.1293983,19.512476,-99.1294019,315.0,1,1,1,G,EN TIERRA,S,comenzar_barrido,1,,55,-73,-73.544,,0,ma0,D,5.0,45.0,1,15.0,2.0,3,1,315.0,-50.778,-52.512,75.0,-63.494,-64.246,120.0,-63.442,-64.406,,,,,,
2026-08-07T10:57:28.507,1.686,0.188,4722,TK,DESPEGANDO,2.0,1,1,T,TAKEOFF,4.6,,,,0,D,0.0,0.51,-0.17,-0.28,19.5124742,-99.1293993,19.5124737,-99.1293983,19.512476,-99.1294019,315.0,1,1,1,G,EN TIERRA,S,comenzar_barrido,1,,55,-73,-73.49,,0,ma0,D,5.0,45.0,1,15.0,2.0,3,1,315.0,-50.778,-52.512,75.0,-63.494,-64.246,120.0,-63.442,-64.406,,,,,,
2026-08-07T10:57:28.669,1.848,0.078,4722,TK,DESPEGANDO,2.0,1,1,T,TAKEOFF,4.7,,,,0,D,0.0,0.52,-0.19,-0.28,19.5124743,-99.1293996,19.5124737,-99.1293983,19.512476,-99.1294019,315.0,1,1,1,G,EN TIERRA,S,comenzar_barrido,1,,55,-73,-73.441,,0,ma0,D,5.0,45.0,1,15.0,2.0,3,1,315.0,-50.778,-52.512,75.0,-63.494,-64.246,120.0,-63.442,-64.406,,,,,,
2026-08-07T10:57:28.792,1.971,0.094,4722,TK,DESPEGANDO,2.0,1,1,T,TAKEOFF,4.8,,,,0,D,0.0,0.54,-0.22,-0.29,19.5124744,-99.1293998,19.5124737,-99.1293983,19.512476,-99.1294019,315.0,1,1,1,G,EN TIERRA,S,comenzar_barrido,1,,54,-74,-73.497,,0,ma0,D,5.0,45.0,1,15.0,2.0,3,1,315.0,-50.778,-52.512,75.0,-63.494,-64.246,120.0,-63.442,-64.406,,,,,,
2026-08-07T10:57:28.928,2.108,0.235,4722,TK,DESPEGANDO,2.0,1,1,T,TAKEOFF,4.8,,,,0,D,0.0,0.54,-0.22,-0.29,19.5124744,-99.1293998,19.5124737,-99.1293983,19.512476,-99.1294019,315.0,1,1,1,G,EN TIERRA,S,comenzar_barrido,1,,55,-73,-73.447,,0,ma0,D,5.0,45.0,1,15.0,2.0,3,1,315.0,-50.778,-52.512,75.0,-63.494,-64.246,120.0,-63.442,-64.406,,,,,,
2026-08-07T10:57:29.344,2.523,0.204,4722,TK,DESPEGANDO,2.0,1,1,T,TAKEOFF,4.7,,,,0,D,0.0,0.56,-0.24,-0.29,19.5124746,-99.1294,19.5124737,-99.1293983,19.512476,-99.1294019,315.0,1,1,1,G,EN TIERRA,S,comenzar_barrido,1,,56,-72,-73.302,,0,ma0,D,5.0,45.0,1,15.0,2.0,3,1,315.0,-50.778,-52.512,75.0,-63.494,-64.246,120.0,-63.442,-64.406,,,,,,
2026-08-07T10:57:29.344,2.523,0.204,4722,TK,DESPEGANDO,2.0,1,1,T,TAKEOFF,4.7,,,,0,D,0.0,0.56,-0.24,-0.29,19.5124746,-99.1294,19.5124737,-99.1293983,19.512476,-99.1294019,315.0,1,1,1,G,EN TIERRA,S,comenzar_barrido,1,,56,-72,-73.172,,0,ma0,D,5.0,45.0,1,15.0,2.0,3,1,315.0,-50.778,-52.512,75.0,-63.494,-64.246,120.0,-63.442,-64.406,,,,,,
2026-08-07T10:57:29.509,2.689,0.078,4722,TK,DESPEGANDO,2.0,1,1,T,TAKEOFF,4.7,,,,0,D,0.0,0.58,-0.26,-0.3,19.5124748,-99.1294003,19.5124737,-99.1293983,19.512476,-99.1294019,315.0,1,1,1,G,EN TIERRA,S,comenzar_barrido,1,,56,-72,-73.055,,0,ma0,D,5.0,45.0,1,15.0,2.0,3,1,315.0,-50.778,-52.512,75.0,-63.494,-64.246,120.0,-63.442,-64.406,,,,,,
2026-08-07T10:57:29.613,2.792,0.187,4722,TK,DESPEGANDO,2.0,1,1,T,TAKEOFF,4.7,,,,0,D,0.0,0.58,-0.26,-0.3,19.5124748,-99.1294003,19.5124737,-99.1293983,19.512476,-99.1294019,315.0,1,1,1,G,EN TIERRA,S,comenzar_barrido,1,,56,-72,-72.949,,0,ma0,D,5.0,45.0,1,15.0,2.0,3,1,315.0,-50.778,-52.512,75.0,-63.494,-64.246,120.0,-63.442,-64.406,,,,,,
2026-08-07T10:57:29.872,3.051,0.187,4722,TK,DESPEGANDO,2.0,1,1,T,TAKEOFF,4.6,,,,0,D,0.0,0.6,-0.29,-0.31,19.512475,-99.1294004,19.5124737,-99.1293983,19.512476,-99.1294019,315.0,1,1,1,G,EN TIERRA,S,comenzar_barrido,1,,56,-72,-72.854,,0,ma0,D,5.0,45.0,1,15.0,2.0,3,1,315.0,-50.778,-52.512,75.0,-63.494,-64.246,120.0,-63.442,-64.406,,,,,,
2026-08-07T10:57:29.872,3.051,0.187,4722,TK,DESPEGANDO,2.0,1,1,T,TAKEOFF,4.6,,,,0,D,0.0,0.6,-0.29,-0.31,19.512475,-99.1294004,19.5124737,-99.1293983,19.512476,-99.1294019,315.0,1,1,1,G,EN TIERRA,S,comenzar_barrido,1,,55,-73,-72.869,,0,ma0,D,5.0,45.0,1,15.0,2.0,3,1,315.0,-50.778,-52.512,75.0,-63.494,-64.246,120.0,-63.442,-64.406,,,,,,
2026-08-07T10:57:30.147,3.326,0.203,4722,TK,DESPEGANDO,2.0,1,1,T,TAKEOFF,4.8,,,,0,D,0.0,0.62,-0.3,-0.31,19.5124751,-99.1294005,19.5124737,-99.1293983,19.512476,-99.1294019,315.0,1,1,1,G,EN TIERRA,S,comenzar_barrido,1,,55,-73,-72.882,,0,ma0,D,5.0,45.0,1,15.0,2.0,3,1,315.0,-50.778,-52.512,75.0,-63.494,-64.246,120.0,-63.442,-64.406,,,,,,
2026-08-07T10:57:30.147,3.326,0.203,4722,TK,DESPEGANDO,2.0,1,1,T,TAKEOFF,4.8,,,,0,D,0.0,0.62,-0.3,-0.31,19.5124751,-99.1294005,19.5124737,-99.1293983,19.512476,-99.1294019,315.0,1,1,1,G,EN TIERRA,S,comenzar_barrido,1,,55,-73,-72.894,,0,ma0,D,5.0,45.0,1,15.0,2.0,3,1,315.0,-50.778,-52.512,75.0,-63.494,-64.246,120.0,-63.442,-64.406,,,,,,
2026-08-07T10:57:30.412,3.591,0.187,4722,TK,DESPEGANDO,2.0,1,1,T,TAKEOFF,4.7,,,,0,D,0.0,0.62,-0.3,-0.31,19.5124752,-99.1294007,19.5124737,-99.1293983,19.512476,-99.1294019,315.0,1,1,1,G,EN TIERRA,S,comenzar_barrido,1,,55,-73,-72.904,,0,ma0,D,5.0,45.0,1,15.0,2.0,3,1,315.0,-50.778,-52.512,75.0,-63.494,-64.246,120.0,-63.442,-64.406,,,,,,
2026-08-07T10:57:30.412,3.591,0.187,4722,TK,DESPEGANDO,2.0,1,1,T,TAKEOFF,4.7,,,,0,D,0.0,0.62,-0.3,-0.31,19.5124752,-99.1294007,19.5124737,-99.1293983,19.512476,-99.1294019,315.0,1,1,1,G,EN TIERRA,S,comenzar_barrido,1,,55,-73,-72.914,,0,ma0,D,5.0,45.0,1,15.0,2.0,3,1,315.0,-50.778,-52.512,75.0,-63.494,-64.246,120.0,-63.442,-64.406,,,,,,
2026-08-07T10:57:30.575,3.754,0.078,4722,TK,DESPEGANDO,2.0,1,1,T,TAKEOFF,4.8,,,,0,D,0.0,0.64,-0.32,-0.32,19.5124753,-99.1294007,19.5124737,-99.1293983,19.512476,-99.1294019,315.0,1,1,1,G,EN TIERRA,S,comenzar_barrido,1,,56,-72,-72.823,,0,ma0,D,5.0,45.0,1,15.0,2.0,3,1,315.0,-50.778,-52.512,75.0,-63.494,-64.246,120.0,-63.442,-64.406,,,,,,
2026-08-07T10:57:30.676,3.855,0.188,4722,TK,DESPEGANDO,2.0,1,1,T,TAKEOFF,4.8,,,,0,D,0.0,0.64,-0.32,-0.32,19.5124753,-99.1294007,19.5124737,-99.1293983,19.512476,-99.1294019,315.0,1,1,1,G,EN TIERRA,S,comenzar_barrido,1,,56,-72,-72.74,,0,ma0,D,5.0,45.0,1,15.0,2.0,3,1,315.0,-50.778,-52.512,75.0,-63.494,-64.246,120.0,-63.442,-64.406,,,,,,
2026-08-07T10:57:30.836,4.015,0.078,4722,TK,DESPEGANDO,2.0,1,1,T,TAKEOFF,4.9,,,,0,D,0.0,0.65,-0.33,-0.33,19.5124754,-99.1294008,19.5124737,-99.1293983,19.512476,-99.1294019,315.0,1,1,1,G,EN TIERRA,S,comenzar_barrido,1,,56,-72,-72.666,,0,ma0,D,5.0,45.0,1,15.0,2.0,3,1,315.0,-50.778,-52.512,75.0,-63.494,-64.246,120.0,-63.442,-64.406,,,,,,
2026-08-07T10:57:30.962,4.142,0.094,4722,TK,DESPEGANDO,2.0,1,1,T,TAKEOFF,4.7,,,,0,D,0.0,0.65,-0.34,-0.33,19.5124754,-99.1294009,19.5124737,-99.1293983,19.512476,-99.1294019,315.0,1,1,1,G,EN TIERRA,S,comenzar_barrido,1,,57,-71,-72.5,,0,ma0,D,5.0,45.0,1,15.0,2.0,3,1,315.0,-50.778,-52.512,75.0,-63.494,-64.246,120.0,-63.442,-64.406,,,,,,
2026-08-07T10:57:31.227,4.406,0.079,4722,TK,DESPEGANDO,2.0,1,1,T,TAKEOFF,4.8,,,,0,D,0.1,0.65,-0.34,-0.33,19.5124753,-99.129401,19.5124737,-99.1293983,19.512476,-99.1294019,315.0,1,1,1,G,EN TIERRA,S,comenzar_barrido,1,,58,-70,-72.25,,0,ma0,D,5.0,45.0,1,15.0,2.0,3,1,315.0,-50.778,-52.512,75.0,-63.494,-64.246,120.0,-63.442,-64.406,,,,,,
2026-08-07T10:57:31.389,4.568,0.25,4722,TK,DESPEGANDO,2.0,1,1,T,TAKEOFF,4.8,,,,0,D,0.1,0.65,-0.34,-0.33,19.5124753,-99.129401,19.5124737,-99.1293983,19.512476,-99.1294019,315.0,1,1,1,G,EN TIERRA,S,comenzar_barrido,1,,59,-69,-71.925,,0,ma0,D,5.0,45.0,1,15.0,2.0,3,1,315.0,-50.778,-52.512,75.0,-63.494,-64.246,120.0,-63.442,-64.406,,,,,,
2026-08-07T10:57:31.475,4.655,0.079,4722,TK,DESPEGANDO,2.2,1,1,T,TAKEOFF,4.2,,,,0,D,0.1,0.64,-0.35,-0.35,19.5124752,-99.129401,19.5124737,-99.1293983,19.512476,-99.1294019,315.0,1,1,1,G,EN TIERRA,S,comenzar_barrido,1,,59,-69,-71.632,,0,ma0,D,5.0,45.0,1,15.0,2.0,3,1,315.0,-50.778,-52.512,75.0,-63.494,-64.246,120.0,-63.442,-64.406,,,,,,
2026-08-07T10:57:31.633,4.813,0.235,4722,TK,DESPEGANDO,2.2,1,1,T,TAKEOFF,4.2,,,,0,D,0.1,0.64,-0.35,-0.35,19.5124752,-99.129401,19.5124737,-99.1293983,19.512476,-99.1294019,315.0,1,1,1,G,EN TIERRA,S,comenzar_barrido,1,,53,-75,-71.969,,0,ma0,D,5.0,45.0,1,15.0,2.0,3,1,315.0,-50.778,-52.512,75.0,-63.494,-64.246,120.0,-63.442,-64.406,,,,,,
2026-08-07T10:57:31.807,4.987,0.0,4722,TK,DESPEGANDO,2.2,1,1,T,TAKEOFF,4.2,,,,0,D,0.1,0.61,-0.36,-0.37,19.5124745,-99.1294012,19.5124737,-99.1293983,19.512476,-99.1294019,315.0,1,1,1,G,EN TIERRA,S,comenzar_barrido,1,,58,-70,-71.772,,0,ma0,D,5.0,45.0,1,15.0,2.0,3,1,315.0,-50.778,-52.512,75.0,-63.494,-64.246,120.0,-63.442,-64.406,,,,,,
2026-08-07T10:57:32.013,5.192,0.109,4722,TK,DESPEGANDO,2.2,1,1,T,TAKEOFF,4.5,,,,0,D,0.2,0.52,-0.37,-0.46,19.512474,-99.1294012,19.5124737,-99.1293983,19.512476,-99.1294019,315.0,1,1,1,G,EN TIERRA,S,comenzar_barrido,1,,60,-68,-71.395,,0,ma0,D,5.0,45.0,1,15.0,2.0,3,1,315.0,-50.778,-52.512,75.0,-63.494,-64.246,120.0,-63.442,-64.406,,,,,,
2026-08-07T10:57:32.013,5.192,0.109,4722,TK,DESPEGANDO,2.2,1,1,T,TAKEOFF,4.5,,,,0,D,0.2,0.52,-0.37,-0.46,19.512474,-99.1294012,19.5124737,-99.1293983,19.512476,-99.1294019,315.0,1,1,1,G,EN TIERRA,S,comenzar_barrido,1,,58,-70,-71.255,,0,ma0,D,5.0,45.0,1,15.0,2.0,3,1,315.0,-50.778,-52.512,75.0,-63.494,-64.246,120.0,-63.442,-64.406,,,,,,
2026-08-07T10:57:32.155,5.334,0.25,4722,TK,DESPEGANDO,2.2,1,1,T,TAKEOFF,4.5,,,,0,D,0.2,0.52,-0.37,-0.46,19.512474,-99.1294012,19.5124737,-99.1293983,19.512476,-99.1294019,315.0,1,1,1,G,EN TIERRA,S,comenzar_barrido,1,,55,-73,-71.43,,0,ma0,D,5.0,45.0,1,15.0,2.0,3,1,315.0,-50.778,-52.512,75.0,-63.494,-64.246,120.0,-63.442,-64.406,,,,,,
2026-08-07T10:57:32.244,5.423,0.078,4722,TK,DESPEGANDO,2.4,1,1,T,TAKEOFF,4.7,,,,0,D,0.3,0.42,-0.37,-0.62,19.5124734,-99.1294012,19.5124737,-99.1293983,19.512476,-99.1294019,315.0,1,1,1,G,EN TIERRA,S,comenzar_barrido,1,,59,-69,-71.187,,0,ma0,D,5.0,45.0,1,15.0,2.0,3,1,315.0,-50.778,-52.512,75.0,-63.494,-64.246,120.0,-63.442,-64.406,,,,,,
2026-08-07T10:57:32.402,5.581,0.234,4722,TK,DESPEGANDO,2.4,1,1,T,TAKEOFF,4.7,,,,0,D,0.3,0.42,-0.37,-0.62,19.5124734,-99.1294012,19.5124737,-99.1293983,19.512476,-99.1294019,315.0,1,1,1,G,EN TIERRA,S,comenzar_barrido,1,,61,-67,-70.768,,0,ma0,D,5.0,45.0,1,15.0,2.0,3,1,315.0,-50.778,-52.512,75.0,-63.494,-64.246,120.0,-63.442,-64.406,,,,,,
2026-08-07T10:57:32.648,5.827,0.25,4722,TK,DESPEGANDO,2.6,1,1,T,TAKEOFF,5.1,,,,0,D,0.4,0.42,-0.37,-0.62,19.512473,-99.1294011,19.5124737,-99.1293983,19.512476,-99.1294019,315.0,1,1,1,G,EN TIERRA,S,comenzar_barrido,1,,60,-68,-70.491,,0,ma0,D,5.0,45.0,1,15.0,2.0,3,1,315.0,-50.778,-52.512,75.0,-63.494,-64.246,120.0,-63.442,-64.406,,,,,,
2026-08-07T10:57:32.739,5.917,0.094,4722,TK,DESPEGANDO,2.8,1,1,T,TAKEOFF,6.7,,,,0,D,0.8,0.36,-0.36,-0.85,19.5124725,-99.129401,19.5124737,-99.1293983,19.512476,-99.1294019,315.0,1,1,1,G,EN TIERRA,S,comenzar_barrido,1,,55,-73,-70.742,,0,ma0,D,5.0,45.0,1,15.0,2.0,3,1,315.0,-50.778,-52.512,75.0,-63.494,-64.246,120.0,-63.442,-64.406,,,,,,
2026-08-07T10:57:32.898,6.077,0.25,4722,TK,DESPEGANDO,2.8,1,1,T,TAKEOFF,6.7,,,,0,D,0.8,0.36,-0.36,-0.85,19.5124725,-99.129401,19.5124737,-99.1293983,19.512476,-99.1294019,315.0,1,1,1,G,EN TIERRA,S,comenzar_barrido,1,,57,-71,-70.768,,0,ma0,D,5.0,45.0,1,15.0,2.0,3,1,315.0,-50.778,-52.512,75.0,-63.494,-64.246,120.0,-63.442,-64.406,,,,,,
2026-08-07T10:57:33.067,6.246,0.422,4722,TK,DESPEGANDO,2.8,1,1,T,TAKEOFF,6.7,,,,0,D,0.8,0.36,-0.36,-0.85,19.5124725,-99.129401,19.5124737,-99.1293983,19.512476,-99.1294019,315.0,1,1,1,G,EN TIERRA,S,comenzar_barrido,1,,53,-75,-71.191,,0,ma0,D,5.0,45.0,1,15.0,2.0,3,1,315.0,-50.778,-52.512,75.0,-63.494,-64.246,120.0,-63.442,-64.406,,,,,,
2026-08-07T10:57:33.255,6.435,0.61,4722,TK,DESPEGANDO,2.8,1,1,T,TAKEOFF,6.7,,,,0,D,0.8,0.36,-0.36,-0.85,19.5124725,-99.129401,19.5124737,-99.1293983,19.512476,-99.1294019,315.0,1,1,1,G,EN TIERRA,S,comenzar_barrido,1,,57,-71,-71.172,,0,ma0,D,5.0,45.0,1,15.0,2.0,3,1,315.0,-50.778,-52.512,75.0,-63.494,-64.246,120.0,-63.442,-64.406,,,,,,
2026-08-07T10:57:33.255,6.435,0.61,4722,TK,DESPEGANDO,2.8,1,1,T,TAKEOFF,6.7,,,,0,D,0.8,0.36,-0.36,-0.85,19.5124725,-99.129401,19.5124737,-99.1293983,19.512476,-99.1294019,315.0,1,1,1,G,EN TIERRA,S,comenzar_barrido,1,,58,-70,-71.055,,0,ma0,D,5.0,45.0,1,15.0,2.0,3,1,315.0,-50.778,-52.512,75.0,-63.494,-64.246,120.0,-63.442,-64.406,,,,,,
2026-08-07T10:57:33.533,6.712,0.094,4722,TK,DESPEGANDO,4.4,1,1,T,TAKEOFF,8.5,,,,0,D,1.4,0.31,-0.34,-1.49,19.5124723,-99.1294009,19.5124737,-99.1293983,19.512476,-99.1294019,315.0,1,1,1,G,EN TIERRA,S,comenzar_barrido,1,,52,-76,-71.549,,0,ma0,D,5.0,45.0,1,15.0,2.0,3,1,315.0,-50.778,-52.512,75.0,-63.494,-64.246,120.0,-63.442,-64.406,,,,,,
2026-08-07T10:57:33.533,6.712,0.094,4722,TK,DESPEGANDO,4.4,1,1,T,TAKEOFF,8.5,,,,0,D,1.4,0.31,-0.34,-1.49,19.5124723,-99.1294009,19.5124737,-99.1293983,19.512476,-99.1294019,315.0,1,1,1,G,EN TIERRA,S,comenzar_barrido,1,,61,-67,-71.094,,0,ma0,D,5.0,45.0,1,15.0,2.0,3,1,315.0,-50.778,-52.512,75.0,-63.494,-64.246,120.0,-63.442,-64.406,,,,,,
2026-08-07T10:57:33.697,6.877,0.25,4722,TK,DESPEGANDO,4.4,1,1,T,TAKEOFF,8.5,,,,0,D,1.4,0.31,-0.34,-1.49,19.5124723,-99.1294009,19.5124737,-99.1293983,19.512476,-99.1294019,315.0,1,1,1,G,EN TIERRA,S,comenzar_barrido,1,,48,-80,-71.985,,0,ma0,D,5.0,45.0,1,15.0,2.0,3,1,315.0,-50.778,-52.512,75.0,-63.494,-64.246,120.0,-63.442,-64.406,,,,,,
2026-08-07T10:57:33.945,7.125,0.25,4722,TK,DESPEGANDO,4.8,1,1,T,TAKEOFF,7.5,,,,0,D,1.9,0.3,-0.34,-1.91,19.5124723,-99.1294009,19.5124737,-99.1293983,19.512476,-99.1294019,315.0,1,1,1,G,EN TIERRA,S,comenzar_barrido,1,,47,-81,-72.887,,0,ma0,D,5.0,45.0,1,15.0,2.0,3,1,315.0,-50.778,-52.512,75.0,-63.494,-64.246,120.0,-63.442,-64.406,,,,,,
2026-08-07T10:57:34.281,7.461,0.094,4722,TK,DESPEGANDO,5.8,1,1,T,TAKEOFF,6.6,,,,0,D,2.7,0.34,-0.34,-2.74,19.5124727,-99.1294008,19.5124737,-99.1293983,19.512476,-99.1294019,315.0,1,1,1,G,EN TIERRA,S,comenzar_barrido,1,,56,-72,-72.798,,0,ma0,D,5.0,45.0,1,15.0,2.0,3,1,315.0,-50.778,-52.512,75.0,-63.494,-64.246,120.0,-63.442,-64.406,,,,,,
2026-08-07T10:57:34.439,7.619,0.25,4722,TK,DESPEGANDO,5.8,1,1,T,TAKEOFF,6.6,,,,0,D,2.7,0.34,-0.34,-2.74,19.5124727,-99.1294008,19.5124737,-99.1293983,19.512476,-99.1294019,315.0,1,1,1,G,EN TIERRA,S,comenzar_barrido,1,,50,-78,-73.318,,0,ma0,D,5.0,45.0,1,15.0,2.0,3,1,315.0,-50.778,-52.512,75.0,-63.494,-64.246,120.0,-63.442,-64.406,,,,,,
2026-08-07T10:57:34.440,7.619,0.25,4722,TK,DESPEGANDO,5.8,1,1,T,TAKEOFF,6.6,,,,0,D,2.7,0.34,-0.34,-2.74,19.5124727,-99.1294008,19.5124737,-99.1293983,19.512476,-99.1294019,315.0,1,1,1,G,EN TIERRA,S,comenzar_barrido,1,,48,-80,-73.986,,0,ma0,D,5.0,45.0,1,15.0,2.0,3,1,315.0,-50.778,-52.512,75.0,-63.494,-64.246,120.0,-63.442,-64.406,,,,,,
2026-08-07T10:57:34.704,7.884,0.156,4722,TK,DESPEGANDO,7.8,1,1,T,TAKEOFF,6.0,,,,0,D,3.1,0.36,-0.33,-3.16,19.512473,-99.1294009,19.5124737,-99.1293983,19.512476,-99.1294019,315.0,1,1,1,G,EN TIERRA,S,comenzar_barrido,1,,56,-72,-73.788,,0,ma0,D,5.0,45.0,1,15.0,2.0,3,1,315.0,-50.778,-52.512,75.0,-63.494,-64.246,120.0,-63.442,-64.406,,,,,,
2026-08-07T10:57:34.704,7.884,0.156,4722,TK,DESPEGANDO,7.8,1,1,T,TAKEOFF,6.0,,,,0,D,3.1,0.36,-0.33,-3.16,19.512473,-99.1294009,19.5124737,-99.1293983,19.512476,-99.1294019,315.0,1,1,1,G,EN TIERRA,S,comenzar_barrido,1,,58,-70,-73.409,,0,ma0,D,5.0,45.0,1,15.0,2.0,3,1,315.0,-50.778,-52.512,75.0,-63.494,-64.246,120.0,-63.442,-64.406,,,,,,
2026-08-07T10:57:34.951,8.13,0.094,4722,TK,DESPEGANDO,8.2,1,1,T,TAKEOFF,5.6,,,,0,D,3.3,0.39,-0.34,-3.54,19.5124731,-99.1294009,19.5124737,-99.1293983,19.512476,-99.1294019,315.0,1,1,1,G,EN TIERRA,S,comenzar_barrido,1,,45,-83,-74.368,,0,ma0,D,5.0,45.0,1,15.0,2.0,3,1,315.0,-50.778,-52.512,75.0,-63.494,-64.246,120.0,-63.442,-64.406,,,,,,
2026-08-07T10:57:35.084,8.263,0.219,4722,TK,DESPEGANDO,8.2,1,1,T,TAKEOFF,5.6,,,,0,D,3.3,0.39,-0.34,-3.54,19.5124731,-99.1294009,19.5124737,-99.1293983,19.512476,-99.1294019,315.0,1,1,1,G,EN TIERRA,S,comenzar_barrido,1,,53,-75,-74.431,,0,ma0,D,5.0,45.0,1,15.0,2.0,3,1,315.0,-50.778,-52.512,75.0,-63.494,-64.246,120.0,-63.442,-64.406,,,,,,
2026-08-07T10:57:35.722,8.902,0.25,4722,TK,DESPEGANDO,9.4,1,1,T,TAKEOFF,5.9,,,,0,D,3.9,0.43,-0.32,-4.18,19.5124735,-99.1294006,19.5124737,-99.1293983,19.512476,-99.1294019,315.0,1,1,1,G,EN TIERRA,S,comenzar_barrido,1,,55,-73,-74.288,,0,ma0,D,5.0,45.0,1,15.0,2.0,3,1,315.0,-50.778,-52.512,75.0,-63.494,-64.246,120.0,-63.442,-64.406,,,,,,
2026-08-07T10:57:35.722,8.902,0.25,4722,TK,DESPEGANDO,9.4,1,1,T,TAKEOFF,5.9,,,,0,D,3.9,0.43,-0.32,-4.18,19.5124735,-99.1294006,19.5124737,-99.1293983,19.512476,-99.1294019,315.0,1,1,1,G,EN TIERRA,S,comenzar_barrido,1,,56,-72,-74.059,,0,ma0,D,5.0,45.0,1,15.0,2.0,3,1,315.0,-50.778,-52.512,75.0,-63.494,-64.246,120.0,-63.442,-64.406,,,,,,
2026-08-07T10:57:35.969,9.148,0.016,4722,TK,DESPEGANDO,10.2,1,1,T,TAKEOFF,5.1,,,,0,D,4.3,0.46,-0.28,-4.43,19.5124739,-99.1294001,19.5124737,-99.1293983,19.512476,-99.1294019,315.0,1,1,1,A,EN AIRE,S,comenzar_barrido,1,,58,-70,-73.653,,0,ma0,D,5.0,45.0,1,15.0,2.0,3,1,315.0,-50.778,-52.512,75.0,-63.494,-64.246,120.0,-63.442,-64.406,,,,,,
2026-08-07T10:57:36.178,9.358,0.094,4722,TK,DESPEGANDO,10.6,1,1,T,TAKEOFF,5.1,,,,0,D,4.4,0.49,-0.26,-4.64,19.512474,-99.1294001,19.5124737,-99.1293983,19.512476,-99.1294019,315.0,1,1,1,A,EN AIRE,S,comenzar_barrido,1,,58,-70,-73.288,,0,ma0,D,5.0,45.0,1,15.0,2.0,3,1,315.0,-50.778,-52.512,75.0,-63.494,-64.246,120.0,-63.442,-64.406,,,,,,
2026-08-07T10:57:36.245,9.425,0.156,4722,TK,DESPEGANDO,10.6,1,1,T,TAKEOFF,5.1,,,,0,D,4.4,0.49,-0.26,-4.64,19.512474,-99.1294001,19.5124737,-99.1293983,19.512476,-99.1294019,315.0,1,1,1,A,EN AIRE,S,comenzar_barrido,1,,56,-72,-73.159,,0,ma0,D,5.0,45.0,1,15.0,2.0,3,1,315.0,-50.778,-52.512,75.0,-63.494,-64.246,120.0,-63.442,-64.406,,,,,,
2026-08-07T10:57:36.460,9.639,0.0,4722,TK,DESPEGANDO,10.8,1,1,T,TAKEOFF,5.4,,,,0,D,4.5,0.51,-0.25,-4.77,19.5124741,-99.1294,19.5124737,-99.1293983,19.512476,-99.1294019,315.0,1,1,1,A,EN AIRE,S,comenzar_barrido,1,,56,-72,-73.043,,0,ma0,D,5.0,45.0,1,15.0,2.0,3,1,315.0,-50.778,-52.512,75.0,-63.494,-64.246,120.0,-63.442,-64.406,,,,,,
2026-08-07T10:57:36.723,9.903,0.157,4722,HT,ALTURA_ALCANZADA,12.0,1,1,H,HOLD,6.3,,,,0,D,4.5,0.52,-0.24,-4.81,19.5124742,-99.1293999,19.5124737,-99.1293983,19.512476,-99.1294019,315.0,1,1,1,A,EN AIRE,S,comenzar_barrido,1,,54,-74,-73.139,,0,ma0,D,5.0,45.0,1,15.0,2.0,3,1,315.0,-50.778,-52.512,75.0,-63.494,-64.246,120.0,-63.442,-64.406,,,,,,
2026-08-07T10:57:36.814,9.994,0.25,4722,HT,ALTURA_ALCANZADA,12.0,1,1,H,HOLD,6.3,,,,0,D,4.5,0.52,-0.24,-4.81,19.5124742,-99.1293999,19.5124737,-99.1293983,19.512476,-99.1294019,315.0,1,1,1,A,EN AIRE,S,comenzar_barrido,1,,60,-68,-72.625,,0,ma0,D,5.0,45.0,1,15.0,2.0,3,1,315.0,-50.778,-52.512,75.0,-63.494,-64.246,120.0,-63.442,-64.406,,,,,,
2026-08-07T10:57:37.247,10.426,0.078,4722,HT,ALTURA_ALCANZADA,12.0,1,1,H,HOLD,6.3,,,,0,D,4.6,0.53,-0.24,-4.88,19.5124744,-99.1294,19.5124737,-99.1293983,19.512476,-99.1294019,315.0,1,1,1,A,EN AIRE,S,comenzar_barrido,1,,53,-75,-72.863,,0,ma0,D,5.0,45.0,1,15.0,2.0,3,1,315.0,-50.778,-52.512,75.0,-63.494,-64.246,120.0,-63.442,-64.406,,,,,,
2026-08-07T10:57:37.506,10.686,0.078,4722,HT,ALTURA_ALCANZADA,12.0,1,1,H,HOLD,6.5,,,,0,D,4.7,0.55,-0.25,-4.95,19.5124745,-99.1294,19.5124737,-99.1293983,19.512476,-99.1294019,315.0,1,1,1,A,EN AIRE,S,comenzar_barrido,1,,56,-72,-72.776,,0,ma0,D,5.0,45.0,1,15.0,2.0,3,1,315.0,-50.778,-52.512,75.0,-63.494,-64.246,120.0,-63.442,-64.406,,,,,,
2026-08-07T10:57:38.056,11.235,0.235,4722,HT,ALTURA_ALCANZADA,12.0,1,1,H,HOLD,6.4,,,,0,D,4.7,0.57,-0.25,-5.0,19.5124749,-99.1294,19.5124737,-99.1293983,19.512476,-99.1294019,315.0,1,1,1,A,EN AIRE,S,comenzar_barrido,1,,59,-69,-72.399,,0,ma0,D,5.0,45.0,1,15.0,2.0,3,1,315.0,-50.778,-52.512,75.0,-63.494,-64.246,120.0,-63.442,-64.406,,,,,,
2026-08-07T10:57:38.443,11.622,0.187,4722,HT,ALTURA_ALCANZADA,12.0,1,1,H,HOLD,6.2,,,,0,D,4.8,0.62,-0.25,-5.08,19.5124753,-99.1294001,19.5124737,-99.1293983,19.512476,-99.1294019,315.0,1,1,1,A,EN AIRE,S,comenzar_barrido,1,,55,-73,-72.459,,0,ma0,D,5.0,45.0,1,15.0,2.0,3,1,315.0,-50.778,-52.512,75.0,-63.494,-64.246,120.0,-63.442,-64.406,,,,,,
2026-08-07T10:57:39.168,12.347,0.281,4722,OF,ENTRANDO_OFFBOARD,12.0,1,1,H,HOLD,5.9,,,,0,D,4.9,0.67,-0.26,-5.15,19.5124756,-99.1294001,19.5124737,-99.1293983,19.512476,-99.1294019,315.0,1,1,1,A,EN AIRE,S,comenzar_barrido,1,,54,-74,-72.613,,0,ma0,D,5.0,45.0,1,15.0,2.0,3,1,315.0,-50.778,-52.512,75.0,-63.494,-64.246,120.0,-63.442,-64.406,,,,,,
2026-08-07T10:57:39.168,12.347,0.281,4722,OF,ENTRANDO_OFFBOARD,12.0,1,1,H,HOLD,5.9,,,,0,D,4.9,0.67,-0.26,-5.15,19.5124756,-99.1294001,19.5124737,-99.1293983,19.512476,-99.1294019,315.0,1,1,1,A,EN AIRE,S,comenzar_barrido,1,,45,-83,-73.652,,0,ma0,D,5.0,45.0,1,15.0,2.0,3,1,315.0,-50.778,-52.512,75.0,-63.494,-64.246,120.0,-63.442,-64.406,,,,,,
2026-08-07T10:57:39.168,12.347,0.281,4722,OF,ENTRANDO_OFFBOARD,12.0,1,1,H,HOLD,5.9,,,,0,D,4.9,0.67,-0.26,-5.15,19.5124756,-99.1294001,19.5124737,-99.1293983,19.512476,-99.1294019,315.0,1,1,1,A,EN AIRE,S,comenzar_barrido,1,,61,-67,-72.986,,0,ma0,D,5.0,45.0,1,15.0,2.0,3,1,315.0,-50.778,-52.512,75.0,-63.494,-64.246,120.0,-63.442,-64.406,,,,,,
2026-08-07T10:57:39.264,12.443,0.109,4722,OF,ENTRANDO_OFFBOARD,12.0,1,1,H,HOLD,6.0,,,,0,D,4.9,0.67,-0.26,-5.15,19.5124756,-99.1294001,19.5124737,-99.1293983,19.512476,-99.1294019,315.0,1,1,1,A,EN AIRE,S,comenzar_barrido,1,,53,-75,-73.188,,0,ma0,D,5.0,45.0,1,15.0,2.0,3,1,315.0,-50.778,-52.512,75.0,-63.494,-64.246,120.0,-63.442,-64.406,,,,,,
2026-08-07T10:57:39.264,12.443,0.109,4722,OF,ENTRANDO_OFFBOARD,12.0,1,1,H,HOLD,6.0,,,,0,D,4.9,0.67,-0.26,-5.15,19.5124756,-99.1294001,19.5124737,-99.1293983,19.512476,-99.1294019,315.0,1,1,1,A,EN AIRE,S,comenzar_barrido,1,,53,-75,-73.369,,0,ma0,D,5.0,45.0,1,15.0,2.0,3,1,315.0,-50.778,-52.512,75.0,-63.494,-64.246,120.0,-63.442,-64.406,,,,,,
2026-08-07T10:57:39.264,12.443,0.109,4722,OF,ENTRANDO_OFFBOARD,12.0,1,1,H,HOLD,6.0,,,,0,D,4.9,0.67,-0.26,-5.15,19.5124756,-99.1294001,19.5124737,-99.1293983,19.512476,-99.1294019,315.0,1,1,1,A,EN AIRE,S,comenzar_barrido,1,,55,-73,-73.332,,0,ma0,D,5.0,45.0,1,15.0,2.0,3,1,315.0,-50.778,-52.512,75.0,-63.494,-64.246,120.0,-63.442,-64.406,,,,,,
2026-08-07T10:57:39.687,12.867,0.109,4722,OF,ENTRANDO_OFFBOARD,12.0,1,1,H,HOLD,6.5,,,,0,D,4.9,0.68,-0.25,-5.16,19.5124756,-99.1294,19.5124737,-99.1293983,19.512476,-99.1294019,315.0,1,1,1,A,EN AIRE,S,comenzar_barrido,1,,53,-75,-73.499,,0,ma0,D,5.0,45.0,1,15.0,2.0,3,1,315.0,-50.778,-52.512,75.0,-63.494,-64.246,120.0,-63.442,-64.406,,,,,,
2026-08-07T10:57:39.849,13.028,0.0,4722,OF,ENTRANDO_OFFBOARD,12.0,1,1,H,HOLD,6.3,,,,0,D,4.9,0.67,-0.25,-5.18,19.5124756,-99.1294,19.5124737,-99.1293983,19.512476,-99.1294019,315.0,1,1,1,A,EN AIRE,S,comenzar_barrido,1,,54,-74,-73.549,,0,ma0,D,5.0,45.0,1,15.0,2.0,3,1,315.0,-50.778,-52.512,75.0,-63.494,-64.246,120.0,-63.442,-64.406,,,,,,
2026-08-07T10:57:39.958,13.138,0.109,4722,OF,ENTRANDO_OFFBOARD,12.0,1,1,H,HOLD,6.3,,,,0,D,4.9,0.67,-0.25,-5.18,19.5124756,-99.1294,19.5124737,-99.1293983,19.512476,-99.1294019,315.0,1,1,1,A,EN AIRE,S,comenzar_barrido,1,,54,-74,-73.594,,0,ma0,D,5.0,45.0,1,15.0,2.0,3,1,315.0,-50.778,-52.512,75.0,-63.494,-64.246,120.0,-63.442,-64.406,,,,,,
2026-08-07T10:57:40.222,13.4,0.11,4722,OF,ENTRANDO_OFFBOARD,12.0,1,1,H,HOLD,5.9,,,,0,D,4.9,0.67,-0.25,-5.18,19.5124755,-99.1294,19.5124737,-99.1293983,19.512476,-99.1294019,315.0,1,1,1,A,EN AIRE,S,comenzar_barrido,1,,55,-73,-73.535,,0,ma0,D,5.0,45.0,1,15.0,2.0,3,1,315.0,-50.778,-52.512,75.0,-63.494,-64.246,120.0,-63.442,-64.406,,,,,,
2026-08-07T10:57:40.335,13.514,0.094,4722,OF,ENTRANDO_OFFBOARD,12.0,1,1,H,HOLD,5.8,,,,0,D,4.9,0.67,-0.24,-5.19,19.5124756,-99.1294,19.5124737,-99.1293983,19.512476,-99.1294019,315.0,1,1,1,A,EN AIRE,S,comenzar_barrido,1,,53,-75,-73.681,,0,ma0,D,5.0,45.0,1,15.0,2.0,3,1,315.0,-50.778,-52.512,75.0,-63.494,-64.246,120.0,-63.442,-64.406,,,,,,
2026-08-07T10:57:40.400,13.579,0.156,4722,OF,ENTRANDO_OFFBOARD,12.0,1,1,H,HOLD,5.8,,,,0,D,4.9,0.67,-0.24,-5.19,19.5124756,-99.1294,19.5124737,-99.1293983,19.512476,-99.1294019,315.0,1,1,1,A,EN AIRE,S,comenzar_barrido,1,,55,-73,-73.613,,0,ma0,D,5.0,45.0,1,15.0,2.0,3,1,315.0,-50.778,-52.512,75.0,-63.494,-64.246,120.0,-63.442,-64.406,,,,,,
2026-08-07T10:57:40.519,13.698,0.281,4722,OF,ENTRANDO_OFFBOARD,12.0,1,1,H,HOLD,5.8,,,,0,D,4.9,0.67,-0.24,-5.19,19.5124756,-99.1294,19.5124737,-99.1293983,19.512476,-99.1294019,315.0,1,1,1,A,EN AIRE,S,comenzar_barrido,1,,57,-71,-73.352,,0,ma0,D,5.0,45.0,1,15.0,2.0,3,1,315.0,-50.778,-52.512,75.0,-63.494,-64.246,120.0,-63.442,-64.406,,,,,,
2026-08-07T10:57:40.681,13.86,0.157,4722,OF,ENTRANDO_OFFBOARD,12.0,1,1,H,HOLD,6.0,,,,0,D,4.9,0.67,-0.24,-5.21,19.5124756,-99.1294,19.5124737,-99.1293983,19.512476,-99.1294019,315.0,1,1,1,A,EN AIRE,S,comenzar_barrido,1,,53,-75,-73.517,,0,ma0,D,5.0,45.0,1,15.0,2.0,3,1,315.0,-50.778,-52.512,75.0,-63.494,-64.246,120.0,-63.442,-64.406,,,,,,
2026-08-07T10:57:40.892,14.072,0.0,4722,OF,ENTRANDO_OFFBOARD,12.0,1,1,H,HOLD,5.7,,,,0,D,4.9,0.68,-0.24,-5.22,19.5124756,-99.1293999,19.5124737,-99.1293983,19.512476,-99.1294019,315.0,1,1,1,A,EN AIRE,S,comenzar_barrido,1,,55,-73,-73.465,,0,ma0,D,5.0,45.0,1,15.0,2.0,3,1,315.0,-50.778,-52.512,75.0,-63.494,-64.246,120.0,-63.442,-64.406,,,,,,
2026-08-07T10:57:41.128,14.308,0.235,4722,OF,ENTRANDO_OFFBOARD,12.0,1,1,H,HOLD,5.7,,,,0,D,4.9,0.68,-0.24,-5.22,19.5124756,-99.1293999,19.5124737,-99.1293983,19.512476,-99.1294019,315.0,1,1,1,A,EN AIRE,S,comenzar_barrido,1,,54,-74,-73.518,,0,ma0,D,5.0,45.0,1,15.0,2.0,3,1,315.0,-50.778,-52.512,75.0,-63.494,-64.246,120.0,-63.442,-64.406,,,,,,
2026-08-07T10:57:41.128,14.308,0.235,4722,OF,ENTRANDO_OFFBOARD,12.0,1,1,H,HOLD,5.7,,,,0,D,4.9,0.68,-0.24,-5.22,19.5124756,-99.1293999,19.5124737,-99.1293983,19.512476,-99.1294019,315.0,1,1,1,A,EN AIRE,S,comenzar_barrido,1,,61,-67,-72.867,,0,ma0,D,5.0,45.0,1,15.0,2.0,3,1,315.0,-50.778,-52.512,75.0,-63.494,-64.246,120.0,-63.442,-64.406,,,,,,
2026-08-07T10:57:41.370,14.55,0.234,4722,OF,ENTRANDO_OFFBOARD,12.0,1,1,H,HOLD,5.7,,,,0,D,4.9,0.67,-0.24,-5.23,19.5124756,-99.1293999,19.5124737,-99.1293983,19.512476,-99.1294019,315.0,1,1,1,A,EN AIRE,S,comenzar_barrido,1,,56,-72,-72.78,,0,ma0,D,5.0,45.0,1,15.0,2.0,3,1,315.0,-50.778,-52.512,75.0,-63.494,-64.246,120.0,-63.442,-64.406,,,,,,
2026-08-07T10:57:41.370,14.55,0.234,4722,OF,ENTRANDO_OFFBOARD,12.0,1,1,H,HOLD,5.7,,,,0,D,4.9,0.67,-0.24,-5.23,19.5124756,-99.1293999,19.5124737,-99.1293983,19.512476,-99.1294019,315.0,1,1,1,A,EN AIRE,S,comenzar_barrido,1,,56,-72,-72.702,,0,ma0,D,5.0,45.0,1,15.0,2.0,3,1,315.0,-50.778,-52.512,75.0,-63.494,-64.246,120.0,-63.442,-64.406,,,,,,
2026-08-07T10:57:41.457,14.636,0.094,4722,OF,ENTRANDO_OFFBOARD,12.0,1,1,H,HOLD,5.6,,,,0,D,4.9,0.67,-0.24,-5.23,19.5124756,-99.1293998,19.5124737,-99.1293983,19.512476,-99.1294019,315.0,1,1,1,A,EN AIRE,S,comenzar_barrido,1,,57,-71,-72.532,,0,ma0,D,5.0,45.0,1,15.0,2.0,3,1,315.0,-50.778,-52.512,75.0,-63.494,-64.246,120.0,-63.442,-64.406,,,,,,
2026-08-07T10:57:41.617,14.797,0.25,4722,OF,ENTRANDO_OFFBOARD,12.0,1,1,H,HOLD,5.6,,,,0,D,4.9,0.67,-0.24,-5.23,19.5124756,-99.1293998,19.5124737,-99.1293983,19.512476,-99.1294019,315.0,1,1,1,A,EN AIRE,S,comenzar_barrido,1,,58,-70,-72.279,,0,ma0,D,5.0,45.0,1,15.0,2.0,3,1,315.0,-50.778,-52.512,75.0,-63.494,-64.246,120.0,-63.442,-64.406,,,,,,
2026-08-07T10:57:41.880,15.06,0.156,4722,OF,ENTRANDO_OFFBOARD,12.0,1,1,H,HOLD,5.7,,,,0,D,5.0,0.65,-0.22,-5.25,19.5124754,-99.1293997,19.5124737,-99.1293983,19.512476,-99.1294019,315.0,1,1,1,A,EN AIRE,S,comenzar_barrido,1,,59,-69,-71.951,,0,ma0,D,5.0,45.0,1,15.0,2.0,3,1,315.0,-50.778,-52.512,75.0,-63.494,-64.246,120.0,-63.442,-64.406,,,,,,
2026-08-07T10:57:41.880,15.06,0.156,4722,OF,ENTRANDO_OFFBOARD,12.0,1,1,H,HOLD,5.7,,,,0,D,5.0,0.65,-0.22,-5.25,19.5124754,-99.1293997,19.5124737,-99.1293983,19.512476,-99.1294019,315.0,1,1,1,A,EN AIRE,S,comenzar_barrido,1,,58,-70,-71.756,,0,ma0,D,5.0,45.0,1,15.0,2.0,3,1,315.0,-50.778,-52.512,75.0,-63.494,-64.246,120.0,-63.442,-64.406,,,,,,
2026-08-07T10:57:42.045,15.225,0.016,4722,OF,ENTRANDO_OFFBOARD,12.0,1,1,H,HOLD,5.8,,,,0,D,5.0,0.64,-0.22,-5.25,19.5124753,-99.1293998,19.5124737,-99.1293983,19.512476,-99.1294019,315.0,1,1,1,A,EN AIRE,S,comenzar_barrido,1,,59,-69,-71.48,,0,ma0,D,5.0,45.0,1,15.0,2.0,3,1,315.0,-50.778,-52.512,75.0,-63.494,-64.246,120.0,-63.442,-64.406,,,,,,
2026-08-07T10:57:42.483,15.662,0.187,4722,OF,ENTRANDO_OFFBOARD,12.0,1,1,H,HOLD,5.8,,,,0,D,5.0,0.64,-0.22,-5.25,19.5124753,-99.1293998,19.5124737,-99.1293983,19.512476,-99.1294019,315.0,1,1,1,A,EN AIRE,S,comenzar_barrido,1,,56,-72,-71.532,,0,ma0,D,5.0,45.0,1,15.0,2.0,3,1,315.0,-50.778,-52.512,75.0,-63.494,-64.246,120.0,-63.442,-64.406,,,,,,
2026-08-07T10:57:42.675,15.855,0.094,4722,OF,ENTRANDO_OFFBOARD,12.0,1,1,O,OFFBOARD,6.1,,,,0,D,5.0,0.63,-0.23,-5.25,19.5124753,-99.1294,19.5124737,-99.1293983,19.512476,-99.1294019,315.0,1,1,1,A,EN AIRE,S,comenzar_barrido,1,,61,-67,-71.079,,0,ma0,D,5.0,45.0,1,15.0,2.0,3,1,315.0,-50.778,-52.512,75.0,-63.494,-64.246,120.0,-63.442,-64.406,,,,,,
2026-08-07T10:57:42.772,15.951,0.187,4722,OF,ENTRANDO_OFFBOARD,12.0,1,1,O,OFFBOARD,6.1,,,,0,D,5.0,0.63,-0.23,-5.25,19.5124753,-99.1294,19.5124737,-99.1293983,19.512476,-99.1294019,315.0,1,1,1,A,EN AIRE,S,comenzar_barrido,1,,54,-74,-71.371,,0,ma0,D,5.0,45.0,1,15.0,2.0,3,1,315.0,-50.778,-52.512,75.0,-63.494,-64.246,120.0,-63.442,-64.406,,,,,,
2026-08-07T10:57:42.928,16.107,0.078,4722,OF,ENTRANDO_OFFBOARD,12.0,1,1,O,OFFBOARD,6.7,,,,0,D,4.9,0.63,-0.25,-5.24,19.5124753,-99.1294002,19.5124737,-99.1293983,19.512476,-99.1294019,315.0,1,1,1,A,EN AIRE,S,comenzar_barrido,1,,55,-73,-71.534,,0,ma0,D,5.0,45.0,1,15.0,2.0,3,1,315.0,-50.778,-52.512,75.0,-63.494,-64.246,120.0,-63.442,-64.406,,,,,,
2026-08-07T10:57:43.037,16.217,0.187,4722,OF,ENTRANDO_OFFBOARD,12.0,1,1,O,OFFBOARD,6.7,,,,0,D,4.9,0.63,-0.25,-5.24,19.5124753,-99.1294002,19.5124737,-99.1293983,19.512476,-99.1294019,315.0,1,1,1,A,EN AIRE,S,comenzar_barrido,1,,55,-73,-71.68,,0,ma0,D,5.0,45.0,1,15.0,2.0,3,1,315.0,-50.778,-52.512,75.0,-63.494,-64.246,120.0,-63.442,-64.406,,,,,,
2026-08-07T10:57:43.301,16.48,0.188,4722,N0,ORIENTANDO_NORTE,15.0,1,1,O,OFFBOARD,7.3,4.5,2.8,,0,D,4.9,0.64,-0.28,-5.21,19.5124754,-99.1294004,19.5124737,-99.1293983,19.512476,-99.1294019,315.0,1,1,1,A,EN AIRE,S,comenzar_barrido,1,,55,-73,-71.812,,0,ma0,D,5.0,45.0,1,15.0,2.0,3,1,315.0,-50.778,-52.512,75.0,-63.494,-64.246,120.0,-63.442,-64.406,,,,,,
2026-08-07T10:57:43.600,16.779,0.11,4722,N0,ORIENTANDO_NORTE,15.0,1,1,O,OFFBOARD,1.6,0.0,1.6,,0,D,4.9,0.66,-0.32,-5.2,19.5124756,-99.1294009,19.5124737,-99.1293983,19.512476,-99.1294019,315.0,1,1,1,A,EN AIRE,S,comenzar_barrido,1,,45,-83,-72.931,,0,ma0,D,5.0,45.0,1,15.0,2.0,3,1,315.0,-50.778,-52.512,75.0,-63.494,-64.246,120.0,-63.442,-64.406,,,,,,
2026-08-07T10:57:43.600,16.779,0.11,4722,N0,ORIENTANDO_NORTE,15.0,1,1,O,OFFBOARD,1.6,0.0,1.6,,0,D,4.9,0.66,-0.32,-5.2,19.5124756,-99.1294009,19.5124737,-99.1293983,19.512476,-99.1294019,315.0,1,1,1,A,EN AIRE,S,comenzar_barrido,1,,51,-77,-73.338,,0,ma0,D,5.0,45.0,1,15.0,2.0,3,1,315.0,-50.778,-52.512,75.0,-63.494,-64.246,120.0,-63.442,-64.406,,,,,,
2026-08-07T10:57:43.828,17.007,0.094,4722,N0,ORIENTANDO_NORTE,15.0,1,1,O,OFFBOARD,357.8,0.0,-2.2,,0,D,4.9,0.68,-0.35,-5.2,19.5124757,-99.1294011,19.5124737,-99.1293983,19.512476,-99.1294019,315.0,1,1,1,A,EN AIRE,S,comenzar_barrido,1,,53,-75,-73.504,,0,ma0,D,5.0,45.0,1,15.0,2.0,3,1,315.0,-50.778,-52.512,75.0,-63.494,-64.246,120.0,-63.442,-64.406,,,,,,
2026-08-07T10:57:43.988,17.168,0.25,4722,N0,ORIENTANDO_NORTE,15.0,1,1,O,OFFBOARD,357.8,0.0,-2.2,,0,D,4.9,0.68,-0.35,-5.2,19.5124757,-99.1294011,19.5124737,-99.1293983,19.512476,-99.1294019,315.0,1,1,1,A,EN AIRE,S,comenzar_barrido,1,,53,-75,-73.654,,0,ma0,D,5.0,45.0,1,15.0,2.0,3,1,315.0,-50.778,-52.512,75.0,-63.494,-64.246,120.0,-63.442,-64.406,,,,,,
2026-08-07T10:57:44.233,17.413,0.25,4722,N0,ORIENTANDO_NORTE,15.0,1,1,O,OFFBOARD,359.3,0.0,-0.7,,0,D,4.9,0.69,-0.39,-5.2,19.5124758,-99.1294014,19.5124737,-99.1293983,19.512476,-99.1294019,315.0,1,1,1,A,EN AIRE,S,comenzar_barrido,1,,55,-73,-73.588,,0,ma0,D,5.0,45.0,1,15.0,2.0,3,1,315.0,-50.778,-52.512,75.0,-63.494,-64.246,120.0,-63.442,-64.406,,,,,,
2026-08-07T10:57:44.300,17.479,0.313,4722,N0,ORIENTANDO_NORTE,15.0,1,1,O,OFFBOARD,359.3,0.0,-0.7,,0,D,4.9,0.69,-0.39,-5.2,19.5124758,-99.1294014,19.5124737,-99.1293983,19.512476,-99.1294019,315.0,1,1,1,A,EN AIRE,S,comenzar_barrido,1,,56,-72,-73.43,,0,ma0,D,5.0,45.0,1,15.0,2.0,3,1,315.0,-50.778,-52.512,75.0,-63.494,-64.246,120.0,-63.442,-64.406,,,,,,
2026-08-07T10:57:44.399,17.578,0.0,4722,N0,ORIENTANDO_NORTE,15.0,1,1,O,OFFBOARD,0.6,0.0,0.6,,0,D,4.9,0.71,-0.42,-5.2,19.5124759,-99.1294018,19.5124737,-99.1293983,19.512476,-99.1294019,315.0,1,1,1,A,EN AIRE,S,comenzar_barrido,1,,54,-74,-73.487,,0,ma0,D,5.0,45.0,1,15.0,2.0,3,1,315.0,-50.778,-52.512,75.0,-63.494,-64.246,120.0,-63.442,-64.406,,,,,,
2026-08-07T10:57:44.586,17.766,0.188,4722,N0,ORIENTANDO_NORTE,15.0,1,1,O,OFFBOARD,0.6,0.0,0.6,,0,D,4.9,0.71,-0.42,-5.2,19.5124759,-99.1294018,19.5124737,-99.1293983,19.512476,-99.1294019,315.0,1,1,1,A,EN AIRE,S,comenzar_barrido,1,,52,-76,-73.738,,0,ma0,D,5.0,45.0,1,15.0,2.0,3,1,315.0,-50.778,-52.512,75.0,-63.494,-64.246,120.0,-63.442,-64.406,,,,,,
2026-08-07T10:57:44.586,17.766,0.188,4722,N0,ORIENTANDO_NORTE,15.0,1,1,O,OFFBOARD,0.6,0.0,0.6,,0,D,4.9,0.71,-0.42,-5.2,19.5124759,-99.1294018,19.5124737,-99.1293983,19.512476,-99.1294019,315.0,1,1,1,A,EN AIRE,S,comenzar_barrido,1,,50,-78,-74.164,,0,ma0,D,5.0,45.0,1,15.0,2.0,3,1,315.0,-50.778,-52.512,75.0,-63.494,-64.246,120.0,-63.442,-64.406,,,,,,
2026-08-07T10:57:45.014,18.193,0.25,4722,BD,BARRIDO_DISCRETO,18.0,1,1,O,OFFBOARD,359.8,0.0,-0.2,0.0,1,D,4.9,0.71,-0.45,-5.2,19.512476,-99.129402,19.5124737,-99.1293983,19.512476,-99.1294019,315.0,1,1,1,A,EN AIRE,S,comenzar_barrido,1,,57,-71,-73.848,0.0,0,cap20_excess_early_samples,D,5.0,45.0,1,15.0,2.0,3,1,315.0,-50.778,-52.512,75.0,-63.494,-64.246,120.0,-63.442,-64.406,,,,,,
2026-08-07T10:57:45.014,18.193,0.25,4722,BD,BARRIDO_DISCRETO,18.0,1,1,O,OFFBOARD,359.8,0.0,-0.2,0.0,1,D,4.9,0.71,-0.45,-5.2,19.512476,-99.129402,19.5124737,-99.1293983,19.512476,-99.1294019,315.0,1,1,1,A,EN AIRE,S,comenzar_barrido,1,,56,-72,-73.663,0.0,0,cap20_excess_early_samples,D,5.0,45.0,1,15.0,2.0,3,1,315.0,-50.778,-52.512,75.0,-63.494,-64.246,120.0,-63.442,-64.406,,,,,,
2026-08-07T10:57:45.344,18.524,0.094,4722,BD,BARRIDO_DISCRETO,18.0,1,1,O,OFFBOARD,359.8,0.0,-0.2,0.0,1,D,4.9,0.71,-0.46,-5.2,19.512476,-99.1294021,19.5124737,-99.1293983,19.512476,-99.1294019,315.0,1,1,1,A,EN AIRE,S,comenzar_barrido,1,,58,-70,-73.297,0.0,0,cap20_excess_early_samples,D,5.0,45.0,1,15.0,2.0,3,1,315.0,-50.778,-52.512,75.0,-63.494,-64.246,120.0,-63.442,-64.406,,,,,,
2026-08-07T10:57:45.506,18.686,0.25,4722,BD,BARRIDO_DISCRETO,18.0,1,1,O,OFFBOARD,359.8,0.0,-0.2,0.0,1,D,4.9,0.71,-0.46,-5.2,19.512476,-99.1294021,19.5124737,-99.1293983,19.512476,-99.1294019,315.0,1,1,1,A,EN AIRE,S,comenzar_barrido,1,,55,-73,-73.267,0.0,0,cap20_excess_early_samples,D,5.0,45.0,1,15.0,2.0,3,1,315.0,-50.778,-52.512,75.0,-63.494,-64.246,120.0,-63.442,-64.406,,,,,,
2026-08-07T10:57:45.594,18.774,0.094,4722,BD,BARRIDO_DISCRETO,18.0,1,1,O,OFFBOARD,0.3,0.0,0.3,0.0,1,D,4.9,0.71,-0.47,-5.2,19.5124759,-99.1294021,19.5124737,-99.1293983,19.512476,-99.1294019,315.0,1,1,1,A,EN AIRE,S,comenzar_barrido,1,,53,-75,-73.44,0.0,0,cap20_excess_early_samples,D,5.0,45.0,1,15.0,2.0,3,1,315.0,-50.778,-52.512,75.0,-63.494,-64.246,120.0,-63.442,-64.406,,,,,,
2026-08-07T10:57:45.594,18.774,0.094,4722,BD,BARRIDO_DISCRETO,18.0,1,1,O,OFFBOARD,0.3,0.0,0.3,0.0,1,D,4.9,0.71,-0.47,-5.2,19.5124759,-99.1294021,19.5124737,-99.1293983,19.512476,-99.1294019,315.0,1,1,1,A,EN AIRE,S,comenzar_barrido,1,,53,-75,-73.596,0.0,0,cap20_excess_early_samples,D,5.0,45.0,1,15.0,2.0,3,1,315.0,-50.778,-52.512,75.0,-63.494,-64.246,120.0,-63.442,-64.406,,,,,,
2026-08-07T10:57:45.756,18.936,0.25,4722,BD,BARRIDO_DISCRETO,18.0,1,1,O,OFFBOARD,0.3,0.0,0.3,0.0,1,D,4.9,0.71,-0.47,-5.2,19.5124759,-99.1294021,19.5124737,-99.1293983,19.512476,-99.1294019,315.0,1,1,1,A,EN AIRE,S,comenzar_barrido,1,,58,-70,-73.237,0.0,0,cap20_excess_early_samples,D,5.0,45.0,1,15.0,2.0,3,1,315.0,-50.778,-52.512,75.0,-63.494,-64.246,120.0,-63.442,-64.406,,,,,,
2026-08-07T10:57:46.006,19.186,0.25,4722,BD,BARRIDO_DISCRETO,18.0,1,1,O,OFFBOARD,360.0,0.0,0.0,0.0,1,D,4.9,0.71,-0.47,-5.2,19.5124759,-99.1294021,19.5124737,-99.1293983,19.512476,-99.1294019,315.0,1,1,1,A,EN AIRE,S,comenzar_barrido,1,,57,-71,-73.013,0.0,0,cap20_excess_early_samples,D,5.0,45.0,1,15.0,2.0,3,1,315.0,-50.778,-52.512,75.0,-63.494,-64.246,120.0,-63.442,-64.406,,,,,,
2026-08-07T10:57:46.171,19.351,0.016,4722,BD,BARRIDO_DISCRETO,18.0,1,1,O,OFFBOARD,360.0,0.0,0.0,0.0,1,D,4.9,0.7,-0.46,-5.2,19.5124758,-99.1294019,19.5124737,-99.1293983,19.512476,-99.1294019,315.0,1,1,1,A,EN AIRE,S,comenzar_barrido,1,,55,-73,-73.012,0.0,0,cap20_excess_early_samples,D,5.0,45.0,1,15.0,2.0,3,1,315.0,-50.778,-52.512,75.0,-63.494,-64.246,120.0,-63.442,-64.406,,,,,,
2026-08-07T10:57:46.379,19.559,0.11,4722,BD,BARRIDO_DISCRETO,18.0,1,1,O,OFFBOARD,0.0,0.0,0.0,0.0,1,D,4.9,0.7,-0.44,-5.19,19.5124758,-99.1294017,19.5124737,-99.1293983,19.512476,-99.1294019,315.0,1,1,1,A,EN AIRE,S,comenzar_barrido,1,,56,-72,-72.911,0.0,0,cap20_excess_early_samples,D,5.0,45.0,1,15.0,2.0,3,1,315.0,-50.778,-52.512,75.0,-63.494,-64.246,120.0,-63.442,-64.406,,,,,,
2026-08-07T10:57:46.526,19.706,0.25,4722,BD,BARRIDO_DISCRETO,18.0,1,1,O,OFFBOARD,0.0,0.0,0.0,0.0,1,D,4.9,0.7,-0.44,-5.19,19.5124758,-99.1294017,19.5124737,-99.1293983,19.512476,-99.1294019,315.0,1,1,1,A,EN AIRE,S,comenzar_barrido,1,,58,-70,-72.619,0.0,1,,D,5.0,45.0,1,15.0,2.0,3,1,315.0,-50.778,-52.512,75.0,-63.494,-64.246,120.0,-63.442,-64.406,,,,,,
2026-08-07T10:57:46.613,19.792,0.094,4722,BD,BARRIDO_DISCRETO,18.0,1,1,O,OFFBOARD,359.6,0.0,-0.4,0.0,1,D,4.9,0.69,-0.41,-5.19,19.5124757,-99.1294016,19.5124737,-99.1293983,19.512476,-99.1294019,315.0,1,1,1,A,EN AIRE,S,comenzar_barrido,1,,54,-74,-72.758,0.0,1,,D,5.0,45.0,1,15.0,2.0,3,1,315.0,-50.778,-52.512,75.0,-63.494,-64.246,120.0,-63.442,-64.406,,,,,,
2026-08-07T10:57:46.777,19.957,0.25,4722,BD,BARRIDO_DISCRETO,18.0,1,1,O,OFFBOARD,359.6,0.0,-0.4,0.0,1,D,4.9,0.69,-0.41,-5.19,19.5124757,-99.1294016,19.5124737,-99.1293983,19.512476,-99.1294019,315.0,1,1,1,A,EN AIRE,S,comenzar_barrido,1,,56,-72,-72.682,0.0,1,,D,5.0,45.0,1,15.0,2.0,3,1,315.0,-50.778,-52.512,75.0,-63.494,-64.246,120.0,-63.442,-64.406,,,,,,
2026-08-07T10:57:47.272,20.451,0.25,4722,BD,BARRIDO_DISCRETO,18.0,1,1,O,OFFBOARD,0.2,2.5,-2.3,,0,D,4.9,0.68,-0.39,-5.2,19.5124756,-99.1294013,19.5124737,-99.1293983,19.512476,-99.1294019,315.0,1,1,1,A,EN AIRE,S,comenzar_barrido,1,,57,-71,-72.514,,0,ma0,D,5.0,45.0,1,15.0,2.0,3,1,315.0,-50.778,-52.512,75.0,-63.494,-64.246,120.0,-63.442,-64.406,,,,,,
2026-08-07T10:57:47.272,20.451,0.25,4722,BD,BARRIDO_DISCRETO,18.0,1,1,O,OFFBOARD,0.2,2.5,-2.3,,0,D,4.9,0.68,-0.39,-5.2,19.5124756,-99.1294013,19.5124737,-99.1293983,19.512476,-99.1294019,315.0,1,1,1,A,EN AIRE,S,comenzar_barrido,1,,58,-70,-72.262,,0,ma0,D,5.0,45.0,1,15.0,2.0,3,1,315.0,-50.778,-52.512,75.0,-63.494,-64.246,120.0,-63.442,-64.406,,,,,,
2026-08-07T10:57:47.542,20.721,0.156,4722,BD,BARRIDO_DISCRETO,20.9,1,1,O,OFFBOARD,8.4,15.0,-6.6,15.0,1,D,4.9,0.66,-0.37,-5.21,19.5124754,-99.1294012,19.5124737,-99.1293983,19.512476,-99.1294019,315.0,1,1,1,A,EN AIRE,S,comenzar_barrido,1,,53,-75,-72.536,15.0,1,,D,5.0,45.0,1,15.0,2.0,3,1,315.0,-50.778,-52.512,75.0,-63.494,-64.246,120.0,-63.442,-64.406,,,,,,
2026-08-07T10:57:47.542,20.721,0.156,4722,BD,BARRIDO_DISCRETO,20.9,1,1,O,OFFBOARD,8.4,15.0,-6.6,15.0,1,D,4.9,0.66,-0.37,-5.21,19.5124754,-99.1294012,19.5124737,-99.1293983,19.512476,-99.1294019,315.0,1,1,1,A,EN AIRE,S,comenzar_barrido,1,,50,-78,-73.082,15.0,1,,D,5.0,45.0,1,15.0,2.0,3,1,315.0,-50.778,-52.512,75.0,-63.494,-64.246,120.0,-63.442,-64.406,,,,,,
2026-08-07T10:57:47.710,20.89,0.328,4722,BD,BARRIDO_DISCRETO,20.9,1,1,O,OFFBOARD,8.4,15.0,-6.6,15.0,1,D,4.9,0.66,-0.37,-5.21,19.5124754,-99.1294012,19.5124737,-99.1293983,19.512476,-99.1294019,315.0,1,1,1,A,EN AIRE,S,comenzar_barrido,1,,53,-75,-73.274,15.0,1,,D,5.0,45.0,1,15.0,2.0,3,1,315.0,-50.778,-52.512,75.0,-63.494,-64.246,120.0,-63.442,-64.406,,,,,,
2026-08-07T10:57:47.895,21.074,0.078,4722,BD,BARRIDO_DISCRETO,20.9,1,1,O,OFFBOARD,18.0,15.0,3.0,15.0,1,D,4.9,0.65,-0.36,-5.19,19.5124754,-99.1294011,19.5124737,-99.1293983,19.512476,-99.1294019,315.0,1,1,1,A,EN AIRE,S,comenzar_barrido,1,,54,-74,-73.347,15.0,1,,D,5.0,45.0,1,15.0,2.0,3,1,315.0,-50.778,-52.512,75.0,-63.494,-64.246,120.0,-63.442,-64.406,,,,,,
2026-08-07T10:57:47.896,21.075,0.078,4722,BD,BARRIDO_DISCRETO,20.9,1,1,O,OFFBOARD,18.0,15.0,3.0,15.0,1,D,4.9,0.65,-0.36,-5.19,19.5124754,-99.1294011,19.5124737,-99.1293983,19.512476,-99.1294019,315.0,1,1,1,A,EN AIRE,S,comenzar_barrido,1,,52,-76,-73.612,15.0,1,,D,5.0,45.0,1,15.0,2.0,3,1,315.0,-50.778,-52.512,75.0,-63.494,-64.246,120.0,-63.442,-64.406,,,,,,
2026-08-07T10:57:48.308,21.488,0.25,4722,BD,BARRIDO_DISCRETO,20.9,1,1,O,OFFBOARD,18.2,15.0,3.2,15.0,1,D,4.9,0.65,-0.35,-5.18,19.5124754,-99.129401,19.5124737,-99.1293983,19.512476,-99.1294019,315.0,1,1,1,A,EN AIRE,S,comenzar_barrido,1,,51,-77,-73.951,15.0,1,,D,5.0,45.0,1,15.0,2.0,3,1,315.0,-50.778,-52.512,75.0,-63.494,-64.246,120.0,-63.442,-64.406,,,,,,
2026-08-07T10:57:48.308,21.488,0.25,4722,BD,BARRIDO_DISCRETO,20.9,1,1,O,OFFBOARD,18.2,15.0,3.2,15.0,1,D,4.9,0.65,-0.35,-5.18,19.5124754,-99.129401,19.5124737,-99.1293983,19.512476,-99.1294019,315.0,1,1,1,A,EN AIRE,S,comenzar_barrido,1,,51,-77,-74.256,15.0,1,,D,5.0,45.0,1,15.0,2.0,3,1,315.0,-50.778,-52.512,75.0,-63.494,-64.246,120.0,-63.442,-64.406,,,,,,
2026-08-07T10:57:48.402,21.581,0.093,4722,BD,BARRIDO_DISCRETO,20.9,1,1,O,OFFBOARD,14.9,15.0,-0.1,15.0,1,D,4.9,0.65,-0.35,-5.18,19.5124754,-99.1294009,19.5124737,-99.1293983,19.512476,-99.1294019,315.0,1,1,1,A,EN AIRE,S,comenzar_barrido,1,,64,-64,-73.23,15.0,1,,D,5.0,45.0,1,15.0,2.0,3,1,315.0,-50.778,-52.512,75.0,-63.494,-64.246,120.0,-63.442,-64.406,,,,,,
2026-08-07T10:57:48.566,21.745,0.265,4722,BD,BARRIDO_DISCRETO,20.9,1,1,O,OFFBOARD,14.9,15.0,-0.1,15.0,1,D,4.9,0.65,-0.35,-5.18,19.5124754,-99.1294009,19.5124737,-99.1293983,19.512476,-99.1294019,315.0,1,1,1,A,EN AIRE,S,comenzar_barrido,1,,52,-76,-73.507,15.0,1,,D,5.0,45.0,1,15.0,2.0,3,1,315.0,-50.778,-52.512,75.0,-63.494,-64.246,120.0,-63.442,-64.406,,,,,,
2026-08-07T10:57:48.830,22.01,0.156,4722,BD,BARRIDO_DISCRETO,20.9,1,1,O,OFFBOARD,14.0,15.0,-1.0,15.0,1,D,4.9,0.64,-0.32,-5.16,19.5124753,-99.1294007,19.5124737,-99.1293983,19.512476,-99.1294019,315.0,1,1,1,A,EN AIRE,S,comenzar_barrido,1,,42,-86,-74.756,15.0,1,,D,5.0,45.0,1,15.0,2.0,3,1,315.0,-50.778,-52.512,75.0,-63.494,-64.246,120.0,-63.442,-64.406,,,,,,
2026-08-07T10:57:49.083,22.263,0.094,4722,BD,BARRIDO_DISCRETO,20.9,1,1,O,OFFBOARD,15.3,15.0,0.3,15.0,1,D,4.9,0.64,-0.3,-5.16,19.5124753,-99.1294006,19.5124737,-99.1293983,19.512476,-99.1294019,315.0,1,1,1,A,EN AIRE,S,comenzar_barrido,1,,51,-77,-74.981,15.0,1,,D,5.0,45.0,1,15.0,2.0,3,1,315.0,-50.778,-52.512,75.0,-63.494,-64.246,120.0,-63.442,-64.406,,,,,,
2026-08-07T10:57:49.212,22.392,0.094,4722,BD,BARRIDO_DISCRETO,20.9,1,1,O,OFFBOARD,15.5,15.0,0.5,15.0,1,D,4.9,0.64,-0.3,-5.16,19.5124753,-99.1294004,19.5124737,-99.1293983,19.512476,-99.1294019,315.0,1,1,1,A,EN AIRE,S,comenzar_barrido,1,,50,-78,-75.283,15.0,1,,D,5.0,45.0,1,15.0,2.0,3,1,315.0,-50.778,-52.512,75.0,-63.494,-64.246,120.0,-63.442,-64.406,,,,,,
2026-08-07T10:57:49.356,22.536,0.25,4722,BD,BARRIDO_DISCRETO,20.9,1,1,O,OFFBOARD,15.5,15.0,0.5,15.0,1,D,4.9,0.64,-0.3,-5.16,19.5124753,-99.1294004,19.5124737,-99.1293983,19.512476,-99.1294019,315.0,1,1,1,A,EN AIRE,S,comenzar_barrido,1,,49,-79,-75.654,15.0,1,,D,5.0,45.0,1,15.0,2.0,3,1,315.0,-50.778,-52.512,75.0,-63.494,-64.246,120.0,-63.442,-64.406,,,,,,
2026-08-07T10:57:49.528,22.707,0.0,4722,BD,BARRIDO_DISCRETO,20.9,1,1,O,OFFBOARD,14.8,15.0,-0.2,15.0,1,D,4.9,0.64,-0.28,-5.16,19.5124754,-99.1294003,19.5124737,-99.1293983,19.512476,-99.1294019,315.0,1,1,1,A,EN AIRE,S,comenzar_barrido,1,,54,-74,-75.489,15.0,1,,D,5.0,45.0,1,15.0,2.0,3,1,315.0,-50.778,-52.512,75.0,-63.494,-64.246,120.0,-63.442,-64.406,,,,,,
2026-08-07T10:57:49.625,22.805,0.11,4722,BD,BARRIDO_DISCRETO,20.9,1,1,O,OFFBOARD,14.8,15.0,-0.2,15.0,1,D,4.9,0.64,-0.28,-5.16,19.5124754,-99.1294003,19.5124737,-99.1293983,19.512476,-99.1294019,315.0,1,1,1,A,EN AIRE,S,comenzar_barrido,1,,55,-73,-75.24,15.0,1,,D,5.0,45.0,1,15.0,2.0,3,1,315.0,-50.778,-52.512,75.0,-63.494,-64.246,120.0,-63.442,-64.406,,,,,,
2026-08-07T10:57:49.793,22.973,0.0,4722,BD,BARRIDO_DISCRETO,20.9,1,1,O,OFFBOARD,14.6,15.0,-0.4,15.0,1,D,4.9,0.66,-0.27,-5.16,19.5124755,-99.1294002,19.5124737,-99.1293983,19.512476,-99.1294019,315.0,1,1,1,A,EN AIRE,S,comenzar_barrido,1,,55,-73,-75.016,15.0,1,,D,5.0,45.0,1,15.0,2.0,3,1,315.0,-50.778,-52.512,75.0,-63.494,-64.246,120.0,-63.442,-64.406,,,,,,
2026-08-07T10:57:49.880,23.06,0.094,4722,BD,BARRIDO_DISCRETO,20.9,1,1,O,OFFBOARD,14.6,15.0,-0.4,15.0,1,D,4.9,0.66,-0.27,-5.16,19.5124755,-99.1294002,19.5124737,-99.1293983,19.512476,-99.1294019,315.0,1,1,1,A,EN AIRE,S,comenzar_barrido,1,,51,-77,-75.214,15.0,1,,D,5.0,45.0,1,15.0,2.0,3,1,315.0,-50.778,-52.512,75.0,-63.494,-64.246,120.0,-63.442,-64.406,,,,,,
2026-08-07T10:57:49.980,23.159,0.188,4722,BD,BARRIDO_DISCRETO,20.9,1,1,O,OFFBOARD,14.6,15.0,-0.4,15.0,1,D,4.9,0.66,-0.27,-5.16,19.5124755,-99.1294002,19.5124737,-99.1293983,19.512476,-99.1294019,315.0,1,1,1,A,EN AIRE,S,comenzar_barrido,1,,52,-76,-75.293,15.0,1,,D,5.0,45.0,1,15.0,2.0,3,1,315.0,-50.778,-52.512,75.0,-63.494,-64.246,120.0,-63.442,-64.406,,,,,,
2026-08-07T10:57:50.138,23.318,0.093,4722,BD,BARRIDO_DISCRETO,20.9,1,1,O,OFFBOARD,14.3,20.0,-5.7,,0,D,4.9,0.66,-0.26,-5.17,19.5124756,-99.1294001,19.5124737,-99.1293983,19.512476,-99.1294019,315.0,1,1,1,A,EN AIRE,S,comenzar_barrido,1,,61,-67,-74.464,,0,ma0,D,5.0,45.0,1,15.0,2.0,3,1,315.0,-50.778,-52.512,75.0,-63.494,-64.246,120.0,-63.442,-64.406,,,,,,
2026-08-07T10:57:50.324,23.503,0.0,4722,BD,BARRIDO_DISCRETO,20.9,1,1,O,OFFBOARD,15.7,30.0,-14.3,,0,D,4.9,0.66,-0.26,-5.17,19.5124756,-99.1294001,19.5124737,-99.1293983,19.512476,-99.1294019,315.0,1,1,1,A,EN AIRE,S,comenzar_barrido,1,,64,-64,-73.417,,0,ma0,D,5.0,45.0,1,15.0,2.0,3,1,315.0,-50.778,-52.512,75.0,-63.494,-64.246,120.0,-63.442,-64.406,,,,,,
2026-08-07T10:57:50.405,23.584,0.094,4722,BD,BARRIDO_DISCRETO,20.9,1,1,O,OFFBOARD,15.7,30.0,-14.3,,0,D,4.9,0.66,-0.26,-5.17,19.5124756,-99.1294001,19.5124737,-99.1293983,19.512476,-99.1294019,315.0,1,1,1,A,EN AIRE,S,comenzar_barrido,1,,65,-63,-72.376,,0,ma0,D,5.0,45.0,1,15.0,2.0,3,1,315.0,-50.778,-52.512,75.0,-63.494,-64.246,120.0,-63.442,-64.406,,,,,,
2026-08-07T10:57:50.546,23.726,0.125,4722,BD,BARRIDO_DISCRETO,23.8,1,1,O,OFFBOARD,25.9,30.0,-4.1,30.0,1,D,4.9,0.68,-0.26,-5.18,19.5124757,-99.1294001,19.5124737,-99.1293983,19.512476,-99.1294019,315.0,1,1,1,A,EN AIRE,S,comenzar_barrido,1,,64,-64,-71.538,30.0,1,,D,5.0,45.0,1,15.0,2.0,3,1,315.0,-50.778,-52.512,75.0,-63.494,-64.246,120.0,-63.442,-64.406,,,,,,
2026-08-07T10:57:50.689,23.868,0.265,4722,BD,BARRIDO_DISCRETO,23.8,1,1,O,OFFBOARD,25.9,30.0,-4.1,30.0,1,D,4.9,0.68,-0.26,-5.18,19.5124757,-99.1294001,19.5124737,-99.1293983,19.512476,-99.1294019,315.0,1,1,1,A,EN AIRE,S,comenzar_barrido,1,,66,-62,-70.584,30.0,1,,D,5.0,45.0,1,15.0,2.0,3,1,315.0,-50.778,-52.512,75.0,-63.494,-64.246,120.0,-63.442,-64.406,,,,,,
2026-08-07T10:57:50.852,24.032,0.422,4722,BD,BARRIDO_DISCRETO,23.8,1,1,O,OFFBOARD,25.9,30.0,-4.1,30.0,1,D,4.9,0.68,-0.26,-5.18,19.5124757,-99.1294001,19.5124737,-99.1293983,19.512476,-99.1294019,315.0,1,1,1,A,EN AIRE,S,comenzar_barrido,1,,65,-63,-69.826,30.0,1,,D,5.0,45.0,1,15.0,2.0,3,1,315.0,-50.778,-52.512,75.0,-63.494,-64.246,120.0,-63.442,-64.406,,,,,,
2026-08-07T10:57:51.032,24.212,0.609,4722,BD,BARRIDO_DISCRETO,23.8,1,1,O,OFFBOARD,25.9,30.0,-4.1,30.0,1,D,4.9,0.68,-0.26,-5.18,19.5124757,-99.1294001,19.5124737,-99.1293983,19.512476,-99.1294019,315.0,1,1,1,A,EN AIRE,S,comenzar_barrido,1,,65,-63,-69.143,30.0,1,,D,5.0,45.0,1,15.0,2.0,3,1,315.0,-50.778,-52.512,75.0,-63.494,-64.246,120.0,-63.442,-64.406,,,,,,
2026-08-07T10:57:51.034,24.213,0.609,4722,BD,BARRIDO_DISCRETO,23.8,1,1,O,OFFBOARD,25.9,30.0,-4.1,30.0,1,D,4.9,0.68,-0.26,-5.18,19.5124757,-99.1294001,19.5124737,-99.1293983,19.512476,-99.1294019,315.0,1,1,1,A,EN AIRE,S,comenzar_barrido,1,,64,-64,-68.629,30.0,1,,D,5.0,45.0,1,15.0,2.0,3,1,315.0,-50.778,-52.512,75.0,-63.494,-64.246,120.0,-63.442,-64.406,,,,,,
2026-08-07T10:57:51.230,24.41,0.079,4722,BD,BARRIDO_DISCRETO,23.8,1,1,O,OFFBOARD,29.3,30.0,-0.7,30.0,1,D,4.9,0.72,-0.3,-5.16,19.512476,-99.1294004,19.5124737,-99.1293983,19.512476,-99.1294019,315.0,1,1,1,A,EN AIRE,S,comenzar_barrido,1,,64,-64,-68.166,30.0,1,,D,5.0,45.0,1,15.0,2.0,3,1,315.0,-50.778,-52.512,75.0,-63.494,-64.246,120.0,-63.442,-64.406,,,,,,
2026-08-07T10:57:51.609,24.789,0.094,4722,BD,BARRIDO_DISCRETO,23.8,1,1,O,OFFBOARD,28.7,30.0,-1.3,30.0,1,D,4.9,0.72,-0.3,-5.16,19.5124761,-99.1294006,19.5124737,-99.1293983,19.512476,-99.1294019,315.0,1,1,1,A,EN AIRE,S,comenzar_barrido,1,,64,-64,-67.749,30.0,1,,D,5.0,45.0,1,15.0,2.0,3,1,315.0,-50.778,-52.512,75.0,-63.494,-64.246,120.0,-63.442,-64.406,,,,,,
2026-08-07T10:57:51.770,24.95,0.25,4722,BD,BARRIDO_DISCRETO,23.8,1,1,O,OFFBOARD,28.7,30.0,-1.3,30.0,1,D,4.9,0.72,-0.3,-5.16,19.5124761,-99.1294006,19.5124737,-99.1293983,19.512476,-99.1294019,315.0,1,1,1,A,EN AIRE,S,comenzar_barrido,1,,65,-63,-67.274,30.0,1,,D,5.0,45.0,1,15.0,2.0,3,1,315.0,-50.778,-52.512,75.0,-63.494,-64.246,120.0,-63.442,-64.406,,,,,,
2026-08-07T10:57:51.770,24.95,0.25,4722,BD,BARRIDO_DISCRETO,23.8,1,1,O,OFFBOARD,28.7,30.0,-1.3,30.0,1,D,4.9,0.72,-0.3,-5.16,19.5124761,-99.1294006,19.5124737,-99.1293983,19.512476,-99.1294019,315.0,1,1,1,A,EN AIRE,S,comenzar_barrido,1,,65,-63,-66.847,30.0,1,,D,5.0,45.0,1,15.0,2.0,3,1,315.0,-50.778,-52.512,75.0,-63.494,-64.246,120.0,-63.442,-64.406,,,,,,
2026-08-07T10:57:52.020,25.199,0.25,4722,BD,BARRIDO_DISCRETO,23.8,1,1,O,OFFBOARD,30.2,30.0,0.2,30.0,1,D,4.9,0.73,-0.32,-5.17,19.5124761,-99.1294007,19.5124737,-99.1293983,19.512476,-99.1294019,315.0,1,1,1,A,EN AIRE,S,comenzar_barrido,1,,66,-62,-66.362,30.0,1,,D,5.0,45.0,1,15.0,2.0,3,1,315.0,-50.778,-52.512,75.0,-63.494,-64.246,120.0,-63.442,-64.406,,,,,,
2026-08-07T10:57:52.020,25.199,0.25,4722,BD,BARRIDO_DISCRETO,23.8,1,1,O,OFFBOARD,30.2,30.0,0.2,30.0,1,D,4.9,0.73,-0.32,-5.17,19.5124761,-99.1294007,19.5124737,-99.1293983,19.512476,-99.1294019,315.0,1,1,1,A,EN AIRE,S,comenzar_barrido,1,,66,-62,-65.926,30.0,1,,D,5.0,45.0,1,15.0,2.0,3,1,315.0,-50.778,-52.512,75.0,-63.494,-64.246,120.0,-63.442,-64.406,,,,,,
2026-08-07T10:57:52.261,25.441,0.235,4722,BD,BARRIDO_DISCRETO,23.8,1,1,O,OFFBOARD,30.3,30.0,0.3,30.0,1,D,4.9,0.73,-0.33,-5.17,19.512476,-99.1294008,19.5124737,-99.1293983,19.512476,-99.1294019,315.0,1,1,1,A,EN AIRE,S,comenzar_barrido,1,,66,-62,-65.533,30.0,1,,D,5.0,45.0,1,15.0,2.0,3,1,315.0,-50.778,-52.512,75.0,-63.494,-64.246,120.0,-63.442,-64.406,,,,,,
2026-08-07T10:57:52.261,25.441,0.235,4722,BD,BARRIDO_DISCRETO,23.8,1,1,O,OFFBOARD,30.3,30.0,0.3,30.0,1,D,4.9,0.73,-0.33,-5.17,19.512476,-99.1294008,19.5124737,-99.1293983,19.512476,-99.1294019,315.0,1,1,1,A,EN AIRE,S,comenzar_barrido,1,,59,-69,-65.88,30.0,1,,D,5.0,45.0,1,15.0,2.0,3,1,315.0,-50.778,-52.512,75.0,-63.494,-64.246,120.0,-63.442,-64.406,,,,,,
2026-08-07T10:57:52.530,25.709,0.172,4722,BD,BARRIDO_DISCRETO,23.8,1,1,O,OFFBOARD,29.7,30.0,-0.3,30.0,1,D,4.9,0.71,-0.34,-5.16,19.5124759,-99.129401,19.5124737,-99.1293983,19.512476,-99.1294019,315.0,1,1,1,A,EN AIRE,S,comenzar_barrido,1,,65,-63,-65.592,30.0,1,,D,5.0,45.0,1,15.0,2.0,3,1,315.0,-50.778,-52.512,75.0,-63.494,-64.246,120.0,-63.442,-64.406,,,,,,
2026-08-07T10:57:52.619,25.798,0.25,4722,BD,BARRIDO_DISCRETO,23.8,1,1,O,OFFBOARD,29.7,30.0,-0.3,30.0,1,D,4.9,0.71,-0.34,-5.16,19.5124759,-99.129401,19.5124737,-99.1293983,19.512476,-99.1294019,315.0,1,1,1,A,EN AIRE,S,comenzar_barrido,1,,65,-63,-65.333,30.0,1,,D,5.0,45.0,1,15.0,2.0,3,1,315.0,-50.778,-52.512,75.0,-63.494,-64.246,120.0,-63.442,-64.406,,,,,,
2026-08-07T10:57:52.619,25.798,0.25,4722,BD,BARRIDO_DISCRETO,23.8,1,1,O,OFFBOARD,29.7,30.0,-0.3,30.0,1,D,4.9,0.71,-0.34,-5.16,19.5124759,-99.129401,19.5124737,-99.1293983,19.512476,-99.1294019,315.0,1,1,1,A,EN AIRE,S,comenzar_barrido,1,,65,-63,-65.1,30.0,1,,D,5.0,45.0,1,15.0,2.0,3,1,315.0,-50.778,-52.512,75.0,-63.494,-64.246,120.0,-63.442,-64.406,,,,,,
2026-08-07T10:57:52.782,25.961,0.094,4722,BD,BARRIDO_DISCRETO,23.8,1,1,O,OFFBOARD,29.9,30.0,-0.1,30.0,1,D,4.9,0.69,-0.36,-5.16,19.5124757,-99.1294012,19.5124737,-99.1293983,19.512476,-99.1294019,315.0,1,1,1,A,EN AIRE,S,comenzar_barrido,1,,66,-62,-64.79,30.0,1,,D,5.0,45.0,1,15.0,2.0,3,1,315.0,-50.778,-52.512,75.0,-63.494,-64.246,120.0,-63.442,-64.406,,,,,,
2026-08-07T10:57:53.077,26.256,0.172,4722,BD,BARRIDO_DISCRETO,23.8,1,1,O,OFFBOARD,29.9,37.5,-7.6,,0,D,4.9,0.69,-0.37,-5.16,19.5124757,-99.1294012,19.5124737,-99.1293983,19.512476,-99.1294019,315.0,1,1,1,A,EN AIRE,S,comenzar_barrido,1,,65,-63,-64.611,,0,ma0,D,5.0,45.0,1,15.0,2.0,3,1,315.0,-50.778,-52.512,75.0,-63.494,-64.246,120.0,-63.442,-64.406,,,,,,
2026-08-07T10:57:53.163,26.342,0.25,4722,BD,BARRIDO_DISCRETO,23.8,1,1,O,OFFBOARD,29.9,37.5,-7.6,,0,D,4.9,0.69,-0.37,-5.16,19.5124757,-99.1294012,19.5124737,-99.1293983,19.512476,-99.1294019,315.0,1,1,1,A,EN AIRE,S,comenzar_barrido,1,,63,-65,-64.65,,0,ma0,D,5.0,45.0,1,15.0,2.0,3,1,315.0,-50.778,-52.512,75.0,-63.494,-64.246,120.0,-63.442,-64.406,,,,,,
2026-08-07T10:57:53.321,26.5,0.078,4722,BD,BARRIDO_DISCRETO,26.8,1,1,O,OFFBOARD,34.3,45.0,-10.7,45.0,1,D,4.9,0.69,-0.38,-5.17,19.5124758,-99.1294013,19.5124737,-99.1293983,19.512476,-99.1294019,315.0,1,1,1,A,EN AIRE,S,comenzar_barrido,1,,61,-67,-64.885,45.0,1,,D,5.0,45.0,1,15.0,2.0,3,1,315.0,-50.778,-52.512,75.0,-63.494,-64.246,120.0,-63.442,-64.406,,,,,,
2026-08-07T10:57:53.506,26.685,0.0,4722,BD,BARRIDO_DISCRETO,26.8,1,1,O,OFFBOARD,46.2,45.0,1.2,45.0,1,D,4.9,0.7,-0.38,-5.19,19.5124758,-99.1294013,19.5124737,-99.1293983,19.512476,-99.1294019,315.0,1,1,1,A,EN AIRE,S,comenzar_barrido,1,,61,-67,-65.096,45.0,1,,D,5.0,45.0,1,15.0,2.0,3,1,315.0,-50.778,-52.512,75.0,-63.494,-64.246,120.0,-63.442,-64.406,,,,,,
2026-08-07T10:57:53.587,26.767,0.078,4722,BD,BARRIDO_DISCRETO,26.8,1,1,O,OFFBOARD,46.2,45.0,1.2,45.0,1,D,4.9,0.7,-0.38,-5.19,19.5124758,-99.1294013,19.5124737,-99.1293983,19.512476,-99.1294019,315.0,1,1,1,A,EN AIRE,S,comenzar_barrido,1,,62,-66,-65.187,45.0,1,,D,5.0,45.0,1,15.0,2.0,3,1,315.0,-50.778,-52.512,75.0,-63.494,-64.246,120.0,-63.442,-64.406,,,,,,
2026-08-07T10:57:53.770,26.95,0.0,4722,BD,BARRIDO_DISCRETO,26.8,1,1,O,OFFBOARD,48.9,45.0,3.9,45.0,1,D,4.9,0.7,-0.38,-5.19,19.5124758,-99.1294011,19.5124737,-99.1293983,19.512476,-99.1294019,315.0,1,1,1,A,EN AIRE,S,comenzar_barrido,1,,64,-64,-65.068,45.0,1,,D,5.0,45.0,1,15.0,2.0,3,1,315.0,-50.778,-52.512,75.0,-63.494,-64.246,120.0,-63.442,-64.406,,,,,,
2026-08-07T10:57:53.854,27.033,0.079,4722,BD,BARRIDO_DISCRETO,26.8,1,1,O,OFFBOARD,48.9,45.0,3.9,45.0,1,D,4.9,0.7,-0.38,-5.19,19.5124758,-99.1294011,19.5124737,-99.1293983,19.512476,-99.1294019,315.0,1,1,1,A,EN AIRE,S,comenzar_barrido,1,,64,-64,-64.961,45.0,1,,D,5.0,45.0,1,15.0,2.0,3,1,315.0,-50.778,-52.512,75.0,-63.494,-64.246,120.0,-63.442,-64.406,,,,,,
2026-08-07T10:57:54.059,27.238,0.172,4722,BD,BARRIDO_DISCRETO,26.8,1,1,O,OFFBOARD,44.8,45.0,-0.2,45.0,1,D,4.9,0.7,-0.35,-5.2,19.5124759,-99.1294008,19.5124737,-99.1293983,19.512476,-99.1294019,315.0,1,1,1,A,EN AIRE,S,comenzar_barrido,1,,61,-67,-65.165,45.0,1,,D,5.0,45.0,1,15.0,2.0,3,1,315.0,-50.778,-52.512,75.0,-63.494,-64.246,120.0,-63.442,-64.406,,,,,,
2026-08-07T10:57:54.515,27.695,0.328,4722,BD,BARRIDO_DISCRETO,26.8,1,1,O,OFFBOARD,43.5,45.0,-1.5,45.0,1,D,4.9,0.7,-0.33,-5.2,19.512476,-99.1294007,19.5124737,-99.1293983,19.512476,-99.1294019,315.0,1,1,1,A,EN AIRE,S,comenzar_barrido,1,,56,-72,-65.849,45.0,1,,D,5.0,45.0,1,15.0,2.0,3,1,315.0,-50.778,-52.512,75.0,-63.494,-64.246,120.0,-63.442,-64.406,,,,,,
2026-08-07T10:57:54.515,27.695,0.328,4722,BD,BARRIDO_DISCRETO,26.8,1,1,O,OFFBOARD,43.5,45.0,-1.5,45.0,1,D,4.9,0.7,-0.33,-5.2,19.512476,-99.1294007,19.5124737,-99.1293983,19.512476,-99.1294019,315.0,1,1,1,A,EN AIRE,S,comenzar_barrido,1,,64,-64,-65.664,45.0,1,,D,5.0,45.0,1,15.0,2.0,3,1,315.0,-50.778,-52.512,75.0,-63.494,-64.246,120.0,-63.442,-64.406,,,,,,
2026-08-07T10:57:54.613,27.792,0.422,4722,BD,BARRIDO_DISCRETO,26.8,1,1,O,OFFBOARD,43.5,45.0,-1.5,45.0,1,D,4.9,0.7,-0.33,-5.2,19.512476,-99.1294007,19.5124737,-99.1293983,19.512476,-99.1294019,315.0,1,1,1,A,EN AIRE,S,comenzar_barrido,1,,65,-63,-65.397,45.0,1,,D,5.0,45.0,1,15.0,2.0,3,1,315.0,-50.778,-52.512,75.0,-63.494,-64.246,120.0,-63.442,-64.406,,,,,,
2026-08-07T10:57:54.778,27.958,0.594,4722,BD,BARRIDO_DISCRETO,26.8,1,1,O,OFFBOARD,43.5,45.0,-1.5,45.0,1,D,4.9,0.7,-0.33,-5.2,19.512476,-99.1294007,19.5124737,-99.1293983,19.512476,-99.1294019,315.0,1,1,1,A,EN AIRE,S,comenzar_barrido,1,,65,-63,-65.158,45.0,1,,D,5.0,45.0,1,15.0,2.0,3,1,315.0,-50.778,-52.512,75.0,-63.494,-64.246,120.0,-63.442,-64.406,,,,,,
2026-08-07T10:57:54.778,27.958,0.594,4722,BD,BARRIDO_DISCRETO,26.8,1,1,O,OFFBOARD,43.5,45.0,-1.5,45.0,1,D,4.9,0.7,-0.33,-5.2,19.512476,-99.1294007,19.5124737,-99.1293983,19.512476,-99.1294019,315.0,1,1,1,A,EN AIRE,S,comenzar_barrido,1,,65,-63,-64.942,45.0,1,,D,5.0,45.0,1,15.0,2.0,3,1,315.0,-50.778,-52.512,75.0,-63.494,-64.246,120.0,-63.442,-64.406,,,,,,
2026-08-07T10:57:55.068,28.247,0.078,4722,BD,BARRIDO_DISCRETO,26.8,1,1,O,OFFBOARD,45.1,45.0,0.1,45.0,1,D,4.9,0.73,-0.3,-5.18,19.5124761,-99.1294004,19.5124737,-99.1293983,19.512476,-99.1294019,315.0,1,1,1,A,EN AIRE,S,comenzar_barrido,1,,64,-64,-64.848,45.0,1,,D,5.0,45.0,1,15.0,2.0,3,1,315.0,-50.778,-52.512,75.0,-63.494,-64.246,120.0,-63.442,-64.406,,,,,,
2026-08-07T10:57:55.239,28.419,0.25,4722,BD,BARRIDO_DISCRETO,26.8,1,1,O,OFFBOARD,45.1,45.0,0.1,45.0,1,D,4.9,0.73,-0.3,-5.18,19.5124761,-99.1294004,19.5124737,-99.1293983,19.512476,-99.1294019,315.0,1,1,1,A,EN AIRE,S,comenzar_barrido,1,,62,-66,-64.963,45.0,1,,D,5.0,45.0,1,15.0,2.0,3,1,315.0,-50.778,-52.512,75.0,-63.494,-64.246,120.0,-63.442,-64.406,,,,,,
2026-08-07T10:57:55.496,28.675,0.25,4722,BD,BARRIDO_DISCRETO,26.8,1,1,O,OFFBOARD,45.9,45.0,0.9,45.0,1,D,4.9,0.73,-0.29,-5.18,19.5124761,-99.1294005,19.5124737,-99.1293983,19.512476,-99.1294019,315.0,1,1,1,A,EN AIRE,S,comenzar_barrido,1,,63,-65,-64.967,45.0,1,,D,5.0,45.0,1,15.0,2.0,3,1,315.0,-50.778,-52.512,75.0,-63.494,-64.246,120.0,-63.442,-64.406,,,,,,
2026-08-07T10:57:55.496,28.675,0.25,4722,BD,BARRIDO_DISCRETO,26.8,1,1,O,OFFBOARD,45.9,45.0,0.9,45.0,1,D,4.9,0.73,-0.29,-5.18,19.5124761,-99.1294005,19.5124737,-99.1293983,19.512476,-99.1294019,315.0,1,1,1,A,EN AIRE,S,comenzar_barrido,1,,56,-72,-65.67,45.0,1,,D,5.0,45.0,1,15.0,2.0,3,1,315.0,-50.778,-52.512,75.0,-63.494,-64.246,120.0,-63.442,-64.406,,,,,,
2026-08-07T10:57:55.591,28.771,0.11,4722,BD,BARRIDO_DISCRETO,26.8,1,1,O,OFFBOARD,45.5,45.0,0.5,45.0,1,D,4.9,0.73,-0.3,-5.2,19.5124762,-99.1294005,19.5124737,-99.1293983,19.512476,-99.1294019,315.0,1,1,1,A,EN AIRE,S,comenzar_barrido,1,,64,-64,-65.503,45.0,1,,D,5.0,45.0,1,15.0,2.0,3,1,315.0,-50.778,-52.512,75.0,-63.494,-64.246,120.0,-63.442,-64.406,,,,,,
2026-08-07T10:57:55.770,28.95,0.156,4722,BD,BARRIDO_DISCRETO,26.8,1,1,O,OFFBOARD,45.1,45.0,0.1,,0,D,4.9,0.74,-0.32,-5.2,19.5124762,-99.1294007,19.5124737,-99.1293983,19.512476,-99.1294019,315.0,1,1,1,A,EN AIRE,S,comenzar_barrido,1,,64,-64,-65.353,,0,ma0,D,5.0,45.0,1,15.0,2.0,3,1,315.0,-50.778,-52.512,75.0,-63.494,-64.246,120.0,-63.442,-64.406,,,,,,
2026-08-07T10:57:55.857,29.036,0.25,4722,BD,BARRIDO_DISCRETO,26.8,1,1,O,OFFBOARD,45.1,45.0,0.1,,0,D,4.9,0.74,-0.32,-5.2,19.5124762,-99.1294007,19.5124737,-99.1293983,19.512476,-99.1294019,315.0,1,1,1,A,EN AIRE,S,comenzar_barrido,1,,57,-71,-65.917,,0,ma0,D,5.0,45.0,1,15.0,2.0,3,1,315.0,-50.778,-52.512,75.0,-63.494,-64.246,120.0,-63.442,-64.406,,,,,,
2026-08-07T10:57:56.015,29.195,0.093,4722,BD,BARRIDO_DISCRETO,26.8,1,1,O,OFFBOARD,44.8,55.0,-10.2,,0,D,4.9,0.74,-0.32,-5.2,19.5124762,-99.1294009,19.5124737,-99.1293983,19.512476,-99.1294019,315.0,1,1,1,A,EN AIRE,S,comenzar_barrido,1,,55,-73,-66.626,,0,ma0,D,5.0,45.0,1,15.0,2.0,3,1,315.0,-50.778,-52.512,75.0,-63.494,-64.246,120.0,-63.442,-64.406,,,,,,
2026-08-07T10:57:56.130,29.31,0.203,4722,BD,BARRIDO_DISCRETO,26.8,1,1,O,OFFBOARD,44.8,55.0,-10.2,,0,D,4.9,0.74,-0.32,-5.2,19.5124762,-99.1294009,19.5124737,-99.1293983,19.512476,-99.1294019,315.0,1,1,1,A,EN AIRE,S,comenzar_barrido,1,,61,-67,-66.663,,0,ma0,D,5.0,45.0,1,15.0,2.0,3,1,315.0,-50.778,-52.512,75.0,-63.494,-64.246,120.0,-63.442,-64.406,,,,,,
2026-08-07T10:57:56.415,29.594,0.094,4722,BD,BARRIDO_DISCRETO,29.7,1,1,O,OFFBOARD,62.3,60.0,2.3,60.0,1,D,4.9,0.73,-0.36,-5.2,19.512476,-99.129401,19.5124737,-99.1293983,19.512476,-99.1294019,315.0,1,1,1,A,EN AIRE,S,comenzar_barrido,1,,63,-65,-66.497,60.0,1,,D,5.0,45.0,1,15.0,2.0,3,1,315.0,-50.778,-52.512,75.0,-63.494,-64.246,120.0,-63.442,-64.406,,,,,,
2026-08-07T10:57:56.415,29.594,0.094,4722,BD,BARRIDO_DISCRETO,29.7,1,1,O,OFFBOARD,62.3,60.0,2.3,60.0,1,D,4.9,0.73,-0.36,-5.2,19.512476,-99.129401,19.5124737,-99.1293983,19.512476,-99.1294019,315.0,1,1,1,A,EN AIRE,S,comenzar_barrido,1,,62,-66,-66.447,60.0,1,,D,5.0,45.0,1,15.0,2.0,3,1,315.0,-50.778,-52.512,75.0,-63.494,-64.246,120.0,-63.442,-64.406,,,,,,
2026-08-07T10:57:56.553,29.733,0.235,4722,BD,BARRIDO_DISCRETO,29.7,1,1,O,OFFBOARD,62.3,60.0,2.3,60.0,1,D,4.9,0.73,-0.36,-5.2,19.512476,-99.129401,19.5124737,-99.1293983,19.512476,-99.1294019,315.0,1,1,1,A,EN AIRE,S,comenzar_barrido,1,,61,-67,-66.502,60.0,1,,D,5.0,45.0,1,15.0,2.0,3,1,315.0,-50.778,-52.512,75.0,-63.494,-64.246,120.0,-63.442,-64.406,,,,,,
2026-08-07T10:57:56.717,29.897,0.016,4722,BD,BARRIDO_DISCRETO,29.7,1,1,O,OFFBOARD,64.9,60.0,4.9,60.0,1,D,4.9,0.71,-0.35,-5.21,19.5124759,-99.129401,19.5124737,-99.1293983,19.512476,-99.1294019,315.0,1,1,1,A,EN AIRE,S,comenzar_barrido,1,,62,-66,-66.452,60.0,1,,D,5.0,45.0,1,15.0,2.0,3,1,315.0,-50.778,-52.512,75.0,-63.494,-64.246,120.0,-63.442,-64.406,,,,,,
2026-08-07T10:57:56.798,29.978,0.094,4722,BD,BARRIDO_DISCRETO,29.7,1,1,O,OFFBOARD,64.9,60.0,4.9,60.0,1,D,4.9,0.71,-0.35,-5.21,19.5124759,-99.129401,19.5124737,-99.1293983,19.512476,-99.1294019,315.0,1,1,1,A,EN AIRE,S,comenzar_barrido,1,,61,-67,-66.507,60.0,1,,D,5.0,45.0,1,15.0,2.0,3,1,315.0,-50.778,-52.512,75.0,-63.494,-64.246,120.0,-63.442,-64.406,,,,,,
2026-08-07T10:57:56.982,30.161,0.015,4722,BD,BARRIDO_DISCRETO,29.7,1,1,O,OFFBOARD,61.5,60.0,1.5,60.0,1,D,4.9,0.69,-0.35,-5.24,19.5124757,-99.129401,19.5124737,-99.1293983,19.512476,-99.1294019,315.0,1,1,1,A,EN AIRE,S,comenzar_barrido,1,,64,-64,-66.256,60.0,1,,D,5.0,45.0,1,15.0,2.0,3,1,315.0,-50.778,-52.512,75.0,-63.494,-64.246,120.0,-63.442,-64.406,,,,,,
2026-08-07T10:57:57.173,30.352,0.203,4722,BD,BARRIDO_DISCRETO,29.7,1,1,O,OFFBOARD,61.5,60.0,1.5,60.0,1,D,4.9,0.69,-0.35,-5.24,19.5124757,-99.129401,19.5124737,-99.1293983,19.512476,-99.1294019,315.0,1,1,1,A,EN AIRE,S,comenzar_barrido,1,,63,-65,-66.131,60.0,1,,D,5.0,45.0,1,15.0,2.0,3,1,315.0,-50.778,-52.512,75.0,-63.494,-64.246,120.0,-63.442,-64.406,,,,,,
2026-08-07T10:57:57.173,30.352,0.203,4722,BD,BARRIDO_DISCRETO,29.7,1,1,O,OFFBOARD,61.5,60.0,1.5,60.0,1,D,4.9,0.69,-0.35,-5.24,19.5124757,-99.129401,19.5124737,-99.1293983,19.512476,-99.1294019,315.0,1,1,1,A,EN AIRE,S,comenzar_barrido,1,,64,-64,-65.918,60.0,1,,D,5.0,45.0,1,15.0,2.0,3,1,315.0,-50.778,-52.512,75.0,-63.494,-64.246,120.0,-63.442,-64.406,,,,,,
2026-08-07T10:57:57.460,30.64,0.109,4722,BD,BARRIDO_DISCRETO,29.7,1,1,O,OFFBOARD,58.8,60.0,-1.2,60.0,1,D,4.9,0.67,-0.35,-5.24,19.5124754,-99.1294008,19.5124737,-99.1293983,19.512476,-99.1294019,315.0,1,1,1,A,EN AIRE,S,comenzar_barrido,1,,64,-64,-65.726,60.0,1,,D,5.0,45.0,1,15.0,2.0,3,1,315.0,-50.778,-52.512,75.0,-63.494,-64.246,120.0,-63.442,-64.406,,,,,,
2026-08-07T10:57:57.461,30.641,0.109,4722,BD,BARRIDO_DISCRETO,29.7,1,1,O,OFFBOARD,58.8,60.0,-1.2,60.0,1,D,4.9,0.67,-0.35,-5.24,19.5124754,-99.1294008,19.5124737,-99.1293983,19.512476,-99.1294019,315.0,1,1,1,A,EN AIRE,S,comenzar_barrido,1,,64,-64,-65.553,60.0,1,,D,5.0,45.0,1,15.0,2.0,3,1,315.0,-50.778,-52.512,75.0,-63.494,-64.246,120.0,-63.442,-64.406,,,,,,
2026-08-07T10:57:57.705,30.884,0.109,4722,BD,BARRIDO_DISCRETO,29.7,1,1,O,OFFBOARD,60.4,60.0,0.4,60.0,1,D,4.9,0.65,-0.33,-5.24,19.5124754,-99.1294007,19.5124737,-99.1293983,19.512476,-99.1294019,315.0,1,1,1,A,EN AIRE,S,comenzar_barrido,1,,63,-65,-65.498,60.0,1,,D,5.0,45.0,1,15.0,2.0,3,1,315.0,-50.778,-52.512,75.0,-63.494,-64.246,120.0,-63.442,-64.406,,,,,,
2026-08-07T10:57:57.870,31.05,0.265,4722,BD,BARRIDO_DISCRETO,29.7,1,1,O,OFFBOARD,60.4,60.0,0.4,60.0,1,D,4.9,0.65,-0.33,-5.24,19.5124754,-99.1294007,19.5124737,-99.1293983,19.512476,-99.1294019,315.0,1,1,1,A,EN AIRE,S,comenzar_barrido,1,,64,-64,-65.348,60.0,1,,D,5.0,45.0,1,15.0,2.0,3,1,315.0,-50.778,-52.512,75.0,-63.494,-64.246,120.0,-63.442,-64.406,,,,,,
2026-08-07T10:57:58.034,31.213,0.437,4722,BD,BARRIDO_DISCRETO,29.7,1,1,O,OFFBOARD,60.4,60.0,0.4,60.0,1,D,4.9,0.65,-0.33,-5.24,19.5124754,-99.1294007,19.5124737,-99.1293983,19.512476,-99.1294019,315.0,1,1,1,A,EN AIRE,S,comenzar_barrido,1,,65,-63,-65.113,60.0,1,,D,5.0,45.0,1,15.0,2.0,3,1,315.0,-50.778,-52.512,75.0,-63.494,-64.246,120.0,-63.442,-64.406,,,,,,
2026-08-07T10:57:58.103,31.282,0.5,4722,BD,BARRIDO_DISCRETO,29.7,1,1,O,OFFBOARD,60.4,60.0,0.4,60.0,1,D,4.9,0.65,-0.33,-5.24,19.5124754,-99.1294007,19.5124737,-99.1293983,19.512476,-99.1294019,315.0,1,1,1,A,EN AIRE,S,comenzar_barrido,1,,66,-62,-64.802,60.0,1,,D,5.0,45.0,1,15.0,2.0,3,1,315.0,-50.778,-52.512,75.0,-63.494,-64.246,120.0,-63.442,-64.406,,,,,,
2026-08-07T10:57:58.294,31.474,0.703,4722,BD,BARRIDO_DISCRETO,29.7,1,1,O,OFFBOARD,60.4,60.0,0.4,60.0,1,D,4.9,0.65,-0.33,-5.24,19.5124754,-99.1294007,19.5124737,-99.1293983,19.512476,-99.1294019,315.0,1,1,1,A,EN AIRE,S,comenzar_barrido,1,,66,-62,-64.522,60.0,1,,D,5.0,45.0,1,15.0,2.0,3,1,315.0,-50.778,-52.512,75.0,-63.494,-64.246,120.0,-63.442,-64.406,,,,,,
2026-08-07T10:57:58.416,31.595,0.0,4722,BD,BARRIDO_DISCRETO,29.7,1,1,O,OFFBOARD,60.6,60.0,0.6,60.0,1,D,4.9,0.61,-0.25,-5.21,19.5124749,-99.1293997,19.5124737,-99.1293983,19.512476,-99.1294019,315.0,1,1,1,A,EN AIRE,S,comenzar_barrido,1,,61,-67,-64.77,60.0,1,,D,5.0,45.0,1,15.0,2.0,3,1,315.0,-50.778,-52.512,75.0,-63.494,-64.246,120.0,-63.442,-64.406,,,,,,
2026-08-07T10:57:58.524,31.703,0.109,4722,BD,BARRIDO_DISCRETO,29.7,1,1,O,OFFBOARD,60.6,60.0,0.6,60.0,1,D,4.9,0.61,-0.25,-5.21,19.5124749,-99.1293997,19.5124737,-99.1293983,19.512476,-99.1294019,315.0,1,1,1,A,EN AIRE,S,comenzar_barrido,1,,61,-67,-64.993,60.0,1,,D,5.0,45.0,1,15.0,2.0,3,1,315.0,-50.778,-52.512,75.0,-63.494,-64.246,120.0,-63.442,-64.406,,,,,,
2026-08-07T10:57:58.667,31.846,0.25,4722,BD,BARRIDO_DISCRETO,29.7,1,1,O,OFFBOARD,60.6,60.0,0.6,60.0,1,D,4.9,0.61,-0.25,-5.21,19.5124749,-99.1293997,19.5124737,-99.1293983,19.512476,-99.1294019,315.0,1,1,1,A,EN AIRE,S,comenzar_barrido,1,,63,-65,-64.993,60.0,1,,D,5.0,45.0,1,15.0,2.0,3,1,315.0,-50.778,-52.512,75.0,-63.494,-64.246,120.0,-63.442,-64.406,,,,,,
2026-08-07T10:57:58.755,31.934,0.094,4722,BD,BARRIDO_DISCRETO,29.7,1,1,O,OFFBOARD,59.9,62.5,-2.6,,0,D,4.9,0.59,-0.19,-5.2,19.5124748,-99.1293994,19.5124737,-99.1293983,19.512476,-99.1294019,315.0,1,1,1,A,EN AIRE,S,comenzar_barrido,1,,64,-64,-64.894,,0,ma0,D,5.0,45.0,1,15.0,2.0,3,1,315.0,-50.778,-52.512,75.0,-63.494,-64.246,120.0,-63.442,-64.406,,,,,,
2026-08-07T10:57:58.912,32.092,0.25,4722,BD,BARRIDO_DISCRETO,29.7,1,1,O,OFFBOARD,59.9,62.5,-2.6,,0,D,4.9,0.59,-0.19,-5.2,19.5124748,-99.1293994,19.5124737,-99.1293983,19.512476,-99.1294019,315.0,1,1,1,A,EN AIRE,S,comenzar_barrido,1,,66,-62,-64.605,,0,ma0,D,5.0,45.0,1,15.0,2.0,3,1,315.0,-50.778,-52.512,75.0,-63.494,-64.246,120.0,-63.442,-64.406,,,,,,
2026-08-07T10:57:59.156,32.336,0.25,4722,BD,BARRIDO_DISCRETO,29.7,1,1,O,OFFBOARD,60.8,72.5,-11.7,,0,D,4.9,0.57,-0.15,-5.19,19.5124746,-99.1293989,19.5124737,-99.1293983,19.512476,-99.1294019,315.0,1,1,1,A,EN AIRE,S,comenzar_barrido,1,,64,-64,-64.544,,0,ma0,D,5.0,45.0,1,15.0,2.0,3,1,315.0,-50.778,-52.512,75.0,-63.494,-64.246,120.0,-63.442,-64.406,,,,,,
2026-08-07T10:57:59.242,32.422,0.078,4722,BD,BARRIDO_DISCRETO,32.6,1,1,O,OFFBOARD,70.6,75.0,-4.4,75.0,1,D,4.9,0.55,-0.11,-5.18,19.5124745,-99.1293987,19.5124737,-99.1293983,19.512476,-99.1294019,315.0,1,1,1,A,EN AIRE,S,comenzar_barrido,1,,67,-61,-64.19,75.0,1,,D,5.0,45.0,1,15.0,2.0,3,1,315.0,-50.778,-52.512,75.0,-63.494,-64.246,120.0,-63.442,-64.406,,,,,,
2026-08-07T10:57:59.400,32.58,0.234,4722,BD,BARRIDO_DISCRETO,32.6,1,1,O,OFFBOARD,70.6,75.0,-4.4,75.0,1,D,4.9,0.55,-0.11,-5.18,19.5124745,-99.1293987,19.5124737,-99.1293983,19.512476,-99.1294019,315.0,1,1,1,A,EN AIRE,S,comenzar_barrido,1,,66,-62,-63.971,75.0,1,,D,5.0,45.0,1,15.0,2.0,3,1,315.0,-50.778,-52.512,75.0,-63.494,-64.246,120.0,-63.442,-64.406,,,,,,
2026-08-07T10:57:59.487,32.667,0.094,4722,BD,BARRIDO_DISCRETO,32.6,1,1,O,OFFBOARD,77.3,75.0,2.3,75.0,1,D,4.9,0.55,-0.11,-5.18,19.5124745,-99.1293985,19.5124737,-99.1293983,19.512476,-99.1294019,315.0,1,1,1,A,EN AIRE,S,comenzar_barrido,1,,64,-64,-63.974,75.0,1,,D,5.0,45.0,1,15.0,2.0,3,1,315.0,-50.778,-52.512,75.0,-63.494,-64.246,120.0,-63.442,-64.406,,,,,,
2026-08-07T10:57:59.648,32.827,0.25,4722,BD,BARRIDO_DISCRETO,32.6,1,1,O,OFFBOARD,77.3,75.0,2.3,75.0,1,D,4.9,0.55,-0.11,-5.18,19.5124745,-99.1293985,19.5124737,-99.1293983,19.512476,-99.1294019,315.0,1,1,1,A,EN AIRE,S,comenzar_barrido,1,,66,-62,-63.776,75.0,1,,D,5.0,45.0,1,15.0,2.0,3,1,315.0,-50.778,-52.512,75.0,-63.494,-64.246,120.0,-63.442,-64.406,,,,,,
2026-08-07T10:57:59.914,33.093,0.156,4722,BD,BARRIDO_DISCRETO,32.6,1,1,O,OFFBOARD,75.5,75.0,0.5,75.0,1,D,4.9,0.56,-0.05,-5.17,19.5124748,-99.129398,19.5124737,-99.1293983,19.512476,-99.1294019,315.0,1,1,1,A,EN AIRE,S,comenzar_barrido,1,,66,-62,-63.599,75.0,1,,D,5.0,45.0,1,15.0,2.0,3,1,315.0,-50.778,-52.512,75.0,-63.494,-64.246,120.0,-63.442,-64.406,,,,,,
2026-08-07T10:57:59.914,33.093,0.156,4722,BD,BARRIDO_DISCRETO,32.6,1,1,O,OFFBOARD,75.5,75.0,0.5,75.0,1,D,4.9,0.56,-0.05,-5.17,19.5124748,-99.129398,19.5124737,-99.1293983,19.512476,-99.1294019,315.0,1,1,1,A,EN AIRE,S,comenzar_barrido,1,,66,-62,-63.439,75.0,1,,D,5.0,45.0,1,15.0,2.0,3,1,315.0,-50.778,-52.512,75.0,-63.494,-64.246,120.0,-63.442,-64.406,,,,,,
2026-08-07T10:58:00.081,33.26,0.328,4722,BD,BARRIDO_DISCRETO,32.6,1,1,O,OFFBOARD,75.5,75.0,0.5,75.0,1,D,4.9,0.56,-0.05,-5.17,19.5124748,-99.129398,19.5124737,-99.1293983,19.512476,-99.1294019,315.0,1,1,1,A,EN AIRE,S,comenzar_barrido,1,,64,-64,-63.495,75.0,1,,D,5.0,45.0,1,15.0,2.0,3,1,315.0,-50.778,-52.512,75.0,-63.494,-64.246,120.0,-63.442,-64.406,,,,,,
2026-08-07T10:58:00.268,33.448,0.093,4722,BD,BARRIDO_DISCRETO,32.6,1,1,O,OFFBOARD,75.4,75.0,0.4,75.0,1,D,4.9,0.6,-0.03,-5.16,19.512475,-99.1293979,19.5124737,-99.1293983,19.512476,-99.1294019,315.0,1,1,1,A,EN AIRE,S,comenzar_barrido,1,,66,-62,-63.345,75.0,1,,D,5.0,45.0,1,15.0,2.0,3,1,315.0,-50.778,-52.512,75.0,-63.494,-64.246,120.0,-63.442,-64.406,,,,,,
2026-08-07T10:58:00.268,33.448,0.093,4722,BD,BARRIDO_DISCRETO,32.6,1,1,O,OFFBOARD,75.4,75.0,0.4,75.0,1,D,4.9,0.6,-0.03,-5.16,19.512475,-99.1293979,19.5124737,-99.1293983,19.512476,-99.1294019,315.0,1,1,1,A,EN AIRE,S,comenzar_barrido,1,,66,-62,-63.211,75.0,1,,D,5.0,45.0,1,15.0,2.0,3,1,315.0,-50.778,-52.512,75.0,-63.494,-64.246,120.0,-63.442,-64.406,,,,,,
2026-08-07T10:58:00.430,33.609,0.25,4722,BD,BARRIDO_DISCRETO,32.6,1,1,O,OFFBOARD,75.4,75.0,0.4,75.0,1,D,4.9,0.6,-0.03,-5.16,19.512475,-99.1293979,19.5124737,-99.1293983,19.512476,-99.1294019,315.0,1,1,1,A,EN AIRE,S,comenzar_barrido,1,,66,-62,-63.09,75.0,1,,D,5.0,45.0,1,15.0,2.0,3,1,315.0,-50.778,-52.512,75.0,-63.494,-64.246,120.0,-63.442,-64.406,,,,,,
2026-08-07T10:58:00.524,33.703,0.093,4722,BD,BARRIDO_DISCRETO,32.6,1,1,O,OFFBOARD,75.5,75.0,0.5,75.0,1,D,4.9,0.64,-0.04,-5.16,19.5124752,-99.129398,19.5124737,-99.1293983,19.512476,-99.1294019,315.0,1,1,1,A,EN AIRE,S,comenzar_barrido,1,,64,-64,-63.181,75.0,1,,D,5.0,45.0,1,15.0,2.0,3,1,315.0,-50.778,-52.512,75.0,-63.494,-64.246,120.0,-63.442,-64.406,,,,,,
2026-08-07T10:58:00.686,33.866,0.265,4722,BD,BARRIDO_DISCRETO,32.6,1,1,O,OFFBOARD,75.5,75.0,0.5,75.0,1,D,4.9,0.64,-0.04,-5.16,19.5124752,-99.129398,19.5124737,-99.1293983,19.512476,-99.1294019,315.0,1,1,1,A,EN AIRE,S,comenzar_barrido,1,,63,-65,-63.363,75.0,1,,D,5.0,45.0,1,15.0,2.0,3,1,315.0,-50.778,-52.512,75.0,-63.494,-64.246,120.0,-63.442,-64.406,,,,,,
2026-08-07T10:58:00.772,33.952,0.078,4722,BD,BARRIDO_DISCRETO,32.6,1,1,O,OFFBOARD,74.5,75.0,-0.5,75.0,1,D,4.9,0.64,-0.04,-5.16,19.5124756,-99.1293982,19.5124737,-99.1293983,19.512476,-99.1294019,315.0,1,1,1,A,EN AIRE,S,comenzar_barrido,1,,64,-64,-63.426,75.0,1,,D,5.0,45.0,1,15.0,2.0,3,1,315.0,-50.778,-52.512,75.0,-63.494,-64.246,120.0,-63.442,-64.406,,,,,,
2026-08-07T10:58:00.935,34.115,0.25,4722,BD,BARRIDO_DISCRETO,32.6,1,1,O,OFFBOARD,74.5,75.0,-0.5,75.0,1,D,4.9,0.64,-0.04,-5.16,19.5124756,-99.1293982,19.5124737,-99.1293983,19.512476,-99.1294019,315.0,1,1,1,A,EN AIRE,S,comenzar_barrido,1,,65,-63,-63.384,75.0,1,,D,5.0,45.0,1,15.0,2.0,3,1,315.0,-50.778,-52.512,75.0,-63.494,-64.246,120.0,-63.442,-64.406,,,,,,
2026-08-07T10:58:01.022,34.202,0.078,4722,BD,BARRIDO_DISCRETO,32.6,1,1,O,OFFBOARD,74.0,75.0,-1.0,75.0,1,D,4.9,0.67,-0.07,-5.16,19.5124757,-99.1293985,19.5124737,-99.1293983,19.512476,-99.1294019,315.0,1,1,1,A,EN AIRE,S,comenzar_barrido,1,,64,-64,-63.445,75.0,1,,D,5.0,45.0,1,15.0,2.0,3,1,315.0,-50.778,-52.512,75.0,-63.494,-64.246,120.0,-63.442,-64.406,,,,,,
2026-08-07T10:58:01.180,34.36,0.235,4722,BD,BARRIDO_DISCRETO,32.6,1,1,O,OFFBOARD,74.0,75.0,-1.0,75.0,1,D,4.9,0.67,-0.07,-5.16,19.5124757,-99.1293985,19.5124737,-99.1293983,19.512476,-99.1294019,315.0,1,1,1,A,EN AIRE,S,comenzar_barrido,1,,66,-62,-63.301,75.0,1,,D,5.0,45.0,1,15.0,2.0,3,1,315.0,-50.778,-52.512,75.0,-63.494,-64.246,120.0,-63.442,-64.406,,,,,,
2026-08-07T10:58:01.269,34.449,0.093,4722,BD,BARRIDO_DISCRETO,32.6,1,1,O,OFFBOARD,74.2,75.0,-0.8,75.0,1,D,4.9,0.7,-0.11,-5.16,19.5124759,-99.1293988,19.5124737,-99.1293983,19.512476,-99.1294019,315.0,1,1,1,A,EN AIRE,S,comenzar_barrido,1,,64,-64,-63.371,75.0,1,,D,5.0,45.0,1,15.0,2.0,3,1,315.0,-50.778,-52.512,75.0,-63.494,-64.246,120.0,-63.442,-64.406,,,,,,
2026-08-07T10:58:01.454,34.634,0.172,4722,BD,BARRIDO_DISCRETO,32.6,1,1,O,OFFBOARD,75.1,75.0,0.1,75.0,1,D,4.9,0.73,-0.16,-5.15,19.5124762,-99.1293993,19.5124737,-99.1293983,19.512476,-99.1294019,315.0,1,1,1,A,EN AIRE,S,comenzar_barrido,1,,65,-63,-63.334,75.0,1,,D,5.0,45.0,1,15.0,2.0,3,1,315.0,-50.778,-52.512,75.0,-63.494,-64.246,120.0,-63.442,-64.406,,,,,,
2026-08-07T10:58:01.720,34.899,0.172,4722,BD,BARRIDO_DISCRETO,32.6,1,1,O,OFFBOARD,75.4,80.0,-4.6,,0,D,4.9,0.73,-0.16,-5.15,19.5124764,-99.1293996,19.5124737,-99.1293983,19.512476,-99.1294019,315.0,1,1,1,A,EN AIRE,S,comenzar_barrido,1,,65,-63,-63.3,,0,ma0,D,5.0,45.0,1,15.0,2.0,3,1,315.0,-50.778,-52.512,75.0,-63.494,-64.246,120.0,-63.442,-64.406,,,,,,
2026-08-07T10:58:01.720,34.899,0.172,4722,BD,BARRIDO_DISCRETO,32.6,1,1,O,OFFBOARD,75.4,80.0,-4.6,,0,D,4.9,0.73,-0.16,-5.15,19.5124764,-99.1293996,19.5124737,-99.1293983,19.512476,-99.1294019,315.0,1,1,1,A,EN AIRE,S,comenzar_barrido,1,,64,-64,-63.37,,0,ma0,D,5.0,45.0,1,15.0,2.0,3,1,315.0,-50.778,-52.512,75.0,-63.494,-64.246,120.0,-63.442,-64.406,,,,,,
2026-08-07T10:58:01.886,35.066,0.0,4722,BD,BARRIDO_DISCRETO,32.6,1,1,O,OFFBOARD,77.5,90.0,-12.5,,0,D,4.9,0.76,-0.21,-5.16,19.5124765,-99.1293998,19.5124737,-99.1293983,19.512476,-99.1294019,315.0,1,1,1,A,EN AIRE,S,comenzar_barrido,1,,65,-63,-63.333,,0,ma0,D,5.0,45.0,1,15.0,2.0,3,1,315.0,-50.778,-52.512,75.0,-63.494,-64.246,120.0,-63.442,-64.406,,,,,,
2026-08-07T10:58:01.970,35.15,0.094,4722,BD,BARRIDO_DISCRETO,32.6,1,1,O,OFFBOARD,77.5,90.0,-12.5,,0,D,4.9,0.76,-0.21,-5.16,19.5124765,-99.1293998,19.5124737,-99.1293983,19.512476,-99.1294019,315.0,1,1,1,A,EN AIRE,S,comenzar_barrido,1,,64,-64,-63.4,,0,ma0,D,5.0,45.0,1,15.0,2.0,3,1,315.0,-50.778,-52.512,75.0,-63.494,-64.246,120.0,-63.442,-64.406,,,,,,
2026-08-07T10:58:02.072,35.252,0.187,4722,BD,BARRIDO_DISCRETO,32.6,1,1,O,OFFBOARD,77.5,90.0,-12.5,,0,D,4.9,0.76,-0.21,-5.16,19.5124765,-99.1293998,19.5124737,-99.1293983,19.512476,-99.1294019,315.0,1,1,1,A,EN AIRE,S,comenzar_barrido,1,,63,-65,-63.56,,0,ma0,D,5.0,45.0,1,15.0,2.0,3,1,315.0,-50.778,-52.512,75.0,-63.494,-64.246,120.0,-63.442,-64.406,,,,,,
2026-08-07T10:58:02.348,35.527,0.204,4722,BD,BARRIDO_DISCRETO,35.5,1,1,O,OFFBOARD,87.3,90.0,-2.7,90.0,1,D,4.9,0.77,-0.24,-5.17,19.5124765,-99.1294,19.5124737,-99.1293983,19.512476,-99.1294019,315.0,1,1,1,A,EN AIRE,S,comenzar_barrido,1,,64,-64,-63.604,90.0,1,,D,5.0,45.0,1,15.0,2.0,3,1,315.0,-50.778,-52.512,75.0,-63.494,-64.246,120.0,-63.442,-64.406,,,,,,
2026-08-07T10:58:02.348,35.527,0.204,4722,BD,BARRIDO_DISCRETO,35.5,1,1,O,OFFBOARD,87.3,90.0,-2.7,90.0,1,D,4.9,0.77,-0.24,-5.17,19.5124765,-99.1294,19.5124737,-99.1293983,19.512476,-99.1294019,315.0,1,1,1,A,EN AIRE,S,comenzar_barrido,1,,64,-64,-63.644,90.0,1,,D,5.0,45.0,1,15.0,2.0,3,1,315.0,-50.778,-52.512,75.0,-63.494,-64.246,120.0,-63.442,-64.406,,,,,,
2026-08-07T10:58:02.516,35.696,0.093,4722,BD,BARRIDO_DISCRETO,35.5,1,1,O,OFFBOARD,92.7,90.0,2.7,90.0,1,D,4.9,0.76,-0.26,-5.16,19.5124765,-99.1294001,19.5124737,-99.1293983,19.512476,-99.1294019,315.0,1,1,1,A,EN AIRE,S,comenzar_barrido,1,,65,-63,-63.579,90.0,1,,D,5.0,45.0,1,15.0,2.0,3,1,315.0,-50.778,-52.512,75.0,-63.494,-64.246,120.0,-63.442,-64.406,,,,,,
2026-08-07T10:58:02.616,35.796,0.187,4722,BD,BARRIDO_DISCRETO,35.5,1,1,O,OFFBOARD,92.7,90.0,2.7,90.0,1,D,4.9,0.76,-0.26,-5.16,19.5124765,-99.1294001,19.5124737,-99.1293983,19.512476,-99.1294019,315.0,1,1,1,A,EN AIRE,S,comenzar_barrido,1,,65,-63,-63.521,90.0,1,,D,5.0,45.0,1,15.0,2.0,3,1,315.0,-50.778,-52.512,75.0,-63.494,-64.246,120.0,-63.442,-64.406,,,,,,
2026-08-07T10:58:02.907,36.086,0.109,4722,BD,BARRIDO_DISCRETO,35.5,1,1,O,OFFBOARD,89.1,90.0,-0.9,90.0,1,D,4.9,0.75,-0.27,-5.16,19.5124763,-99.1294002,19.5124737,-99.1293983,19.512476,-99.1294019,315.0,1,1,1,A,EN AIRE,S,comenzar_barrido,1,,64,-64,-63.569,90.0,1,,D,5.0,45.0,1,15.0,2.0,3,1,315.0,-50.778,-52.512,75.0,-63.494,-64.246,120.0,-63.442,-64.406,,,,,,
2026-08-07T10:58:03.053,36.233,0.25,4722,BD,BARRIDO_DISCRETO,35.5,1,1,O,OFFBOARD,89.1,90.0,-0.9,90.0,1,D,4.9,0.75,-0.27,-5.16,19.5124763,-99.1294002,19.5124737,-99.1293983,19.512476,-99.1294019,315.0,1,1,1,A,EN AIRE,S,comenzar_barrido,1,,64,-64,-63.612,90.0,1,,D,5.0,45.0,1,15.0,2.0,3,1,315.0,-50.778,-52.512,75.0,-63.494,-64.246,120.0,-63.442,-64.406,,,,,,
2026-08-07T10:58:03.053,36.233,0.25,4722,BD,BARRIDO_DISCRETO,35.5,1,1,O,OFFBOARD,89.1,90.0,-0.9,90.0,1,D,4.9,0.75,-0.27,-5.16,19.5124763,-99.1294002,19.5124737,-99.1293983,19.512476,-99.1294019,315.0,1,1,1,A,EN AIRE,S,comenzar_barrido,1,,66,-62,-63.451,90.0,1,,D,5.0,45.0,1,15.0,2.0,3,1,315.0,-50.778,-52.512,75.0,-63.494,-64.246,120.0,-63.442,-64.406,,,,,,
2026-08-07T10:58:03.303,36.483,0.25,4722,BD,BARRIDO_DISCRETO,35.5,1,1,O,OFFBOARD,88.6,90.0,-1.4,90.0,1,D,4.8,0.74,-0.27,-5.15,19.5124762,-99.1294002,19.5124737,-99.1293983,19.512476,-99.1294019,315.0,1,1,1,A,EN AIRE,S,comenzar_barrido,1,,65,-63,-63.406,90.0,1,,D,5.0,45.0,1,15.0,2.0,3,1,315.0,-50.778,-52.512,75.0,-63.494,-64.246,120.0,-63.442,-64.406,,,,,,
2026-08-07T10:58:03.303,36.483,0.25,4722,BD,BARRIDO_DISCRETO,35.5,1,1,O,OFFBOARD,88.6,90.0,-1.4,90.0,1,D,4.8,0.74,-0.27,-5.15,19.5124762,-99.1294002,19.5124737,-99.1293983,19.512476,-99.1294019,315.0,1,1,1,A,EN AIRE,S,comenzar_barrido,1,,65,-63,-63.365,90.0,1,,D,5.0,45.0,1,15.0,2.0,3,1,315.0,-50.778,-52.512,75.0,-63.494,-64.246,120.0,-63.442,-64.406,,,,,,
2026-08-07T10:58:03.409,36.588,0.109,4722,BD,BARRIDO_DISCRETO,35.5,1,1,O,OFFBOARD,90.0,90.0,0.0,90.0,1,D,4.8,0.73,-0.26,-5.14,19.5124761,-99.1294001,19.5124737,-99.1293983,19.512476,-99.1294019,315.0,1,1,1,A,EN AIRE,S,comenzar_barrido,1,,65,-63,-63.329,90.0,1,,D,5.0,45.0,1,15.0,2.0,3,1,315.0,-50.778,-52.512,75.0,-63.494,-64.246,120.0,-63.442,-64.406,,,,,,
2026-08-07T10:58:03.571,36.75,0.265,4722,BD,BARRIDO_DISCRETO,35.5,1,1,O,OFFBOARD,90.0,90.0,0.0,90.0,1,D,4.8,0.73,-0.26,-5.14,19.5124761,-99.1294001,19.5124737,-99.1293983,19.512476,-99.1294019,315.0,1,1,1,A,EN AIRE,S,comenzar_barrido,1,,64,-64,-63.396,90.0,1,,D,5.0,45.0,1,15.0,2.0,3,1,315.0,-50.778,-52.512,75.0,-63.494,-64.246,120.0,-63.442,-64.406,,,,,,
2026-08-07T10:58:03.733,36.913,0.437,4722,BD,BARRIDO_DISCRETO,35.5,1,1,O,OFFBOARD,90.0,90.0,0.0,90.0,1,D,4.8,0.73,-0.26,-5.14,19.5124761,-99.1294001,19.5124737,-99.1293983,19.512476,-99.1294019,315.0,1,1,1,A,EN AIRE,S,comenzar_barrido,1,,63,-65,-63.556,90.0,1,,D,5.0,45.0,1,15.0,2.0,3,1,315.0,-50.778,-52.512,75.0,-63.494,-64.246,120.0,-63.442,-64.406,,,,,,
2026-08-07T10:58:03.901,37.08,0.593,4722,BD,BARRIDO_DISCRETO,35.5,1,1,O,OFFBOARD,90.0,90.0,0.0,90.0,1,D,4.8,0.73,-0.26,-5.14,19.5124761,-99.1294001,19.5124737,-99.1293983,19.512476,-99.1294019,315.0,1,1,1,A,EN AIRE,S,comenzar_barrido,1,,65,-63,-63.501,90.0,1,,D,5.0,45.0,1,15.0,2.0,3,1,315.0,-50.778,-52.512,75.0,-63.494,-64.246,120.0,-63.442,-64.406,,,,,,
2026-08-07T10:58:04.009,37.188,0.703,4722,BD,BARRIDO_DISCRETO,35.5,1,1,O,OFFBOARD,90.0,90.0,0.0,90.0,1,D,4.8,0.73,-0.26,-5.14,19.5124761,-99.1294001,19.5124737,-99.1293983,19.512476,-99.1294019,315.0,1,1,1,A,EN AIRE,S,comenzar_barrido,1,,64,-64,-63.551,90.0,1,,D,5.0,45.0,1,15.0,2.0,3,1,315.0,-50.778,-52.512,75.0,-63.494,-64.246,120.0,-63.442,-64.406,,,,,,
2026-08-07T10:58:04.224,37.403,0.11,4722,BD,BARRIDO_DISCRETO,35.5,1,1,O,OFFBOARD,89.8,90.0,-0.2,90.0,1,D,4.8,0.69,-0.21,-5.12,19.5124755,-99.1293994,19.5124737,-99.1293983,19.512476,-99.1294019,315.0,1,1,1,A,EN AIRE,S,comenzar_barrido,1,,63,-65,-63.696,90.0,1,,D,5.0,45.0,1,15.0,2.0,3,1,315.0,-50.778,-52.512,75.0,-63.494,-64.246,120.0,-63.442,-64.406,,,,,,
2026-08-07T10:58:04.224,37.403,0.11,4722,BD,BARRIDO_DISCRETO,35.5,1,1,O,OFFBOARD,89.8,90.0,-0.2,90.0,1,D,4.8,0.69,-0.21,-5.12,19.5124755,-99.1293994,19.5124737,-99.1293983,19.512476,-99.1294019,315.0,1,1,1,A,EN AIRE,S,comenzar_barrido,1,,64,-64,-63.726,90.0,1,,D,5.0,45.0,1,15.0,2.0,3,1,315.0,-50.778,-52.512,75.0,-63.494,-64.246,120.0,-63.442,-64.406,,,,,,
2026-08-07T10:58:04.379,37.559,0.266,4722,BD,BARRIDO_DISCRETO,35.5,1,1,O,OFFBOARD,89.8,90.0,-0.2,90.0,1,D,4.8,0.69,-0.21,-5.12,19.5124755,-99.1293994,19.5124737,-99.1293983,19.512476,-99.1294019,315.0,1,1,1,A,EN AIRE,S,comenzar_barrido,1,,65,-63,-63.653,90.0,1,,D,5.0,45.0,1,15.0,2.0,3,1,315.0,-50.778,-52.512,75.0,-63.494,-64.246,120.0,-63.442,-64.406,,,,,,
2026-08-07T10:58:04.505,37.685,0.125,4722,BD,BARRIDO_DISCRETO,35.5,1,1,O,OFFBOARD,88.8,90.0,-1.2,90.0,1,D,4.8,0.65,-0.17,-5.12,19.5124753,-99.1293992,19.5124737,-99.1293983,19.512476,-99.1294019,315.0,1,1,1,A,EN AIRE,S,comenzar_barrido,1,,62,-66,-63.888,90.0,1,,D,5.0,45.0,1,15.0,2.0,3,1,315.0,-50.778,-52.512,75.0,-63.494,-64.246,120.0,-63.442,-64.406,,,,,,
2026-08-07T10:58:04.655,37.835,0.281,4722,BD,BARRIDO_DISCRETO,35.5,1,1,O,OFFBOARD,88.8,90.0,-1.2,90.0,1,D,4.8,0.65,-0.17,-5.12,19.5124753,-99.1293992,19.5124737,-99.1293983,19.512476,-99.1294019,315.0,1,1,1,A,EN AIRE,S,comenzar_barrido,1,,64,-64,-63.899,90.0,1,,D,5.0,45.0,1,15.0,2.0,3,1,315.0,-50.778,-52.512,75.0,-63.494,-64.246,120.0,-63.442,-64.406,,,,,,
2026-08-07T10:58:04.919,38.098,0.25,4722,BD,BARRIDO_DISCRETO,35.5,1,1,O,OFFBOARD,88.3,97.5,-9.2,,0,D,4.8,0.63,-0.15,-5.14,19.5124752,-99.1293991,19.5124737,-99.1293983,19.512476,-99.1294019,315.0,1,1,1,A,EN AIRE,S,comenzar_barrido,1,,65,-63,-63.809,,0,ma0,D,5.0,45.0,1,15.0,2.0,3,1,315.0,-50.778,-52.512,75.0,-63.494,-64.246,120.0,-63.442,-64.406,,,,,,
2026-08-07T10:58:05.024,38.203,0.359,4722,BD,BARRIDO_DISCRETO,35.5,1,1,O,OFFBOARD,88.3,97.5,-9.2,,0,D,4.8,0.63,-0.15,-5.14,19.5124752,-99.1293991,19.5124737,-99.1293983,19.512476,-99.1294019,315.0,1,1,1,A,EN AIRE,S,comenzar_barrido,1,,65,-63,-63.728,,0,ma0,D,5.0,45.0,1,15.0,2.0,3,1,315.0,-50.778,-52.512,75.0,-63.494,-64.246,120.0,-63.442,-64.406,,,,,,
2026-08-07T10:58:05.190,38.369,0.172,4722,BD,BARRIDO_DISCRETO,38.4,1,1,O,OFFBOARD,104.4,105.0,-0.6,105.0,1,D,4.9,0.63,-0.14,-5.15,19.5124753,-99.129399,19.5124737,-99.1293983,19.512476,-99.1294019,315.0,1,1,1,A,EN AIRE,S,comenzar_barrido,1,,61,-67,-64.056,105.0,1,,D,5.0,45.0,1,15.0,2.0,3,1,315.0,-50.778,-52.512,75.0,-63.494,-64.246,120.0,-63.442,-64.406,,,,,,
2026-08-07T10:58:05.286,38.466,0.266,4722,BD,BARRIDO_DISCRETO,38.4,1,1,O,OFFBOARD,104.4,105.0,-0.6,105.0,1,D,4.9,0.63,-0.14,-5.15,19.5124753,-99.129399,19.5124737,-99.1293983,19.512476,-99.1294019,315.0,1,1,1,A,EN AIRE,S,comenzar_barrido,1,,64,-64,-64.05,105.0,1,,D,5.0,45.0,1,15.0,2.0,3,1,315.0,-50.778,-52.512,75.0,-63.494,-64.246,120.0,-63.442,-64.406,,,,,,
2026-08-07T10:58:05.454,38.633,0.094,4722,BD,BARRIDO_DISCRETO,38.4,1,1,O,OFFBOARD,108.6,105.0,3.6,105.0,1,D,4.9,0.64,-0.14,-5.15,19.5124753,-99.129399,19.5124737,-99.1293983,19.512476,-99.1294019,315.0,1,1,1,A,EN AIRE,S,comenzar_barrido,1,,55,-73,-64.945,105.0,1,,D,5.0,45.0,1,15.0,2.0,3,1,315.0,-50.778,-52.512,75.0,-63.494,-64.246,120.0,-63.442,-64.406,,,,,,
2026-08-07T10:58:05.628,38.807,0.266,4722,BD,BARRIDO_DISCRETO,38.4,1,1,O,OFFBOARD,108.6,105.0,3.6,105.0,1,D,4.9,0.64,-0.14,-5.15,19.5124753,-99.129399,19.5124737,-99.1293983,19.512476,-99.1294019,315.0,1,1,1,A,EN AIRE,S,comenzar_barrido,1,,63,-65,-64.951,105.0,1,,D,5.0,45.0,1,15.0,2.0,3,1,315.0,-50.778,-52.512,75.0,-63.494,-64.246,120.0,-63.442,-64.406,,,,,,
2026-08-07T10:58:05.797,38.977,0.11,4722,BD,BARRIDO_DISCRETO,38.4,1,1,O,OFFBOARD,106.4,105.0,1.4,105.0,1,D,4.9,0.65,-0.14,-5.16,19.5124755,-99.129399,19.5124737,-99.1293983,19.512476,-99.1294019,315.0,1,1,1,A,EN AIRE,S,comenzar_barrido,1,,64,-64,-64.855,105.0,1,,D,5.0,45.0,1,15.0,2.0,3,1,315.0,-50.778,-52.512,75.0,-63.494,-64.246,120.0,-63.442,-64.406,,,,,,
2026-08-07T10:58:05.913,39.093,0.094,4722,BD,BARRIDO_DISCRETO,38.4,1,1,O,OFFBOARD,103.4,105.0,-1.6,105.0,1,D,4.9,0.68,-0.14,-5.16,19.5124757,-99.1293989,19.5124737,-99.1293983,19.512476,-99.1294019,315.0,1,1,1,A,EN AIRE,S,comenzar_barrido,1,,64,-64,-64.77,105.0,1,,D,5.0,45.0,1,15.0,2.0,3,1,315.0,-50.778,-52.512,75.0,-63.494,-64.246,120.0,-63.442,-64.406,,,,,,
2026-08-07T10:58:05.979,39.158,0.157,4722,BD,BARRIDO_DISCRETO,38.4,1,1,O,OFFBOARD,103.4,105.0,-1.6,105.0,1,D,4.9,0.68,-0.14,-5.16,19.5124757,-99.1293989,19.5124737,-99.1293983,19.512476,-99.1294019,315.0,1,1,1,A,EN AIRE,S,comenzar_barrido,1,,65,-63,-64.593,105.0,1,,D,5.0,45.0,1,15.0,2.0,3,1,315.0,-50.778,-52.512,75.0,-63.494,-64.246,120.0,-63.442,-64.406,,,,,,
2026-08-07T10:58:06.443,39.623,0.156,4722,BD,BARRIDO_DISCRETO,38.4,1,1,O,OFFBOARD,104.2,105.0,-0.8,105.0,1,D,4.9,0.7,-0.13,-5.17,19.512476,-99.1293989,19.5124737,-99.1293983,19.512476,-99.1294019,315.0,1,1,1,A,EN AIRE,S,comenzar_barrido,1,,67,-61,-64.234,105.0,1,,D,5.0,45.0,1,15.0,2.0,3,1,315.0,-50.778,-52.512,75.0,-63.494,-64.246,120.0,-63.442,-64.406,,,,,,
2026-08-07T10:58:06.534,39.714,0.25,4722,BD,BARRIDO_DISCRETO,38.4,1,1,O,OFFBOARD,104.2,105.0,-0.8,105.0,1,D,4.9,0.7,-0.13,-5.17,19.512476,-99.1293989,19.5124737,-99.1293983,19.512476,-99.1294019,315.0,1,1,1,A,EN AIRE,S,comenzar_barrido,1,,66,-62,-64.01,105.0,1,,D,5.0,45.0,1,15.0,2.0,3,1,315.0,-50.778,-52.512,75.0,-63.494,-64.246,120.0,-63.442,-64.406,,,,,,
2026-08-07T10:58:06.827,40.006,0.109,4722,BD,BARRIDO_DISCRETO,38.4,1,1,O,OFFBOARD,106.2,105.0,1.2,105.0,1,D,4.9,0.71,-0.12,-5.17,19.5124759,-99.1293988,19.5124737,-99.1293983,19.512476,-99.1294019,315.0,1,1,1,A,EN AIRE,S,comenzar_barrido,1,,60,-68,-64.409,105.0,1,,D,5.0,45.0,1,15.0,2.0,3,1,315.0,-50.778,-52.512,75.0,-63.494,-64.246,120.0,-63.442,-64.406,,,,,,
2026-08-07T10:58:07.069,40.249,0.343,4722,BD,BARRIDO_DISCRETO,38.4,1,1,O,OFFBOARD,106.2,105.0,1.2,105.0,1,D,4.9,0.71,-0.12,-5.17,19.5124759,-99.1293988,19.5124737,-99.1293983,19.512476,-99.1294019,315.0,1,1,1,A,EN AIRE,S,comenzar_barrido,1,,66,-62,-64.168,105.0,1,,D,5.0,45.0,1,15.0,2.0,3,1,315.0,-50.778,-52.512,75.0,-63.494,-64.246,120.0,-63.442,-64.406,,,,,,
2026-08-07T10:58:07.372,40.552,0.297,4722,BD,BARRIDO_DISCRETO,38.4,1,1,O,OFFBOARD,106.7,105.0,1.7,105.0,1,D,4.9,0.71,-0.12,-5.18,19.5124759,-99.1293987,19.5124737,-99.1293983,19.512476,-99.1294019,315.0,1,1,1,A,EN AIRE,S,comenzar_barrido,1,,67,-61,-63.851,105.0,1,,D,5.0,45.0,1,15.0,2.0,3,1,315.0,-50.778,-52.512,75.0,-63.494,-64.246,120.0,-63.442,-64.406,,,,,,
2026-08-07T10:58:07.372,40.552,0.297,4722,BD,BARRIDO_DISCRETO,38.4,1,1,O,OFFBOARD,106.7,105.0,1.7,105.0,1,D,4.9,0.71,-0.12,-5.18,19.5124759,-99.1293987,19.5124737,-99.1293983,19.512476,-99.1294019,315.0,1,1,1,A,EN AIRE,S,comenzar_barrido,1,,67,-61,-63.566,105.0,1,,D,5.0,45.0,1,15.0,2.0,3,1,315.0,-50.778,-52.512,75.0,-63.494,-64.246,120.0,-63.442,-64.406,,,,,,
2026-08-07T10:58:07.372,40.552,0.297,4722,BD,BARRIDO_DISCRETO,38.4,1,1,O,OFFBOARD,106.7,105.0,1.7,105.0,1,D,4.9,0.71,-0.12,-5.18,19.5124759,-99.1293987,19.5124737,-99.1293983,19.512476,-99.1294019,315.0,1,1,1,A,EN AIRE,S,comenzar_barrido,1,,67,-61,-63.31,105.0,1,,D,5.0,45.0,1,15.0,2.0,3,1,315.0,-50.778,-52.512,75.0,-63.494,-64.246,120.0,-63.442,-64.406,,,,,,
2026-08-07T10:58:07.469,40.649,0.094,4722,BD,BARRIDO_DISCRETO,38.4,1,1,O,OFFBOARD,105.9,105.0,0.9,,0,D,4.9,0.71,-0.12,-5.18,19.5124759,-99.1293987,19.5124737,-99.1293983,19.512476,-99.1294019,315.0,1,1,1,A,EN AIRE,S,comenzar_barrido,1,,58,-70,-63.979,,0,ma0,D,5.0,45.0,1,15.0,2.0,3,1,315.0,-50.778,-52.512,75.0,-63.494,-64.246,120.0,-63.442,-64.406,,,,,,
2026-08-07T10:58:07.654,40.833,0.125,4722,BD,BARRIDO_DISCRETO,38.4,1,1,O,OFFBOARD,104.7,115.0,-10.3,,0,D,4.9,0.7,-0.11,-5.19,19.5124757,-99.1293987,19.5124737,-99.1293983,19.512476,-99.1294019,315.0,1,1,1,A,EN AIRE,S,comenzar_barrido,1,,67,-61,-63.681,,0,ma0,D,5.0,45.0,1,15.0,2.0,3,1,315.0,-50.778,-52.512,75.0,-63.494,-64.246,120.0,-63.442,-64.406,,,,,,
2026-08-07T10:58:07.737,40.917,0.203,4722,BD,BARRIDO_DISCRETO,38.4,1,1,O,OFFBOARD,104.7,115.0,-10.3,,0,D,4.9,0.7,-0.11,-5.19,19.5124757,-99.1293987,19.5124737,-99.1293983,19.512476,-99.1294019,315.0,1,1,1,A,EN AIRE,S,comenzar_barrido,1,,58,-70,-64.313,,0,ma0,D,5.0,45.0,1,15.0,2.0,3,1,315.0,-50.778,-52.512,75.0,-63.494,-64.246,120.0,-63.442,-64.406,,,,,,
2026-08-07T10:58:07.909,41.088,0.375,4722,BD,BARRIDO_DISCRETO,38.4,1,1,O,OFFBOARD,104.7,115.0,-10.3,,0,D,4.9,0.7,-0.11,-5.19,19.5124757,-99.1293987,19.5124737,-99.1293983,19.512476,-99.1294019,315.0,1,1,1,A,EN AIRE,S,comenzar_barrido,1,,64,-64,-64.281,,0,ma0,D,5.0,45.0,1,15.0,2.0,3,1,315.0,-50.778,-52.512,75.0,-63.494,-64.246,120.0,-63.442,-64.406,,,,,,
2026-08-07T10:58:08.174,41.353,0.641,4722,BD,BARRIDO_DISCRETO,38.4,1,1,O,OFFBOARD,104.7,115.0,-10.3,,0,D,4.9,0.7,-0.11,-5.19,19.5124757,-99.1293987,19.5124737,-99.1293983,19.512476,-99.1294019,315.0,1,1,1,A,EN AIRE,S,comenzar_barrido,1,,66,-62,-64.053,,0,ma0,D,5.0,45.0,1,15.0,2.0,3,1,315.0,-50.778,-52.512,75.0,-63.494,-64.246,120.0,-63.442,-64.406,,,,,,
2026-08-07T10:58:08.273,41.452,0.734,4722,BD,BARRIDO_DISCRETO,38.4,1,1,O,OFFBOARD,104.7,115.0,-10.3,,0,D,4.9,0.7,-0.11,-5.19,19.5124757,-99.1293987,19.5124737,-99.1293983,19.512476,-99.1294019,315.0,1,1,1,A,EN AIRE,S,comenzar_barrido,1,,67,-61,-63.748,,0,ma0,D,5.0,45.0,1,15.0,2.0,3,1,315.0,-50.778,-52.512,75.0,-63.494,-64.246,120.0,-63.442,-64.406,,,,,,
2026-08-07T10:58:08.443,41.623,0.906,4722,BD,BARRIDO_DISCRETO,38.4,1,1,O,OFFBOARD,104.7,115.0,-10.3,,0,D,4.9,0.7,-0.11,-5.19,19.5124757,-99.1293987,19.5124737,-99.1293983,19.512476,-99.1294019,315.0,1,1,1,A,EN AIRE,S,comenzar_barrido,1,,64,-64,-63.773,,0,ma0,D,5.0,45.0,1,15.0,2.0,3,1,315.0,-50.778,-52.512,75.0,-63.494,-64.246,120.0,-63.442,-64.406,,,,,,
2026-08-07T10:58:08.629,41.809,0.172,4722,BD,BARRIDO_DISCRETO,41.3,1,1,O,OFFBOARD,122.6,120.0,2.6,120.0,1,D,4.9,0.6,-0.2,-5.24,19.5124748,-99.1293997,19.5124737,-99.1293983,19.512476,-99.1294019,315.0,1,1,1,A,EN AIRE,S,comenzar_barrido,1,,67,-61,-63.496,120.0,1,,D,5.0,45.0,1,15.0,2.0,3,1,315.0,-50.778,-52.512,75.0,-63.494,-64.246,120.0,-63.442,-64.406,,,,,,
2026-08-07T10:58:08.744,41.924,0.281,4722,BD,BARRIDO_DISCRETO,41.3,1,1,O,OFFBOARD,122.6,120.0,2.6,120.0,1,D,4.9,0.6,-0.2,-5.24,19.5124748,-99.1293997,19.5124737,-99.1293983,19.512476,-99.1294019,315.0,1,1,1,A,EN AIRE,S,comenzar_barrido,1,,66,-62,-63.346,120.0,1,,D,5.0,45.0,1,15.0,2.0,3,1,315.0,-50.778,-52.512,75.0,-63.494,-64.246,120.0,-63.442,-64.406,,,,,,
2026-08-07T10:58:08.745,41.925,0.281,4722,BD,BARRIDO_DISCRETO,41.3,1,1,O,OFFBOARD,122.6,120.0,2.6,120.0,1,D,4.9,0.6,-0.2,-5.24,19.5124748,-99.1293997,19.5124737,-99.1293983,19.512476,-99.1294019,315.0,1,1,1,A,EN AIRE,S,comenzar_barrido,1,,67,-61,-63.112,120.0,1,,D,5.0,45.0,1,15.0,2.0,3,1,315.0,-50.778,-52.512,75.0,-63.494,-64.246,120.0,-63.442,-64.406,,,,,,
2026-08-07T10:58:09.003,42.182,0.547,4722,BD,BARRIDO_DISCRETO,41.3,1,1,O,OFFBOARD,122.6,120.0,2.6,120.0,1,D,4.9,0.6,-0.2,-5.24,19.5124748,-99.1293997,19.5124737,-99.1293983,19.512476,-99.1294019,315.0,1,1,1,A,EN AIRE,S,comenzar_barrido,1,,57,-71,-63.901,120.0,1,,D,5.0,45.0,1,15.0,2.0,3,1,315.0,-50.778,-52.512,75.0,-63.494,-64.246,120.0,-63.442,-64.406,,,,,,
2026-08-07T10:58:09.101,42.28,0.641,4722,BD,BARRIDO_DISCRETO,41.3,1,1,O,OFFBOARD,122.6,120.0,2.6,120.0,1,D,4.9,0.6,-0.2,-5.24,19.5124748,-99.1293997,19.5124737,-99.1293983,19.512476,-99.1294019,315.0,1,1,1,A,EN AIRE,S,comenzar_barrido,1,,65,-63,-63.81,120.0,1,,D,5.0,45.0,1,15.0,2.0,3,1,315.0,-50.778,-52.512,75.0,-63.494,-64.246,120.0,-63.442,-64.406,,,,,,
2026-08-07T10:58:09.266,42.445,0.109,4722,BD,BARRIDO_DISCRETO,41.3,1,1,O,OFFBOARD,119.7,120.0,-0.3,120.0,1,D,4.9,0.58,-0.25,-5.2,19.5124749,-99.1294001,19.5124737,-99.1293983,19.512476,-99.1294019,315.0,1,1,1,A,EN AIRE,S,comenzar_barrido,1,,66,-62,-63.629,120.0,1,,D,5.0,45.0,1,15.0,2.0,3,1,315.0,-50.778,-52.512,75.0,-63.494,-64.246,120.0,-63.442,-64.406,,,,,,
2026-08-07T10:58:09.361,42.541,0.203,4722,BD,BARRIDO_DISCRETO,41.3,1,1,O,OFFBOARD,119.7,120.0,-0.3,120.0,1,D,4.9,0.58,-0.25,-5.2,19.5124749,-99.1294001,19.5124737,-99.1293983,19.512476,-99.1294019,315.0,1,1,1,A,EN AIRE,S,comenzar_barrido,1,,65,-63,-63.566,120.0,1,,D,5.0,45.0,1,15.0,2.0,3,1,315.0,-50.778,-52.512,75.0,-63.494,-64.246,120.0,-63.442,-64.406,,,,,,
2026-08-07T10:58:09.534,42.714,0.375,4722,BD,BARRIDO_DISCRETO,41.3,1,1,O,OFFBOARD,119.7,120.0,-0.3,120.0,1,D,4.9,0.58,-0.25,-5.2,19.5124749,-99.1294001,19.5124737,-99.1293983,19.512476,-99.1294019,315.0,1,1,1,A,EN AIRE,S,comenzar_barrido,1,,66,-62,-63.41,120.0,1,,D,5.0,45.0,1,15.0,2.0,3,1,315.0,-50.778,-52.512,75.0,-63.494,-64.246,120.0,-63.442,-64.406,,,,,,
2026-08-07T10:58:09.650,42.829,0.093,4722,BD,BARRIDO_DISCRETO,41.3,1,1,O,OFFBOARD,120.8,120.0,0.8,120.0,1,D,4.9,0.61,-0.27,-5.2,19.5124751,-99.1294003,19.5124737,-99.1293983,19.512476,-99.1294019,315.0,1,1,1,A,EN AIRE,S,comenzar_barrido,1,,64,-64,-63.469,120.0,1,,D,5.0,45.0,1,15.0,2.0,3,1,315.0,-50.778,-52.512,75.0,-63.494,-64.246,120.0,-63.442,-64.406,,,,,,
2026-08-07T10:58:09.835,43.015,0.281,4722,BD,BARRIDO_DISCRETO,41.3,1,1,O,OFFBOARD,120.8,120.0,0.8,120.0,1,D,4.9,0.61,-0.27,-5.2,19.5124751,-99.1294003,19.5124737,-99.1293983,19.512476,-99.1294019,315.0,1,1,1,A,EN AIRE,S,comenzar_barrido,1,,65,-63,-63.422,120.0,1,,D,5.0,45.0,1,15.0,2.0,3,1,315.0,-50.778,-52.512,75.0,-63.494,-64.246,120.0,-63.442,-64.406,,,,,,
2026-08-07T10:58:09.835,43.015,0.281,4722,BD,BARRIDO_DISCRETO,41.3,1,1,O,OFFBOARD,120.8,120.0,0.8,120.0,1,D,4.9,0.61,-0.27,-5.2,19.5124751,-99.1294003,19.5124737,-99.1293983,19.512476,-99.1294019,315.0,1,1,1,A,EN AIRE,S,comenzar_barrido,1,,67,-61,-63.18,120.0,1,,D,5.0,45.0,1,15.0,2.0,3,1,315.0,-50.778,-52.512,75.0,-63.494,-64.246,120.0,-63.442,-64.406,,,,,,
2026-08-07T10:58:10.057,43.237,0.063,4722,BD,BARRIDO_DISCRETO,41.3,1,1,O,OFFBOARD,118.9,120.0,-1.1,120.0,1,D,4.9,0.61,-0.27,-5.19,19.512475,-99.1294001,19.5124737,-99.1293983,19.512476,-99.1294019,315.0,1,1,1,A,EN AIRE,S,comenzar_barrido,1,,67,-61,-62.962,120.0,1,,D,5.0,45.0,1,15.0,2.0,3,1,315.0,-50.778,-52.512,75.0,-63.494,-64.246,120.0,-63.442,-64.406,,,,,,
2026-08-07T10:58:10.198,43.377,0.0,4722,BD,BARRIDO_DISCRETO,41.3,1,1,O,OFFBOARD,120.4,122.5,-2.1,,0,D,4.9,0.58,-0.24,-5.2,19.5124748,-99.1294,19.5124737,-99.1293983,19.512476,-99.1294019,315.0,1,1,1,A,EN AIRE,S,comenzar_barrido,1,,66,-62,-62.866,,0,ma0,D,5.0,45.0,1,15.0,2.0,3,1,315.0,-50.778,-52.512,75.0,-63.494,-64.246,120.0,-63.442,-64.406,,,,,,
2026-08-07T10:58:10.284,43.463,0.094,4722,BD,BARRIDO_DISCRETO,41.3,1,1,O,OFFBOARD,120.4,122.5,-2.1,,0,D,4.9,0.58,-0.24,-5.2,19.5124748,-99.1294,19.5124737,-99.1293983,19.512476,-99.1294019,315.0,1,1,1,A,EN AIRE,S,comenzar_barrido,1,,66,-62,-62.779,,0,ma0,D,5.0,45.0,1,15.0,2.0,3,1,315.0,-50.778,-52.512,75.0,-63.494,-64.246,120.0,-63.442,-64.406,,,,,,
2026-08-07T10:58:10.441,43.621,0.25,4722,BD,BARRIDO_DISCRETO,41.3,1,1,O,OFFBOARD,120.4,122.5,-2.1,,0,D,4.9,0.58,-0.24,-5.2,19.5124748,-99.1294,19.5124737,-99.1293983,19.512476,-99.1294019,315.0,1,1,1,A,EN AIRE,S,comenzar_barrido,1,,66,-62,-62.701,,0,ma0,D,5.0,45.0,1,15.0,2.0,3,1,315.0,-50.778,-52.512,75.0,-63.494,-64.246,120.0,-63.442,-64.406,,,,,,
2026-08-07T10:58:10.603,43.783,0.407,4722,BD,BARRIDO_DISCRETO,41.3,1,1,O,OFFBOARD,120.4,122.5,-2.1,,0,D,4.9,0.58,-0.24,-5.2,19.5124748,-99.1294,19.5124737,-99.1293983,19.512476,-99.1294019,315.0,1,1,1,A,EN AIRE,S,comenzar_barrido,1,,65,-63,-62.731,,0,ma0,D,5.0,45.0,1,15.0,2.0,3,1,315.0,-50.778,-52.512,75.0,-63.494,-64.246,120.0,-63.442,-64.406,,,,,,
2026-08-07T10:58:10.778,43.958,0.578,4722,BD,BARRIDO_DISCRETO,41.3,1,1,O,OFFBOARD,120.4,122.5,-2.1,,0,D,4.9,0.58,-0.24,-5.2,19.5124748,-99.1294,19.5124737,-99.1293983,19.512476,-99.1294019,315.0,1,1,1,A,EN AIRE,S,comenzar_barrido,1,,64,-64,-62.858,,0,ma0,D,5.0,45.0,1,15.0,2.0,3,1,315.0,-50.778,-52.512,75.0,-63.494,-64.246,120.0,-63.442,-64.406,,,,,,
2026-08-07T10:58:10.876,44.056,0.016,4722,BD,BARRIDO_DISCRETO,44.2,1,1,O,OFFBOARD,130.2,135.0,-4.8,135.0,1,D,4.9,0.53,-0.21,-5.21,19.512474,-99.1293995,19.5124737,-99.1293983,19.512476,-99.1294019,315.0,1,1,1,A,EN AIRE,S,comenzar_barrido,1,,60,-68,-63.372,135.0,1,,D,5.0,45.0,1,15.0,2.0,3,1,315.0,-50.778,-52.512,75.0,-63.494,-64.246,120.0,-63.442,-64.406,,,,,,
2026-08-07T10:58:10.958,44.137,0.094,4722,BD,BARRIDO_DISCRETO,44.2,1,1,O,OFFBOARD,130.2,135.0,-4.8,135.0,1,D,4.9,0.53,-0.21,-5.21,19.512474,-99.1293995,19.5124737,-99.1293983,19.512476,-99.1294019,315.0,1,1,1,A,EN AIRE,S,comenzar_barrido,1,,61,-67,-63.735,135.0,1,,D,5.0,45.0,1,15.0,2.0,3,1,315.0,-50.778,-52.512,75.0,-63.494,-64.246,120.0,-63.442,-64.406,,,,,,
2026-08-07T10:58:11.152,44.332,0.281,4722,BD,BARRIDO_DISCRETO,44.2,1,1,O,OFFBOARD,130.2,135.0,-4.8,135.0,1,D,4.9,0.53,-0.21,-5.21,19.512474,-99.1293995,19.5124737,-99.1293983,19.512476,-99.1294019,315.0,1,1,1,A,EN AIRE,S,comenzar_barrido,1,,61,-67,-64.061,135.0,1,,D,5.0,45.0,1,15.0,2.0,3,1,315.0,-50.778,-52.512,75.0,-63.494,-64.246,120.0,-63.442,-64.406,,,,,,
2026-08-07T10:58:11.517,44.697,0.265,4722,BD,BARRIDO_DISCRETO,44.2,1,1,O,OFFBOARD,137.8,135.0,2.8,135.0,1,D,4.9,0.46,-0.16,-5.21,19.5124735,-99.129399,19.5124737,-99.1293983,19.512476,-99.1294019,315.0,1,1,1,A,EN AIRE,S,comenzar_barrido,1,,59,-69,-64.555,135.0,1,,D,5.0,45.0,1,15.0,2.0,3,1,315.0,-50.778,-52.512,75.0,-63.494,-64.246,120.0,-63.442,-64.406,,,,,,
2026-08-07T10:58:11.765,44.945,0.25,4722,BD,BARRIDO_DISCRETO,44.2,1,1,O,OFFBOARD,133.9,135.0,-1.1,135.0,1,D,4.9,0.43,-0.13,-5.2,19.5124734,-99.1293989,19.5124737,-99.1293983,19.512476,-99.1294019,315.0,1,1,1,A,EN AIRE,S,comenzar_barrido,1,,60,-68,-64.9,135.0,1,,D,5.0,45.0,1,15.0,2.0,3,1,315.0,-50.778,-52.512,75.0,-63.494,-64.246,120.0,-63.442,-64.406,,,,,,
2026-08-07T10:58:11.831,45.011,0.313,4722,BD,BARRIDO_DISCRETO,44.2,1,1,O,OFFBOARD,133.9,135.0,-1.1,135.0,1,D,4.9,0.43,-0.13,-5.2,19.5124734,-99.1293989,19.5124737,-99.1293983,19.512476,-99.1294019,315.0,1,1,1,A,EN AIRE,S,comenzar_barrido,1,,60,-68,-65.21,135.0,1,,D,5.0,45.0,1,15.0,2.0,3,1,315.0,-50.778,-52.512,75.0,-63.494,-64.246,120.0,-63.442,-64.406,,,,,,
2026-08-07T10:58:11.937,45.117,0.015,4722,BD,BARRIDO_DISCRETO,44.2,1,1,O,OFFBOARD,135.4,135.0,0.4,135.0,1,D,4.9,0.43,-0.11,-5.18,19.5124737,-99.1293987,19.5124737,-99.1293983,19.512476,-99.1294019,315.0,1,1,1,A,EN AIRE,S,comenzar_barrido,1,,59,-69,-65.589,135.0,1,,D,5.0,45.0,1,15.0,2.0,3,1,315.0,-50.778,-52.512,75.0,-63.494,-64.246,120.0,-63.442,-64.406,,,,,,
2026-08-07T10:58:11.938,45.118,0.015,4722,BD,BARRIDO_DISCRETO,44.2,1,1,O,OFFBOARD,135.4,135.0,0.4,135.0,1,D,4.9,0.43,-0.11,-5.18,19.5124737,-99.1293987,19.5124737,-99.1293983,19.512476,-99.1294019,315.0,1,1,1,A,EN AIRE,S,comenzar_barrido,1,,60,-68,-65.83,135.0,1,,D,5.0,45.0,1,15.0,2.0,3,1,315.0,-50.778,-52.512,75.0,-63.494,-64.246,120.0,-63.442,-64.406,,,,,,
2026-08-07T10:58:11.938,45.118,0.015,4722,BD,BARRIDO_DISCRETO,44.2,1,1,O,OFFBOARD,135.4,135.0,0.4,135.0,1,D,4.9,0.43,-0.11,-5.18,19.5124737,-99.1293987,19.5124737,-99.1293983,19.512476,-99.1294019,315.0,1,1,1,A,EN AIRE,S,comenzar_barrido,1,,60,-68,-66.047,135.0,1,,D,5.0,45.0,1,15.0,2.0,3,1,315.0,-50.778,-52.512,75.0,-63.494,-64.246,120.0,-63.442,-64.406,,,,,,
2026-08-07T10:58:12.204,45.384,0.281,4722,BD,BARRIDO_DISCRETO,44.2,1,1,O,OFFBOARD,135.4,135.0,0.4,135.0,1,D,4.9,0.43,-0.11,-5.18,19.5124737,-99.1293987,19.5124737,-99.1293983,19.512476,-99.1294019,315.0,1,1,1,A,EN AIRE,S,comenzar_barrido,1,,62,-66,-66.042,135.0,1,,D,5.0,45.0,1,15.0,2.0,3,1,315.0,-50.778,-52.512,75.0,-63.494,-64.246,120.0,-63.442,-64.406,,,,,,
2026-08-07T10:58:12.205,45.385,0.281,4722,BD,BARRIDO_DISCRETO,44.2,1,1,O,OFFBOARD,135.4,135.0,0.4,135.0,1,D,4.9,0.43,-0.11,-5.18,19.5124737,-99.1293987,19.5124737,-99.1293983,19.512476,-99.1294019,315.0,1,1,1,A,EN AIRE,S,comenzar_barrido,1,,64,-64,-65.838,135.0,1,,D,5.0,45.0,1,15.0,2.0,3,1,315.0,-50.778,-52.512,75.0,-63.494,-64.246,120.0,-63.442,-64.406,,,,,,
2026-08-07T10:58:12.372,45.552,0.016,4722,BD,BARRIDO_DISCRETO,44.2,1,1,O,OFFBOARD,135.0,135.0,0.0,135.0,1,D,4.9,0.46,-0.11,-5.18,19.5124738,-99.1293988,19.5124737,-99.1293983,19.512476,-99.1294019,315.0,1,1,1,A,EN AIRE,S,comenzar_barrido,1,,60,-68,-66.054,135.0,1,,D,5.0,45.0,1,15.0,2.0,3,1,315.0,-50.778,-52.512,75.0,-63.494,-64.246,120.0,-63.442,-64.406,,,,,,
2026-08-07T10:58:12.452,45.632,0.094,4722,BD,BARRIDO_DISCRETO,44.2,1,1,O,OFFBOARD,135.0,135.0,0.0,135.0,1,D,4.9,0.46,-0.11,-5.18,19.5124738,-99.1293988,19.5124737,-99.1293983,19.512476,-99.1294019,315.0,1,1,1,A,EN AIRE,S,comenzar_barrido,1,,62,-66,-66.049,135.0,1,,D,5.0,45.0,1,15.0,2.0,3,1,315.0,-50.778,-52.512,75.0,-63.494,-64.246,120.0,-63.442,-64.406,,,,,,
2026-08-07T10:58:12.640,45.82,0.015,4722,BD,BARRIDO_DISCRETO,44.2,1,1,O,OFFBOARD,135.1,135.0,0.1,135.0,1,D,4.9,0.49,-0.12,-5.18,19.512474,-99.1293988,19.5124737,-99.1293983,19.512476,-99.1294019,315.0,1,1,1,A,EN AIRE,S,comenzar_barrido,1,,61,-67,-66.144,135.0,1,,D,5.0,45.0,1,15.0,2.0,3,1,315.0,-50.778,-52.512,75.0,-63.494,-64.246,120.0,-63.442,-64.406,,,,,,
2026-08-07T10:58:12.843,46.023,0.11,4722,BD,BARRIDO_DISCRETO,44.2,1,1,O,OFFBOARD,135.4,135.0,0.4,135.0,1,D,4.9,0.53,-0.13,-5.18,19.5124742,-99.1293989,19.5124737,-99.1293983,19.512476,-99.1294019,315.0,1,1,1,A,EN AIRE,S,comenzar_barrido,1,,60,-68,-66.33,135.0,1,,D,5.0,45.0,1,15.0,2.0,3,1,315.0,-50.778,-52.512,75.0,-63.494,-64.246,120.0,-63.442,-64.406,,,,,,
2026-08-07T10:58:12.843,46.023,0.11,4722,BD,BARRIDO_DISCRETO,44.2,1,1,O,OFFBOARD,135.4,135.0,0.4,135.0,1,D,4.9,0.53,-0.13,-5.18,19.5124742,-99.1293989,19.5124737,-99.1293983,19.512476,-99.1294019,315.0,1,1,1,A,EN AIRE,S,comenzar_barrido,1,,61,-67,-66.397,135.0,1,,D,5.0,45.0,1,15.0,2.0,3,1,315.0,-50.778,-52.512,75.0,-63.494,-64.246,120.0,-63.442,-64.406,,,,,,
2026-08-07T10:58:12.989,46.169,0.0,4722,BD,BARRIDO_DISCRETO,44.2,1,1,O,OFFBOARD,135.5,135.0,0.5,135.0,1,D,4.9,0.53,-0.13,-5.18,19.5124746,-99.129399,19.5124737,-99.1293983,19.512476,-99.1294019,315.0,1,1,1,A,EN AIRE,S,comenzar_barrido,1,,61,-67,-66.457,135.0,1,,D,5.0,45.0,1,15.0,2.0,3,1,315.0,-50.778,-52.512,75.0,-63.494,-64.246,120.0,-63.442,-64.406,,,,,,
2026-08-07T10:58:13.089,46.269,0.094,4722,BD,BARRIDO_DISCRETO,44.2,1,1,O,OFFBOARD,135.5,135.0,0.5,135.0,1,D,4.9,0.53,-0.13,-5.18,19.5124746,-99.129399,19.5124737,-99.1293983,19.512476,-99.1294019,315.0,1,1,1,A,EN AIRE,S,comenzar_barrido,1,,61,-67,-66.511,135.0,1,,D,5.0,45.0,1,15.0,2.0,3,1,315.0,-50.778,-52.512,75.0,-63.494,-64.246,120.0,-63.442,-64.406,,,,,,
2026-08-07T10:58:13.254,46.433,0.0,4722,BD,BARRIDO_DISCRETO,44.2,1,1,O,OFFBOARD,135.5,140.0,-4.5,,0,D,4.9,0.57,-0.14,-5.18,19.5124748,-99.129399,19.5124737,-99.1293983,19.512476,-99.1294019,315.0,1,1,1,A,EN AIRE,S,comenzar_barrido,1,,62,-66,-66.46,,0,ma0,D,5.0,45.0,1,15.0,2.0,3,1,315.0,-50.778,-52.512,75.0,-63.494,-64.246,120.0,-63.442,-64.406,,,,,,
2026-08-07T10:58:13.449,46.629,0.187,4722,BD,BARRIDO_DISCRETO,44.2,1,1,O,OFFBOARD,135.5,140.0,-4.5,,0,D,4.9,0.57,-0.14,-5.18,19.5124748,-99.129399,19.5124737,-99.1293983,19.512476,-99.1294019,315.0,1,1,1,A,EN AIRE,S,comenzar_barrido,1,,59,-69,-66.714,,0,ma0,D,5.0,45.0,1,15.0,2.0,3,1,315.0,-50.778,-52.512,75.0,-63.494,-64.246,120.0,-63.442,-64.406,,,,,,
2026-08-07T10:58:13.517,46.697,0.0,4722,BD,BARRIDO_DISCRETO,44.2,1,1,O,OFFBOARD,139.2,150.0,-10.8,,0,D,4.9,0.6,-0.14,-5.18,19.512475,-99.129399,19.5124737,-99.1293983,19.512476,-99.1294019,315.0,1,1,1,A,EN AIRE,S,comenzar_barrido,1,,60,-68,-66.843,,0,ma0,D,5.0,45.0,1,15.0,2.0,3,1,315.0,-50.778,-52.512,75.0,-63.494,-64.246,120.0,-63.442,-64.406,,,,,,
2026-08-07T10:58:13.782,46.962,0.016,4722,BD,BARRIDO_DISCRETO,47.2,1,1,O,OFFBOARD,147.1,150.0,-2.9,150.0,1,D,4.9,0.62,-0.16,-5.19,19.5124752,-99.1293993,19.5124737,-99.1293983,19.512476,-99.1294019,315.0,1,1,1,A,EN AIRE,S,comenzar_barrido,1,,51,-77,-67.858,150.0,1,,D,5.0,45.0,1,15.0,2.0,3,1,315.0,-50.778,-52.512,75.0,-63.494,-64.246,120.0,-63.442,-64.406,,,,,,
2026-08-07T10:58:13.889,47.069,0.125,4722,BD,BARRIDO_DISCRETO,47.2,1,1,O,OFFBOARD,147.1,150.0,-2.9,150.0,1,D,4.9,0.62,-0.16,-5.19,19.5124752,-99.1293993,19.5124737,-99.1293983,19.512476,-99.1294019,315.0,1,1,1,A,EN AIRE,S,comenzar_barrido,1,,61,-67,-67.773,150.0,1,,D,5.0,45.0,1,15.0,2.0,3,1,315.0,-50.778,-52.512,75.0,-63.494,-64.246,120.0,-63.442,-64.406,,,,,,
2026-08-07T10:58:13.986,47.166,0.219,4722,BD,BARRIDO_DISCRETO,47.2,1,1,O,OFFBOARD,147.1,150.0,-2.9,150.0,1,D,4.9,0.62,-0.16,-5.19,19.5124752,-99.1293993,19.5124737,-99.1293983,19.512476,-99.1294019,315.0,1,1,1,A,EN AIRE,S,comenzar_barrido,1,,61,-67,-67.695,150.0,1,,D,5.0,45.0,1,15.0,2.0,3,1,315.0,-50.778,-52.512,75.0,-63.494,-64.246,120.0,-63.442,-64.406,,,,,,
2026-08-07T10:58:14.163,47.343,0.391,4722,BD,BARRIDO_DISCRETO,47.2,1,1,O,OFFBOARD,147.1,150.0,-2.9,150.0,1,D,4.9,0.62,-0.16,-5.19,19.5124752,-99.1293993,19.5124737,-99.1293983,19.512476,-99.1294019,315.0,1,1,1,A,EN AIRE,S,comenzar_barrido,1,,63,-65,-67.426,150.0,1,,D,5.0,45.0,1,15.0,2.0,3,1,315.0,-50.778,-52.512,75.0,-63.494,-64.246,120.0,-63.442,-64.406,,,,,,
2026-08-07T10:58:14.332,47.512,0.0,4722,BD,BARRIDO_DISCRETO,47.2,1,1,O,OFFBOARD,152.0,150.0,2.0,150.0,1,D,4.9,0.64,-0.19,-5.2,19.5124753,-99.1293995,19.5124737,-99.1293983,19.512476,-99.1294019,315.0,1,1,1,A,EN AIRE,S,comenzar_barrido,1,,61,-67,-67.383,150.0,1,,D,5.0,45.0,1,15.0,2.0,3,1,315.0,-50.778,-52.512,75.0,-63.494,-64.246,120.0,-63.442,-64.406,,,,,,
2026-08-07T10:58:14.426,47.606,0.094,4722,BD,BARRIDO_DISCRETO,47.2,1,1,O,OFFBOARD,152.0,150.0,2.0,150.0,1,D,4.9,0.64,-0.19,-5.2,19.5124753,-99.1293995,19.5124737,-99.1293983,19.512476,-99.1294019,315.0,1,1,1,A,EN AIRE,S,comenzar_barrido,1,,60,-68,-67.445,150.0,1,,D,5.0,45.0,1,15.0,2.0,3,1,315.0,-50.778,-52.512,75.0,-63.494,-64.246,120.0,-63.442,-64.406,,,,,,
2026-08-07T10:58:14.587,47.767,0.25,4722,BD,BARRIDO_DISCRETO,47.2,1,1,O,OFFBOARD,152.0,150.0,2.0,150.0,1,D,4.9,0.64,-0.19,-5.2,19.5124753,-99.1293995,19.5124737,-99.1293983,19.512476,-99.1294019,315.0,1,1,1,A,EN AIRE,S,comenzar_barrido,1,,59,-69,-67.6,150.0,1,,D,5.0,45.0,1,15.0,2.0,3,1,315.0,-50.778,-52.512,75.0,-63.494,-64.246,120.0,-63.442,-64.406,,,,,,
2026-08-07T10:58:14.692,47.871,0.359,4722,BD,BARRIDO_DISCRETO,47.2,1,1,O,OFFBOARD,152.0,150.0,2.0,150.0,1,D,4.9,0.64,-0.19,-5.2,19.5124753,-99.1293995,19.5124737,-99.1293983,19.512476,-99.1294019,315.0,1,1,1,A,EN AIRE,S,comenzar_barrido,1,,60,-68,-67.64,150.0,1,,D,5.0,45.0,1,15.0,2.0,3,1,315.0,-50.778,-52.512,75.0,-63.494,-64.246,120.0,-63.442,-64.406,,,,,,
2026-08-07T10:58:14.793,47.973,0.453,4722,BD,BARRIDO_DISCRETO,47.2,1,1,O,OFFBOARD,152.0,150.0,2.0,150.0,1,D,4.9,0.64,-0.19,-5.2,19.5124753,-99.1293995,19.5124737,-99.1293983,19.512476,-99.1294019,315.0,1,1,1,A,EN AIRE,S,comenzar_barrido,1,,61,-67,-67.576,150.0,1,,D,5.0,45.0,1,15.0,2.0,3,1,315.0,-50.778,-52.512,75.0,-63.494,-64.246,120.0,-63.442,-64.406,,,,,,
2026-08-07T10:58:14.978,48.158,0.641,4722,BD,BARRIDO_DISCRETO,47.2,1,1,O,OFFBOARD,152.0,150.0,2.0,150.0,1,D,4.9,0.64,-0.19,-5.2,19.5124753,-99.1293995,19.5124737,-99.1293983,19.512476,-99.1294019,315.0,1,1,1,A,EN AIRE,S,comenzar_barrido,1,,61,-67,-67.519,150.0,1,,D,5.0,45.0,1,15.0,2.0,3,1,315.0,-50.778,-52.512,75.0,-63.494,-64.246,120.0,-63.442,-64.406,,,,,,
2026-08-07T10:58:15.124,48.303,0.797,4722,BD,BARRIDO_DISCRETO,47.2,1,1,O,OFFBOARD,152.0,150.0,2.0,150.0,1,D,4.9,0.64,-0.19,-5.2,19.5124753,-99.1293995,19.5124737,-99.1293983,19.512476,-99.1294019,315.0,1,1,1,A,EN AIRE,S,comenzar_barrido,1,,62,-66,-67.367,,0,telemetry_stale,D,5.0,45.0,1,15.0,2.0,3,1,315.0,-50.778,-52.512,75.0,-63.494,-64.246,120.0,-63.442,-64.406,,,,,,
2026-08-07T10:58:15.338,48.518,0.094,4722,BD,BARRIDO_DISCRETO,47.2,1,1,O,OFFBOARD,149.5,150.0,-0.5,150.0,1,D,4.9,0.62,-0.23,-5.19,19.5124751,-99.1293999,19.5124737,-99.1293983,19.512476,-99.1294019,315.0,1,1,1,A,EN AIRE,S,comenzar_barrido,1,,58,-70,-67.63,150.0,1,,D,5.0,45.0,1,15.0,2.0,3,1,315.0,-50.778,-52.512,75.0,-63.494,-64.246,120.0,-63.442,-64.406,,,,,,
2026-08-07T10:58:15.602,48.782,0.36,4722,BD,BARRIDO_DISCRETO,47.2,1,1,O,OFFBOARD,149.5,150.0,-0.5,150.0,1,D,4.9,0.62,-0.23,-5.19,19.5124751,-99.1293999,19.5124737,-99.1293983,19.512476,-99.1294019,315.0,1,1,1,A,EN AIRE,S,comenzar_barrido,1,,55,-73,-68.167,150.0,1,,D,5.0,45.0,1,15.0,2.0,3,1,315.0,-50.778,-52.512,75.0,-63.494,-64.246,120.0,-63.442,-64.406,,,,,,
2026-08-07T10:58:15.852,49.032,0.079,4722,BD,BARRIDO_DISCRETO,47.2,1,1,O,OFFBOARD,149.6,150.0,-0.4,150.0,1,D,4.9,0.62,-0.24,-5.2,19.5124752,-99.1293999,19.5124737,-99.1293983,19.512476,-99.1294019,315.0,1,1,1,A,EN AIRE,S,comenzar_barrido,1,,61,-67,-68.05,150.0,1,,D,5.0,45.0,1,15.0,2.0,3,1,315.0,-50.778,-52.512,75.0,-63.494,-64.246,120.0,-63.442,-64.406,,,,,,
2026-08-07T10:58:15.852,49.032,0.079,4722,BD,BARRIDO_DISCRETO,47.2,1,1,O,OFFBOARD,149.6,150.0,-0.4,150.0,1,D,4.9,0.62,-0.24,-5.2,19.5124752,-99.1293999,19.5124737,-99.1293983,19.512476,-99.1294019,315.0,1,1,1,A,EN AIRE,S,comenzar_barrido,1,,61,-67,-67.945,150.0,1,,D,5.0,45.0,1,15.0,2.0,3,1,315.0,-50.778,-52.512,75.0,-63.494,-64.246,120.0,-63.442,-64.406,,,,,,
2026-08-07T10:58:16.035,49.215,0.0,4722,BD,BARRIDO_DISCRETO,47.2,1,1,O,OFFBOARD,149.3,150.0,-0.7,150.0,1,D,4.9,0.65,-0.24,-5.21,19.5124753,-99.1293999,19.5124737,-99.1293983,19.512476,-99.1294019,315.0,1,1,1,A,EN AIRE,S,comenzar_barrido,1,,61,-67,-67.851,150.0,1,,D,5.0,45.0,1,15.0,2.0,3,1,315.0,-50.778,-52.512,75.0,-63.494,-64.246,120.0,-63.442,-64.406,,,,,,
2026-08-07T10:58:16.219,49.399,0.188,4722,BD,BARRIDO_DISCRETO,47.2,1,1,O,OFFBOARD,149.3,150.0,-0.7,150.0,1,D,4.9,0.65,-0.24,-5.21,19.5124753,-99.1293999,19.5124737,-99.1293983,19.512476,-99.1294019,315.0,1,1,1,A,EN AIRE,S,comenzar_barrido,1,,58,-70,-68.066,150.0,1,,D,5.0,45.0,1,15.0,2.0,3,1,315.0,-50.778,-52.512,75.0,-63.494,-64.246,120.0,-63.442,-64.406,,,,,,
2026-08-07T10:58:16.219,49.399,0.188,4722,BD,BARRIDO_DISCRETO,47.2,1,1,O,OFFBOARD,149.3,150.0,-0.7,150.0,1,D,4.9,0.65,-0.24,-5.21,19.5124753,-99.1293999,19.5124737,-99.1293983,19.512476,-99.1294019,315.0,1,1,1,A,EN AIRE,S,comenzar_barrido,1,,65,-63,-67.559,150.0,1,,D,5.0,45.0,1,15.0,2.0,3,1,315.0,-50.778,-52.512,75.0,-63.494,-64.246,120.0,-63.442,-64.406,,,,,,
2026-08-07T10:58:16.378,49.557,0.094,4722,BD,BARRIDO_DISCRETO,47.2,1,1,O,OFFBOARD,149.3,157.5,-8.2,,0,D,4.9,0.65,-0.24,-5.21,19.5124755,-99.1294,19.5124737,-99.1293983,19.512476,-99.1294019,315.0,1,1,1,A,EN AIRE,S,comenzar_barrido,1,,52,-76,-68.403,,0,ma0,D,5.0,45.0,1,15.0,2.0,3,1,315.0,-50.778,-52.512,75.0,-63.494,-64.246,120.0,-63.442,-64.406,,,,,,
2026-08-07T10:58:16.776,49.956,0.093,4722,BD,BARRIDO_DISCRETO,50.1,1,1,O,OFFBOARD,166.1,165.0,1.1,165.0,1,D,5.0,0.7,-0.24,-5.24,19.5124759,-99.1294,19.5124737,-99.1293983,19.512476,-99.1294019,315.0,1,1,1,A,EN AIRE,S,comenzar_barrido,1,,62,-66,-68.163,165.0,1,,D,5.0,45.0,1,15.0,2.0,3,1,315.0,-50.778,-52.512,75.0,-63.494,-64.246,120.0,-63.442,-64.406,,,,,,
2026-08-07T10:58:16.776,49.956,0.093,4722,BD,BARRIDO_DISCRETO,50.1,1,1,O,OFFBOARD,166.1,165.0,1.1,165.0,1,D,5.0,0.7,-0.24,-5.24,19.5124759,-99.1294,19.5124737,-99.1293983,19.512476,-99.1294019,315.0,1,1,1,A,EN AIRE,S,comenzar_barrido,1,,54,-74,-68.747,165.0,1,,D,5.0,45.0,1,15.0,2.0,3,1,315.0,-50.778,-52.512,75.0,-63.494,-64.246,120.0,-63.442,-64.406,,,,,,
2026-08-07T10:58:16.918,50.097,0.234,4722,BD,BARRIDO_DISCRETO,50.1,1,1,O,OFFBOARD,166.1,165.0,1.1,165.0,1,D,5.0,0.7,-0.24,-5.24,19.5124759,-99.1294,19.5124737,-99.1293983,19.512476,-99.1294019,315.0,1,1,1,A,EN AIRE,S,comenzar_barrido,1,,61,-67,-68.572,165.0,1,,D,5.0,45.0,1,15.0,2.0,3,1,315.0,-50.778,-52.512,75.0,-63.494,-64.246,120.0,-63.442,-64.406,,,,,,
2026-08-07T10:58:17.164,50.343,0.25,4722,BD,BARRIDO_DISCRETO,50.1,1,1,O,OFFBOARD,169.2,165.0,4.2,165.0,1,D,5.0,0.71,-0.25,-5.25,19.5124759,-99.1294,19.5124737,-99.1293983,19.512476,-99.1294019,315.0,1,1,1,A,EN AIRE,S,comenzar_barrido,1,,61,-67,-68.415,165.0,1,,D,5.0,45.0,1,15.0,2.0,3,1,315.0,-50.778,-52.512,75.0,-63.494,-64.246,120.0,-63.442,-64.406,,,,,,
2026-08-07T10:58:17.165,50.345,0.25,4722,BD,BARRIDO_DISCRETO,50.1,1,1,O,OFFBOARD,169.2,165.0,4.2,165.0,1,D,5.0,0.71,-0.25,-5.25,19.5124759,-99.1294,19.5124737,-99.1293983,19.512476,-99.1294019,315.0,1,1,1,A,EN AIRE,S,comenzar_barrido,1,,62,-66,-68.173,165.0,1,,D,5.0,45.0,1,15.0,2.0,3,1,315.0,-50.778,-52.512,75.0,-63.494,-64.246,120.0,-63.442,-64.406,,,,,,
2026-08-07T10:58:17.409,50.588,0.25,4722,BD,BARRIDO_DISCRETO,50.1,1,1,O,OFFBOARD,166.3,165.0,1.3,165.0,1,D,5.0,0.7,-0.24,-5.25,19.5124759,-99.1293999,19.5124737,-99.1293983,19.512476,-99.1294019,315.0,1,1,1,A,EN AIRE,S,comenzar_barrido,1,,61,-67,-68.056,165.0,1,,D,5.0,45.0,1,15.0,2.0,3,1,315.0,-50.778,-52.512,75.0,-63.494,-64.246,120.0,-63.442,-64.406,,,,,,
2026-08-07T10:58:17.578,50.758,0.016,4722,BD,BARRIDO_DISCRETO,50.1,1,1,O,OFFBOARD,164.4,165.0,-0.6,165.0,1,D,5.0,0.7,-0.24,-5.25,19.5124758,-99.1293998,19.5124737,-99.1293983,19.512476,-99.1294019,315.0,1,1,1,A,EN AIRE,S,comenzar_barrido,1,,61,-67,-67.95,165.0,1,,D,5.0,45.0,1,15.0,2.0,3,1,315.0,-50.778,-52.512,75.0,-63.494,-64.246,120.0,-63.442,-64.406,,,,,,
2026-08-07T10:58:17.662,50.841,0.094,4722,BD,BARRIDO_DISCRETO,50.1,1,1,O,OFFBOARD,164.4,165.0,-0.6,165.0,1,D,5.0,0.7,-0.24,-5.25,19.5124758,-99.1293998,19.5124737,-99.1293983,19.512476,-99.1294019,315.0,1,1,1,A,EN AIRE,S,comenzar_barrido,1,,60,-68,-67.955,165.0,1,,D,5.0,45.0,1,15.0,2.0,3,1,315.0,-50.778,-52.512,75.0,-63.494,-64.246,120.0,-63.442,-64.406,,,,,,
2026-08-07T10:58:17.848,51.028,0.0,4722,BD,BARRIDO_DISCRETO,50.1,1,1,O,OFFBOARD,164.3,165.0,-0.7,165.0,1,D,4.9,0.69,-0.22,-5.24,19.5124756,-99.1293996,19.5124737,-99.1293983,19.512476,-99.1294019,315.0,1,1,1,A,EN AIRE,S,comenzar_barrido,1,,61,-67,-67.86,165.0,1,,D,5.0,45.0,1,15.0,2.0,3,1,315.0,-50.778,-52.512,75.0,-63.494,-64.246,120.0,-63.442,-64.406,,,,,,
2026-08-07T10:58:18.062,51.242,0.109,4722,BD,BARRIDO_DISCRETO,50.1,1,1,O,OFFBOARD,165.2,165.0,0.2,165.0,1,D,3.9,0.67,-0.21,-5.23,19.5124754,-99.1293996,19.5124737,-99.1293983,19.512476,-99.1294019,315.0,1,1,1,A,EN AIRE,S,comenzar_barrido,1,,59,-69,-67.974,165.0,1,,D,5.0,45.0,1,15.0,2.0,3,1,315.0,-50.778,-52.512,75.0,-63.494,-64.246,120.0,-63.442,-64.406,,,,,,
2026-08-07T10:58:18.062,51.242,0.109,4722,BD,BARRIDO_DISCRETO,50.1,1,1,O,OFFBOARD,165.2,165.0,0.2,165.0,1,D,3.9,0.67,-0.21,-5.23,19.5124754,-99.1293996,19.5124737,-99.1293983,19.512476,-99.1294019,315.0,1,1,1,A,EN AIRE,S,comenzar_barrido,1,,60,-68,-67.976,165.0,1,,D,5.0,45.0,1,15.0,2.0,3,1,315.0,-50.778,-52.512,75.0,-63.494,-64.246,120.0,-63.442,-64.406,,,,,,
2026-08-07T10:58:18.457,51.636,0.25,4722,BD,BARRIDO_DISCRETO,50.1,1,1,O,OFFBOARD,164.9,165.0,-0.1,165.0,1,D,3.9,0.65,-0.21,-5.23,19.5124754,-99.1293996,19.5124737,-99.1293983,19.512476,-99.1294019,315.0,1,1,1,A,EN AIRE,S,comenzar_barrido,1,,44,-84,-69.579,165.0,1,,D,5.0,45.0,1,15.0,2.0,3,1,315.0,-50.778,-52.512,75.0,-63.494,-64.246,120.0,-63.442,-64.406,,,,,,
2026-08-07T10:58:18.546,51.726,0.094,4722,BD,BARRIDO_DISCRETO,50.1,1,1,O,OFFBOARD,164.6,165.0,-0.4,165.0,1,D,3.9,0.64,-0.22,-5.25,19.5124753,-99.1293997,19.5124737,-99.1293983,19.512476,-99.1294019,315.0,1,1,1,A,EN AIRE,S,comenzar_barrido,1,,62,-66,-69.221,165.0,1,,D,5.0,45.0,1,15.0,2.0,3,1,315.0,-50.778,-52.512,75.0,-63.494,-64.246,120.0,-63.442,-64.406,,,,,,
2026-08-07T10:58:18.709,51.889,0.25,4722,BD,BARRIDO_DISCRETO,50.1,1,1,O,OFFBOARD,164.6,165.0,-0.4,165.0,1,D,3.9,0.64,-0.22,-5.25,19.5124753,-99.1293997,19.5124737,-99.1293983,19.512476,-99.1294019,315.0,1,1,1,A,EN AIRE,S,comenzar_barrido,1,,63,-65,-68.799,165.0,1,,D,5.0,45.0,1,15.0,2.0,3,1,315.0,-50.778,-52.512,75.0,-63.494,-64.246,120.0,-63.442,-64.406,,,,,,
2026-08-07T10:58:18.898,52.078,0.0,4722,BD,BARRIDO_DISCRETO,50.1,1,1,O,OFFBOARD,164.1,165.0,-0.9,,0,D,3.9,0.64,-0.24,-5.25,19.5124753,-99.1294001,19.5124737,-99.1293983,19.512476,-99.1294019,315.0,1,1,1,A,EN AIRE,S,comenzar_barrido,1,,62,-66,-68.519,,0,ma0,D,5.0,45.0,1,15.0,2.0,3,1,315.0,-50.778,-52.512,75.0,-63.494,-64.246,120.0,-63.442,-64.406,,,,,,
2026-08-07T10:58:18.988,52.168,0.094,4722,BD,BARRIDO_DISCRETO,50.1,1,1,O,OFFBOARD,164.1,165.0,-0.9,,0,D,3.9,0.64,-0.24,-5.25,19.5124753,-99.1294001,19.5124737,-99.1293983,19.512476,-99.1294019,315.0,1,1,1,A,EN AIRE,S,comenzar_barrido,1,,61,-67,-68.367,,0,ma0,D,5.0,45.0,1,15.0,2.0,3,1,315.0,-50.778,-52.512,75.0,-63.494,-64.246,120.0,-63.442,-64.406,,,,,,
2026-08-07T10:58:19.350,52.53,0.079,4722,BD,BARRIDO_DISCRETO,50.1,1,1,O,OFFBOARD,165.5,175.0,-9.5,,0,D,3.9,0.64,-0.27,-5.23,19.5124753,-99.1294002,19.5124737,-99.1293983,19.512476,-99.1294019,315.0,1,1,1,A,EN AIRE,S,comenzar_barrido,1,,55,-73,-68.83,,0,ma0,D,5.0,45.0,1,15.0,2.0,3,1,315.0,-50.778,-52.512,75.0,-63.494,-64.246,120.0,-63.442,-64.406,,,,,,
2026-08-07T10:58:19.351,52.531,0.079,4722,BD,BARRIDO_DISCRETO,50.1,1,1,O,OFFBOARD,165.5,175.0,-9.5,,0,D,3.9,0.64,-0.27,-5.23,19.5124753,-99.1294002,19.5124737,-99.1293983,19.512476,-99.1294019,315.0,1,1,1,A,EN AIRE,S,comenzar_barrido,1,,56,-72,-69.147,,0,ma0,D,5.0,45.0,1,15.0,2.0,3,1,315.0,-50.778,-52.512,75.0,-63.494,-64.246,120.0,-63.442,-64.406,,,,,,
2026-08-07T10:58:19.612,52.792,0.344,4722,BD,BARRIDO_DISCRETO,50.1,1,1,O,OFFBOARD,165.5,175.0,-9.5,,0,D,3.9,0.64,-0.27,-5.23,19.5124753,-99.1294002,19.5124737,-99.1293983,19.512476,-99.1294019,315.0,1,1,1,A,EN AIRE,S,comenzar_barrido,1,,55,-73,-69.533,,0,ma0,D,5.0,45.0,1,15.0,2.0,3,1,315.0,-50.778,-52.512,75.0,-63.494,-64.246,120.0,-63.442,-64.406,,,,,,
2026-08-07T10:58:19.613,52.793,0.344,4722,BD,BARRIDO_DISCRETO,50.1,1,1,O,OFFBOARD,165.5,175.0,-9.5,,0,D,3.9,0.64,-0.27,-5.23,19.5124753,-99.1294002,19.5124737,-99.1293983,19.512476,-99.1294019,315.0,1,1,1,A,EN AIRE,S,comenzar_barrido,1,,55,-73,-69.879,,0,ma0,D,5.0,45.0,1,15.0,2.0,3,1,315.0,-50.778,-52.512,75.0,-63.494,-64.246,120.0,-63.442,-64.406,,,,,,
2026-08-07T10:58:19.876,53.055,0.61,4722,BD,BARRIDO_DISCRETO,50.1,1,1,O,OFFBOARD,165.5,175.0,-9.5,,0,D,3.9,0.64,-0.27,-5.23,19.5124753,-99.1294002,19.5124737,-99.1293983,19.512476,-99.1294019,315.0,1,1,1,A,EN AIRE,S,comenzar_barrido,1,,56,-72,-70.091,,0,ma0,D,5.0,45.0,1,15.0,2.0,3,1,315.0,-50.778,-52.512,75.0,-63.494,-64.246,120.0,-63.442,-64.406,,,,,,
2026-08-07T10:58:19.876,53.055,0.61,4722,BD,BARRIDO_DISCRETO,50.1,1,1,O,OFFBOARD,165.5,175.0,-9.5,,0,D,3.9,0.64,-0.27,-5.23,19.5124753,-99.1294002,19.5124737,-99.1293983,19.512476,-99.1294019,315.0,1,1,1,A,EN AIRE,S,comenzar_barrido,1,,56,-72,-70.282,,0,ma0,D,5.0,45.0,1,15.0,2.0,3,1,315.0,-50.778,-52.512,75.0,-63.494,-64.246,120.0,-63.442,-64.406,,,,,,
2026-08-07T10:58:20.148,53.328,0.109,4722,BD,BARRIDO_DISCRETO,53.0,1,1,O,OFFBOARD,184.3,180.0,4.3,180.0,1,D,3.9,0.66,-0.31,-5.23,19.5124754,-99.1294007,19.5124737,-99.1293983,19.512476,-99.1294019,315.0,1,1,1,A,EN AIRE,S,comenzar_barrido,1,,59,-69,-70.154,180.0,1,,D,5.0,45.0,1,15.0,2.0,3,1,315.0,-50.778,-52.512,75.0,-63.494,-64.246,120.0,-63.442,-64.406,,,,,,
2026-08-07T10:58:20.271,53.451,0.093,4722,BD,BARRIDO_DISCRETO,53.0,1,1,O,OFFBOARD,181.0,180.0,1.0,180.0,1,D,3.9,0.65,-0.32,-5.24,19.5124753,-99.1294007,19.5124737,-99.1293983,19.512476,-99.1294019,315.0,1,1,1,A,EN AIRE,S,comenzar_barrido,1,,58,-70,-70.139,180.0,1,,D,5.0,45.0,1,15.0,2.0,3,1,315.0,-50.778,-52.512,75.0,-63.494,-64.246,120.0,-63.442,-64.406,,,,,,
2026-08-07T10:58:20.400,53.579,0.218,4722,BD,BARRIDO_DISCRETO,53.0,1,1,O,OFFBOARD,181.0,180.0,1.0,180.0,1,D,3.9,0.65,-0.32,-5.24,19.5124753,-99.1294007,19.5124737,-99.1293983,19.512476,-99.1294019,315.0,1,1,1,A,EN AIRE,S,comenzar_barrido,1,,56,-72,-70.325,180.0,1,,D,5.0,45.0,1,15.0,2.0,3,1,315.0,-50.778,-52.512,75.0,-63.494,-64.246,120.0,-63.442,-64.406,,,,,,
2026-08-07T10:58:20.542,53.722,0.0,4722,BD,BARRIDO_DISCRETO,53.0,1,1,O,OFFBOARD,179.3,180.0,-0.7,180.0,1,D,3.9,0.63,-0.31,-5.23,19.5124752,-99.1294006,19.5124737,-99.1293983,19.512476,-99.1294019,315.0,1,1,1,A,EN AIRE,S,comenzar_barrido,1,,58,-70,-70.292,180.0,1,,D,5.0,45.0,1,15.0,2.0,3,1,315.0,-50.778,-52.512,75.0,-63.494,-64.246,120.0,-63.442,-64.406,,,,,,
2026-08-07T10:58:20.630,53.81,0.094,4722,BD,BARRIDO_DISCRETO,53.0,1,1,O,OFFBOARD,179.3,180.0,-0.7,180.0,1,D,3.9,0.63,-0.31,-5.23,19.5124752,-99.1294006,19.5124737,-99.1293983,19.512476,-99.1294019,315.0,1,1,1,A,EN AIRE,S,comenzar_barrido,1,,61,-67,-69.963,180.0,1,,D,5.0,45.0,1,15.0,2.0,3,1,315.0,-50.778,-52.512,75.0,-63.494,-64.246,120.0,-63.442,-64.406,,,,,,
2026-08-07T10:58:20.812,53.991,0.172,4722,BD,BARRIDO_DISCRETO,53.0,1,1,O,OFFBOARD,179.5,180.0,-0.5,180.0,1,D,3.9,0.62,-0.29,-5.22,19.5124751,-99.1294005,19.5124737,-99.1293983,19.512476,-99.1294019,315.0,1,1,1,A,EN AIRE,S,comenzar_barrido,1,,60,-68,-69.767,180.0,1,,D,5.0,45.0,1,15.0,2.0,3,1,315.0,-50.778,-52.512,75.0,-63.494,-64.246,120.0,-63.442,-64.406,,,,,,
2026-08-07T10:58:20.900,54.08,0.25,4722,BD,BARRIDO_DISCRETO,53.0,1,1,O,OFFBOARD,179.5,180.0,-0.5,180.0,1,D,3.9,0.62,-0.29,-5.22,19.5124751,-99.1294005,19.5124737,-99.1293983,19.512476,-99.1294019,315.0,1,1,1,A,EN AIRE,S,comenzar_barrido,1,,58,-70,-69.79,180.0,1,,D,5.0,45.0,1,15.0,2.0,3,1,315.0,-50.778,-52.512,75.0,-63.494,-64.246,120.0,-63.442,-64.406,,,,,,
2026-08-07T10:58:21.154,54.333,0.516,4722,BD,BARRIDO_DISCRETO,53.0,1,1,O,OFFBOARD,179.5,180.0,-0.5,180.0,1,D,3.9,0.62,-0.29,-5.22,19.5124751,-99.1294005,19.5124737,-99.1293983,19.512476,-99.1294019,315.0,1,1,1,A,EN AIRE,S,comenzar_barrido,1,,58,-70,-69.811,180.0,1,,D,5.0,45.0,1,15.0,2.0,3,1,315.0,-50.778,-52.512,75.0,-63.494,-64.246,120.0,-63.442,-64.406,,,,,,
2026-08-07T10:58:21.261,54.441,0.0,4722,BD,BARRIDO_DISCRETO,53.0,1,1,O,OFFBOARD,180.7,180.0,0.7,180.0,1,D,3.8,0.6,-0.26,-5.2,19.5124749,-99.1294001,19.5124737,-99.1293983,19.512476,-99.1294019,315.0,1,1,1,A,EN AIRE,S,comenzar_barrido,1,,59,-69,-69.73,180.0,1,,D,5.0,45.0,1,15.0,2.0,3,1,315.0,-50.778,-52.512,75.0,-63.494,-64.246,120.0,-63.442,-64.406,,,,,,
2026-08-07T10:58:21.451,54.63,0.203,4722,BD,BARRIDO_DISCRETO,53.0,1,1,O,OFFBOARD,180.7,180.0,0.7,180.0,1,D,3.8,0.6,-0.26,-5.2,19.5124749,-99.1294001,19.5124737,-99.1293983,19.512476,-99.1294019,315.0,1,1,1,A,EN AIRE,S,comenzar_barrido,1,,60,-68,-69.557,180.0,1,,D,5.0,45.0,1,15.0,2.0,3,1,315.0,-50.778,-52.512,75.0,-63.494,-64.246,120.0,-63.442,-64.406,,,,,,
2026-08-07T10:58:21.452,54.631,0.203,4722,BD,BARRIDO_DISCRETO,53.0,1,1,O,OFFBOARD,180.7,180.0,0.7,180.0,1,D,3.8,0.6,-0.26,-5.2,19.5124749,-99.1294001,19.5124737,-99.1293983,19.512476,-99.1294019,315.0,1,1,1,A,EN AIRE,S,comenzar_barrido,1,,61,-67,-69.301,180.0,1,,D,5.0,45.0,1,15.0,2.0,3,1,315.0,-50.778,-52.512,75.0,-63.494,-64.246,120.0,-63.442,-64.406,,,,,,
2026-08-07T10:58:21.617,54.796,0.078,4722,BD,BARRIDO_DISCRETO,53.0,1,1,O,OFFBOARD,180.5,180.0,0.5,180.0,1,D,3.8,0.6,-0.25,-5.19,19.5124749,-99.1294001,19.5124737,-99.1293983,19.512476,-99.1294019,315.0,1,1,1,A,EN AIRE,S,comenzar_barrido,1,,61,-67,-69.071,180.0,1,,D,5.0,45.0,1,15.0,2.0,3,1,315.0,-50.778,-52.512,75.0,-63.494,-64.246,120.0,-63.442,-64.406,,,,,,
2026-08-07T10:58:21.748,54.928,0.11,4722,BD,BARRIDO_DISCRETO,53.0,1,1,O,OFFBOARD,179.4,180.0,-0.6,180.0,1,D,3.8,0.61,-0.24,-5.18,19.512475,-99.1294,19.5124737,-99.1293983,19.512476,-99.1294019,315.0,1,1,1,A,EN AIRE,S,comenzar_barrido,1,,59,-69,-69.064,180.0,1,,D,5.0,45.0,1,15.0,2.0,3,1,315.0,-50.778,-52.512,75.0,-63.494,-64.246,120.0,-63.442,-64.406,,,,,,
2026-08-07T10:58:21.891,55.071,0.25,4722,BD,BARRIDO_DISCRETO,53.0,1,1,O,OFFBOARD,179.4,180.0,-0.6,180.0,1,D,3.8,0.61,-0.24,-5.18,19.512475,-99.1294,19.5124737,-99.1293983,19.512476,-99.1294019,315.0,1,1,1,A,EN AIRE,S,comenzar_barrido,1,,59,-69,-69.058,180.0,1,,D,5.0,45.0,1,15.0,2.0,3,1,315.0,-50.778,-52.512,75.0,-63.494,-64.246,120.0,-63.442,-64.406,,,,,,
2026-08-07T10:58:21.980,55.159,0.079,4722,BD,BARRIDO_DISCRETO,53.0,1,1,O,OFFBOARD,179.5,182.5,-3.0,,0,D,3.8,0.61,-0.24,-5.18,19.512475,-99.1293999,19.5124737,-99.1293983,19.512476,-99.1294019,315.0,1,1,1,A,EN AIRE,S,comenzar_barrido,1,,58,-70,-69.152,,0,ma0,D,5.0,45.0,1,15.0,2.0,3,1,315.0,-50.778,-52.512,75.0,-63.494,-64.246,120.0,-63.442,-64.406,,,,,,
2026-08-07T10:58:22.142,55.322,0.25,4722,BD,BARRIDO_DISCRETO,53.0,1,1,O,OFFBOARD,179.5,182.5,-3.0,,0,D,3.8,0.61,-0.24,-5.18,19.512475,-99.1293999,19.5124737,-99.1293983,19.512476,-99.1294019,315.0,1,1,1,A,EN AIRE,S,comenzar_barrido,1,,55,-73,-69.537,,0,ma0,D,5.0,45.0,1,15.0,2.0,3,1,315.0,-50.778,-52.512,75.0,-63.494,-64.246,120.0,-63.442,-64.406,,,,,,
2026-08-07T10:58:22.234,55.413,0.094,4722,BD,BARRIDO_DISCRETO,53.0,1,1,O,OFFBOARD,181.1,192.5,-11.4,,0,D,3.8,0.61,-0.23,-5.17,19.512475,-99.1293998,19.5124737,-99.1293983,19.512476,-99.1294019,315.0,1,1,1,A,EN AIRE,S,comenzar_barrido,1,,55,-73,-69.883,,0,ma0,D,5.0,45.0,1,15.0,2.0,3,1,315.0,-50.778,-52.512,75.0,-63.494,-64.246,120.0,-63.442,-64.406,,,,,,
2026-08-07T10:58:22.399,55.579,0.25,4722,BD,BARRIDO_DISCRETO,53.0,1,1,O,OFFBOARD,181.1,192.5,-11.4,,0,D,3.8,0.61,-0.23,-5.17,19.512475,-99.1293998,19.5124737,-99.1293983,19.512476,-99.1294019,315.0,1,1,1,A,EN AIRE,S,comenzar_barrido,1,,57,-71,-69.995,,0,ma0,D,5.0,45.0,1,15.0,2.0,3,1,315.0,-50.778,-52.512,75.0,-63.494,-64.246,120.0,-63.442,-64.406,,,,,,
2026-08-07T10:58:22.487,55.667,0.094,4722,BD,BARRIDO_DISCRETO,55.9,1,1,O,OFFBOARD,191.8,195.0,-3.2,195.0,1,D,3.8,0.61,-0.23,-5.15,19.5124751,-99.1293998,19.5124737,-99.1293983,19.512476,-99.1294019,315.0,1,1,1,A,EN AIRE,S,comenzar_barrido,1,,59,-69,-69.895,195.0,1,,D,5.0,45.0,1,15.0,2.0,3,1,315.0,-50.778,-52.512,75.0,-63.494,-64.246,120.0,-63.442,-64.406,,,,,,
2026-08-07T10:58:22.646,55.826,0.25,4722,BD,BARRIDO_DISCRETO,55.9,1,1,O,OFFBOARD,191.8,195.0,-3.2,195.0,1,D,3.8,0.61,-0.23,-5.15,19.5124751,-99.1293998,19.5124737,-99.1293983,19.512476,-99.1294019,315.0,1,1,1,A,EN AIRE,S,comenzar_barrido,1,,60,-68,-69.706,195.0,1,,D,5.0,45.0,1,15.0,2.0,3,1,315.0,-50.778,-52.512,75.0,-63.494,-64.246,120.0,-63.442,-64.406,,,,,,
2026-08-07T10:58:22.823,56.002,0.0,4722,BD,BARRIDO_DISCRETO,55.9,1,1,O,OFFBOARD,197.9,195.0,2.9,195.0,1,D,3.8,0.62,-0.23,-5.16,19.5124751,-99.1294,19.5124737,-99.1293983,19.512476,-99.1294019,315.0,1,1,1,A,EN AIRE,S,comenzar_barrido,1,,60,-68,-69.535,195.0,1,,D,5.0,45.0,1,15.0,2.0,3,1,315.0,-50.778,-52.512,75.0,-63.494,-64.246,120.0,-63.442,-64.406,,,,,,
2026-08-07T10:58:22.905,56.085,0.094,4722,BD,BARRIDO_DISCRETO,55.9,1,1,O,OFFBOARD,197.9,195.0,2.9,195.0,1,D,3.8,0.62,-0.23,-5.16,19.5124751,-99.1294,19.5124737,-99.1293983,19.512476,-99.1294019,315.0,1,1,1,A,EN AIRE,S,comenzar_barrido,1,,59,-69,-69.482,195.0,1,,D,5.0,45.0,1,15.0,2.0,3,1,315.0,-50.778,-52.512,75.0,-63.494,-64.246,120.0,-63.442,-64.406,,,,,,
2026-08-07T10:58:23.172,56.352,0.25,4722,BD,BARRIDO_DISCRETO,55.9,1,1,O,OFFBOARD,197.8,195.0,2.8,195.0,1,D,3.8,0.62,-0.25,-5.18,19.5124751,-99.1294001,19.5124737,-99.1293983,19.512476,-99.1294019,315.0,1,1,1,A,EN AIRE,S,comenzar_barrido,1,,57,-71,-69.633,195.0,1,,D,5.0,45.0,1,15.0,2.0,3,1,315.0,-50.778,-52.512,75.0,-63.494,-64.246,120.0,-63.442,-64.406,,,,,,
2026-08-07T10:58:23.427,56.607,0.25,4722,BD,BARRIDO_DISCRETO,55.9,1,1,O,OFFBOARD,195.6,195.0,0.6,195.0,1,D,3.8,0.63,-0.27,-5.19,19.5124752,-99.1294002,19.5124737,-99.1293983,19.512476,-99.1294019,315.0,1,1,1,A,EN AIRE,S,comenzar_barrido,1,,57,-71,-69.77,195.0,1,,D,5.0,45.0,1,15.0,2.0,3,1,315.0,-50.778,-52.512,75.0,-63.494,-64.246,120.0,-63.442,-64.406,,,,,,
2026-08-07T10:58:23.427,56.607,0.25,4722,BD,BARRIDO_DISCRETO,55.9,1,1,O,OFFBOARD,195.6,195.0,0.6,195.0,1,D,3.8,0.63,-0.27,-5.19,19.5124752,-99.1294002,19.5124737,-99.1293983,19.512476,-99.1294019,315.0,1,1,1,A,EN AIRE,S,comenzar_barrido,1,,58,-70,-69.793,195.0,1,,D,5.0,45.0,1,15.0,2.0,3,1,315.0,-50.778,-52.512,75.0,-63.494,-64.246,120.0,-63.442,-64.406,,,,,,
2026-08-07T10:58:23.518,56.697,0.093,4722,BD,BARRIDO_DISCRETO,55.9,1,1,O,OFFBOARD,194.5,195.0,-0.5,195.0,1,D,3.8,0.63,-0.27,-5.19,19.5124752,-99.1294003,19.5124737,-99.1293983,19.512476,-99.1294019,315.0,1,1,1,A,EN AIRE,S,comenzar_barrido,1,,58,-70,-69.814,195.0,1,,D,5.0,45.0,1,15.0,2.0,3,1,315.0,-50.778,-52.512,75.0,-63.494,-64.246,120.0,-63.442,-64.406,,,,,,
2026-08-07T10:58:23.679,56.859,0.25,4722,BD,BARRIDO_DISCRETO,55.9,1,1,O,OFFBOARD,194.5,195.0,-0.5,195.0,1,D,3.8,0.63,-0.27,-5.19,19.5124752,-99.1294003,19.5124737,-99.1293983,19.512476,-99.1294019,315.0,1,1,1,A,EN AIRE,S,comenzar_barrido,1,,59,-69,-69.732,195.0,1,,D,5.0,45.0,1,15.0,2.0,3,1,315.0,-50.778,-52.512,75.0,-63.494,-64.246,120.0,-63.442,-64.406,,,,,,
2026-08-07T10:58:23.926,57.106,0.25,4722,BD,BARRIDO_DISCRETO,55.9,1,1,O,OFFBOARD,195.3,195.0,0.3,195.0,1,D,3.8,0.63,-0.27,-5.17,19.5124752,-99.1294003,19.5124737,-99.1293983,19.512476,-99.1294019,315.0,1,1,1,A,EN AIRE,S,comenzar_barrido,1,,59,-69,-69.659,195.0,1,,D,5.0,45.0,1,15.0,2.0,3,1,315.0,-50.778,-52.512,75.0,-63.494,-64.246,120.0,-63.442,-64.406,,,,,,
2026-08-07T10:58:24.175,57.355,0.25,4722,BD,BARRIDO_DISCRETO,55.9,1,1,O,OFFBOARD,195.2,195.0,0.2,195.0,1,D,3.8,0.63,-0.28,-5.16,19.5124752,-99.1294003,19.5124737,-99.1293983,19.512476,-99.1294019,315.0,1,1,1,A,EN AIRE,S,comenzar_barrido,1,,59,-69,-69.593,195.0,1,,D,5.0,45.0,1,15.0,2.0,3,1,315.0,-50.778,-52.512,75.0,-63.494,-64.246,120.0,-63.442,-64.406,,,,,,
2026-08-07T10:58:24.261,57.441,0.078,4722,BD,BARRIDO_DISCRETO,55.9,1,1,O,OFFBOARD,195.3,195.0,0.3,195.0,1,D,3.8,0.63,-0.29,-5.16,19.5124752,-99.1294004,19.5124737,-99.1293983,19.512476,-99.1294019,315.0,1,1,1,A,EN AIRE,S,comenzar_barrido,1,,60,-68,-69.434,195.0,1,,D,5.0,45.0,1,15.0,2.0,3,1,315.0,-50.778,-52.512,75.0,-63.494,-64.246,120.0,-63.442,-64.406,,,,,,
2026-08-07T10:58:24.422,57.602,0.25,4722,BD,BARRIDO_DISCRETO,55.9,1,1,O,OFFBOARD,195.3,195.0,0.3,195.0,1,D,3.8,0.63,-0.29,-5.16,19.5124752,-99.1294004,19.5124737,-99.1293983,19.512476,-99.1294019,315.0,1,1,1,A,EN AIRE,S,comenzar_barrido,1,,59,-69,-69.391,195.0,1,,D,5.0,45.0,1,15.0,2.0,3,1,315.0,-50.778,-52.512,75.0,-63.494,-64.246,120.0,-63.442,-64.406,,,,,,
2026-08-07T10:58:24.522,57.701,0.093,4722,BD,BARRIDO_DISCRETO,55.9,1,1,O,OFFBOARD,194.7,195.0,-0.3,195.0,1,D,3.8,0.63,-0.29,-5.16,19.5124752,-99.1294005,19.5124737,-99.1293983,19.512476,-99.1294019,315.0,1,1,1,A,EN AIRE,S,comenzar_barrido,1,,59,-69,-69.351,195.0,1,,D,5.0,45.0,1,15.0,2.0,3,1,315.0,-50.778,-52.512,75.0,-63.494,-64.246,120.0,-63.442,-64.406,,,,,,
2026-08-07T10:58:24.694,57.874,0.265,4722,BD,BARRIDO_DISCRETO,55.9,1,1,O,OFFBOARD,194.7,195.0,-0.3,195.0,1,D,3.8,0.63,-0.29,-5.16,19.5124752,-99.1294005,19.5124737,-99.1293983,19.512476,-99.1294019,315.0,1,1,1,A,EN AIRE,S,comenzar_barrido,1,,59,-69,-69.316,195.0,1,,D,5.0,45.0,1,15.0,2.0,3,1,315.0,-50.778,-52.512,75.0,-63.494,-64.246,120.0,-63.442,-64.406,,,,,,
2026-08-07T10:58:24.785,57.965,0.094,4722,BD,BARRIDO_DISCRETO,55.9,1,1,O,OFFBOARD,194.6,195.0,-0.4,195.0,1,D,3.8,0.63,-0.3,-5.16,19.5124752,-99.1294005,19.5124737,-99.1293983,19.512476,-99.1294019,315.0,1,1,1,A,EN AIRE,S,comenzar_barrido,1,,60,-68,-69.185,195.0,1,,D,5.0,45.0,1,15.0,2.0,3,1,315.0,-50.778,-52.512,75.0,-63.494,-64.246,120.0,-63.442,-64.406,,,,,,
2026-08-07T10:58:24.951,58.131,0.266,4722,BD,BARRIDO_DISCRETO,55.9,1,1,O,OFFBOARD,194.6,195.0,-0.4,195.0,1,D,3.8,0.63,-0.3,-5.16,19.5124752,-99.1294005,19.5124737,-99.1293983,19.512476,-99.1294019,315.0,1,1,1,A,EN AIRE,S,comenzar_barrido,1,,61,-67,-68.966,195.0,1,,D,5.0,45.0,1,15.0,2.0,3,1,315.0,-50.778,-52.512,75.0,-63.494,-64.246,120.0,-63.442,-64.406,,,,,,
2026-08-07T10:58:25.042,58.221,0.078,4722,BD,BARRIDO_DISCRETO,55.9,1,1,O,OFFBOARD,194.8,200.0,-5.2,,0,D,3.8,0.63,-0.3,-5.15,19.5124752,-99.1294005,19.5124737,-99.1293983,19.512476,-99.1294019,315.0,1,1,1,A,EN AIRE,S,comenzar_barrido,1,,62,-66,-68.67,,0,ma0,D,5.0,45.0,1,15.0,2.0,3,1,315.0,-50.778,-52.512,75.0,-63.494,-64.246,120.0,-63.442,-64.406,,,,,,
2026-08-07T10:58:25.205,58.385,0.25,4722,BD,BARRIDO_DISCRETO,55.9,1,1,O,OFFBOARD,194.8,200.0,-5.2,,0,D,3.8,0.63,-0.3,-5.15,19.5124752,-99.1294005,19.5124737,-99.1293983,19.512476,-99.1294019,315.0,1,1,1,A,EN AIRE,S,comenzar_barrido,1,,59,-69,-68.703,,0,ma0,D,5.0,45.0,1,15.0,2.0,3,1,315.0,-50.778,-52.512,75.0,-63.494,-64.246,120.0,-63.442,-64.406,,,,,,
2026-08-07T10:58:25.449,58.629,0.234,4722,BD,BARRIDO_DISCRETO,55.9,1,1,O,OFFBOARD,197.5,210.0,-12.5,,0,D,3.8,0.65,-0.29,-5.14,19.5124754,-99.1294004,19.5124737,-99.1293983,19.512476,-99.1294019,315.0,1,1,1,A,EN AIRE,S,comenzar_barrido,1,,50,-78,-69.632,,0,ma0,D,5.0,45.0,1,15.0,2.0,3,1,315.0,-50.778,-52.512,75.0,-63.494,-64.246,120.0,-63.442,-64.406,,,,,,
2026-08-07T10:58:25.449,58.629,0.234,4722,BD,BARRIDO_DISCRETO,55.9,1,1,O,OFFBOARD,197.5,210.0,-12.5,,0,D,3.8,0.65,-0.29,-5.14,19.5124754,-99.1294004,19.5124737,-99.1293983,19.512476,-99.1294019,315.0,1,1,1,A,EN AIRE,S,comenzar_barrido,1,,47,-81,-70.769,,0,ma0,D,5.0,45.0,1,15.0,2.0,3,1,315.0,-50.778,-52.512,75.0,-63.494,-64.246,120.0,-63.442,-64.406,,,,,,
2026-08-07T10:58:25.607,58.787,0.406,4722,BD,BARRIDO_DISCRETO,55.9,1,1,O,OFFBOARD,197.5,210.0,-12.5,,0,D,3.8,0.65,-0.29,-5.14,19.5124754,-99.1294004,19.5124737,-99.1293983,19.512476,-99.1294019,315.0,1,1,1,A,EN AIRE,S,comenzar_barrido,1,,49,-79,-71.592,,0,ma0,D,5.0,45.0,1,15.0,2.0,3,1,315.0,-50.778,-52.512,75.0,-63.494,-64.246,120.0,-63.442,-64.406,,,,,,
2026-08-07T10:58:26.023,59.202,0.156,4722,BD,BARRIDO_DISCRETO,58.8,1,1,O,OFFBOARD,213.2,210.0,3.2,210.0,1,D,3.8,0.66,-0.29,-5.17,19.5124754,-99.1294004,19.5124737,-99.1293983,19.512476,-99.1294019,315.0,1,1,1,A,EN AIRE,S,comenzar_barrido,1,,56,-72,-71.633,210.0,1,,D,5.0,45.0,1,15.0,2.0,3,1,315.0,-50.778,-52.512,75.0,-63.494,-64.246,120.0,-63.442,-64.406,,,,,,
2026-08-07T10:58:26.387,59.567,0.188,4722,BD,BARRIDO_DISCRETO,58.8,1,1,O,OFFBOARD,209.7,210.0,-0.3,210.0,1,D,3.8,0.65,-0.29,-5.18,19.5124754,-99.1294004,19.5124737,-99.1293983,19.512476,-99.1294019,315.0,1,1,1,A,EN AIRE,S,comenzar_barrido,1,,55,-73,-71.77,210.0,1,,D,5.0,45.0,1,15.0,2.0,3,1,315.0,-50.778,-52.512,75.0,-63.494,-64.246,120.0,-63.442,-64.406,,,,,,
2026-08-07T10:58:26.470,59.65,0.016,4722,BD,BARRIDO_DISCRETO,58.8,1,1,O,OFFBOARD,208.0,210.0,-2.0,210.0,1,D,3.8,0.65,-0.28,-5.17,19.5124754,-99.1294003,19.5124737,-99.1293983,19.512476,-99.1294019,315.0,1,1,1,A,EN AIRE,S,comenzar_barrido,1,,55,-73,-71.893,210.0,1,,D,5.0,45.0,1,15.0,2.0,3,1,315.0,-50.778,-52.512,75.0,-63.494,-64.246,120.0,-63.442,-64.406,,,,,,
2026-08-07T10:58:26.654,59.833,0.203,4722,BD,BARRIDO_DISCRETO,58.8,1,1,O,OFFBOARD,208.0,210.0,-2.0,210.0,1,D,3.8,0.65,-0.28,-5.17,19.5124754,-99.1294003,19.5124737,-99.1293983,19.512476,-99.1294019,315.0,1,1,1,A,EN AIRE,S,comenzar_barrido,1,,56,-72,-71.903,210.0,1,,D,5.0,45.0,1,15.0,2.0,3,1,315.0,-50.778,-52.512,75.0,-63.494,-64.246,120.0,-63.442,-64.406,,,,,,
2026-08-07T10:58:26.654,59.833,0.203,4722,BD,BARRIDO_DISCRETO,58.8,1,1,O,OFFBOARD,208.0,210.0,-2.0,210.0,1,D,3.8,0.65,-0.28,-5.17,19.5124754,-99.1294003,19.5124737,-99.1293983,19.512476,-99.1294019,315.0,1,1,1,A,EN AIRE,S,comenzar_barrido,1,,56,-72,-71.913,210.0,1,,D,5.0,45.0,1,15.0,2.0,3,1,315.0,-50.778,-52.512,75.0,-63.494,-64.246,120.0,-63.442,-64.406,,,,,,
2026-08-07T10:58:26.921,60.1,0.203,4722,BD,BARRIDO_DISCRETO,58.8,1,1,O,OFFBOARD,209.1,210.0,-0.9,210.0,1,D,3.8,0.65,-0.28,-5.17,19.5124753,-99.1294002,19.5124737,-99.1293983,19.512476,-99.1294019,315.0,1,1,1,A,EN AIRE,S,comenzar_barrido,1,,57,-71,-71.822,210.0,1,,D,5.0,45.0,1,15.0,2.0,3,1,315.0,-50.778,-52.512,75.0,-63.494,-64.246,120.0,-63.442,-64.406,,,,,,
2026-08-07T10:58:27.083,60.261,0.078,4722,BD,BARRIDO_DISCRETO,58.8,1,1,O,OFFBOARD,209.1,210.0,-0.9,210.0,1,D,3.8,0.64,-0.26,-5.17,19.5124753,-99.1294001,19.5124737,-99.1293983,19.512476,-99.1294019,315.0,1,1,1,A,EN AIRE,S,comenzar_barrido,1,,57,-71,-71.74,210.0,1,,D,5.0,45.0,1,15.0,2.0,3,1,315.0,-50.778,-52.512,75.0,-63.494,-64.246,120.0,-63.442,-64.406,,,,,,
2026-08-07T10:58:27.219,60.399,0.125,4722,BD,BARRIDO_DISCRETO,58.8,1,1,O,OFFBOARD,208.8,210.0,-1.2,210.0,1,D,3.8,0.64,-0.26,-5.16,19.5124753,-99.1294001,19.5124737,-99.1293983,19.512476,-99.1294019,315.0,1,1,1,A,EN AIRE,S,comenzar_barrido,1,,58,-70,-71.566,210.0,1,,D,5.0,45.0,1,15.0,2.0,3,1,315.0,-50.778,-52.512,75.0,-63.494,-64.246,120.0,-63.442,-64.406,,,,,,
2026-08-07T10:58:27.368,60.548,0.265,4722,BD,BARRIDO_DISCRETO,58.8,1,1,O,OFFBOARD,208.8,210.0,-1.2,210.0,1,D,3.8,0.64,-0.26,-5.16,19.5124753,-99.1294001,19.5124737,-99.1293983,19.512476,-99.1294019,315.0,1,1,1,A,EN AIRE,S,comenzar_barrido,1,,57,-71,-71.509,210.0,1,,D,5.0,45.0,1,15.0,2.0,3,1,315.0,-50.778,-52.512,75.0,-63.494,-64.246,120.0,-63.442,-64.406,,,,,,
2026-08-07T10:58:27.624,60.804,0.266,4722,BD,BARRIDO_DISCRETO,58.8,1,1,O,OFFBOARD,209.3,210.0,-0.7,210.0,1,D,3.8,0.64,-0.26,-5.15,19.5124753,-99.1294001,19.5124737,-99.1293983,19.512476,-99.1294019,315.0,1,1,1,A,EN AIRE,S,comenzar_barrido,1,,56,-72,-71.558,210.0,1,,D,5.0,45.0,1,15.0,2.0,3,1,315.0,-50.778,-52.512,75.0,-63.494,-64.246,120.0,-63.442,-64.406,,,,,,
2026-08-07T10:58:27.627,60.806,0.266,4722,BD,BARRIDO_DISCRETO,58.8,1,1,O,OFFBOARD,209.3,210.0,-0.7,210.0,1,D,3.8,0.64,-0.26,-5.15,19.5124753,-99.1294001,19.5124737,-99.1293983,19.512476,-99.1294019,315.0,1,1,1,A,EN AIRE,S,comenzar_barrido,1,,56,-72,-71.602,210.0,1,,D,5.0,45.0,1,15.0,2.0,3,1,315.0,-50.778,-52.512,75.0,-63.494,-64.246,120.0,-63.442,-64.406,,,,,,
2026-08-07T10:58:27.890,61.07,0.171,4722,BD,BARRIDO_DISCRETO,58.8,1,1,O,OFFBOARD,209.2,210.0,-0.8,210.0,1,D,3.8,0.64,-0.26,-5.16,19.5124753,-99.1294001,19.5124737,-99.1293983,19.512476,-99.1294019,315.0,1,1,1,A,EN AIRE,S,comenzar_barrido,1,,55,-73,-71.742,210.0,1,,D,5.0,45.0,1,15.0,2.0,3,1,315.0,-50.778,-52.512,75.0,-63.494,-64.246,120.0,-63.442,-64.406,,,,,,
2026-08-07T10:58:27.890,61.07,0.171,4722,BD,BARRIDO_DISCRETO,58.8,1,1,O,OFFBOARD,209.2,210.0,-0.8,210.0,1,D,3.8,0.64,-0.26,-5.16,19.5124753,-99.1294001,19.5124737,-99.1293983,19.512476,-99.1294019,315.0,1,1,1,A,EN AIRE,S,comenzar_barrido,1,,63,-65,-71.068,210.0,1,,D,5.0,45.0,1,15.0,2.0,3,1,315.0,-50.778,-52.512,75.0,-63.494,-64.246,120.0,-63.442,-64.406,,,,,,
2026-08-07T10:58:28.142,61.321,0.25,4722,BD,BARRIDO_DISCRETO,58.8,1,1,O,OFFBOARD,208.9,217.5,-8.6,,0,D,3.8,0.64,-0.26,-5.16,19.5124753,-99.1294001,19.5124737,-99.1293983,19.512476,-99.1294019,315.0,1,1,1,A,EN AIRE,S,comenzar_barrido,1,,49,-79,-71.861,,0,ma0,D,5.0,45.0,1,15.0,2.0,3,1,315.0,-50.778,-52.512,75.0,-63.494,-64.246,120.0,-63.442,-64.406,,,,,,
2026-08-07T10:58:28.388,61.568,0.25,4722,BD,BARRIDO_DISCRETO,61.8,1,1,O,OFFBOARD,214.8,225.0,-10.2,225.0,1,D,3.8,0.64,-0.25,-5.16,19.5124753,-99.1294001,19.5124737,-99.1293983,19.512476,-99.1294019,315.0,1,1,1,A,EN AIRE,S,comenzar_barrido,1,,55,-73,-71.975,225.0,1,,D,5.0,45.0,1,15.0,2.0,3,1,315.0,-50.778,-52.512,75.0,-63.494,-64.246,120.0,-63.442,-64.406,,,,,,
2026-08-07T10:58:28.388,61.568,0.25,4722,BD,BARRIDO_DISCRETO,61.8,1,1,O,OFFBOARD,214.8,225.0,-10.2,225.0,1,D,3.8,0.64,-0.25,-5.16,19.5124753,-99.1294001,19.5124737,-99.1293983,19.512476,-99.1294019,315.0,1,1,1,A,EN AIRE,S,comenzar_barrido,1,,56,-72,-71.978,225.0,1,,D,5.0,45.0,1,15.0,2.0,3,1,315.0,-50.778,-52.512,75.0,-63.494,-64.246,120.0,-63.442,-64.406,,,,,,
2026-08-07T10:58:28.635,61.814,0.235,4722,BD,BARRIDO_DISCRETO,61.8,1,1,O,OFFBOARD,223.1,225.0,-1.9,225.0,1,D,3.8,0.64,-0.25,-5.17,19.5124754,-99.1294001,19.5124737,-99.1293983,19.512476,-99.1294019,315.0,1,1,1,A,EN AIRE,S,comenzar_barrido,1,,55,-73,-72.08,225.0,1,,D,5.0,45.0,1,15.0,2.0,3,1,315.0,-50.778,-52.512,75.0,-63.494,-64.246,120.0,-63.442,-64.406,,,,,,
2026-08-07T10:58:28.635,61.815,0.235,4722,BD,BARRIDO_DISCRETO,61.8,1,1,O,OFFBOARD,223.1,225.0,-1.9,225.0,1,D,3.8,0.64,-0.25,-5.17,19.5124754,-99.1294001,19.5124737,-99.1293983,19.512476,-99.1294019,315.0,1,1,1,A,EN AIRE,S,comenzar_barrido,1,,56,-72,-72.072,225.0,1,,D,5.0,45.0,1,15.0,2.0,3,1,315.0,-50.778,-52.512,75.0,-63.494,-64.246,120.0,-63.442,-64.406,,,,,,
2026-08-07T10:58:28.880,62.06,0.25,4722,BD,BARRIDO_DISCRETO,61.8,1,1,O,OFFBOARD,228.6,225.0,3.6,225.0,1,D,3.8,0.65,-0.26,-5.18,19.5124754,-99.1294002,19.5124737,-99.1293983,19.512476,-99.1294019,315.0,1,1,1,A,EN AIRE,S,comenzar_barrido,1,,55,-73,-72.165,225.0,1,,D,5.0,45.0,1,15.0,2.0,3,1,315.0,-50.778,-52.512,75.0,-63.494,-64.246,120.0,-63.442,-64.406,,,,,,
2026-08-07T10:58:29.127,62.306,0.25,4722,BD,BARRIDO_DISCRETO,61.8,1,1,O,OFFBOARD,226.6,225.0,1.6,225.0,1,D,3.8,0.66,-0.28,-5.18,19.5124755,-99.1294003,19.5124737,-99.1293983,19.512476,-99.1294019,315.0,1,1,1,A,EN AIRE,S,comenzar_barrido,1,,57,-71,-72.048,225.0,1,,D,5.0,45.0,1,15.0,2.0,3,1,315.0,-50.778,-52.512,75.0,-63.494,-64.246,120.0,-63.442,-64.406,,,,,,
2026-08-07T10:58:29.127,62.306,0.25,4722,BD,BARRIDO_DISCRETO,61.8,1,1,O,OFFBOARD,226.6,225.0,1.6,225.0,1,D,3.8,0.66,-0.28,-5.18,19.5124755,-99.1294003,19.5124737,-99.1293983,19.512476,-99.1294019,315.0,1,1,1,A,EN AIRE,S,comenzar_barrido,1,,58,-70,-71.843,225.0,1,,D,5.0,45.0,1,15.0,2.0,3,1,315.0,-50.778,-52.512,75.0,-63.494,-64.246,120.0,-63.442,-64.406,,,,,,
2026-08-07T10:58:29.370,62.55,0.234,4722,BD,BARRIDO_DISCRETO,61.8,1,1,O,OFFBOARD,223.7,225.0,-1.3,225.0,1,D,3.8,0.66,-0.28,-5.18,19.5124757,-99.1294005,19.5124737,-99.1293983,19.512476,-99.1294019,315.0,1,1,1,A,EN AIRE,S,comenzar_barrido,1,,59,-69,-71.559,225.0,1,,D,5.0,45.0,1,15.0,2.0,3,1,315.0,-50.778,-52.512,75.0,-63.494,-64.246,120.0,-63.442,-64.406,,,,,,
2026-08-07T10:58:29.370,62.55,0.234,4722,BD,BARRIDO_DISCRETO,61.8,1,1,O,OFFBOARD,223.7,225.0,-1.3,225.0,1,D,3.8,0.66,-0.28,-5.18,19.5124757,-99.1294005,19.5124737,-99.1293983,19.512476,-99.1294019,315.0,1,1,1,A,EN AIRE,S,comenzar_barrido,1,,59,-69,-71.303,225.0,1,,D,5.0,45.0,1,15.0,2.0,3,1,315.0,-50.778,-52.512,75.0,-63.494,-64.246,120.0,-63.442,-64.406,,,,,,
2026-08-07T10:58:29.537,62.717,0.0,4722,BD,BARRIDO_DISCRETO,61.8,1,1,O,OFFBOARD,224.0,225.0,-1.0,225.0,1,D,3.8,0.68,-0.3,-5.17,19.5124758,-99.1294005,19.5124737,-99.1293983,19.512476,-99.1294019,315.0,1,1,1,A,EN AIRE,S,comenzar_barrido,1,,58,-70,-71.173,225.0,1,,D,5.0,45.0,1,15.0,2.0,3,1,315.0,-50.778,-52.512,75.0,-63.494,-64.246,120.0,-63.442,-64.406,,,,,,
2026-08-07T10:58:29.621,62.801,0.078,4722,BD,BARRIDO_DISCRETO,61.8,1,1,O,OFFBOARD,224.0,225.0,-1.0,225.0,1,D,3.8,0.68,-0.3,-5.17,19.5124758,-99.1294005,19.5124737,-99.1293983,19.512476,-99.1294019,315.0,1,1,1,A,EN AIRE,S,comenzar_barrido,1,,58,-70,-71.056,225.0,1,,D,5.0,45.0,1,15.0,2.0,3,1,315.0,-50.778,-52.512,75.0,-63.494,-64.246,120.0,-63.442,-64.406,,,,,,
2026-08-07T10:58:29.749,62.928,0.11,4722,BD,BARRIDO_DISCRETO,61.8,1,1,O,OFFBOARD,224.8,225.0,-0.2,225.0,1,D,3.8,0.7,-0.31,-5.16,19.5124758,-99.1294006,19.5124737,-99.1293983,19.512476,-99.1294019,315.0,1,1,1,A,EN AIRE,S,comenzar_barrido,1,,58,-70,-70.95,225.0,1,,D,5.0,45.0,1,15.0,2.0,3,1,315.0,-50.778,-52.512,75.0,-63.494,-64.246,120.0,-63.442,-64.406,,,,,,
2026-08-07T10:58:29.893,63.073,0.25,4722,BD,BARRIDO_DISCRETO,61.8,1,1,O,OFFBOARD,224.8,225.0,-0.2,225.0,1,D,3.8,0.7,-0.31,-5.16,19.5124758,-99.1294006,19.5124737,-99.1293983,19.512476,-99.1294019,315.0,1,1,1,A,EN AIRE,S,comenzar_barrido,1,,58,-70,-70.855,225.0,1,,D,5.0,45.0,1,15.0,2.0,3,1,315.0,-50.778,-52.512,75.0,-63.494,-64.246,120.0,-63.442,-64.406,,,,,,
2026-08-07T10:58:29.984,63.164,0.094,4722,BD,BARRIDO_DISCRETO,61.8,1,1,O,OFFBOARD,226.4,225.0,1.4,225.0,1,D,3.8,0.71,-0.32,-5.16,19.5124759,-99.1294007,19.5124737,-99.1293983,19.512476,-99.1294019,315.0,1,1,1,A,EN AIRE,S,comenzar_barrido,1,,57,-71,-70.869,225.0,1,,D,5.0,45.0,1,15.0,2.0,3,1,315.0,-50.778,-52.512,75.0,-63.494,-64.246,120.0,-63.442,-64.406,,,,,,
2026-08-07T10:58:30.151,63.331,0.25,4722,BD,BARRIDO_DISCRETO,61.8,1,1,O,OFFBOARD,226.4,225.0,1.4,225.0,1,D,3.8,0.71,-0.32,-5.16,19.5124759,-99.1294007,19.5124737,-99.1293983,19.512476,-99.1294019,315.0,1,1,1,A,EN AIRE,S,comenzar_barrido,1,,56,-72,-70.983,225.0,1,,D,5.0,45.0,1,15.0,2.0,3,1,315.0,-50.778,-52.512,75.0,-63.494,-64.246,120.0,-63.442,-64.406,,,,,,
2026-08-07T10:58:30.239,63.419,0.094,4722,BD,BARRIDO_DISCRETO,61.8,1,1,O,OFFBOARD,226.0,225.0,1.0,225.0,1,D,3.8,0.71,-0.32,-5.16,19.5124759,-99.1294008,19.5124737,-99.1293983,19.512476,-99.1294019,315.0,1,1,1,A,EN AIRE,S,comenzar_barrido,1,,57,-71,-70.984,225.0,1,,D,5.0,45.0,1,15.0,2.0,3,1,315.0,-50.778,-52.512,75.0,-63.494,-64.246,120.0,-63.442,-64.406,,,,,,
2026-08-07T10:58:30.402,63.582,0.25,4722,BD,BARRIDO_DISCRETO,61.8,1,1,O,OFFBOARD,226.0,225.0,1.0,225.0,1,D,3.8,0.71,-0.32,-5.16,19.5124759,-99.1294008,19.5124737,-99.1293983,19.512476,-99.1294019,315.0,1,1,1,A,EN AIRE,S,comenzar_barrido,1,,56,-72,-71.086,225.0,1,,D,5.0,45.0,1,15.0,2.0,3,1,315.0,-50.778,-52.512,75.0,-63.494,-64.246,120.0,-63.442,-64.406,,,,,,
2026-08-07T10:58:30.490,63.669,0.094,4722,BD,BARRIDO_DISCRETO,61.8,1,1,O,OFFBOARD,225.2,225.0,0.2,225.0,1,D,3.8,0.7,-0.33,-5.17,19.5124759,-99.1294008,19.5124737,-99.1293983,19.512476,-99.1294019,315.0,1,1,1,A,EN AIRE,S,comenzar_barrido,1,,56,-72,-71.177,225.0,1,,D,5.0,45.0,1,15.0,2.0,3,1,315.0,-50.778,-52.512,75.0,-63.494,-64.246,120.0,-63.442,-64.406,,,,,,
2026-08-07T10:58:30.652,63.832,0.25,4722,BD,BARRIDO_DISCRETO,61.8,1,1,O,OFFBOARD,225.2,225.0,0.2,225.0,1,D,3.8,0.7,-0.33,-5.17,19.5124759,-99.1294008,19.5124737,-99.1293983,19.512476,-99.1294019,315.0,1,1,1,A,EN AIRE,S,comenzar_barrido,1,,56,-72,-71.26,225.0,1,,D,5.0,45.0,1,15.0,2.0,3,1,315.0,-50.778,-52.512,75.0,-63.494,-64.246,120.0,-63.442,-64.406,,,,,,
2026-08-07T10:58:30.903,64.082,0.25,4722,BD,BARRIDO_DISCRETO,61.8,1,1,O,OFFBOARD,224.6,225.0,-0.4,,0,D,3.8,0.7,-0.33,-5.18,19.5124758,-99.1294008,19.5124737,-99.1293983,19.512476,-99.1294019,315.0,1,1,1,A,EN AIRE,S,comenzar_barrido,1,,54,-74,-71.534,,0,ma0,D,5.0,45.0,1,15.0,2.0,3,1,315.0,-50.778,-52.512,75.0,-63.494,-64.246,120.0,-63.442,-64.406,,,,,,
2026-08-07T10:58:31.146,64.326,0.25,4722,BD,BARRIDO_DISCRETO,61.8,1,1,O,OFFBOARD,224.7,235.0,-10.3,,0,D,3.8,0.69,-0.33,-5.18,19.5124758,-99.1294008,19.5124737,-99.1293983,19.512476,-99.1294019,315.0,1,1,1,A,EN AIRE,S,comenzar_barrido,1,,59,-69,-71.28,,0,ma0,D,5.0,45.0,1,15.0,2.0,3,1,315.0,-50.778,-52.512,75.0,-63.494,-64.246,120.0,-63.442,-64.406,,,,,,
2026-08-07T10:58:31.408,64.588,0.266,4722,BD,BARRIDO_DISCRETO,64.7,1,1,O,OFFBOARD,231.8,240.0,-8.2,240.0,1,D,3.8,0.68,-0.33,-5.19,19.5124757,-99.1294008,19.5124737,-99.1293983,19.512476,-99.1294019,315.0,1,1,1,A,EN AIRE,S,comenzar_barrido,1,,58,-70,-71.152,240.0,1,,D,5.0,45.0,1,15.0,2.0,3,1,315.0,-50.778,-52.512,75.0,-63.494,-64.246,120.0,-63.442,-64.406,,,,,,
2026-08-07T10:58:31.408,64.588,0.266,4722,BD,BARRIDO_DISCRETO,64.7,1,1,O,OFFBOARD,231.8,240.0,-8.2,240.0,1,D,3.8,0.68,-0.33,-5.19,19.5124757,-99.1294008,19.5124737,-99.1293983,19.512476,-99.1294019,315.0,1,1,1,A,EN AIRE,S,comenzar_barrido,1,,58,-70,-71.037,240.0,1,,D,5.0,45.0,1,15.0,2.0,3,1,315.0,-50.778,-52.512,75.0,-63.494,-64.246,120.0,-63.442,-64.406,,,,,,
2026-08-07T10:58:31.656,64.836,0.25,4722,BD,BARRIDO_DISCRETO,64.7,1,1,O,OFFBOARD,239.8,240.0,-0.2,240.0,1,D,3.8,0.68,-0.33,-5.19,19.5124756,-99.1294008,19.5124737,-99.1293983,19.512476,-99.1294019,315.0,1,1,1,A,EN AIRE,S,comenzar_barrido,1,,59,-69,-70.833,240.0,1,,D,5.0,45.0,1,15.0,2.0,3,1,315.0,-50.778,-52.512,75.0,-63.494,-64.246,120.0,-63.442,-64.406,,,,,,
2026-08-07T10:58:31.657,64.837,0.25,4722,BD,BARRIDO_DISCRETO,64.7,1,1,O,OFFBOARD,239.8,240.0,-0.2,240.0,1,D,3.8,0.68,-0.33,-5.19,19.5124756,-99.1294008,19.5124737,-99.1293983,19.512476,-99.1294019,315.0,1,1,1,A,EN AIRE,S,comenzar_barrido,1,,59,-69,-70.65,240.0,1,,D,5.0,45.0,1,15.0,2.0,3,1,315.0,-50.778,-52.512,75.0,-63.494,-64.246,120.0,-63.442,-64.406,,,,,,
2026-08-07T10:58:31.745,64.925,0.078,4722,BD,BARRIDO_DISCRETO,64.7,1,1,O,OFFBOARD,243.5,240.0,3.5,240.0,1,D,3.8,0.67,-0.32,-5.21,19.5124756,-99.1294007,19.5124737,-99.1293983,19.512476,-99.1294019,315.0,1,1,1,A,EN AIRE,S,comenzar_barrido,1,,60,-68,-70.385,240.0,1,,D,5.0,45.0,1,15.0,2.0,3,1,315.0,-50.778,-52.512,75.0,-63.494,-64.246,120.0,-63.442,-64.406,,,,,,
2026-08-07T10:58:31.905,65.084,0.25,4722,BD,BARRIDO_DISCRETO,64.7,1,1,O,OFFBOARD,243.5,240.0,3.5,240.0,1,D,3.8,0.67,-0.32,-5.21,19.5124756,-99.1294007,19.5124737,-99.1293983,19.512476,-99.1294019,315.0,1,1,1,A,EN AIRE,S,comenzar_barrido,1,,60,-68,-70.146,240.0,1,,D,5.0,45.0,1,15.0,2.0,3,1,315.0,-50.778,-52.512,75.0,-63.494,-64.246,120.0,-63.442,-64.406,,,,,,
2026-08-07T10:58:31.992,65.172,0.078,4722,BD,BARRIDO_DISCRETO,64.7,1,1,O,OFFBOARD,241.7,240.0,1.7,240.0,1,D,3.9,0.67,-0.32,-5.22,19.5124756,-99.1294006,19.5124737,-99.1293983,19.512476,-99.1294019,315.0,1,1,1,A,EN AIRE,S,comenzar_barrido,1,,59,-69,-70.032,240.0,1,,D,5.0,45.0,1,15.0,2.0,3,1,315.0,-50.778,-52.512,75.0,-63.494,-64.246,120.0,-63.442,-64.406,,,,,,
2026-08-07T10:58:32.156,65.336,0.25,4722,BD,BARRIDO_DISCRETO,64.7,1,1,O,OFFBOARD,241.7,240.0,1.7,240.0,1,D,3.9,0.67,-0.32,-5.22,19.5124756,-99.1294006,19.5124737,-99.1293983,19.512476,-99.1294019,315.0,1,1,1,A,EN AIRE,S,comenzar_barrido,1,,58,-70,-70.029,240.0,1,,D,5.0,45.0,1,15.0,2.0,3,1,315.0,-50.778,-52.512,75.0,-63.494,-64.246,120.0,-63.442,-64.406,,,,,,
2026-08-07T10:58:32.243,65.423,0.078,4722,BD,BARRIDO_DISCRETO,64.7,1,1,O,OFFBOARD,239.4,240.0,-0.6,240.0,1,D,3.9,0.68,-0.3,-5.23,19.5124756,-99.1294006,19.5124737,-99.1293983,19.512476,-99.1294019,315.0,1,1,1,A,EN AIRE,S,comenzar_barrido,1,,57,-71,-70.126,240.0,1,,D,5.0,45.0,1,15.0,2.0,3,1,315.0,-50.778,-52.512,75.0,-63.494,-64.246,120.0,-63.442,-64.406,,,,,,
2026-08-07T10:58:32.406,65.585,0.25,4722,BD,BARRIDO_DISCRETO,64.7,1,1,O,OFFBOARD,239.4,240.0,-0.6,240.0,1,D,3.9,0.68,-0.3,-5.23,19.5124756,-99.1294006,19.5124737,-99.1293983,19.512476,-99.1294019,315.0,1,1,1,A,EN AIRE,S,comenzar_barrido,1,,56,-72,-70.313,240.0,1,,D,5.0,45.0,1,15.0,2.0,3,1,315.0,-50.778,-52.512,75.0,-63.494,-64.246,120.0,-63.442,-64.406,,,,,,
2026-08-07T10:58:32.683,65.863,0.157,4722,BD,BARRIDO_DISCRETO,64.7,1,1,O,OFFBOARD,240.2,240.0,0.2,240.0,1,D,3.8,0.68,-0.28,-5.22,19.5124757,-99.1294002,19.5124737,-99.1293983,19.512476,-99.1294019,315.0,1,1,1,A,EN AIRE,S,comenzar_barrido,1,,55,-73,-70.582,240.0,1,,D,5.0,45.0,1,15.0,2.0,3,1,315.0,-50.778,-52.512,75.0,-63.494,-64.246,120.0,-63.442,-64.406,,,,,,
2026-08-07T10:58:32.684,65.864,0.157,4722,BD,BARRIDO_DISCRETO,64.7,1,1,O,OFFBOARD,240.2,240.0,0.2,240.0,1,D,3.8,0.68,-0.28,-5.22,19.5124757,-99.1294002,19.5124737,-99.1293983,19.512476,-99.1294019,315.0,1,1,1,A,EN AIRE,S,comenzar_barrido,1,,54,-74,-70.924,240.0,1,,D,5.0,45.0,1,15.0,2.0,3,1,315.0,-50.778,-52.512,75.0,-63.494,-64.246,120.0,-63.442,-64.406,,,,,,
2026-08-07T10:58:32.772,65.951,0.25,4722,BD,BARRIDO_DISCRETO,64.7,1,1,O,OFFBOARD,240.2,240.0,0.2,240.0,1,D,3.8,0.68,-0.28,-5.22,19.5124757,-99.1294002,19.5124737,-99.1293983,19.512476,-99.1294019,315.0,1,1,1,A,EN AIRE,S,comenzar_barrido,1,,55,-73,-71.131,240.0,1,,D,5.0,45.0,1,15.0,2.0,3,1,315.0,-50.778,-52.512,75.0,-63.494,-64.246,120.0,-63.442,-64.406,,,,,,
2026-08-07T10:58:32.969,66.148,0.016,4722,BD,BARRIDO_DISCRETO,64.7,1,1,O,OFFBOARD,240.8,240.0,0.8,240.0,1,D,3.8,0.68,-0.27,-5.21,19.5124756,-99.1294001,19.5124737,-99.1293983,19.512476,-99.1294019,315.0,1,1,1,A,EN AIRE,S,comenzar_barrido,1,,55,-73,-71.318,240.0,1,,D,5.0,45.0,1,15.0,2.0,3,1,315.0,-50.778,-52.512,75.0,-63.494,-64.246,120.0,-63.442,-64.406,,,,,,
2026-08-07T10:58:33.072,66.252,0.109,4722,BD,BARRIDO_DISCRETO,64.7,1,1,O,OFFBOARD,240.8,240.0,0.8,240.0,1,D,3.8,0.68,-0.27,-5.21,19.5124756,-99.1294001,19.5124737,-99.1293983,19.512476,-99.1294019,315.0,1,1,1,A,EN AIRE,S,comenzar_barrido,1,,55,-73,-71.486,240.0,1,,D,5.0,45.0,1,15.0,2.0,3,1,315.0,-50.778,-52.512,75.0,-63.494,-64.246,120.0,-63.442,-64.406,,,,,,
2026-08-07T10:58:33.213,66.393,0.25,4722,BD,BARRIDO_DISCRETO,64.7,1,1,O,OFFBOARD,240.8,240.0,0.8,240.0,1,D,3.8,0.68,-0.27,-5.21,19.5124756,-99.1294001,19.5124737,-99.1293983,19.512476,-99.1294019,315.0,1,1,1,A,EN AIRE,S,comenzar_barrido,1,,56,-72,-71.538,240.0,1,,D,5.0,45.0,1,15.0,2.0,3,1,315.0,-50.778,-52.512,75.0,-63.494,-64.246,120.0,-63.442,-64.406,,,,,,
2026-08-07T10:58:33.301,66.481,0.094,4722,BD,BARRIDO_DISCRETO,64.7,1,1,O,OFFBOARD,240.9,240.0,0.9,240.0,1,D,3.8,0.67,-0.26,-5.19,19.5124756,-99.1294001,19.5124737,-99.1293983,19.512476,-99.1294019,315.0,1,1,1,A,EN AIRE,S,comenzar_barrido,1,,56,-72,-71.584,240.0,1,,D,5.0,45.0,1,15.0,2.0,3,1,315.0,-50.778,-52.512,75.0,-63.494,-64.246,120.0,-63.442,-64.406,,,,,,
2026-08-07T10:58:33.482,66.662,0.172,4722,BD,BARRIDO_DISCRETO,64.7,1,1,O,OFFBOARD,240.7,240.0,0.7,240.0,1,D,3.8,0.67,-0.26,-5.2,19.5124756,-99.1294001,19.5124737,-99.1293983,19.512476,-99.1294019,315.0,1,1,1,A,EN AIRE,S,comenzar_barrido,1,,56,-72,-71.626,240.0,1,,D,5.0,45.0,1,15.0,2.0,3,1,315.0,-50.778,-52.512,75.0,-63.494,-64.246,120.0,-63.442,-64.406,,,,,,
2026-08-07T10:58:33.569,66.749,0.25,4722,BD,BARRIDO_DISCRETO,64.7,1,1,O,OFFBOARD,240.7,240.0,0.7,240.0,1,D,3.8,0.67,-0.26,-5.2,19.5124756,-99.1294001,19.5124737,-99.1293983,19.512476,-99.1294019,315.0,1,1,1,A,EN AIRE,S,comenzar_barrido,1,,56,-72,-71.663,240.0,1,,D,5.0,45.0,1,15.0,2.0,3,1,315.0,-50.778,-52.512,75.0,-63.494,-64.246,120.0,-63.442,-64.406,,,,,,
2026-08-07T10:58:33.732,66.911,0.094,4722,BD,BARRIDO_DISCRETO,64.7,1,1,O,OFFBOARD,240.2,242.5,-2.3,,0,D,3.8,0.67,-0.26,-5.2,19.5124756,-99.1294001,19.5124737,-99.1293983,19.512476,-99.1294019,315.0,1,1,1,A,EN AIRE,S,comenzar_barrido,1,,53,-75,-71.997,,0,ma0,D,5.0,45.0,1,15.0,2.0,3,1,315.0,-50.778,-52.512,75.0,-63.494,-64.246,120.0,-63.442,-64.406,,,,,,
2026-08-07T10:58:34.103,67.282,0.454,4722,BD,BARRIDO_DISCRETO,64.7,1,1,O,OFFBOARD,240.2,242.5,-2.3,,0,D,3.8,0.67,-0.26,-5.2,19.5124756,-99.1294001,19.5124737,-99.1293983,19.512476,-99.1294019,315.0,1,1,1,A,EN AIRE,S,comenzar_barrido,1,,41,-87,-73.497,,0,ma0,D,5.0,45.0,1,15.0,2.0,3,1,315.0,-50.778,-52.512,75.0,-63.494,-64.246,120.0,-63.442,-64.406,,,,,,
2026-08-07T10:58:34.347,67.527,0.032,4722,BD,BARRIDO_DISCRETO,67.6,1,1,O,OFFBOARD,258.2,255.0,3.2,255.0,1,D,3.8,0.7,-0.25,-5.19,19.5124758,-99.1294,19.5124737,-99.1293983,19.512476,-99.1294019,315.0,1,1,1,A,EN AIRE,S,comenzar_barrido,1,,42,-86,-74.747,255.0,1,,D,5.0,45.0,1,15.0,2.0,3,1,315.0,-50.778,-52.512,75.0,-63.494,-64.246,120.0,-63.442,-64.406,,,,,,
2026-08-07T10:58:34.522,67.702,0.203,4722,BD,BARRIDO_DISCRETO,67.6,1,1,O,OFFBOARD,258.2,255.0,3.2,255.0,1,D,3.8,0.7,-0.25,-5.19,19.5124758,-99.1294,19.5124737,-99.1293983,19.512476,-99.1294019,315.0,1,1,1,A,EN AIRE,S,comenzar_barrido,1,,40,-88,-76.073,255.0,1,,D,5.0,45.0,1,15.0,2.0,3,1,315.0,-50.778,-52.512,75.0,-63.494,-64.246,120.0,-63.442,-64.406,,,,,,
2026-08-07T10:58:34.632,67.811,0.313,4722,BD,BARRIDO_DISCRETO,67.6,1,1,O,OFFBOARD,258.2,255.0,3.2,255.0,1,D,3.8,0.7,-0.25,-5.19,19.5124758,-99.1294,19.5124737,-99.1293983,19.512476,-99.1294019,315.0,1,1,1,A,EN AIRE,S,comenzar_barrido,1,,44,-84,-76.865,255.0,1,,D,5.0,45.0,1,15.0,2.0,3,1,315.0,-50.778,-52.512,75.0,-63.494,-64.246,120.0,-63.442,-64.406,,,,,,
2026-08-07T10:58:34.901,68.081,0.265,4722,BD,BARRIDO_DISCRETO,67.6,1,1,O,OFFBOARD,258.0,255.0,3.0,255.0,1,D,3.8,0.7,-0.25,-5.19,19.5124759,-99.1294,19.5124737,-99.1293983,19.512476,-99.1294019,315.0,1,1,1,A,EN AIRE,S,comenzar_barrido,1,,48,-80,-77.179,255.0,1,,D,5.0,45.0,1,15.0,2.0,3,1,315.0,-50.778,-52.512,75.0,-63.494,-64.246,120.0,-63.442,-64.406,,,,,,
2026-08-07T10:58:35.072,68.251,0.078,4722,BD,BARRIDO_DISCRETO,67.6,1,1,O,OFFBOARD,254.5,255.0,-0.5,255.0,1,D,3.8,0.71,-0.25,-5.19,19.512476,-99.1294,19.5124737,-99.1293983,19.512476,-99.1294019,315.0,1,1,1,A,EN AIRE,S,comenzar_barrido,1,,51,-77,-77.161,255.0,1,,D,5.0,45.0,1,15.0,2.0,3,1,315.0,-50.778,-52.512,75.0,-63.494,-64.246,120.0,-63.442,-64.406,,,,,,
2026-08-07T10:58:35.213,68.393,0.109,4722,BD,BARRIDO_DISCRETO,67.6,1,1,O,OFFBOARD,253.9,255.0,-1.1,255.0,1,D,3.8,0.71,-0.24,-5.18,19.512476,-99.1293999,19.5124737,-99.1293983,19.512476,-99.1294019,315.0,1,1,1,A,EN AIRE,S,comenzar_barrido,1,,49,-79,-77.345,255.0,1,,D,5.0,45.0,1,15.0,2.0,3,1,315.0,-50.778,-52.512,75.0,-63.494,-64.246,120.0,-63.442,-64.406,,,,,,
2026-08-07T10:58:35.355,68.535,0.25,4722,BD,BARRIDO_DISCRETO,67.6,1,1,O,OFFBOARD,253.9,255.0,-1.1,255.0,1,D,3.8,0.71,-0.24,-5.18,19.512476,-99.1293999,19.5124737,-99.1293983,19.512476,-99.1294019,315.0,1,1,1,A,EN AIRE,S,comenzar_barrido,1,,49,-79,-77.51,255.0,1,,D,5.0,45.0,1,15.0,2.0,3,1,315.0,-50.778,-52.512,75.0,-63.494,-64.246,120.0,-63.442,-64.406,,,,,,
2026-08-07T10:58:35.450,68.629,0.093,4722,BD,BARRIDO_DISCRETO,67.6,1,1,O,OFFBOARD,254.4,255.0,-0.6,255.0,1,D,3.8,0.71,-0.24,-5.16,19.512476,-99.1293999,19.5124737,-99.1293983,19.512476,-99.1294019,315.0,1,1,1,A,EN AIRE,S,comenzar_barrido,1,,51,-77,-77.459,255.0,1,,D,5.0,45.0,1,15.0,2.0,3,1,315.0,-50.778,-52.512,75.0,-63.494,-64.246,120.0,-63.442,-64.406,,,,,,
2026-08-07T10:58:35.611,68.791,0.265,4722,BD,BARRIDO_DISCRETO,67.6,1,1,O,OFFBOARD,254.4,255.0,-0.6,255.0,1,D,3.8,0.71,-0.24,-5.16,19.512476,-99.1293999,19.5124737,-99.1293983,19.512476,-99.1294019,315.0,1,1,1,A,EN AIRE,S,comenzar_barrido,1,,50,-78,-77.513,255.0,1,,D,5.0,45.0,1,15.0,2.0,3,1,315.0,-50.778,-52.512,75.0,-63.494,-64.246,120.0,-63.442,-64.406,,,,,,
2026-08-07T10:58:35.695,68.875,0.078,4722,BD,BARRIDO_DISCRETO,67.6,1,1,O,OFFBOARD,255.0,255.0,0.0,255.0,1,D,3.8,0.71,-0.23,-5.15,19.5124759,-99.1293999,19.5124737,-99.1293983,19.512476,-99.1294019,315.0,1,1,1,A,EN AIRE,S,comenzar_barrido,1,,50,-78,-77.562,255.0,1,,D,5.0,45.0,1,15.0,2.0,3,1,315.0,-50.778,-52.512,75.0,-63.494,-64.246,120.0,-63.442,-64.406,,,,,,
2026-08-07T10:58:35.860,69.039,0.25,4722,BD,BARRIDO_DISCRETO,67.6,1,1,O,OFFBOARD,255.0,255.0,0.0,255.0,1,D,3.8,0.71,-0.23,-5.15,19.5124759,-99.1293999,19.5124737,-99.1293983,19.512476,-99.1294019,315.0,1,1,1,A,EN AIRE,S,comenzar_barrido,1,,51,-77,-77.506,255.0,1,,D,5.0,45.0,1,15.0,2.0,3,1,315.0,-50.778,-52.512,75.0,-63.494,-64.246,120.0,-63.442,-64.406,,,,,,
2026-08-07T10:58:35.953,69.132,0.094,4722,BD,BARRIDO_DISCRETO,67.6,1,1,O,OFFBOARD,255.1,255.0,0.1,255.0,1,D,3.8,0.71,-0.23,-5.15,19.5124759,-99.1293999,19.5124737,-99.1293983,19.512476,-99.1294019,315.0,1,1,1,A,EN AIRE,S,comenzar_barrido,1,,51,-77,-77.455,255.0,1,,D,5.0,45.0,1,15.0,2.0,3,1,315.0,-50.778,-52.512,75.0,-63.494,-64.246,120.0,-63.442,-64.406,,,,,,
2026-08-07T10:58:36.194,69.373,0.172,4722,BD,BARRIDO_DISCRETO,67.6,1,1,O,OFFBOARD,255.2,255.0,0.2,255.0,1,D,3.8,0.7,-0.24,-5.15,19.5124759,-99.1293999,19.5124737,-99.1293983,19.512476,-99.1294019,315.0,1,1,1,A,EN AIRE,S,comenzar_barrido,1,,51,-77,-77.41,255.0,1,,D,5.0,45.0,1,15.0,2.0,3,1,315.0,-50.778,-52.512,75.0,-63.494,-64.246,120.0,-63.442,-64.406,,,,,,
2026-08-07T10:58:36.359,69.539,0.344,4722,BD,BARRIDO_DISCRETO,67.6,1,1,O,OFFBOARD,255.2,255.0,0.2,255.0,1,D,3.8,0.7,-0.24,-5.15,19.5124759,-99.1293999,19.5124737,-99.1293983,19.512476,-99.1294019,315.0,1,1,1,A,EN AIRE,S,comenzar_barrido,1,,51,-77,-77.369,255.0,1,,D,5.0,45.0,1,15.0,2.0,3,1,315.0,-50.778,-52.512,75.0,-63.494,-64.246,120.0,-63.442,-64.406,,,,,,
2026-08-07T10:58:36.619,69.799,0.25,4722,BD,BARRIDO_DISCRETO,67.6,1,1,O,OFFBOARD,254.5,255.0,-0.5,255.0,1,D,3.8,0.7,-0.24,-5.15,19.5124758,-99.1294,19.5124737,-99.1293983,19.512476,-99.1294019,315.0,1,1,1,A,EN AIRE,S,comenzar_barrido,1,,52,-76,-77.232,255.0,1,,D,5.0,45.0,1,15.0,2.0,3,1,315.0,-50.778,-52.512,75.0,-63.494,-64.246,120.0,-63.442,-64.406,,,,,,
2026-08-07T10:58:36.619,69.799,0.25,4722,BD,BARRIDO_DISCRETO,67.6,1,1,O,OFFBOARD,254.5,255.0,-0.5,255.0,1,D,3.8,0.7,-0.24,-5.15,19.5124758,-99.1294,19.5124737,-99.1293983,19.512476,-99.1294019,315.0,1,1,1,A,EN AIRE,S,comenzar_barrido,1,,49,-79,-77.409,255.0,1,,D,5.0,45.0,1,15.0,2.0,3,1,315.0,-50.778,-52.512,75.0,-63.494,-64.246,120.0,-63.442,-64.406,,,,,,
2026-08-07T10:58:36.727,69.907,0.11,4722,BD,BARRIDO_DISCRETO,67.6,1,1,O,OFFBOARD,254.8,260.0,-5.2,,0,D,3.8,0.7,-0.24,-5.15,19.5124759,-99.1294,19.5124737,-99.1293983,19.512476,-99.1294019,315.0,1,1,1,A,EN AIRE,S,comenzar_barrido,1,,51,-77,-77.368,,0,ma0,D,5.0,45.0,1,15.0,2.0,3,1,315.0,-50.778,-52.512,75.0,-63.494,-64.246,120.0,-63.442,-64.406,,,,,,
2026-08-07T10:58:36.891,70.07,0.281,4722,BD,BARRIDO_DISCRETO,67.6,1,1,O,OFFBOARD,254.8,260.0,-5.2,,0,D,3.8,0.7,-0.24,-5.15,19.5124759,-99.1294,19.5124737,-99.1293983,19.512476,-99.1294019,315.0,1,1,1,A,EN AIRE,S,comenzar_barrido,1,,58,-70,-76.631,,0,ma0,D,5.0,45.0,1,15.0,2.0,3,1,315.0,-50.778,-52.512,75.0,-63.494,-64.246,120.0,-63.442,-64.406,,,,,,
2026-08-07T10:58:36.979,70.159,0.079,4722,BD,BARRIDO_DISCRETO,67.6,1,1,O,OFFBOARD,258.2,270.0,-11.8,,0,D,3.8,0.7,-0.24,-5.15,19.5124759,-99.1293999,19.5124737,-99.1293983,19.512476,-99.1294019,315.0,1,1,1,A,EN AIRE,S,comenzar_barrido,1,,57,-71,-76.068,,0,ma0,D,5.0,45.0,1,15.0,2.0,3,1,315.0,-50.778,-52.512,75.0,-63.494,-64.246,120.0,-63.442,-64.406,,,,,,
2026-08-07T10:58:37.146,70.326,0.25,4722,BD,BARRIDO_DISCRETO,67.6,1,1,O,OFFBOARD,258.2,270.0,-11.8,,0,D,3.8,0.7,-0.24,-5.15,19.5124759,-99.1293999,19.5124737,-99.1293983,19.512476,-99.1294019,315.0,1,1,1,A,EN AIRE,S,comenzar_barrido,1,,55,-73,-75.761,,0,ma0,D,5.0,45.0,1,15.0,2.0,3,1,315.0,-50.778,-52.512,75.0,-63.494,-64.246,120.0,-63.442,-64.406,,,,,,
2026-08-07T10:58:37.330,70.509,0.0,4722,BD,BARRIDO_DISCRETO,70.5,1,1,O,OFFBOARD,274.1,270.0,4.1,270.0,1,D,3.8,0.7,-0.24,-5.15,19.5124758,-99.1293998,19.5124737,-99.1293983,19.512476,-99.1294019,315.0,1,1,1,A,EN AIRE,S,comenzar_barrido,1,,54,-74,-75.585,270.0,1,,D,5.0,45.0,1,15.0,2.0,3,1,315.0,-50.778,-52.512,75.0,-63.494,-64.246,120.0,-63.442,-64.406,,,,,,
2026-08-07T10:58:37.416,70.595,0.078,4722,BD,BARRIDO_DISCRETO,70.5,1,1,O,OFFBOARD,274.1,270.0,4.1,270.0,1,D,3.8,0.7,-0.24,-5.15,19.5124758,-99.1293998,19.5124737,-99.1293983,19.512476,-99.1294019,315.0,1,1,1,A,EN AIRE,S,comenzar_barrido,1,,56,-72,-75.227,270.0,1,,D,5.0,45.0,1,15.0,2.0,3,1,315.0,-50.778,-52.512,75.0,-63.494,-64.246,120.0,-63.442,-64.406,,,,,,
2026-08-07T10:58:37.519,70.699,0.187,4722,BD,BARRIDO_DISCRETO,70.5,1,1,O,OFFBOARD,274.1,270.0,4.1,270.0,1,D,3.8,0.7,-0.24,-5.15,19.5124758,-99.1293998,19.5124737,-99.1293983,19.512476,-99.1294019,315.0,1,1,1,A,EN AIRE,S,comenzar_barrido,1,,57,-71,-74.804,270.0,1,,D,5.0,45.0,1,15.0,2.0,3,1,315.0,-50.778,-52.512,75.0,-63.494,-64.246,120.0,-63.442,-64.406,,,,,,
2026-08-07T10:58:37.696,70.876,0.093,4722,BD,BARRIDO_DISCRETO,70.5,1,1,O,OFFBOARD,273.2,270.0,3.2,270.0,1,D,3.8,0.69,-0.22,-5.17,19.5124758,-99.1293997,19.5124737,-99.1293983,19.512476,-99.1294019,315.0,1,1,1,A,EN AIRE,S,comenzar_barrido,1,,58,-70,-74.323,270.0,1,,D,5.0,45.0,1,15.0,2.0,3,1,315.0,-50.778,-52.512,75.0,-63.494,-64.246,120.0,-63.442,-64.406,,,,,,
2026-08-07T10:58:37.901,71.081,0.171,4722,BD,BARRIDO_DISCRETO,70.5,1,1,O,OFFBOARD,269.5,270.0,-0.5,270.0,1,D,3.8,0.68,-0.2,-5.19,19.5124757,-99.1293996,19.5124737,-99.1293983,19.512476,-99.1294019,315.0,1,1,1,A,EN AIRE,S,comenzar_barrido,1,,58,-70,-73.891,270.0,1,,D,5.0,45.0,1,15.0,2.0,3,1,315.0,-50.778,-52.512,75.0,-63.494,-64.246,120.0,-63.442,-64.406,,,,,,
2026-08-07T10:58:38.000,71.18,0.281,4722,BD,BARRIDO_DISCRETO,70.5,1,1,O,OFFBOARD,269.5,270.0,-0.5,270.0,1,D,3.8,0.68,-0.2,-5.19,19.5124757,-99.1293996,19.5124737,-99.1293983,19.512476,-99.1294019,315.0,1,1,1,A,EN AIRE,S,comenzar_barrido,1,,57,-71,-73.602,270.0,1,,D,5.0,45.0,1,15.0,2.0,3,1,315.0,-50.778,-52.512,75.0,-63.494,-64.246,120.0,-63.442,-64.406,,,,,,
2026-08-07T10:58:38.173,71.353,0.094,4722,BD,BARRIDO_DISCRETO,70.5,1,1,O,OFFBOARD,268.3,270.0,-1.7,270.0,1,D,3.8,0.68,-0.2,-5.19,19.5124756,-99.1293995,19.5124737,-99.1293983,19.512476,-99.1294019,315.0,1,1,1,A,EN AIRE,S,comenzar_barrido,1,,57,-71,-73.342,270.0,1,,D,5.0,45.0,1,15.0,2.0,3,1,315.0,-50.778,-52.512,75.0,-63.494,-64.246,120.0,-63.442,-64.406,,,,,,
2026-08-07T10:58:38.356,71.536,0.0,4722,BD,BARRIDO_DISCRETO,70.5,1,1,O,OFFBOARD,270.0,270.0,0.0,270.0,1,D,3.8,0.66,-0.18,-5.2,19.5124754,-99.1293992,19.5124737,-99.1293983,19.512476,-99.1294019,315.0,1,1,1,A,EN AIRE,S,comenzar_barrido,1,,56,-72,-73.208,270.0,1,,D,5.0,45.0,1,15.0,2.0,3,1,315.0,-50.778,-52.512,75.0,-63.494,-64.246,120.0,-63.442,-64.406,,,,,,
2026-08-07T10:58:38.443,71.623,0.093,4722,BD,BARRIDO_DISCRETO,70.5,1,1,O,OFFBOARD,270.0,270.0,0.0,270.0,1,D,3.8,0.66,-0.18,-5.2,19.5124754,-99.1293992,19.5124737,-99.1293983,19.512476,-99.1294019,315.0,1,1,1,A,EN AIRE,S,comenzar_barrido,1,,57,-71,-72.987,270.0,1,,D,5.0,45.0,1,15.0,2.0,3,1,315.0,-50.778,-52.512,75.0,-63.494,-64.246,120.0,-63.442,-64.406,,,,,,
2026-08-07T10:58:38.621,71.801,0.0,4722,BD,BARRIDO_DISCRETO,70.5,1,1,O,OFFBOARD,270.1,270.0,0.1,270.0,1,D,3.9,0.64,-0.16,-5.22,19.5124753,-99.1293991,19.5124737,-99.1293983,19.512476,-99.1294019,315.0,1,1,1,A,EN AIRE,S,comenzar_barrido,1,,58,-70,-72.688,270.0,1,,D,5.0,45.0,1,15.0,2.0,3,1,315.0,-50.778,-52.512,75.0,-63.494,-64.246,120.0,-63.442,-64.406,,,,,,
2026-08-07T10:58:38.808,71.988,0.188,4722,BD,BARRIDO_DISCRETO,70.5,1,1,O,OFFBOARD,270.1,270.0,0.1,270.0,1,D,3.9,0.64,-0.16,-5.22,19.5124753,-99.1293991,19.5124737,-99.1293983,19.512476,-99.1294019,315.0,1,1,1,A,EN AIRE,S,comenzar_barrido,1,,58,-70,-72.419,270.0,1,,D,5.0,45.0,1,15.0,2.0,3,1,315.0,-50.778,-52.512,75.0,-63.494,-64.246,120.0,-63.442,-64.406,,,,,,
2026-08-07T10:58:38.972,72.151,0.094,4722,BD,BARRIDO_DISCRETO,70.5,1,1,O,OFFBOARD,270.6,270.0,0.6,270.0,1,D,3.9,0.63,-0.15,-5.22,19.5124752,-99.1293991,19.5124737,-99.1293983,19.512476,-99.1294019,315.0,1,1,1,A,EN AIRE,S,comenzar_barrido,1,,56,-72,-72.377,270.0,1,,D,5.0,45.0,1,15.0,2.0,3,1,315.0,-50.778,-52.512,75.0,-63.494,-64.246,120.0,-63.442,-64.406,,,,,,
2026-08-07T10:58:39.099,72.279,0.11,4722,BD,BARRIDO_DISCRETO,70.5,1,1,O,OFFBOARD,270.9,270.0,0.9,270.0,1,D,3.9,0.63,-0.15,-5.22,19.5124752,-99.129399,19.5124737,-99.1293983,19.512476,-99.1294019,315.0,1,1,1,A,EN AIRE,S,comenzar_barrido,1,,56,-72,-72.34,270.0,1,,D,5.0,45.0,1,15.0,2.0,3,1,315.0,-50.778,-52.512,75.0,-63.494,-64.246,120.0,-63.442,-64.406,,,,,,
2026-08-07T10:58:39.245,72.425,0.25,4722,BD,BARRIDO_DISCRETO,70.5,1,1,O,OFFBOARD,270.9,270.0,0.9,270.0,1,D,3.9,0.63,-0.15,-5.22,19.5124752,-99.129399,19.5124737,-99.1293983,19.512476,-99.1294019,315.0,1,1,1,A,EN AIRE,S,comenzar_barrido,1,,56,-72,-72.306,270.0,1,,D,5.0,45.0,1,15.0,2.0,3,1,315.0,-50.778,-52.512,75.0,-63.494,-64.246,120.0,-63.442,-64.406,,,,,,
2026-08-07T10:58:39.336,72.516,0.094,4722,BD,BARRIDO_DISCRETO,70.5,1,1,O,OFFBOARD,270.9,270.0,0.9,270.0,1,D,3.9,0.62,-0.14,-5.23,19.512475,-99.129399,19.5124737,-99.1293983,19.512476,-99.1294019,315.0,1,1,1,A,EN AIRE,S,comenzar_barrido,1,,51,-77,-72.775,270.0,1,,D,5.0,45.0,1,15.0,2.0,3,1,315.0,-50.778,-52.512,75.0,-63.494,-64.246,120.0,-63.442,-64.406,,,,,,
2026-08-07T10:58:39.509,72.689,0.266,4722,BD,BARRIDO_DISCRETO,70.5,1,1,O,OFFBOARD,270.9,270.0,0.9,270.0,1,D,3.9,0.62,-0.14,-5.23,19.512475,-99.129399,19.5124737,-99.1293983,19.512476,-99.1294019,315.0,1,1,1,A,EN AIRE,S,comenzar_barrido,1,,57,-71,-72.598,270.0,1,,D,5.0,45.0,1,15.0,2.0,3,1,315.0,-50.778,-52.512,75.0,-63.494,-64.246,120.0,-63.442,-64.406,,,,,,
2026-08-07T10:58:39.620,72.8,0.109,4722,BD,BARRIDO_DISCRETO,70.5,1,1,O,OFFBOARD,270.3,277.5,-7.2,,0,D,3.9,0.6,-0.14,-5.23,19.5124749,-99.129399,19.5124737,-99.1293983,19.512476,-99.1294019,315.0,1,1,1,A,EN AIRE,S,comenzar_barrido,1,,60,-68,-72.138,,0,ma0,D,5.0,45.0,1,15.0,2.0,3,1,315.0,-50.778,-52.512,75.0,-63.494,-64.246,120.0,-63.442,-64.406,,,,,,
2026-08-07T10:58:39.761,72.941,0.25,4722,BD,BARRIDO_DISCRETO,70.5,1,1,O,OFFBOARD,270.3,277.5,-7.2,,0,D,3.9,0.6,-0.14,-5.23,19.5124749,-99.129399,19.5124737,-99.1293983,19.512476,-99.1294019,315.0,1,1,1,A,EN AIRE,S,comenzar_barrido,1,,60,-68,-71.724,,0,ma0,D,5.0,45.0,1,15.0,2.0,3,1,315.0,-50.778,-52.512,75.0,-63.494,-64.246,120.0,-63.442,-64.406,,,,,,
2026-08-07T10:58:39.929,73.109,0.0,4722,BD,BARRIDO_DISCRETO,73.4,1,1,O,OFFBOARD,274.1,285.0,-10.9,285.0,1,D,3.8,0.59,-0.15,-5.22,19.5124749,-99.1293992,19.5124737,-99.1293983,19.512476,-99.1294019,315.0,1,1,1,A,EN AIRE,S,comenzar_barrido,1,,61,-67,-71.252,285.0,1,,D,5.0,45.0,1,15.0,2.0,3,1,315.0,-50.778,-52.512,75.0,-63.494,-64.246,120.0,-63.442,-64.406,,,,,,
2026-08-07T10:58:40.009,73.188,0.078,4722,BD,BARRIDO_DISCRETO,73.4,1,1,O,OFFBOARD,274.1,285.0,-10.9,285.0,1,D,3.8,0.59,-0.15,-5.22,19.5124749,-99.1293992,19.5124737,-99.1293983,19.512476,-99.1294019,315.0,1,1,1,A,EN AIRE,S,comenzar_barrido,1,,60,-68,-70.927,285.0,1,,D,5.0,45.0,1,15.0,2.0,3,1,315.0,-50.778,-52.512,75.0,-63.494,-64.246,120.0,-63.442,-64.406,,,,,,
2026-08-07T10:58:40.138,73.317,0.109,4722,BD,BARRIDO_DISCRETO,73.4,1,1,O,OFFBOARD,285.4,285.0,0.4,285.0,1,D,3.8,0.59,-0.17,-5.22,19.5124748,-99.1293993,19.5124737,-99.1293983,19.512476,-99.1294019,315.0,1,1,1,A,EN AIRE,S,comenzar_barrido,1,,76,-52,-69.034,285.0,1,,D,5.0,45.0,1,15.0,2.0,3,1,315.0,-50.778,-52.512,75.0,-63.494,-64.246,120.0,-63.442,-64.406,,,,,,
2026-08-07T10:58:40.280,73.46,0.25,4722,BD,BARRIDO_DISCRETO,73.4,1,1,O,OFFBOARD,285.4,285.0,0.4,285.0,1,D,3.8,0.59,-0.17,-5.22,19.5124748,-99.1293993,19.5124737,-99.1293983,19.512476,-99.1294019,315.0,1,1,1,A,EN AIRE,S,comenzar_barrido,1,,76,-52,-67.33,285.0,1,,D,5.0,45.0,1,15.0,2.0,3,1,315.0,-50.778,-52.512,75.0,-63.494,-64.246,120.0,-63.442,-64.406,,,,,,
2026-08-07T10:58:40.372,73.552,0.094,4722,BD,BARRIDO_DISCRETO,73.4,1,1,O,OFFBOARD,288.4,285.0,3.4,285.0,1,D,3.9,0.6,-0.19,-5.23,19.5124749,-99.1293994,19.5124737,-99.1293983,19.512476,-99.1294019,315.0,1,1,1,A,EN AIRE,S,comenzar_barrido,1,,76,-52,-65.797,285.0,1,,D,5.0,45.0,1,15.0,2.0,3,1,315.0,-50.778,-52.512,75.0,-63.494,-64.246,120.0,-63.442,-64.406,,,,,,
2026-08-07T10:58:40.537,73.716,0.25,4722,BD,BARRIDO_DISCRETO,73.4,1,1,O,OFFBOARD,288.4,285.0,3.4,285.0,1,D,3.9,0.6,-0.19,-5.23,19.5124749,-99.1293994,19.5124737,-99.1293983,19.512476,-99.1294019,315.0,1,1,1,A,EN AIRE,S,comenzar_barrido,1,,76,-52,-64.418,285.0,1,,D,5.0,45.0,1,15.0,2.0,3,1,315.0,-50.778,-52.512,75.0,-63.494,-64.246,120.0,-63.442,-64.406,,,,,,
2026-08-07T10:58:40.629,73.809,0.094,4722,BD,BARRIDO_DISCRETO,73.4,1,1,O,OFFBOARD,286.0,285.0,1.0,285.0,1,D,3.9,0.6,-0.19,-5.23,19.5124751,-99.1293996,19.5124737,-99.1293983,19.512476,-99.1294019,315.0,1,1,1,A,EN AIRE,S,comenzar_barrido,1,,75,-53,-63.276,285.0,1,,D,5.0,45.0,1,15.0,2.0,3,1,315.0,-50.778,-52.512,75.0,-63.494,-64.246,120.0,-63.442,-64.406,,,,,,
2026-08-07T10:58:40.789,73.969,0.25,4722,BD,BARRIDO_DISCRETO,73.4,1,1,O,OFFBOARD,286.0,285.0,1.0,285.0,1,D,3.9,0.6,-0.19,-5.23,19.5124751,-99.1293996,19.5124737,-99.1293983,19.512476,-99.1294019,315.0,1,1,1,A,EN AIRE,S,comenzar_barrido,1,,74,-54,-62.348,285.0,1,,D,5.0,45.0,1,15.0,2.0,3,1,315.0,-50.778,-52.512,75.0,-63.494,-64.246,120.0,-63.442,-64.406,,,,,,
2026-08-07T10:58:40.954,74.133,0.422,4722,BD,BARRIDO_DISCRETO,73.4,1,1,O,OFFBOARD,286.0,285.0,1.0,285.0,1,D,3.9,0.6,-0.19,-5.23,19.5124751,-99.1293996,19.5124737,-99.1293983,19.512476,-99.1294019,315.0,1,1,1,A,EN AIRE,S,comenzar_barrido,1,,73,-55,-61.613,285.0,1,,D,5.0,45.0,1,15.0,2.0,3,1,315.0,-50.778,-52.512,75.0,-63.494,-64.246,120.0,-63.442,-64.406,,,,,,
2026-08-07T10:58:41.236,74.416,0.015,4722,BD,BARRIDO_DISCRETO,73.4,1,1,O,OFFBOARD,286.3,285.0,1.3,285.0,1,D,3.8,0.67,-0.23,-5.2,19.5124756,-99.1293999,19.5124737,-99.1293983,19.512476,-99.1294019,315.0,1,1,1,A,EN AIRE,S,comenzar_barrido,1,,70,-58,-61.252,285.0,1,,D,5.0,45.0,1,15.0,2.0,3,1,315.0,-50.778,-52.512,75.0,-63.494,-64.246,120.0,-63.442,-64.406,,,,,,
2026-08-07T10:58:41.430,74.61,0.203,4722,BD,BARRIDO_DISCRETO,73.4,1,1,O,OFFBOARD,286.3,285.0,1.3,285.0,1,D,3.8,0.67,-0.23,-5.2,19.5124756,-99.1293999,19.5124737,-99.1293983,19.512476,-99.1294019,315.0,1,1,1,A,EN AIRE,S,comenzar_barrido,1,,68,-60,-61.127,285.0,1,,D,5.0,45.0,1,15.0,2.0,3,1,315.0,-50.778,-52.512,75.0,-63.494,-64.246,120.0,-63.442,-64.406,,,,,,
2026-08-07T10:58:41.506,74.686,0.281,4722,BD,BARRIDO_DISCRETO,73.4,1,1,O,OFFBOARD,286.3,285.0,1.3,285.0,1,D,3.8,0.67,-0.23,-5.2,19.5124756,-99.1293999,19.5124737,-99.1293983,19.512476,-99.1294019,315.0,1,1,1,A,EN AIRE,S,comenzar_barrido,1,,73,-55,-60.514,285.0,1,,D,5.0,45.0,1,15.0,2.0,3,1,315.0,-50.778,-52.512,75.0,-63.494,-64.246,120.0,-63.442,-64.406,,,,,,
2026-08-07T10:58:41.700,74.88,0.094,4722,BD,BARRIDO_DISCRETO,73.4,1,1,O,OFFBOARD,285.3,285.0,0.3,285.0,1,D,3.8,0.67,-0.23,-5.2,19.5124757,-99.1293999,19.5124737,-99.1293983,19.512476,-99.1294019,315.0,1,1,1,A,EN AIRE,S,comenzar_barrido,1,,65,-63,-60.763,285.0,1,,D,5.0,45.0,1,15.0,2.0,3,1,315.0,-50.778,-52.512,75.0,-63.494,-64.246,120.0,-63.442,-64.406,,,,,,
2026-08-07T10:58:41.700,74.88,0.094,4722,BD,BARRIDO_DISCRETO,73.4,1,1,O,OFFBOARD,285.3,285.0,0.3,285.0,1,D,3.8,0.67,-0.23,-5.2,19.5124757,-99.1293999,19.5124737,-99.1293983,19.512476,-99.1294019,315.0,1,1,1,A,EN AIRE,S,comenzar_barrido,1,,66,-62,-60.887,285.0,1,,D,5.0,45.0,1,15.0,2.0,3,1,315.0,-50.778,-52.512,75.0,-63.494,-64.246,120.0,-63.442,-64.406,,,,,,
2026-08-07T10:58:41.859,75.039,0.25,4722,BD,BARRIDO_DISCRETO,73.4,1,1,O,OFFBOARD,285.3,285.0,0.3,285.0,1,D,3.8,0.67,-0.23,-5.2,19.5124757,-99.1293999,19.5124737,-99.1293983,19.512476,-99.1294019,315.0,1,1,1,A,EN AIRE,S,comenzar_barrido,1,,68,-60,-60.798,285.0,1,,D,5.0,45.0,1,15.0,2.0,3,1,315.0,-50.778,-52.512,75.0,-63.494,-64.246,120.0,-63.442,-64.406,,,,,,
2026-08-07T10:58:41.943,75.123,0.078,4722,BD,BARRIDO_DISCRETO,73.4,1,1,O,OFFBOARD,283.4,285.0,-1.6,285.0,1,D,3.8,0.68,-0.23,-5.18,19.5124756,-99.1293999,19.5124737,-99.1293983,19.512476,-99.1294019,315.0,1,1,1,A,EN AIRE,S,comenzar_barrido,1,,70,-58,-60.518,285.0,1,,D,5.0,45.0,1,15.0,2.0,3,1,315.0,-50.778,-52.512,75.0,-63.494,-64.246,120.0,-63.442,-64.406,,,,,,
2026-08-07T10:58:42.103,75.282,0.235,4722,BD,BARRIDO_DISCRETO,73.4,1,1,O,OFFBOARD,283.4,285.0,-1.6,285.0,1,D,3.8,0.68,-0.23,-5.18,19.5124756,-99.1293999,19.5124737,-99.1293983,19.512476,-99.1294019,315.0,1,1,1,A,EN AIRE,S,comenzar_barrido,1,,71,-57,-60.166,285.0,1,,D,5.0,45.0,1,15.0,2.0,3,1,315.0,-50.778,-52.512,75.0,-63.494,-64.246,120.0,-63.442,-64.406,,,,,,
2026-08-07T10:58:42.189,75.369,0.093,4722,BD,BARRIDO_DISCRETO,73.4,1,1,O,OFFBOARD,283.4,285.0,-1.6,285.0,1,D,3.8,0.67,-0.23,-5.17,19.5124756,-99.1293998,19.5124737,-99.1293983,19.512476,-99.1294019,315.0,1,1,1,A,EN AIRE,S,comenzar_barrido,1,,73,-55,-59.65,285.0,1,,D,5.0,45.0,1,15.0,2.0,3,1,315.0,-50.778,-52.512,75.0,-63.494,-64.246,120.0,-63.442,-64.406,,,,,,
2026-08-07T10:58:42.352,75.532,0.25,4722,BD,BARRIDO_DISCRETO,73.4,1,1,O,OFFBOARD,283.4,285.0,-1.6,285.0,1,D,3.8,0.67,-0.23,-5.17,19.5124756,-99.1293998,19.5124737,-99.1293983,19.512476,-99.1294019,315.0,1,1,1,A,EN AIRE,S,comenzar_barrido,1,,74,-54,-59.085,285.0,1,,D,5.0,45.0,1,15.0,2.0,3,1,315.0,-50.778,-52.512,75.0,-63.494,-64.246,120.0,-63.442,-64.406,,,,,,
2026-08-07T10:58:42.440,75.62,0.093,4722,BD,BARRIDO_DISCRETO,73.4,1,1,O,OFFBOARD,283.7,285.0,-1.3,,0,D,3.8,0.65,-0.23,-5.16,19.5124754,-99.1293998,19.5124737,-99.1293983,19.512476,-99.1294019,315.0,1,1,1,A,EN AIRE,S,comenzar_barrido,1,,75,-53,-58.476,,0,ma0,D,5.0,45.0,1,15.0,2.0,3,1,315.0,-50.778,-52.512,75.0,-63.494,-64.246,120.0,-63.442,-64.406,,,,,,
2026-08-07T10:58:42.625,75.805,0.172,4722,BD,BARRIDO_DISCRETO,73.4,1,1,O,OFFBOARD,283.5,295.0,-11.5,,0,D,3.8,0.65,-0.23,-5.16,19.5124753,-99.1293998,19.5124737,-99.1293983,19.512476,-99.1294019,315.0,1,1,1,A,EN AIRE,S,comenzar_barrido,1,,76,-52,-57.829,,0,ma0,D,5.0,45.0,1,15.0,2.0,3,1,315.0,-50.778,-52.512,75.0,-63.494,-64.246,120.0,-63.442,-64.406,,,,,,
2026-08-07T10:58:42.715,75.895,0.25,4722,BD,BARRIDO_DISCRETO,73.4,1,1,O,OFFBOARD,283.5,295.0,-11.5,,0,D,3.8,0.65,-0.23,-5.16,19.5124753,-99.1293998,19.5124737,-99.1293983,19.512476,-99.1294019,315.0,1,1,1,A,EN AIRE,S,comenzar_barrido,1,,77,-51,-57.146,,0,ma0,D,5.0,45.0,1,15.0,2.0,3,1,315.0,-50.778,-52.512,75.0,-63.494,-64.246,120.0,-63.442,-64.406,,,,,,
2026-08-07T10:58:42.959,76.139,0.5,4722,BD,BARRIDO_DISCRETO,73.4,1,1,O,OFFBOARD,283.5,295.0,-11.5,,0,D,3.8,0.65,-0.23,-5.16,19.5124753,-99.1293998,19.5124737,-99.1293983,19.512476,-99.1294019,315.0,1,1,1,A,EN AIRE,S,comenzar_barrido,1,,78,-50,-56.431,,0,ma0,D,5.0,45.0,1,15.0,2.0,3,1,315.0,-50.778,-52.512,75.0,-63.494,-64.246,120.0,-63.442,-64.406,,,,,,
2026-08-07T10:58:42.959,76.139,0.5,4722,BD,BARRIDO_DISCRETO,73.4,1,1,O,OFFBOARD,283.5,295.0,-11.5,,0,D,3.8,0.65,-0.23,-5.16,19.5124753,-99.1293998,19.5124737,-99.1293983,19.512476,-99.1294019,315.0,1,1,1,A,EN AIRE,S,comenzar_barrido,1,,79,-49,-55.688,,0,ma0,D,5.0,45.0,1,15.0,2.0,3,1,315.0,-50.778,-52.512,75.0,-63.494,-64.246,120.0,-63.442,-64.406,,,,,,
2026-08-07T10:58:43.142,76.321,0.093,4722,BD,BARRIDO_DISCRETO,76.3,1,1,O,OFFBOARD,302.3,300.0,2.3,300.0,1,D,3.8,0.65,-0.22,-5.17,19.5124755,-99.1293997,19.5124737,-99.1293983,19.512476,-99.1294019,315.0,1,1,1,A,EN AIRE,S,comenzar_barrido,1,,81,-47,-54.819,300.0,1,,D,5.0,45.0,1,15.0,2.0,3,1,315.0,-50.778,-52.512,75.0,-63.494,-64.246,120.0,-63.442,-64.406,,,,,,
2026-08-07T10:58:43.243,76.422,0.187,4722,BD,BARRIDO_DISCRETO,76.3,1,1,O,OFFBOARD,302.3,300.0,2.3,300.0,1,D,3.8,0.65,-0.22,-5.17,19.5124755,-99.1293997,19.5124737,-99.1293983,19.512476,-99.1294019,315.0,1,1,1,A,EN AIRE,S,comenzar_barrido,1,,81,-47,-54.037,300.0,1,,D,5.0,45.0,1,15.0,2.0,3,1,315.0,-50.778,-52.512,75.0,-63.494,-64.246,120.0,-63.442,-64.406,,,,,,
2026-08-07T10:58:43.515,76.695,0.203,4722,BD,BARRIDO_DISCRETO,76.3,1,1,O,OFFBOARD,304.8,300.0,4.8,300.0,1,D,3.8,0.66,-0.22,-5.17,19.5124755,-99.1293997,19.5124737,-99.1293983,19.512476,-99.1294019,315.0,1,1,1,A,EN AIRE,S,comenzar_barrido,1,,80,-48,-53.434,300.0,1,,D,5.0,45.0,1,15.0,2.0,3,1,315.0,-50.778,-52.512,75.0,-63.494,-64.246,120.0,-63.442,-64.406,,,,,,
2026-08-07T10:58:43.515,76.695,0.203,4722,BD,BARRIDO_DISCRETO,76.3,1,1,O,OFFBOARD,304.8,300.0,4.8,300.0,1,D,3.8,0.66,-0.22,-5.17,19.5124755,-99.1293997,19.5124737,-99.1293983,19.512476,-99.1294019,315.0,1,1,1,A,EN AIRE,S,comenzar_barrido,1,,79,-49,-52.99,300.0,1,,D,5.0,45.0,1,15.0,2.0,3,1,315.0,-50.778,-52.512,75.0,-63.494,-64.246,120.0,-63.442,-64.406,,,,,,
2026-08-07T10:58:43.679,76.858,0.094,4722,BD,BARRIDO_DISCRETO,76.3,1,1,O,OFFBOARD,301.7,300.0,1.7,300.0,1,D,3.8,0.65,-0.19,-5.16,19.5124754,-99.1293995,19.5124737,-99.1293983,19.512476,-99.1294019,315.0,1,1,1,A,EN AIRE,S,comenzar_barrido,1,,79,-49,-52.591,300.0,1,,D,5.0,45.0,1,15.0,2.0,3,1,315.0,-50.778,-52.512,75.0,-63.494,-64.246,120.0,-63.442,-64.406,,,,,,
2026-08-07T10:58:44.072,77.252,0.093,4722,BD,BARRIDO_DISCRETO,76.3,1,1,O,OFFBOARD,299.5,300.0,-0.5,300.0,1,D,3.8,0.64,-0.18,-5.15,19.5124752,-99.1293992,19.5124737,-99.1293983,19.512476,-99.1294019,315.0,1,1,1,A,EN AIRE,S,comenzar_barrido,1,,81,-47,-52.032,300.0,1,,D,5.0,45.0,1,15.0,2.0,3,1,315.0,-50.778,-52.512,75.0,-63.494,-64.246,120.0,-63.442,-64.406,,,,,,
2026-08-07T10:58:44.072,77.252,0.093,4722,BD,BARRIDO_DISCRETO,76.3,1,1,O,OFFBOARD,299.5,300.0,-0.5,300.0,1,D,3.8,0.64,-0.18,-5.15,19.5124752,-99.1293992,19.5124737,-99.1293983,19.512476,-99.1294019,315.0,1,1,1,A,EN AIRE,S,comenzar_barrido,1,,79,-49,-51.729,300.0,1,,D,5.0,45.0,1,15.0,2.0,3,1,315.0,-50.778,-52.512,75.0,-63.494,-64.246,120.0,-63.442,-64.406,,,,,,
2026-08-07T10:58:44.214,77.394,0.234,4722,BD,BARRIDO_DISCRETO,76.3,1,1,O,OFFBOARD,299.5,300.0,-0.5,300.0,1,D,3.8,0.64,-0.18,-5.15,19.5124752,-99.1293992,19.5124737,-99.1293983,19.512476,-99.1294019,315.0,1,1,1,A,EN AIRE,S,comenzar_barrido,1,,77,-51,-51.656,300.0,1,,D,5.0,45.0,1,15.0,2.0,3,1,315.0,-50.778,-52.512,75.0,-63.494,-64.246,120.0,-63.442,-64.406,,,,,,
2026-08-07T10:58:44.467,77.647,0.266,4722,BD,BARRIDO_DISCRETO,76.3,1,1,O,OFFBOARD,300.4,300.0,0.4,300.0,1,D,3.7,0.63,-0.16,-5.12,19.5124752,-99.1293992,19.5124737,-99.1293983,19.512476,-99.1294019,315.0,1,1,1,A,EN AIRE,S,comenzar_barrido,1,,77,-51,-51.59,300.0,1,,D,5.0,45.0,1,15.0,2.0,3,1,315.0,-50.778,-52.512,75.0,-63.494,-64.246,120.0,-63.442,-64.406,,,,,,
2026-08-07T10:58:44.468,77.648,0.266,4722,BD,BARRIDO_DISCRETO,76.3,1,1,O,OFFBOARD,300.4,300.0,0.4,300.0,1,D,3.7,0.63,-0.16,-5.12,19.5124752,-99.1293992,19.5124737,-99.1293983,19.512476,-99.1294019,315.0,1,1,1,A,EN AIRE,S,comenzar_barrido,1,,77,-51,-51.531,300.0,1,,D,5.0,45.0,1,15.0,2.0,3,1,315.0,-50.778,-52.512,75.0,-63.494,-64.246,120.0,-63.442,-64.406,,,,,,
2026-08-07T10:58:44.556,77.736,0.078,4722,BD,BARRIDO_DISCRETO,76.3,1,1,O,OFFBOARD,301.1,300.0,1.1,300.0,1,D,3.7,0.62,-0.15,-5.11,19.5124752,-99.1293991,19.5124737,-99.1293983,19.512476,-99.1294019,315.0,1,1,1,A,EN AIRE,S,comenzar_barrido,1,,76,-52,-51.578,300.0,1,,D,5.0,45.0,1,15.0,2.0,3,1,315.0,-50.778,-52.512,75.0,-63.494,-64.246,120.0,-63.442,-64.406,,,,,,
2026-08-07T10:58:44.723,77.903,0.25,4722,BD,BARRIDO_DISCRETO,76.3,1,1,O,OFFBOARD,301.1,300.0,1.1,300.0,1,D,3.7,0.62,-0.15,-5.11,19.5124752,-99.1293991,19.5124737,-99.1293983,19.512476,-99.1294019,315.0,1,1,1,A,EN AIRE,S,comenzar_barrido,1,,76,-52,-51.62,300.0,1,,D,5.0,45.0,1,15.0,2.0,3,1,315.0,-50.778,-52.512,75.0,-63.494,-64.246,120.0,-63.442,-64.406,,,,,,
2026-08-07T10:58:44.897,78.077,0.171,4722,BD,BARRIDO_DISCRETO,76.3,1,1,O,OFFBOARD,301.1,300.0,1.1,300.0,1,D,3.7,0.62,-0.15,-5.11,19.5124752,-99.1293991,19.5124737,-99.1293983,19.512476,-99.1294019,315.0,1,1,1,A,EN AIRE,S,comenzar_barrido,1,,75,-53,-51.758,300.0,1,,D,5.0,45.0,1,15.0,2.0,3,1,315.0,-50.778,-52.512,75.0,-63.494,-64.246,120.0,-63.442,-64.406,,,,,,
2026-08-07T10:58:45.090,78.269,0.078,4722,BD,BARRIDO_DISCRETO,76.3,1,1,O,OFFBOARD,300.2,300.0,0.2,300.0,1,D,3.7,0.62,-0.14,-5.11,19.5124752,-99.129399,19.5124737,-99.1293983,19.512476,-99.1294019,315.0,1,1,1,A,EN AIRE,S,comenzar_barrido,1,,74,-54,-51.983,300.0,1,,D,5.0,45.0,1,15.0,2.0,3,1,315.0,-50.778,-52.512,75.0,-63.494,-64.246,120.0,-63.442,-64.406,,,,,,
2026-08-07T10:58:45.253,78.433,0.25,4722,BD,BARRIDO_DISCRETO,76.3,1,1,O,OFFBOARD,300.2,300.0,0.2,300.0,1,D,3.7,0.62,-0.14,-5.11,19.5124752,-99.129399,19.5124737,-99.1293983,19.512476,-99.1294019,315.0,1,1,1,A,EN AIRE,S,comenzar_barrido,1,,75,-53,-52.084,300.0,1,,D,5.0,45.0,1,15.0,2.0,3,1,315.0,-50.778,-52.512,75.0,-63.494,-64.246,120.0,-63.442,-64.406,,,,,,
2026-08-07T10:58:45.253,78.433,0.25,4722,BD,BARRIDO_DISCRETO,76.3,1,1,O,OFFBOARD,300.2,300.0,0.2,300.0,1,D,3.7,0.62,-0.14,-5.11,19.5124752,-99.129399,19.5124737,-99.1293983,19.512476,-99.1294019,315.0,1,1,1,A,EN AIRE,S,comenzar_barrido,1,,75,-53,-52.176,300.0,1,,D,5.0,45.0,1,15.0,2.0,3,1,315.0,-50.778,-52.512,75.0,-63.494,-64.246,120.0,-63.442,-64.406,,,,,,
2026-08-07T10:58:45.343,78.522,0.094,4722,BD,BARRIDO_DISCRETO,76.3,1,1,O,OFFBOARD,299.6,302.5,-2.9,,0,D,3.7,0.63,-0.14,-5.1,19.5124752,-99.129399,19.5124737,-99.1293983,19.512476,-99.1294019,315.0,1,1,1,A,EN AIRE,S,comenzar_barrido,1,,74,-54,-52.358,,0,ma0,D,5.0,45.0,1,15.0,2.0,3,1,315.0,-50.778,-52.512,75.0,-63.494,-64.246,120.0,-63.442,-64.406,,,,,,
2026-08-07T10:58:45.505,78.685,0.25,4722,BD,BARRIDO_DISCRETO,76.3,1,1,O,OFFBOARD,299.6,302.5,-2.9,,0,D,3.7,0.63,-0.14,-5.1,19.5124752,-99.129399,19.5124737,-99.1293983,19.512476,-99.1294019,315.0,1,1,1,A,EN AIRE,S,comenzar_barrido,1,,76,-52,-52.322,,0,ma0,D,5.0,45.0,1,15.0,2.0,3,1,315.0,-50.778,-52.512,75.0,-63.494,-64.246,120.0,-63.442,-64.406,,,,,,
2026-08-07T10:58:45.756,78.936,0.25,4722,BD,BARRIDO_DISCRETO,76.3,1,1,O,OFFBOARD,300.7,312.5,-11.8,,0,D,3.8,0.64,-0.14,-5.12,19.5124753,-99.1293991,19.5124737,-99.1293983,19.512476,-99.1294019,315.0,1,1,1,A,EN AIRE,S,comenzar_barrido,1,,76,-52,-52.29,,0,ma0,D,5.0,45.0,1,15.0,2.0,3,1,315.0,-50.778,-52.512,75.0,-63.494,-64.246,120.0,-63.442,-64.406,,,,,,
2026-08-07T10:58:45.756,78.936,0.25,4722,BD,BARRIDO_DISCRETO,76.3,1,1,O,OFFBOARD,300.7,312.5,-11.8,,0,D,3.8,0.64,-0.14,-5.12,19.5124753,-99.1293991,19.5124737,-99.1293983,19.512476,-99.1294019,315.0,1,1,1,A,EN AIRE,S,comenzar_barrido,1,,75,-53,-52.361,,0,ma0,D,5.0,45.0,1,15.0,2.0,3,1,315.0,-50.778,-52.512,75.0,-63.494,-64.246,120.0,-63.442,-64.406,,,,,,
2026-08-07T10:58:45.843,79.022,0.094,4722,BD,BARRIDO_DISCRETO,79.2,1,1,O,OFFBOARD,310.6,315.0,-4.4,315.0,1,D,3.8,0.65,-0.16,-5.13,19.5124754,-99.1293992,19.5124737,-99.1293983,19.512476,-99.1294019,315.0,1,1,1,A,EN AIRE,S,comenzar_barrido,1,,77,-51,-52.225,315.0,1,,D,5.0,45.0,1,15.0,2.0,3,1,315.0,-50.778,-52.512,75.0,-63.494,-64.246,120.0,-63.442,-64.406,,,,,,
2026-08-07T10:58:46.005,79.185,0.25,4722,BD,BARRIDO_DISCRETO,79.2,1,1,O,OFFBOARD,310.6,315.0,-4.4,315.0,1,D,3.8,0.65,-0.16,-5.13,19.5124754,-99.1293992,19.5124737,-99.1293983,19.512476,-99.1294019,315.0,1,1,1,A,EN AIRE,S,comenzar_barrido,1,,76,-52,-52.203,315.0,1,,D,5.0,45.0,1,15.0,2.0,3,1,315.0,-50.778,-52.512,75.0,-63.494,-64.246,120.0,-63.442,-64.406,,,,,,
2026-08-07T10:58:46.093,79.273,0.094,4722,BD,BARRIDO_DISCRETO,79.2,1,1,O,OFFBOARD,317.5,315.0,2.5,315.0,1,D,3.8,0.65,-0.16,-5.13,19.5124754,-99.1293993,19.5124737,-99.1293983,19.512476,-99.1294019,315.0,1,1,1,A,EN AIRE,S,comenzar_barrido,1,,78,-50,-51.982,315.0,1,,D,5.0,45.0,1,15.0,2.0,3,1,315.0,-50.778,-52.512,75.0,-63.494,-64.246,120.0,-63.442,-64.406,,,,,,
2026-08-07T10:58:46.257,79.437,0.25,4722,BD,BARRIDO_DISCRETO,79.2,1,1,O,OFFBOARD,317.5,315.0,2.5,315.0,1,D,3.8,0.65,-0.16,-5.13,19.5124754,-99.1293993,19.5124737,-99.1293983,19.512476,-99.1294019,315.0,1,1,1,A,EN AIRE,S,comenzar_barrido,1,,79,-49,-51.684,315.0,1,,D,5.0,45.0,1,15.0,2.0,3,1,315.0,-50.778,-52.512,75.0,-63.494,-64.246,120.0,-63.442,-64.406,,,,,,
2026-08-07T10:58:46.345,79.525,0.094,4722,BD,BARRIDO_DISCRETO,79.2,1,1,O,OFFBOARD,318.5,315.0,3.5,315.0,1,D,3.8,0.65,-0.18,-5.14,19.5124753,-99.1293995,19.5124737,-99.1293983,19.512476,-99.1294019,315.0,1,1,1,A,EN AIRE,S,comenzar_barrido,1,,77,-51,-51.616,315.0,1,,D,5.0,45.0,1,15.0,2.0,3,1,315.0,-50.778,-52.512,75.0,-63.494,-64.246,120.0,-63.442,-64.406,,,,,,
2026-08-07T10:58:46.512,79.692,0.25,4722,BD,BARRIDO_DISCRETO,79.2,1,1,O,OFFBOARD,318.5,315.0,3.5,315.0,1,D,3.8,0.65,-0.18,-5.14,19.5124753,-99.1293995,19.5124737,-99.1293983,19.512476,-99.1294019,315.0,1,1,1,A,EN AIRE,S,comenzar_barrido,1,,78,-50,-51.454,315.0,1,,D,5.0,45.0,1,15.0,2.0,3,1,315.0,-50.778,-52.512,75.0,-63.494,-64.246,120.0,-63.442,-64.406,,,,,,
2026-08-07T10:58:46.601,79.78,0.094,4722,BD,BARRIDO_DISCRETO,79.2,1,1,O,OFFBOARD,314.3,315.0,-0.7,315.0,1,D,3.8,0.64,-0.19,-5.15,19.5124752,-99.1293995,19.5124737,-99.1293983,19.512476,-99.1294019,315.0,1,1,1,A,EN AIRE,S,comenzar_barrido,1,,79,-49,-51.209,315.0,1,,D,5.0,45.0,1,15.0,2.0,3,1,315.0,-50.778,-52.512,75.0,-63.494,-64.246,120.0,-63.442,-64.406,,,,,,
2026-08-07T10:58:46.760,79.939,0.25,4722,BD,BARRIDO_DISCRETO,79.2,1,1,O,OFFBOARD,314.3,315.0,-0.7,315.0,1,D,3.8,0.64,-0.19,-5.15,19.5124752,-99.1293995,19.5124737,-99.1293983,19.512476,-99.1294019,315.0,1,1,1,A,EN AIRE,S,comenzar_barrido,1,,78,-50,-51.088,315.0,1,,D,5.0,45.0,1,15.0,2.0,3,1,315.0,-50.778,-52.512,75.0,-63.494,-64.246,120.0,-63.442,-64.406,,,,,,
2026-08-07T10:58:47.012,80.192,0.25,4722,BD,BARRIDO_DISCRETO,79.2,1,1,O,OFFBOARD,313.2,315.0,-1.8,315.0,1,D,3.8,0.62,-0.2,-5.15,19.5124751,-99.1293995,19.5124737,-99.1293983,19.512476,-99.1294019,315.0,1,1,1,A,EN AIRE,S,comenzar_barrido,1,,78,-50,-50.979,315.0,1,,D,5.0,45.0,1,15.0,2.0,3,1,315.0,-50.778,-52.512,75.0,-63.494,-64.246,120.0,-63.442,-64.406,,,,,,
2026-08-07T10:58:47.012,80.192,0.25,4722,BD,BARRIDO_DISCRETO,79.2,1,1,O,OFFBOARD,313.2,315.0,-1.8,315.0,1,D,3.8,0.62,-0.2,-5.15,19.5124751,-99.1293995,19.5124737,-99.1293983,19.512476,-99.1294019,315.0,1,1,1,A,EN AIRE,S,comenzar_barrido,1,,79,-49,-50.781,315.0,1,,D,5.0,45.0,1,15.0,2.0,3,1,315.0,-50.778,-52.512,75.0,-63.494,-64.246,120.0,-63.442,-64.406,,,,,,
2026-08-07T10:58:47.101,80.281,0.094,4722,BD,BARRIDO_DISCRETO,79.2,1,1,O,OFFBOARD,314.5,315.0,-0.5,315.0,1,D,3.8,0.59,-0.21,-5.13,19.512475,-99.1293996,19.5124737,-99.1293983,19.512476,-99.1294019,315.0,1,1,1,A,EN AIRE,S,comenzar_barrido,1,,80,-48,-50.503,315.0,1,,D,5.0,45.0,1,15.0,2.0,3,1,315.0,-50.778,-52.512,75.0,-63.494,-64.246,120.0,-63.442,-64.406,,,,,,
2026-08-07T10:58:47.261,80.44,0.25,4722,BD,BARRIDO_DISCRETO,79.2,1,1,O,OFFBOARD,314.5,315.0,-0.5,315.0,1,D,3.8,0.59,-0.21,-5.13,19.512475,-99.1293996,19.5124737,-99.1293983,19.512476,-99.1294019,315.0,1,1,1,A,EN AIRE,S,comenzar_barrido,1,,79,-49,-50.353,315.0,1,,D,5.0,45.0,1,15.0,2.0,3,1,315.0,-50.778,-52.512,75.0,-63.494,-64.246,120.0,-63.442,-64.406,,,,,,
2026-08-07T10:58:47.512,80.692,0.25,4722,BD,BARRIDO_DISCRETO,79.2,1,1,O,OFFBOARD,314.9,315.0,-0.1,315.0,1,D,3.8,0.59,-0.21,-5.13,19.5124747,-99.1293998,19.5124737,-99.1293983,19.512476,-99.1294019,315.0,1,1,1,A,EN AIRE,S,comenzar_barrido,1,,80,-48,-50.117,315.0,1,,D,5.0,45.0,1,15.0,2.0,3,1,315.0,-50.778,-52.512,75.0,-63.494,-64.246,120.0,-63.442,-64.406,,,,,,
2026-08-07T10:58:47.512,80.692,0.25,4722,BD,BARRIDO_DISCRETO,79.2,1,1,O,OFFBOARD,314.9,315.0,-0.1,315.0,1,D,3.8,0.59,-0.21,-5.13,19.5124747,-99.1293998,19.5124737,-99.1293983,19.512476,-99.1294019,315.0,1,1,1,A,EN AIRE,S,comenzar_barrido,1,,80,-48,-49.906,315.0,1,,D,5.0,45.0,1,15.0,2.0,3,1,315.0,-50.778,-52.512,75.0,-63.494,-64.246,120.0,-63.442,-64.406,,,,,,
2026-08-07T10:58:47.603,80.783,0.094,4722,BD,BARRIDO_DISCRETO,79.2,1,1,O,OFFBOARD,314.8,315.0,-0.2,315.0,1,D,3.8,0.58,-0.23,-5.13,19.5124747,-99.1293999,19.5124737,-99.1293983,19.512476,-99.1294019,315.0,1,1,1,A,EN AIRE,S,comenzar_barrido,1,,80,-48,-49.715,315.0,1,,D,5.0,45.0,1,15.0,2.0,3,1,315.0,-50.778,-52.512,75.0,-63.494,-64.246,120.0,-63.442,-64.406,,,,,,
2026-08-07T10:58:47.775,80.954,0.265,4722,BD,BARRIDO_DISCRETO,79.2,1,1,O,OFFBOARD,314.8,315.0,-0.2,315.0,1,D,3.8,0.58,-0.23,-5.13,19.5124747,-99.1293999,19.5124737,-99.1293983,19.512476,-99.1294019,315.0,1,1,1,A,EN AIRE,S,comenzar_barrido,1,,76,-52,-49.944,315.0,1,,D,5.0,45.0,1,15.0,2.0,3,1,315.0,-50.778,-52.512,75.0,-63.494,-64.246,120.0,-63.442,-64.406,,,,,,
2026-08-07T10:58:47.893,81.072,0.125,4722,BD,BARRIDO_DISCRETO,79.2,1,1,O,OFFBOARD,314.5,315.0,-0.5,315.0,1,D,3.7,0.57,-0.25,-5.12,19.5124746,-99.1294,19.5124737,-99.1293983,19.512476,-99.1294019,315.0,1,1,1,A,EN AIRE,S,comenzar_barrido,1,,80,-48,-49.749,315.0,1,,D,5.0,45.0,1,15.0,2.0,3,1,315.0,-50.778,-52.512,75.0,-63.494,-64.246,120.0,-63.442,-64.406,,,,,,
2026-08-07T10:58:48.057,81.237,0.157,4722,BD,BARRIDO_DISCRETO,79.2,1,1,O,OFFBOARD,314.8,315.0,-0.2,315.0,1,D,3.7,0.57,-0.26,-5.11,19.5124747,-99.1294001,19.5124737,-99.1293983,19.512476,-99.1294019,315.0,1,1,1,A,EN AIRE,S,comenzar_barrido,1,,79,-49,-49.674,315.0,1,,D,5.0,45.0,1,15.0,2.0,3,1,315.0,-50.778,-52.512,75.0,-63.494,-64.246,120.0,-63.442,-64.406,,,,,,
2026-08-07T10:58:48.147,81.327,0.25,4722,BD,BARRIDO_DISCRETO,79.2,1,1,O,OFFBOARD,314.8,315.0,-0.2,315.0,1,D,3.7,0.57,-0.26,-5.11,19.5124747,-99.1294001,19.5124737,-99.1293983,19.512476,-99.1294019,315.0,1,1,1,A,EN AIRE,S,comenzar_barrido,1,,79,-49,-49.607,315.0,1,,D,5.0,45.0,1,15.0,2.0,3,1,315.0,-50.778,-52.512,75.0,-63.494,-64.246,120.0,-63.442,-64.406,,,,,,
2026-08-07T10:58:48.418,81.598,0.094,4722,BD,BARRIDO_DISCRETO,79.2,1,1,O,OFFBOARD,315.3,320.0,-4.7,,0,D,3.7,0.57,-0.26,-5.11,19.5124748,-99.1294002,19.5124737,-99.1293983,19.512476,-99.1294019,315.0,1,1,1,A,EN AIRE,S,comenzar_barrido,1,,80,-48,-49.446,,0,ma0,D,5.0,45.0,1,15.0,2.0,3,1,315.0,-50.778,-52.512,75.0,-63.494,-64.246,120.0,-63.442,-64.406,,,,,,
2026-08-07T10:58:48.584,81.764,0.266,4722,BD,BARRIDO_DISCRETO,79.2,1,1,O,OFFBOARD,315.3,320.0,-4.7,,0,D,3.7,0.57,-0.26,-5.11,19.5124748,-99.1294002,19.5124737,-99.1293983,19.512476,-99.1294019,315.0,1,1,1,A,EN AIRE,S,comenzar_barrido,1,,73,-55,-50.002,,0,ma0,D,5.0,45.0,1,15.0,2.0,3,1,315.0,-50.778,-52.512,75.0,-63.494,-64.246,120.0,-63.442,-64.406,,,,,,
2026-08-07T10:58:48.759,81.939,0.0,4722,BD,BARRIDO_DISCRETO,82.2,1,1,O,OFFBOARD,327.2,330.0,-2.8,330.0,1,D,3.7,0.59,-0.29,-5.1,19.512475,-99.1294005,19.5124737,-99.1293983,19.512476,-99.1294019,315.0,1,1,1,A,EN AIRE,S,comenzar_barrido,1,,82,-46,-49.601,330.0,1,,D,5.0,45.0,1,15.0,2.0,3,1,315.0,-50.778,-52.512,75.0,-63.494,-64.246,120.0,-63.442,-64.406,,,,,,
2026-08-07T10:58:48.953,82.133,0.203,4722,BD,BARRIDO_DISCRETO,82.2,1,1,O,OFFBOARD,327.2,330.0,-2.8,330.0,1,D,3.7,0.59,-0.29,-5.1,19.512475,-99.1294005,19.5124737,-99.1293983,19.512476,-99.1294019,315.0,1,1,1,A,EN AIRE,S,comenzar_barrido,1,,82,-46,-49.241,330.0,1,,D,5.0,45.0,1,15.0,2.0,3,1,315.0,-50.778,-52.512,75.0,-63.494,-64.246,120.0,-63.442,-64.406,,,,,,
2026-08-07T10:58:48.953,82.133,0.203,4722,BD,BARRIDO_DISCRETO,82.2,1,1,O,OFFBOARD,327.2,330.0,-2.8,330.0,1,D,3.7,0.59,-0.29,-5.1,19.512475,-99.1294005,19.5124737,-99.1293983,19.512476,-99.1294019,315.0,1,1,1,A,EN AIRE,S,comenzar_barrido,1,,82,-46,-48.917,330.0,1,,D,5.0,45.0,1,15.0,2.0,3,1,315.0,-50.778,-52.512,75.0,-63.494,-64.246,120.0,-63.442,-64.406,,,,,,
2026-08-07T10:58:49.207,82.387,0.453,4722,BD,BARRIDO_DISCRETO,82.2,1,1,O,OFFBOARD,327.2,330.0,-2.8,330.0,1,D,3.7,0.59,-0.29,-5.1,19.512475,-99.1294005,19.5124737,-99.1293983,19.512476,-99.1294019,315.0,1,1,1,A,EN AIRE,S,comenzar_barrido,1,,82,-46,-48.625,330.0,1,,D,5.0,45.0,1,15.0,2.0,3,1,315.0,-50.778,-52.512,75.0,-63.494,-64.246,120.0,-63.442,-64.406,,,,,,
2026-08-07T10:58:49.207,82.387,0.453,4722,BD,BARRIDO_DISCRETO,82.2,1,1,O,OFFBOARD,327.2,330.0,-2.8,330.0,1,D,3.7,0.59,-0.29,-5.1,19.512475,-99.1294005,19.5124737,-99.1293983,19.512476,-99.1294019,315.0,1,1,1,A,EN AIRE,S,comenzar_barrido,1,,82,-46,-48.363,330.0,1,,D,5.0,45.0,1,15.0,2.0,3,1,315.0,-50.778,-52.512,75.0,-63.494,-64.246,120.0,-63.442,-64.406,,,,,,
2026-08-07T10:58:49.399,82.578,0.093,4722,BD,BARRIDO_DISCRETO,82.2,1,1,O,OFFBOARD,332.6,330.0,2.6,330.0,1,D,3.7,0.62,-0.31,-5.11,19.5124752,-99.1294006,19.5124737,-99.1293983,19.512476,-99.1294019,315.0,1,1,1,A,EN AIRE,S,comenzar_barrido,1,,67,-61,-49.627,330.0,1,,D,5.0,45.0,1,15.0,2.0,3,1,315.0,-50.778,-52.512,75.0,-63.494,-64.246,120.0,-63.442,-64.406,,,,,,
2026-08-07T10:58:49.528,82.707,0.109,4722,BD,BARRIDO_DISCRETO,82.2,1,1,O,OFFBOARD,330.9,330.0,0.9,330.0,1,D,3.7,0.62,-0.31,-5.11,19.5124751,-99.1294006,19.5124737,-99.1293983,19.512476,-99.1294019,315.0,1,1,1,A,EN AIRE,S,comenzar_barrido,1,,55,-73,-51.964,330.0,1,,D,5.0,45.0,1,15.0,2.0,3,1,315.0,-50.778,-52.512,75.0,-63.494,-64.246,120.0,-63.442,-64.406,,,,,,
2026-08-07T10:58:49.676,82.856,0.266,4722,BD,BARRIDO_DISCRETO,82.2,1,1,O,OFFBOARD,330.9,330.0,0.9,330.0,1,D,3.7,0.62,-0.31,-5.11,19.5124751,-99.1294006,19.5124737,-99.1293983,19.512476,-99.1294019,315.0,1,1,1,A,EN AIRE,S,comenzar_barrido,1,,67,-61,-52.868,330.0,1,,D,5.0,45.0,1,15.0,2.0,3,1,315.0,-50.778,-52.512,75.0,-63.494,-64.246,120.0,-63.442,-64.406,,,,,,
2026-08-07T10:58:49.766,82.946,0.093,4722,BD,BARRIDO_DISCRETO,82.2,1,1,O,OFFBOARD,330.3,330.0,0.3,330.0,1,D,3.7,0.61,-0.31,-5.11,19.512475,-99.1294005,19.5124737,-99.1293983,19.512476,-99.1294019,315.0,1,1,1,A,EN AIRE,S,comenzar_barrido,1,,67,-61,-53.681,330.0,1,,D,5.0,45.0,1,15.0,2.0,3,1,315.0,-50.778,-52.512,75.0,-63.494,-64.246,120.0,-63.442,-64.406,,,,,,
2026-08-07T10:58:49.930,83.11,0.25,4722,BD,BARRIDO_DISCRETO,82.2,1,1,O,OFFBOARD,330.3,330.0,0.3,330.0,1,D,3.7,0.61,-0.31,-5.11,19.512475,-99.1294005,19.5124737,-99.1293983,19.512476,-99.1294019,315.0,1,1,1,A,EN AIRE,S,comenzar_barrido,1,,67,-61,-54.413,330.0,1,,D,5.0,45.0,1,15.0,2.0,3,1,315.0,-50.778,-52.512,75.0,-63.494,-64.246,120.0,-63.442,-64.406,,,,,,
2026-08-07T10:58:50.113,83.292,0.0,4722,BD,BARRIDO_DISCRETO,82.2,1,1,O,OFFBOARD,330.5,330.0,0.5,330.0,1,D,3.7,0.6,-0.29,-5.12,19.512475,-99.1294005,19.5124737,-99.1293983,19.512476,-99.1294019,315.0,1,1,1,A,EN AIRE,S,comenzar_barrido,1,,67,-61,-55.071,330.0,1,,D,5.0,45.0,1,15.0,2.0,3,1,315.0,-50.778,-52.512,75.0,-63.494,-64.246,120.0,-63.442,-64.406,,,,,,
2026-08-07T10:58:50.210,83.389,0.094,4722,BD,BARRIDO_DISCRETO,82.2,1,1,O,OFFBOARD,330.5,330.0,0.5,330.0,1,D,3.7,0.6,-0.29,-5.12,19.512475,-99.1294005,19.5124737,-99.1293983,19.512476,-99.1294019,315.0,1,1,1,A,EN AIRE,S,comenzar_barrido,1,,66,-62,-55.764,330.0,1,,D,5.0,45.0,1,15.0,2.0,3,1,315.0,-50.778,-52.512,75.0,-63.494,-64.246,120.0,-63.442,-64.406,,,,,,
2026-08-07T10:58:50.326,83.506,0.125,4722,BD,BARRIDO_DISCRETO,82.2,1,1,O,OFFBOARD,330.9,330.0,0.9,330.0,1,D,3.8,0.58,-0.26,-5.14,19.5124748,-99.1294002,19.5124737,-99.1293983,19.512476,-99.1294019,315.0,1,1,1,A,EN AIRE,S,comenzar_barrido,1,,65,-63,-56.488,330.0,1,,D,5.0,45.0,1,15.0,2.0,3,1,315.0,-50.778,-52.512,75.0,-63.494,-64.246,120.0,-63.442,-64.406,,,,,,
2026-08-07T10:58:50.480,83.66,0.266,4722,BD,BARRIDO_DISCRETO,82.2,1,1,O,OFFBOARD,330.9,330.0,0.9,330.0,1,D,3.8,0.58,-0.26,-5.14,19.5124748,-99.1294002,19.5124737,-99.1293983,19.512476,-99.1294019,315.0,1,1,1,A,EN AIRE,S,comenzar_barrido,1,,56,-72,-58.039,330.0,1,,D,5.0,45.0,1,15.0,2.0,3,1,315.0,-50.778,-52.512,75.0,-63.494,-64.246,120.0,-63.442,-64.406,,,,,,
2026-08-07T10:58:50.600,83.78,0.125,4722,BD,BARRIDO_DISCRETO,82.2,1,1,O,OFFBOARD,330.5,330.0,0.5,330.0,1,D,3.8,0.58,-0.26,-5.14,19.5124747,-99.1294,19.5124737,-99.1293983,19.512476,-99.1294019,315.0,1,1,1,A,EN AIRE,S,comenzar_barrido,1,,66,-62,-58.435,330.0,1,,D,5.0,45.0,1,15.0,2.0,3,1,315.0,-50.778,-52.512,75.0,-63.494,-64.246,120.0,-63.442,-64.406,,,,,,
2026-08-07T10:58:50.760,83.939,0.281,4722,BD,BARRIDO_DISCRETO,82.2,1,1,O,OFFBOARD,330.5,330.0,0.5,330.0,1,D,3.8,0.58,-0.26,-5.14,19.5124747,-99.1294,19.5124737,-99.1293983,19.512476,-99.1294019,315.0,1,1,1,A,EN AIRE,S,comenzar_barrido,1,,65,-63,-58.892,330.0,1,,D,5.0,45.0,1,15.0,2.0,3,1,315.0,-50.778,-52.512,75.0,-63.494,-64.246,120.0,-63.442,-64.406,,,,,,
2026-08-07T10:58:50.869,84.049,0.39,4722,BD,BARRIDO_DISCRETO,82.2,1,1,O,OFFBOARD,330.5,330.0,0.5,330.0,1,D,3.8,0.58,-0.26,-5.14,19.5124747,-99.1294,19.5124737,-99.1293983,19.512476,-99.1294019,315.0,1,1,1,A,EN AIRE,S,comenzar_barrido,1,,55,-73,-60.302,330.0,1,,D,5.0,45.0,1,15.0,2.0,3,1,315.0,-50.778,-52.512,75.0,-63.494,-64.246,120.0,-63.442,-64.406,,,,,,
2026-08-07T10:58:51.047,84.227,0.578,4722,BD,BARRIDO_DISCRETO,82.2,1,1,O,OFFBOARD,330.5,330.0,0.5,330.0,1,D,3.8,0.58,-0.26,-5.14,19.5124747,-99.1294,19.5124737,-99.1293983,19.512476,-99.1294019,315.0,1,1,1,A,EN AIRE,S,comenzar_barrido,1,,65,-63,-60.572,330.0,1,,D,5.0,45.0,1,15.0,2.0,3,1,315.0,-50.778,-52.512,75.0,-63.494,-64.246,120.0,-63.442,-64.406,,,,,,
2026-08-07T10:58:51.181,84.361,0.125,4722,BD,BARRIDO_DISCRETO,82.2,1,1,O,OFFBOARD,329.1,330.0,-0.9,330.0,1,D,3.8,0.56,-0.19,-5.16,19.5124746,-99.1293994,19.5124737,-99.1293983,19.512476,-99.1294019,315.0,1,1,1,A,EN AIRE,S,comenzar_barrido,1,,81,-47,-59.215,330.0,1,,D,5.0,45.0,1,15.0,2.0,3,1,315.0,-50.778,-52.512,75.0,-63.494,-64.246,120.0,-63.442,-64.406,,,,,,
2026-08-07T10:58:51.338,84.517,0.281,4722,BD,BARRIDO_DISCRETO,82.2,1,1,O,OFFBOARD,329.1,330.0,-0.9,330.0,1,D,3.8,0.56,-0.19,-5.16,19.5124746,-99.1293994,19.5124737,-99.1293983,19.512476,-99.1294019,315.0,1,1,1,A,EN AIRE,S,comenzar_barrido,1,,80,-48,-58.094,330.0,1,,D,5.0,45.0,1,15.0,2.0,3,1,315.0,-50.778,-52.512,75.0,-63.494,-64.246,120.0,-63.442,-64.406,,,,,,
2026-08-07T10:58:51.608,84.788,0.281,4722,BD,BARRIDO_DISCRETO,85.1,1,1,O,OFFBOARD,335.9,345.0,-9.1,345.0,1,D,3.8,0.58,-0.15,-5.16,19.5124748,-99.1293991,19.5124737,-99.1293983,19.512476,-99.1294019,315.0,1,1,1,A,EN AIRE,S,comenzar_barrido,1,,61,-67,-58.984,345.0,1,,D,5.0,45.0,1,15.0,2.0,3,1,315.0,-50.778,-52.512,75.0,-63.494,-64.246,120.0,-63.442,-64.406,,,,,,
2026-08-07T10:58:51.609,84.789,0.281,4722,BD,BARRIDO_DISCRETO,85.1,1,1,O,OFFBOARD,335.9,345.0,-9.1,345.0,1,D,3.8,0.58,-0.15,-5.16,19.5124748,-99.1293991,19.5124737,-99.1293983,19.512476,-99.1294019,315.0,1,1,1,A,EN AIRE,S,comenzar_barrido,1,,55,-73,-60.386,345.0,1,,D,5.0,45.0,1,15.0,2.0,3,1,315.0,-50.778,-52.512,75.0,-63.494,-64.246,120.0,-63.442,-64.406,,,,,,
2026-08-07T10:58:51.707,84.887,0.375,4722,BD,BARRIDO_DISCRETO,85.1,1,1,O,OFFBOARD,335.9,345.0,-9.1,345.0,1,D,3.8,0.58,-0.15,-5.16,19.5124748,-99.1293991,19.5124737,-99.1293983,19.512476,-99.1294019,315.0,1,1,1,A,EN AIRE,S,comenzar_barrido,1,,53,-75,-61.847,345.0,1,,D,5.0,45.0,1,15.0,2.0,3,1,315.0,-50.778,-52.512,75.0,-63.494,-64.246,120.0,-63.442,-64.406,,,,,,
2026-08-07T10:58:51.883,85.062,0.094,4722,BD,BARRIDO_DISCRETO,85.1,1,1,O,OFFBOARD,343.8,345.0,-1.2,345.0,1,D,3.8,0.58,-0.15,-5.16,19.5124748,-99.1293991,19.5124737,-99.1293983,19.512476,-99.1294019,315.0,1,1,1,A,EN AIRE,S,comenzar_barrido,1,,54,-74,-63.062,345.0,1,,D,5.0,45.0,1,15.0,2.0,3,1,315.0,-50.778,-52.512,75.0,-63.494,-64.246,120.0,-63.442,-64.406,,,,,,
2026-08-07T10:58:52.000,85.18,0.219,4722,BD,BARRIDO_DISCRETO,85.1,1,1,O,OFFBOARD,343.8,345.0,-1.2,345.0,1,D,3.8,0.58,-0.15,-5.16,19.5124748,-99.1293991,19.5124737,-99.1293983,19.512476,-99.1294019,315.0,1,1,1,A,EN AIRE,S,comenzar_barrido,1,,56,-72,-63.956,345.0,1,,D,5.0,45.0,1,15.0,2.0,3,1,315.0,-50.778,-52.512,75.0,-63.494,-64.246,120.0,-63.442,-64.406,,,,,,
2026-08-07T10:58:52.260,85.439,0.25,4722,BD,BARRIDO_DISCRETO,85.1,1,1,O,OFFBOARD,348.6,345.0,3.6,345.0,1,D,3.8,0.59,-0.16,-5.17,19.512475,-99.1293992,19.5124737,-99.1293983,19.512476,-99.1294019,315.0,1,1,1,A,EN AIRE,S,comenzar_barrido,1,,59,-69,-64.461,345.0,1,,D,5.0,45.0,1,15.0,2.0,3,1,315.0,-50.778,-52.512,75.0,-63.494,-64.246,120.0,-63.442,-64.406,,,,,,
2026-08-07T10:58:52.558,85.738,0.11,4722,BD,BARRIDO_DISCRETO,85.1,1,1,O,OFFBOARD,343.9,345.0,-1.1,345.0,1,D,3.8,0.61,-0.2,-5.18,19.5124751,-99.1293996,19.5124737,-99.1293983,19.512476,-99.1294019,315.0,1,1,1,A,EN AIRE,S,comenzar_barrido,1,,58,-70,-65.015,345.0,1,,D,5.0,45.0,1,15.0,2.0,3,1,315.0,-50.778,-52.512,75.0,-63.494,-64.246,120.0,-63.442,-64.406,,,,,,
2026-08-07T10:58:52.708,85.888,0.266,4722,BD,BARRIDO_DISCRETO,85.1,1,1,O,OFFBOARD,343.9,345.0,-1.1,345.0,1,D,3.8,0.61,-0.2,-5.18,19.5124751,-99.1293996,19.5124737,-99.1293983,19.512476,-99.1294019,315.0,1,1,1,A,EN AIRE,S,comenzar_barrido,1,,56,-72,-65.713,345.0,1,,D,5.0,45.0,1,15.0,2.0,3,1,315.0,-50.778,-52.512,75.0,-63.494,-64.246,120.0,-63.442,-64.406,,,,,,
2026-08-07T10:58:52.821,86.001,0.109,4722,BD,BARRIDO_DISCRETO,85.1,1,1,O,OFFBOARD,344.6,345.0,-0.4,345.0,1,D,3.8,0.62,-0.24,-5.17,19.5124751,-99.1293998,19.5124737,-99.1293983,19.512476,-99.1294019,315.0,1,1,1,A,EN AIRE,S,comenzar_barrido,1,,58,-70,-66.142,345.0,1,,D,5.0,45.0,1,15.0,2.0,3,1,315.0,-50.778,-52.512,75.0,-63.494,-64.246,120.0,-63.442,-64.406,,,,,,
2026-08-07T10:58:52.973,86.152,0.266,4722,BD,BARRIDO_DISCRETO,85.1,1,1,O,OFFBOARD,344.6,345.0,-0.4,345.0,1,D,3.8,0.62,-0.24,-5.17,19.5124751,-99.1293998,19.5124737,-99.1293983,19.512476,-99.1294019,315.0,1,1,1,A,EN AIRE,S,comenzar_barrido,1,,58,-70,-66.528,345.0,1,,D,5.0,45.0,1,15.0,2.0,3,1,315.0,-50.778,-52.512,75.0,-63.494,-64.246,120.0,-63.442,-64.406,,,,,,
2026-08-07T10:58:53.088,86.268,0.109,4722,BD,BARRIDO_DISCRETO,85.1,1,1,O,OFFBOARD,345.3,345.0,0.3,345.0,1,D,3.8,0.62,-0.24,-5.17,19.5124753,-99.1294003,19.5124737,-99.1293983,19.512476,-99.1294019,315.0,1,1,1,A,EN AIRE,S,comenzar_barrido,1,,57,-71,-66.975,345.0,1,,D,5.0,45.0,1,15.0,2.0,3,1,315.0,-50.778,-52.512,75.0,-63.494,-64.246,120.0,-63.442,-64.406,,,,,,
2026-08-07T10:58:53.267,86.446,0.187,4722,BD,BARRIDO_DISCRETO,85.1,1,1,O,OFFBOARD,346.0,345.0,1.0,345.0,1,D,3.8,0.64,-0.28,-5.16,19.5124754,-99.1294005,19.5124737,-99.1293983,19.512476,-99.1294019,315.0,1,1,1,A,EN AIRE,S,comenzar_barrido,1,,58,-70,-67.277,345.0,1,,D,5.0,45.0,1,15.0,2.0,3,1,315.0,-50.778,-52.512,75.0,-63.494,-64.246,120.0,-63.442,-64.406,,,,,,
2026-08-07T10:58:53.365,86.545,0.281,4722,BD,BARRIDO_DISCRETO,85.1,1,1,O,OFFBOARD,346.0,345.0,1.0,345.0,1,D,3.8,0.64,-0.28,-5.16,19.5124754,-99.1294005,19.5124737,-99.1293983,19.512476,-99.1294019,315.0,1,1,1,A,EN AIRE,S,comenzar_barrido,1,,59,-69,-67.45,345.0,1,,D,5.0,45.0,1,15.0,2.0,3,1,315.0,-50.778,-52.512,75.0,-63.494,-64.246,120.0,-63.442,-64.406,,,,,,
2026-08-07T10:58:53.661,86.84,0.219,4722,BD,BARRIDO_DISCRETO,85.1,1,1,O,OFFBOARD,345.5,345.0,0.5,345.0,1,D,3.8,0.66,-0.31,-5.15,19.5124755,-99.1294006,19.5124737,-99.1293983,19.512476,-99.1294019,315.0,1,1,1,A,EN AIRE,S,comenzar_barrido,1,,61,-67,-67.405,345.0,1,,D,5.0,45.0,1,15.0,2.0,3,1,315.0,-50.778,-52.512,75.0,-63.494,-64.246,120.0,-63.442,-64.406,,,,,,
2026-08-07T10:58:53.816,86.996,0.375,4722,BD,BARRIDO_DISCRETO,85.1,1,1,O,OFFBOARD,345.5,345.0,0.5,345.0,1,D,3.8,0.66,-0.31,-5.15,19.5124755,-99.1294006,19.5124737,-99.1293983,19.512476,-99.1294019,315.0,1,1,1,A,EN AIRE,S,comenzar_barrido,1,,52,-76,-68.264,345.0,1,,D,5.0,45.0,1,15.0,2.0,3,1,315.0,-50.778,-52.512,75.0,-63.494,-64.246,120.0,-63.442,-64.406,,,,,,
2026-08-07T10:58:53.817,86.997,0.375,4722,BD,BARRIDO_DISCRETO,85.1,1,1,O,OFFBOARD,345.5,345.0,0.5,345.0,1,D,3.8,0.66,-0.31,-5.15,19.5124755,-99.1294006,19.5124737,-99.1293983,19.512476,-99.1294019,315.0,1,1,1,A,EN AIRE,S,comenzar_barrido,1,,61,-67,-68.138,345.0,1,,D,5.0,45.0,1,15.0,2.0,3,1,315.0,-50.778,-52.512,75.0,-63.494,-64.246,120.0,-63.442,-64.406,,,,,,
2026-08-07T10:58:53.934,87.114,0.11,4722,BD,BARRIDO_DISCRETO,85.1,1,1,O,OFFBOARD,345.2,345.0,0.2,345.0,1,D,3.8,0.67,-0.32,-5.14,19.5124756,-99.1294007,19.5124737,-99.1293983,19.512476,-99.1294019,315.0,1,1,1,A,EN AIRE,S,comenzar_barrido,1,,61,-67,-68.024,345.0,1,,D,5.0,45.0,1,15.0,2.0,3,1,315.0,-50.778,-52.512,75.0,-63.494,-64.246,120.0,-63.442,-64.406,,,,,,
2026-08-07T10:58:54.107,87.286,0.187,4722,BD,BARRIDO_DISCRETO,85.1,1,1,O,OFFBOARD,345.7,345.0,0.7,,0,D,3.8,0.67,-0.32,-5.14,19.5124756,-99.1294007,19.5124737,-99.1293983,19.512476,-99.1294019,315.0,1,1,1,A,EN AIRE,S,comenzar_barrido,1,,61,-67,-67.922,,0,ma0,D,5.0,45.0,1,15.0,2.0,3,1,315.0,-50.778,-52.512,75.0,-63.494,-64.246,120.0,-63.442,-64.406,,,,,,
2026-08-07T10:58:54.448,87.627,0.515,4722,BD,BARRIDO_DISCRETO,85.1,1,1,O,OFFBOARD,345.7,345.0,0.7,,0,D,3.8,0.67,-0.32,-5.14,19.5124756,-99.1294007,19.5124737,-99.1293983,19.512476,-99.1294019,315.0,1,1,1,A,EN AIRE,S,comenzar_barrido,1,,55,-73,-68.429,,0,ma0,D,5.0,45.0,1,15.0,2.0,3,1,315.0,-50.778,-52.512,75.0,-63.494,-64.246,120.0,-63.442,-64.406,,,,,,
2026-08-07T10:58:54.448,87.627,0.515,4722,BD,BARRIDO_DISCRETO,85.1,1,1,O,OFFBOARD,345.7,345.0,0.7,,0,D,3.8,0.67,-0.32,-5.14,19.5124756,-99.1294007,19.5124737,-99.1293983,19.512476,-99.1294019,315.0,1,1,1,A,EN AIRE,S,comenzar_barrido,1,,56,-72,-68.786,,0,ma0,D,5.0,45.0,1,15.0,2.0,3,1,315.0,-50.778,-52.512,75.0,-63.494,-64.246,120.0,-63.442,-64.406,,,,,,
2026-08-07T10:58:54.567,87.746,0.125,4722,BD,BARRIDO_DISCRETO,88.0,1,1,O,OFFBOARD,351.2,0.0,-8.8,0.0,1,D,3.8,0.69,-0.31,-5.14,19.5124759,-99.1294005,19.5124737,-99.1293983,19.512476,-99.1294019,315.0,1,1,1,A,EN AIRE,S,comenzar_barrido,1,,58,-70,-68.908,0.0,1,,D,5.0,45.0,1,15.0,2.0,3,1,315.0,-50.778,-52.512,75.0,-63.494,-64.246,120.0,-63.442,-64.406,,,,,,
2026-08-07T10:58:54.729,87.909,0.282,4722,BD,BARRIDO_DISCRETO,88.0,1,1,O,OFFBOARD,351.2,0.0,-8.8,0.0,1,D,3.8,0.69,-0.31,-5.14,19.5124759,-99.1294005,19.5124737,-99.1293983,19.512476,-99.1294019,315.0,1,1,1,A,EN AIRE,S,comenzar_barrido,1,,58,-70,-69.017,0.0,1,,D,5.0,45.0,1,15.0,2.0,3,1,315.0,-50.778,-52.512,75.0,-63.494,-64.246,120.0,-63.442,-64.406,,,,,,
2026-08-07T10:58:54.872,88.051,0.14,4722,BD,BARRIDO_DISCRETO,88.0,1,1,O,OFFBOARD,359.2,0.0,-0.8,0.0,1,D,3.8,0.72,-0.29,-5.14,19.5124761,-99.1294004,19.5124737,-99.1293983,19.512476,-99.1294019,315.0,1,1,1,A,EN AIRE,S,comenzar_barrido,1,,58,-70,-69.115,0.0,1,,D,5.0,45.0,1,15.0,2.0,3,1,315.0,-50.778,-52.512,75.0,-63.494,-64.246,120.0,-63.442,-64.406,,,,,,
2026-08-07T10:58:55.038,88.218,0.156,4722,BD,BARRIDO_DISCRETO,88.0,1,1,O,OFFBOARD,3.1,0.0,3.1,0.0,1,D,3.8,0.74,-0.26,-5.13,19.5124762,-99.1294002,19.5124737,-99.1293983,19.512476,-99.1294019,315.0,1,1,1,A,EN AIRE,S,comenzar_barrido,1,,58,-70,-69.204,0.0,1,,D,5.0,45.0,1,15.0,2.0,3,1,315.0,-50.778,-52.512,75.0,-63.494,-64.246,120.0,-63.442,-64.406,,,,,,
2026-08-07T10:58:55.133,88.313,0.25,4722,BD,BARRIDO_DISCRETO,88.0,1,1,O,OFFBOARD,3.1,0.0,3.1,0.0,1,D,3.8,0.74,-0.26,-5.13,19.5124762,-99.1294002,19.5124737,-99.1293983,19.512476,-99.1294019,315.0,1,1,1,A,EN AIRE,S,comenzar_barrido,1,,56,-72,-69.483,0.0,1,,D,5.0,45.0,1,15.0,2.0,3,1,315.0,-50.778,-52.512,75.0,-63.494,-64.246,120.0,-63.442,-64.406,,,,,,
2026-08-07T10:58:55.302,88.481,0.094,4722,BD,BARRIDO_DISCRETO,88.0,1,1,O,OFFBOARD,1.7,0.0,1.7,0.0,1,D,3.8,0.74,-0.26,-5.13,19.5124763,-99.1294001,19.5124737,-99.1293983,19.512476,-99.1294019,315.0,1,1,1,A,EN AIRE,S,comenzar_barrido,1,,57,-71,-69.635,0.0,1,,D,5.0,45.0,1,15.0,2.0,3,1,315.0,-50.778,-52.512,75.0,-63.494,-64.246,120.0,-63.442,-64.406,,,,,,
2026-08-07T10:58:55.487,88.666,0.015,4722,BD,BARRIDO_DISCRETO,88.0,1,1,O,OFFBOARD,0.2,0.0,0.2,0.0,1,D,3.8,0.76,-0.25,-5.13,19.5124764,-99.1294001,19.5124737,-99.1293983,19.512476,-99.1294019,315.0,1,1,1,A,EN AIRE,S,comenzar_barrido,1,,56,-72,-69.872,0.0,1,,D,5.0,45.0,1,15.0,2.0,3,1,315.0,-50.778,-52.512,75.0,-63.494,-64.246,120.0,-63.442,-64.406,,,,,,
2026-08-07T10:58:55.578,88.758,0.109,4722,BD,BARRIDO_DISCRETO,88.0,1,1,O,OFFBOARD,0.2,0.0,0.2,0.0,1,D,3.8,0.76,-0.25,-5.13,19.5124764,-99.1294001,19.5124737,-99.1293983,19.512476,-99.1294019,315.0,1,1,1,A,EN AIRE,S,comenzar_barrido,1,,56,-72,-70.084,0.0,1,,D,5.0,45.0,1,15.0,2.0,3,1,315.0,-50.778,-52.512,75.0,-63.494,-64.246,120.0,-63.442,-64.406,,,,,,
2026-08-07T10:58:55.764,88.944,0.015,4722,BD,BARRIDO_DISCRETO,88.0,1,1,O,OFFBOARD,0.1,0.0,0.1,0.0,1,D,3.7,0.76,-0.26,-5.12,19.5124763,-99.1294002,19.5124737,-99.1293983,19.512476,-99.1294019,315.0,1,1,1,A,EN AIRE,S,comenzar_barrido,1,,55,-73,-70.376,0.0,1,,D,5.0,45.0,1,15.0,2.0,3,1,315.0,-50.778,-52.512,75.0,-63.494,-64.246,120.0,-63.442,-64.406,,,,,,
2026-08-07T10:58:55.851,89.03,0.094,4722,BD,BARRIDO_DISCRETO,88.0,1,1,O,OFFBOARD,0.1,0.0,0.1,0.0,1,D,3.7,0.76,-0.26,-5.12,19.5124763,-99.1294002,19.5124737,-99.1293983,19.512476,-99.1294019,315.0,1,1,1,A,EN AIRE,S,comenzar_barrido,1,,53,-75,-70.838,0.0,1,,D,5.0,45.0,1,15.0,2.0,3,1,315.0,-50.778,-52.512,75.0,-63.494,-64.246,120.0,-63.442,-64.406,,,,,,
2026-08-07T10:58:55.961,89.141,0.203,4722,BD,BARRIDO_DISCRETO,88.0,1,1,O,OFFBOARD,0.1,0.0,0.1,0.0,1,D,3.7,0.76,-0.26,-5.12,19.5124763,-99.1294002,19.5124737,-99.1293983,19.512476,-99.1294019,315.0,1,1,1,A,EN AIRE,S,comenzar_barrido,1,,55,-73,-71.055,0.0,1,,D,5.0,45.0,1,15.0,2.0,3,1,315.0,-50.778,-52.512,75.0,-63.494,-64.246,120.0,-63.442,-64.406,,,,,,
2026-08-07T10:58:56.132,89.312,0.094,4722,BD,BARRIDO_DISCRETO,88.0,1,1,O,OFFBOARD,359.1,0.0,-0.9,0.0,1,D,3.7,0.75,-0.28,-5.11,19.5124763,-99.1294003,19.5124737,-99.1293983,19.512476,-99.1294019,315.0,1,1,1,A,EN AIRE,S,comenzar_barrido,1,,53,-75,-71.449,0.0,1,,D,5.0,45.0,1,15.0,2.0,3,1,315.0,-50.778,-52.512,75.0,-63.494,-64.246,120.0,-63.442,-64.406,,,,,,
2026-08-07T10:58:56.339,89.519,0.172,4722,BD,BARRIDO_DISCRETO,88.0,1,1,O,OFFBOARD,358.8,0.0,-1.2,0.0,1,D,3.7,0.75,-0.28,-5.11,19.5124763,-99.1294003,19.5124737,-99.1293983,19.512476,-99.1294019,315.0,1,1,1,A,EN AIRE,S,comenzar_barrido,1,,53,-75,-71.804,0.0,1,,D,5.0,45.0,1,15.0,2.0,3,1,315.0,-50.778,-52.512,75.0,-63.494,-64.246,120.0,-63.442,-64.406,,,,,,
2026-08-07T10:58:56.592,89.772,0.266,4722,BD,BARRIDO_DISCRETO,88.0,1,1,O,OFFBOARD,359.5,0.0,-0.5,0.0,1,D,3.7,0.76,-0.28,-5.11,19.5124765,-99.1294003,19.5124737,-99.1293983,19.512476,-99.1294019,315.0,1,1,1,A,EN AIRE,S,comenzar_barrido,1,,52,-76,-72.224,0.0,1,,D,5.0,45.0,1,15.0,2.0,3,1,315.0,-50.778,-52.512,75.0,-63.494,-64.246,120.0,-63.442,-64.406,,,,,,
2026-08-07T10:58:56.592,89.772,0.266,4722,BD,BARRIDO_DISCRETO,88.0,1,1,O,OFFBOARD,359.5,0.0,-0.5,0.0,1,D,3.7,0.76,-0.28,-5.11,19.5124765,-99.1294003,19.5124737,-99.1293983,19.512476,-99.1294019,315.0,1,1,1,A,EN AIRE,S,comenzar_barrido,1,,51,-77,-72.701,0.0,1,,D,5.0,45.0,1,15.0,2.0,3,1,315.0,-50.778,-52.512,75.0,-63.494,-64.246,120.0,-63.442,-64.406,,,,,,
2026-08-07T10:58:56.847,90.026,0.25,4722,BD,BARRIDO_DISCRETO,88.0,1,1,O,OFFBOARD,359.8,0.0,-0.2,0.0,1,D,3.7,0.77,-0.28,-5.12,19.5124765,-99.1294004,19.5124737,-99.1293983,19.512476,-99.1294019,315.0,1,1,1,A,EN AIRE,S,comenzar_barrido,1,,50,-78,-73.231,0.0,1,,D,5.0,45.0,1,15.0,2.0,3,1,315.0,-50.778,-52.512,75.0,-63.494,-64.246,120.0,-63.442,-64.406,,,,,,
2026-08-07T10:58:56.847,90.027,0.25,4722,BD,BARRIDO_DISCRETO,88.0,1,1,O,OFFBOARD,359.8,0.0,-0.2,0.0,1,D,3.7,0.77,-0.28,-5.12,19.5124765,-99.1294004,19.5124737,-99.1293983,19.512476,-99.1294019,315.0,1,1,1,A,EN AIRE,S,comenzar_barrido,1,,49,-79,-73.808,0.0,1,,D,5.0,45.0,1,15.0,2.0,3,1,315.0,-50.778,-52.512,75.0,-63.494,-64.246,120.0,-63.442,-64.406,,,,,,
2026-08-07T10:58:56.940,90.12,0.093,4722,QA,ESPERANDO_AOA,90.0,1,1,O,OFFBOARD,0.4,0.0,0.4,,0,D,3.7,0.78,-0.3,-5.11,19.5124766,-99.1294006,19.5124737,-99.1293983,19.512476,-99.1294019,315.0,1,1,1,A,EN AIRE,S,comenzar_barrido,1,,48,-80,-74.427,,0,ma0,D,5.0,45.0,1,15.0,2.0,3,1,315.0,-50.778,-52.512,75.0,-63.494,-64.246,120.0,-63.442,-64.406,,,,,,
2026-08-07T10:58:57.106,90.286,0.25,4722,QA,ESPERANDO_AOA,90.0,1,1,O,OFFBOARD,0.4,0.0,0.4,,0,D,3.7,0.78,-0.3,-5.11,19.5124766,-99.1294006,19.5124737,-99.1293983,19.512476,-99.1294019,315.0,1,1,1,A,EN AIRE,S,comenzar_barrido,1,,48,-80,-74.985,,0,ma0,D,5.0,45.0,1,15.0,2.0,3,1,315.0,-50.778,-52.512,75.0,-63.494,-64.246,120.0,-63.442,-64.406,,,,,,
2026-08-07T10:58:57.278,90.458,0.0,4722,QA,ESPERANDO_AOA,90.0,1,1,O,OFFBOARD,359.6,0.0,-0.4,,0,D,3.7,0.78,-0.33,-5.11,19.5124766,-99.1294008,19.5124737,-99.1293983,19.512476,-99.1294019,315.0,1,1,1,A,EN AIRE,S,comenzar_barrido,1,,47,-81,-75.586,,0,ma0,D,5.0,45.0,1,15.0,2.0,3,1,315.0,-50.778,-52.512,75.0,-63.494,-64.246,120.0,-63.442,-64.406,,,,,,
2026-08-07T10:58:57.495,90.675,0.109,4722,QA,ESPERANDO_AOA,90.0,1,1,O,OFFBOARD,359.6,0.0,-0.4,,0,D,3.7,0.78,-0.33,-5.11,19.5124766,-99.129401,19.5124737,-99.1293983,19.512476,-99.1294019,315.0,1,1,1,A,EN AIRE,S,comenzar_barrido,1,,52,-76,-75.628,,0,ma0,D,5.0,45.0,1,15.0,2.0,3,1,315.0,-50.778,-52.512,75.0,-63.494,-64.246,120.0,-63.442,-64.406,,,,,,
2026-08-07T10:58:57.495,90.675,0.109,4722,QA,ESPERANDO_AOA,90.0,1,1,O,OFFBOARD,359.6,0.0,-0.4,,0,D,3.7,0.78,-0.33,-5.11,19.5124766,-99.129401,19.5124737,-99.1293983,19.512476,-99.1294019,315.0,1,1,1,A,EN AIRE,S,comenzar_barrido,1,,50,-78,-75.865,,0,ma0,D,5.0,45.0,1,15.0,2.0,3,1,315.0,-50.778,-52.512,75.0,-63.494,-64.246,120.0,-63.442,-64.406,,,,,,
2026-08-07T10:58:57.746,90.926,0.094,4722,QA,ESPERANDO_AOA,90.0,1,1,O,OFFBOARD,0.0,0.0,0.0,,0,D,3.7,0.78,-0.36,-5.1,19.5124765,-99.1294012,19.5124737,-99.1293983,19.512476,-99.1294019,315.0,1,1,1,A,EN AIRE,S,comenzar_barrido,1,,50,-78,-76.078,,0,ma0,D,5.0,45.0,1,15.0,2.0,3,1,315.0,-50.778,-52.512,75.0,-63.494,-64.246,120.0,-63.442,-64.406,,,,,,
2026-08-07T10:58:57.953,91.132,0.313,4722,QA,ESPERANDO_AOA,90.0,1,1,O,OFFBOARD,0.0,0.0,0.0,,0,D,3.7,0.78,-0.36,-5.1,19.5124765,-99.1294012,19.5124737,-99.1293983,19.512476,-99.1294019,315.0,1,1,1,A,EN AIRE,S,comenzar_barrido,1,,52,-76,-76.07,,0,ma0,D,5.0,45.0,1,15.0,2.0,3,1,315.0,-50.778,-52.512,75.0,-63.494,-64.246,120.0,-63.442,-64.406,,,,,,
2026-08-07T10:58:58.275,91.455,0.187,4722,YA,ORIENTANDO_AOA,94.0,1,1,O,OFFBOARD,0.4,357.9,2.5,,0,D,3.7,0.75,-0.4,-5.08,19.5124762,-99.1294015,19.5124737,-99.1293983,19.512476,-99.1294019,315.0,1,1,1,A,EN AIRE,Y,orientar_aoa,2,,51,-77,-76.163,,0,ma0,D,5.0,45.0,1,15.0,2.0,3,1,315.0,-50.778,-52.512,75.0,-63.494,-64.246,120.0,-63.442,-64.406,,,,,,
2026-08-07T10:58:58.762,91.941,0.0,4722,YA,ORIENTANDO_AOA,94.0,1,1,O,OFFBOARD,352.0,339.9,12.1,,0,D,3.7,0.72,-0.39,-5.08,19.5124758,-99.1294013,19.5124737,-99.1293983,19.512476,-99.1294019,315.0,1,1,1,A,EN AIRE,Y,orientar_aoa,2,,59,-69,-75.447,,0,ma0,D,5.0,45.0,1,15.0,2.0,3,1,315.0,-50.778,-52.512,75.0,-63.494,-64.246,120.0,-63.442,-64.406,,,,,,
2026-08-07T10:58:58.849,92.028,0.094,4722,YA,ORIENTANDO_AOA,94.0,1,1,O,OFFBOARD,352.0,339.9,12.1,,0,D,3.7,0.72,-0.39,-5.08,19.5124758,-99.1294013,19.5124737,-99.1293983,19.512476,-99.1294019,315.0,1,1,1,A,EN AIRE,Y,orientar_aoa,2,,58,-70,-74.902,,0,ma0,D,5.0,45.0,1,15.0,2.0,3,1,315.0,-50.778,-52.512,75.0,-63.494,-64.246,120.0,-63.442,-64.406,,,,,,
2026-08-07T10:58:59.048,92.228,0.297,4722,YA,ORIENTANDO_AOA,94.0,1,1,O,OFFBOARD,352.0,339.9,12.1,,0,D,3.7,0.72,-0.39,-5.08,19.5124758,-99.1294013,19.5124737,-99.1293983,19.512476,-99.1294019,315.0,1,1,1,A,EN AIRE,Y,orientar_aoa,2,,59,-69,-74.312,,0,ma0,D,5.0,45.0,1,15.0,2.0,3,1,315.0,-50.778,-52.512,75.0,-63.494,-64.246,120.0,-63.442,-64.406,,,,,,
2026-08-07T10:58:59.165,92.344,0.109,4722,YA,ORIENTANDO_AOA,94.0,1,1,O,OFFBOARD,338.4,330.8,7.6,,0,D,3.7,0.7,-0.38,-5.09,19.5124757,-99.1294011,19.5124737,-99.1293983,19.512476,-99.1294019,315.0,1,1,1,A,EN AIRE,Y,orientar_aoa,2,,61,-67,-73.581,,0,ma0,D,5.0,45.0,1,15.0,2.0,3,1,315.0,-50.778,-52.512,75.0,-63.494,-64.246,120.0,-63.442,-64.406,,,,,,
2026-08-07T10:58:59.331,92.511,0.281,4722,YA,ORIENTANDO_AOA,94.0,1,1,O,OFFBOARD,338.4,330.8,7.6,,0,D,3.7,0.7,-0.38,-5.09,19.5124757,-99.1294011,19.5124737,-99.1293983,19.512476,-99.1294019,315.0,1,1,1,A,EN AIRE,Y,orientar_aoa,2,,62,-66,-72.823,,0,ma0,D,5.0,45.0,1,15.0,2.0,3,1,315.0,-50.778,-52.512,75.0,-63.494,-64.246,120.0,-63.442,-64.406,,,,,,
2026-08-07T10:58:59.433,92.613,0.375,4722,YA,ORIENTANDO_AOA,94.0,1,1,O,OFFBOARD,338.4,330.8,7.6,,0,D,3.7,0.7,-0.38,-5.09,19.5124757,-99.1294011,19.5124737,-99.1293983,19.512476,-99.1294019,315.0,1,1,1,A,EN AIRE,Y,orientar_aoa,2,,60,-68,-72.341,,0,ma0,D,5.0,45.0,1,15.0,2.0,3,1,315.0,-50.778,-52.512,75.0,-63.494,-64.246,120.0,-63.442,-64.406,,,,,,
2026-08-07T10:58:59.624,92.804,0.203,4722,YA,ORIENTANDO_AOA,94.0,1,1,O,OFFBOARD,320.5,315.0,5.5,,0,D,3.7,0.64,-0.36,-5.09,19.5124754,-99.1294011,19.5124737,-99.1293983,19.512476,-99.1294019,315.0,1,1,1,A,EN AIRE,Y,orientar_aoa,2,,75,-53,-70.406,,0,ma0,D,5.0,45.0,1,15.0,2.0,3,1,315.0,-50.778,-52.512,75.0,-63.494,-64.246,120.0,-63.442,-64.406,,,,,,
2026-08-07T10:58:59.746,92.925,0.109,4722,YA,ORIENTANDO_AOA,94.0,1,1,O,OFFBOARD,314.4,315.0,-0.6,,0,D,3.7,0.64,-0.36,-5.09,19.512475,-99.129401,19.5124737,-99.1293983,19.512476,-99.1294019,315.0,1,1,1,A,EN AIRE,Y,orientar_aoa,2,,77,-51,-68.466,,0,ma0,D,5.0,45.0,1,15.0,2.0,3,1,315.0,-50.778,-52.512,75.0,-63.494,-64.246,120.0,-63.442,-64.406,,,,,,
2026-08-07T10:58:59.914,93.093,0.281,4722,YA,ORIENTANDO_AOA,94.0,1,1,O,OFFBOARD,314.4,315.0,-0.6,,0,D,3.7,0.64,-0.36,-5.09,19.512475,-99.129401,19.5124737,-99.1293983,19.512476,-99.1294019,315.0,1,1,1,A,EN AIRE,Y,orientar_aoa,2,,76,-52,-66.819,,0,ma0,D,5.0,45.0,1,15.0,2.0,3,1,315.0,-50.778,-52.512,75.0,-63.494,-64.246,120.0,-63.442,-64.406,,,,,,
2026-08-07T10:59:00.035,93.215,0.125,4722,YA,ORIENTANDO_AOA,94.0,1,1,O,OFFBOARD,312.2,315.0,-2.8,,0,D,3.7,0.6,-0.35,-5.09,19.5124748,-99.1294009,19.5124737,-99.1293983,19.512476,-99.1294019,315.0,1,1,1,A,EN AIRE,Y,orientar_aoa,2,,79,-49,-65.037,,0,ma0,D,5.0,45.0,1,15.0,2.0,3,1,315.0,-50.778,-52.512,75.0,-63.494,-64.246,120.0,-63.442,-64.406,,,,,,
2026-08-07T10:59:00.204,93.384,0.297,4722,YA,ORIENTANDO_AOA,94.0,1,1,O,OFFBOARD,312.2,315.0,-2.8,,0,D,3.7,0.6,-0.35,-5.09,19.5124748,-99.1294009,19.5124737,-99.1293983,19.512476,-99.1294019,315.0,1,1,1,A,EN AIRE,Y,orientar_aoa,2,,77,-51,-63.634,,0,ma0,D,5.0,45.0,1,15.0,2.0,3,1,315.0,-50.778,-52.512,75.0,-63.494,-64.246,120.0,-63.442,-64.406,,,,,,
2026-08-07T10:59:00.310,93.49,0.406,4722,YA,ORIENTANDO_AOA,94.0,1,1,O,OFFBOARD,312.2,315.0,-2.8,,0,D,3.7,0.6,-0.35,-5.09,19.5124748,-99.1294009,19.5124737,-99.1293983,19.512476,-99.1294019,315.0,1,1,1,A,EN AIRE,Y,orientar_aoa,2,,79,-49,-62.17,,0,ma0,D,5.0,45.0,1,15.0,2.0,3,1,315.0,-50.778,-52.512,75.0,-63.494,-64.246,120.0,-63.442,-64.406,,,,,,
2026-08-07T10:59:00.501,93.681,0.188,4722,YA,ORIENTANDO_AOA,94.0,1,1,O,OFFBOARD,316.6,315.0,1.6,,0,D,3.7,0.51,-0.32,-5.08,19.512474,-99.1294007,19.5124737,-99.1293983,19.512476,-99.1294019,315.0,1,1,1,A,EN AIRE,Y,orientar_aoa,2,,77,-51,-61.053,,0,ma0,D,5.0,45.0,1,15.0,2.0,3,1,315.0,-50.778,-52.512,75.0,-63.494,-64.246,120.0,-63.442,-64.406,,,,,,
2026-08-07T10:59:00.602,93.782,0.282,4722,YA,ORIENTANDO_AOA,94.0,1,1,O,OFFBOARD,316.6,315.0,1.6,,0,D,3.7,0.51,-0.32,-5.08,19.512474,-99.1294007,19.5124737,-99.1293983,19.512476,-99.1294019,315.0,1,1,1,A,EN AIRE,Y,orientar_aoa,2,,77,-51,-60.048,,0,ma0,D,5.0,45.0,1,15.0,2.0,3,1,315.0,-50.778,-52.512,75.0,-63.494,-64.246,120.0,-63.442,-64.406,,,,,,
2026-08-07T10:59:00.775,93.955,0.453,4722,YA,ORIENTANDO_AOA,94.0,1,1,O,OFFBOARD,316.6,315.0,1.6,,0,D,3.7,0.51,-0.32,-5.08,19.512474,-99.1294007,19.5124737,-99.1293983,19.512476,-99.1294019,315.0,1,1,1,A,EN AIRE,Y,orientar_aoa,2,,76,-52,-59.243,,0,ma0,D,5.0,45.0,1,15.0,2.0,3,1,315.0,-50.778,-52.512,75.0,-63.494,-64.246,120.0,-63.442,-64.406,,,,,,
2026-08-07T10:59:00.893,94.073,0.125,4722,LND,ATERRIZANDO,96.0,1,1,O,OFFBOARD,316.2,315.0,1.2,,0,D,3.7,0.48,-0.3,-5.1,19.5124739,-99.1294005,19.5124737,-99.1293983,19.512476,-99.1294019,315.0,1,1,1,A,EN AIRE,YC,aoa_orientado,2,,76,-52,-58.519,,0,ma0,D,5.0,45.0,1,15.0,2.0,3,1,315.0,-50.778,-52.512,75.0,-63.494,-64.246,120.0,-63.442,-64.406,,,,,,
2026-08-07T10:59:01.086,94.266,0.188,4722,LND,ATERRIZANDO,96.0,1,1,O,OFFBOARD,314.8,315.0,-0.2,,0,D,3.7,0.48,-0.3,-5.1,19.5124737,-99.1294003,19.5124737,-99.1293983,19.512476,-99.1294019,315.0,1,1,1,A,EN AIRE,YC,aoa_orientado,2,,76,-52,-57.867,,0,ma0,D,5.0,45.0,1,15.0,2.0,3,1,315.0,-50.778,-52.512,75.0,-63.494,-64.246,120.0,-63.442,-64.406,,,,,,
2026-08-07T10:59:01.203,94.383,0.125,4722,LND,ATERRIZANDO,96.0,1,1,O,OFFBOARD,314.9,315.0,-0.1,,0,D,3.7,0.46,-0.27,-5.11,19.5124735,-99.1294,19.5124737,-99.1293983,19.512476,-99.1294019,315.0,1,1,1,A,EN AIRE,YC,aoa_orientado,2,,76,-52,-57.28,,0,ma0,D,5.0,45.0,1,15.0,2.0,3,1,315.0,-50.778,-52.512,75.0,-63.494,-64.246,120.0,-63.442,-64.406,,,,,,
2026-08-07T10:59:01.373,94.553,0.297,4722,LND,ATERRIZANDO,96.0,1,1,O,OFFBOARD,314.9,315.0,-0.1,,0,D,3.7,0.46,-0.27,-5.11,19.5124735,-99.1294,19.5124737,-99.1293983,19.512476,-99.1294019,315.0,1,1,1,A,EN AIRE,YC,aoa_orientado,2,,74,-54,-56.952,,0,ma0,D,5.0,45.0,1,15.0,2.0,3,1,315.0,-50.778,-52.512,75.0,-63.494,-64.246,120.0,-63.442,-64.406,,,,,,
2026-08-07T10:59:01.489,94.669,0.109,4722,LND,ATERRIZANDO,96.0,1,1,O,OFFBOARD,314.9,315.0,-0.1,,0,D,3.6,0.43,-0.24,-5.04,19.5124733,-99.1293999,19.5124737,-99.1293983,19.512476,-99.1294019,315.0,1,1,1,L,ATERRIZANDO,YC,aoa_orientado,2,,77,-51,-56.357,,0,ma0,D,5.0,45.0,1,15.0,2.0,3,1,315.0,-50.778,-52.512,75.0,-63.494,-64.246,120.0,-63.442,-64.406,,,,,,
2026-08-07T10:59:01.783,94.963,0.125,4722,LND,ATERRIZANDO,96.0,1,1,L,LAND,314.5,315.0,-0.5,,0,D,3.5,0.4,-0.23,-4.84,19.5124731,-99.1293998,19.5124737,-99.1293983,19.512476,-99.1294019,315.0,1,1,1,L,ATERRIZANDO,YC,aoa_orientado,2,,80,-48,-55.521,,0,ma0,D,5.0,45.0,1,15.0,2.0,3,1,315.0,-50.778,-52.512,75.0,-63.494,-64.246,120.0,-63.442,-64.406,,,,,,
2026-08-07T10:59:01.974,95.154,0.188,4722,LND,ATERRIZANDO,96.0,1,1,L,LAND,314.8,315.0,-0.2,,0,D,3.4,0.4,-0.23,-4.84,19.512473,-99.1293998,19.5124737,-99.1293983,19.512476,-99.1294019,315.0,1,1,1,L,ATERRIZANDO,YC,aoa_orientado,2,,80,-48,-54.769,,0,ma0,D,5.0,45.0,1,15.0,2.0,3,1,315.0,-50.778,-52.512,75.0,-63.494,-64.246,120.0,-63.442,-64.406,,,,,,
2026-08-07T10:59:02.069,95.249,0.281,4722,LND,ATERRIZANDO,96.0,1,1,L,LAND,314.8,315.0,-0.2,,0,D,3.4,0.4,-0.23,-4.84,19.512473,-99.1293998,19.5124737,-99.1293983,19.512476,-99.1294019,315.0,1,1,1,L,ATERRIZANDO,YC,aoa_orientado,2,,76,-52,-54.492,,0,ma0,D,5.0,45.0,1,15.0,2.0,3,1,315.0,-50.778,-52.512,75.0,-63.494,-64.246,120.0,-63.442,-64.406,,,,,,
2026-08-07T10:59:02.255,95.434,0.094,4722,LND,ATERRIZANDO,96.0,1,1,L,LAND,315.9,315.0,0.9,,0,D,3.2,0.37,-0.23,-4.64,19.5124727,-99.1293999,19.5124737,-99.1293983,19.512476,-99.1294019,315.0,1,1,1,L,ATERRIZANDO,YC,aoa_orientado,2,,73,-55,-54.543,,0,ma0,D,5.0,45.0,1,15.0,2.0,3,1,315.0,-50.778,-52.512,75.0,-63.494,-64.246,120.0,-63.442,-64.406,,,,,,
2026-08-07T10:59:02.470,95.65,0.313,4722,LND,ATERRIZANDO,96.0,1,1,L,LAND,315.9,315.0,0.9,,0,D,3.2,0.37,-0.23,-4.64,19.5124727,-99.1293999,19.5124737,-99.1293983,19.512476,-99.1294019,315.0,1,1,1,L,ATERRIZANDO,YC,aoa_orientado,2,,73,-55,-54.589,,0,ma0,D,5.0,45.0,1,15.0,2.0,3,1,315.0,-50.778,-52.512,75.0,-63.494,-64.246,120.0,-63.442,-64.406,,,,,,
2026-08-07T10:59:02.585,95.765,0.109,4722,LND,ATERRIZANDO,96.0,1,1,L,LAND,315.9,315.0,0.9,,0,D,3.1,0.35,-0.24,-4.48,19.5124727,-99.1293999,19.5124737,-99.1293983,19.512476,-99.1294019,315.0,1,1,1,L,ATERRIZANDO,YC,aoa_orientado,2,,71,-57,-54.83,,0,ma0,D,5.0,45.0,1,15.0,2.0,3,1,315.0,-50.778,-52.512,75.0,-63.494,-64.246,120.0,-63.442,-64.406,,,,,,
2026-08-07T10:59:02.769,95.948,0.187,4722,LND,ATERRIZANDO,96.0,1,1,L,LAND,315.8,315.0,0.8,,0,D,2.8,0.34,-0.23,-4.31,19.5124727,-99.1293998,19.5124737,-99.1293983,19.512476,-99.1294019,315.0,1,1,1,L,ATERRIZANDO,YC,aoa_orientado,2,,75,-53,-54.647,,0,ma0,D,5.0,45.0,1,15.0,2.0,3,1,315.0,-50.778,-52.512,75.0,-63.494,-64.246,120.0,-63.442,-64.406,,,,,,
2026-08-07T10:59:02.864,96.043,0.281,4722,LND,ATERRIZANDO,96.0,1,1,L,LAND,315.8,315.0,0.8,,0,D,2.8,0.34,-0.23,-4.31,19.5124727,-99.1293998,19.5124737,-99.1293983,19.512476,-99.1294019,315.0,1,1,1,L,ATERRIZANDO,YC,aoa_orientado,2,,74,-54,-54.582,,0,ma0,D,5.0,45.0,1,15.0,2.0,3,1,315.0,-50.778,-52.512,75.0,-63.494,-64.246,120.0,-63.442,-64.406,,,,,,
2026-08-07T10:59:03.108,96.288,0.015,4722,LND,ATERRIZANDO,96.0,1,1,L,LAND,315.7,315.0,0.7,,0,D,2.6,0.35,-0.23,-4.12,19.5124729,-99.1293998,19.5124737,-99.1293983,19.512476,-99.1294019,315.0,1,1,1,L,ATERRIZANDO,YC,aoa_orientado,2,,74,-54,-54.524,,0,ma0,D,5.0,45.0,1,15.0,2.0,3,1,315.0,-50.778,-52.512,75.0,-63.494,-64.246,120.0,-63.442,-64.406,,,,,,
2026-08-07T10:59:03.286,96.466,0.187,4722,LND,ATERRIZANDO,96.0,1,1,L,LAND,315.7,315.0,0.7,,0,D,2.6,0.35,-0.23,-4.12,19.5124729,-99.1293998,19.5124737,-99.1293983,19.512476,-99.1294019,315.0,1,1,1,L,ATERRIZANDO,YC,aoa_orientado,2,,78,-50,-54.072,,0,ma0,D,5.0,45.0,1,15.0,2.0,3,1,315.0,-50.778,-52.512,75.0,-63.494,-64.246,120.0,-63.442,-64.406,,,,,,
2026-08-07T10:59:03.399,96.579,0.109,4722,LND,ATERRIZANDO,96.0,1,1,L,LAND,315.1,315.0,0.1,,0,D,2.5,0.37,-0.22,-3.94,19.5124729,-99.1293998,19.5124737,-99.1293983,19.512476,-99.1294019,315.0,1,1,1,L,ATERRIZANDO,YC,aoa_orientado,2,,81,-47,-53.364,,0,ma0,D,5.0,45.0,1,15.0,2.0,3,1,315.0,-50.778,-52.512,75.0,-63.494,-64.246,120.0,-63.442,-64.406,,,,,,
2026-08-07T10:59:03.563,96.742,0.281,4722,LND,ATERRIZANDO,96.0,1,1,L,LAND,315.1,315.0,0.1,,0,D,2.5,0.37,-0.22,-3.94,19.5124729,-99.1293998,19.5124737,-99.1293983,19.512476,-99.1294019,315.0,1,1,1,L,ATERRIZANDO,YC,aoa_orientado,2,,80,-48,-52.828,,0,ma0,D,5.0,45.0,1,15.0,2.0,3,1,315.0,-50.778,-52.512,75.0,-63.494,-64.246,120.0,-63.442,-64.406,,,,,,
2026-08-07T10:59:03.673,96.853,0.11,4722,LND,ATERRIZANDO,96.0,1,1,L,LAND,314.8,315.0,-0.2,,0,D,2.3,0.38,-0.22,-3.78,19.512473,-99.1293998,19.5124737,-99.1293983,19.512476,-99.1294019,315.0,1,1,1,L,ATERRIZANDO,YC,aoa_orientado,2,,80,-48,-52.345,,0,ma0,D,5.0,45.0,1,15.0,2.0,3,1,315.0,-50.778,-52.512,75.0,-63.494,-64.246,120.0,-63.442,-64.406,,,,,,
2026-08-07T10:59:04.173,97.353,0.0,4722,LND,ATERRIZANDO,96.0,1,1,L,LAND,316.1,315.0,1.1,,0,D,2.1,0.39,-0.24,-3.4,19.512473,-99.1293999,19.5124737,-99.1293983,19.512476,-99.1294019,315.0,1,1,1,L,ATERRIZANDO,YC,aoa_orientado,2,,69,-59,-53.011,,0,ma0,D,5.0,45.0,1,15.0,2.0,3,1,315.0,-50.778,-52.512,75.0,-63.494,-64.246,120.0,-63.442,-64.406,,,,,,
2026-08-07T10:59:04.389,97.569,0.218,4722,LND,ATERRIZANDO,96.0,1,1,L,LAND,316.1,315.0,1.1,,0,D,2.1,0.39,-0.24,-3.4,19.512473,-99.1293999,19.5124737,-99.1293983,19.512476,-99.1294019,315.0,1,1,1,L,ATERRIZANDO,YC,aoa_orientado,2,,73,-55,-53.21,,0,ma0,D,5.0,45.0,1,15.0,2.0,3,1,315.0,-50.778,-52.512,75.0,-63.494,-64.246,120.0,-63.442,-64.406,,,,,,
2026-08-07T10:59:04.504,97.684,0.11,4722,LND,ATERRIZANDO,96.0,1,1,L,LAND,315.7,315.0,0.7,,0,D,1.9,0.39,-0.24,-3.4,19.5124731,-99.1294,19.5124737,-99.1293983,19.512476,-99.1294019,315.0,1,1,1,L,ATERRIZANDO,YC,aoa_orientado,2,,78,-50,-52.889,,0,ma0,D,5.0,45.0,1,15.0,2.0,3,1,315.0,-50.778,-52.512,75.0,-63.494,-64.246,120.0,-63.442,-64.406,,,,,,
2026-08-07T10:59:04.782,97.961,0.109,4722,LND,ATERRIZANDO,96.0,1,1,L,LAND,315.7,315.0,0.7,,0,D,1.8,0.4,-0.24,-3.24,19.5124732,-99.1294,19.5124737,-99.1293983,19.512476,-99.1294019,315.0,1,1,1,L,ATERRIZANDO,YC,aoa_orientado,2,,80,-48,-52.4,,0,ma0,D,5.0,45.0,1,15.0,2.0,3,1,315.0,-50.778,-52.512,75.0,-63.494,-64.246,120.0,-63.442,-64.406,,,,,,
2026-08-07T10:59:04.963,98.143,0.172,4722,LND,ATERRIZANDO,96.0,1,1,L,LAND,316.3,315.0,1.3,,0,D,2.9,0.42,-0.24,-3.06,19.5124733,-99.1293999,19.5124737,-99.1293983,19.512476,-99.1294019,315.0,1,1,1,L,ATERRIZANDO,YC,aoa_orientado,2,,77,-51,-52.26,,0,ma0,D,5.0,45.0,1,15.0,2.0,3,1,315.0,-50.778,-52.512,75.0,-63.494,-64.246,120.0,-63.442,-64.406,,,,,,
2026-08-07T10:59:05.060,98.239,0.281,4722,LND,ATERRIZANDO,96.0,1,1,L,LAND,316.3,315.0,1.3,,0,D,2.9,0.42,-0.24,-3.06,19.5124733,-99.1293999,19.5124737,-99.1293983,19.512476,-99.1294019,315.0,1,1,1,L,ATERRIZANDO,YC,aoa_orientado,2,,74,-54,-52.434,,0,ma0,D,5.0,45.0,1,15.0,2.0,3,1,315.0,-50.778,-52.512,75.0,-63.494,-64.246,120.0,-63.442,-64.406,,,,,,
2026-08-07T10:59:05.474,98.654,0.188,4722,LND,ATERRIZANDO,96.0,1,1,L,LAND,316.1,315.0,1.1,,0,D,2.6,0.44,-0.24,-2.87,19.5124736,-99.1293998,19.5124737,-99.1293983,19.512476,-99.1294019,315.0,1,1,1,L,ATERRIZANDO,YC,aoa_orientado,2,,71,-57,-52.89,,0,ma0,D,5.0,45.0,1,15.0,2.0,3,1,315.0,-50.778,-52.512,75.0,-63.494,-64.246,120.0,-63.442,-64.406,,,,,,
2026-08-07T10:59:05.568,98.747,0.281,4722,LND,ATERRIZANDO,96.0,1,1,L,LAND,316.1,315.0,1.1,,0,D,2.6,0.44,-0.24,-2.87,19.5124736,-99.1293998,19.5124737,-99.1293983,19.512476,-99.1294019,315.0,1,1,1,L,ATERRIZANDO,YC,aoa_orientado,2,,76,-52,-52.801,,0,ma0,D,5.0,45.0,1,15.0,2.0,3,1,315.0,-50.778,-52.512,75.0,-63.494,-64.246,120.0,-63.442,-64.406,,,,,,
2026-08-07T10:59:05.752,98.932,0.094,4722,LND,ATERRIZANDO,96.0,1,1,L,LAND,314.5,315.0,-0.5,,0,D,2.4,0.46,-0.22,-2.68,19.5124738,-99.1293996,19.5124737,-99.1293983,19.512476,-99.1294019,315.0,1,1,1,L,ATERRIZANDO,YC,aoa_orientado,2,,74,-54,-52.921,,0,ma0,D,5.0,45.0,1,15.0,2.0,3,1,315.0,-50.778,-52.512,75.0,-63.494,-64.246,120.0,-63.442,-64.406,,,,,,
2026-08-07T10:59:05.967,99.147,0.313,4722,LND,ATERRIZANDO,96.0,1,1,L,LAND,314.5,315.0,-0.5,,0,D,2.4,0.46,-0.22,-2.68,19.5124738,-99.1293996,19.5124737,-99.1293983,19.512476,-99.1294019,315.0,1,1,1,L,ATERRIZANDO,YC,aoa_orientado,2,,68,-60,-53.629,,0,ma0,D,5.0,45.0,1,15.0,2.0,3,1,315.0,-50.778,-52.512,75.0,-63.494,-64.246,120.0,-63.442,-64.406,,,,,,
2026-08-07T10:59:06.063,99.242,0.406,4722,LND,ATERRIZANDO,96.0,1,1,L,LAND,314.5,315.0,-0.5,,0,D,2.4,0.46,-0.22,-2.68,19.5124738,-99.1293996,19.5124737,-99.1293983,19.512476,-99.1294019,315.0,1,1,1,L,ATERRIZANDO,YC,aoa_orientado,2,,69,-59,-54.166,,0,ma0,D,5.0,45.0,1,15.0,2.0,3,1,315.0,-50.778,-52.512,75.0,-63.494,-64.246,120.0,-63.442,-64.406,,,,,,
2026-08-07T10:59:06.464,99.643,0.297,4722,LND,ATERRIZANDO,96.0,1,1,L,LAND,315.4,315.0,0.4,,0,D,2.1,0.51,-0.16,-2.3,19.5124742,-99.1293991,19.5124737,-99.1293983,19.512476,-99.1294019,315.0,1,1,1,L,ATERRIZANDO,YC,aoa_orientado,2,,79,-49,-53.65,,0,ma0,D,5.0,45.0,1,15.0,2.0,3,1,315.0,-50.778,-52.512,75.0,-63.494,-64.246,120.0,-63.442,-64.406,,,,,,
2026-08-07T10:59:06.571,99.751,0.406,4722,LND,ATERRIZANDO,96.0,1,1,L,LAND,315.4,315.0,0.4,,0,D,2.1,0.51,-0.16,-2.3,19.5124742,-99.1293991,19.5124737,-99.1293983,19.512476,-99.1294019,315.0,1,1,1,L,ATERRIZANDO,YC,aoa_orientado,2,,81,-47,-52.985,,0,ma0,D,5.0,45.0,1,15.0,2.0,3,1,315.0,-50.778,-52.512,75.0,-63.494,-64.246,120.0,-63.442,-64.406,,,,,,
2026-08-07T10:59:06.767,99.946,0.203,4722,LND,ATERRIZANDO,96.0,1,1,L,LAND,316.2,315.0,1.2,,0,D,1.9,0.52,-0.14,-2.1,19.5124743,-99.129399,19.5124737,-99.1293983,19.512476,-99.1294019,315.0,1,1,1,L,ATERRIZANDO,YC,aoa_orientado,2,,80,-48,-52.486,,0,ma0,D,5.0,45.0,1,15.0,2.0,3,1,315.0,-50.778,-52.512,75.0,-63.494,-64.246,120.0,-63.442,-64.406,,,,,,
2026-08-07T10:59:07.059,100.238,0.282,4722,LND,ATERRIZANDO,96.0,1,1,L,LAND,315.8,315.0,0.8,,0,D,1.6,0.52,-0.14,-1.9,19.5124743,-99.129399,19.5124737,-99.1293983,19.512476,-99.1294019,315.0,1,1,1,L,ATERRIZANDO,YC,aoa_orientado,2,,68,-60,-53.238,,0,ma0,D,5.0,45.0,1,15.0,2.0,3,1,315.0,-50.778,-52.512,75.0,-63.494,-64.246,120.0,-63.442,-64.406,,,,,,
2026-08-07T10:59:07.183,100.363,0.125,4722,LND,ATERRIZANDO,96.0,1,1,L,LAND,316.3,315.0,1.3,,0,D,1.5,0.53,-0.14,-1.71,19.5124743,-99.129399,19.5124737,-99.1293983,19.512476,-99.1294019,315.0,1,1,1,L,ATERRIZANDO,YC,aoa_orientado,2,,77,-51,-53.014,,0,ma0,D,5.0,45.0,1,15.0,2.0,3,1,315.0,-50.778,-52.512,75.0,-63.494,-64.246,120.0,-63.442,-64.406,,,,,,
2026-08-07T10:59:07.349,100.529,0.297,4722,LND,ATERRIZANDO,96.0,1,1,L,LAND,316.3,315.0,1.3,,0,D,1.5,0.53,-0.14,-1.71,19.5124743,-99.129399,19.5124737,-99.1293983,19.512476,-99.1294019,315.0,1,1,1,L,ATERRIZANDO,YC,aoa_orientado,2,,81,-47,-52.412,,0,ma0,D,5.0,45.0,1,15.0,2.0,3,1,315.0,-50.778,-52.512,75.0,-63.494,-64.246,120.0,-63.442,-64.406,,,,,,
2026-08-07T10:59:07.461,100.641,0.109,4722,LND,ATERRIZANDO,96.0,1,1,L,LAND,315.5,315.0,0.5,,0,D,1.4,0.54,-0.13,-1.51,19.5124744,-99.1293989,19.5124737,-99.1293983,19.512476,-99.1294019,315.0,1,1,1,L,ATERRIZANDO,YC,aoa_orientado,2,,83,-45,-51.671,,0,ma0,D,5.0,45.0,1,15.0,2.0,3,1,315.0,-50.778,-52.512,75.0,-63.494,-64.246,120.0,-63.442,-64.406,,,,,,
2026-08-07T10:59:07.624,100.804,0.281,4722,LND,ATERRIZANDO,96.0,1,1,L,LAND,315.5,315.0,0.5,,0,D,1.4,0.54,-0.13,-1.51,19.5124744,-99.1293989,19.5124737,-99.1293983,19.512476,-99.1294019,315.0,1,1,1,L,ATERRIZANDO,YC,aoa_orientado,2,,83,-45,-51.004,,0,ma0,D,5.0,45.0,1,15.0,2.0,3,1,315.0,-50.778,-52.512,75.0,-63.494,-64.246,120.0,-63.442,-64.406,,,,,,
2026-08-07T10:59:07.758,100.937,0.125,4722,LND,ATERRIZANDO,96.0,1,1,L,LAND,315.7,315.0,0.7,,0,D,1.3,0.54,-0.13,-1.51,19.5124745,-99.1293989,19.5124737,-99.1293983,19.512476,-99.1294019,315.0,1,1,1,L,ATERRIZANDO,YC,aoa_orientado,2,,83,-45,-50.404,,0,ma0,D,5.0,45.0,1,15.0,2.0,3,1,315.0,-50.778,-52.512,75.0,-63.494,-64.246,120.0,-63.442,-64.406,,,,,,
2026-08-07T10:59:07.925,101.105,0.297,4722,LND,ATERRIZANDO,96.0,1,1,L,LAND,315.7,315.0,0.7,,0,D,1.3,0.54,-0.13,-1.51,19.5124745,-99.1293989,19.5124737,-99.1293983,19.512476,-99.1294019,315.0,1,1,1,L,ATERRIZANDO,YC,aoa_orientado,2,,80,-48,-50.163,,0,ma0,D,5.0,45.0,1,15.0,2.0,3,1,315.0,-50.778,-52.512,75.0,-63.494,-64.246,120.0,-63.442,-64.406,,,,,,
2026-08-07T10:59:08.207,101.386,0.281,4722,LND,ATERRIZANDO,96.0,1,1,L,LAND,315.4,315.0,0.4,,0,D,1.1,0.55,-0.13,-1.33,19.5124746,-99.1293989,19.5124737,-99.1293983,19.512476,-99.1294019,315.0,1,1,1,L,ATERRIZANDO,YC,aoa_orientado,2,,71,-57,-50.847,,0,ma0,D,5.0,45.0,1,15.0,2.0,3,1,315.0,-50.778,-52.512,75.0,-63.494,-64.246,120.0,-63.442,-64.406,,,,,,
2026-08-07T10:59:08.314,101.494,0.39,4722,LND,ATERRIZANDO,96.0,1,1,L,LAND,315.4,315.0,0.4,,0,D,1.1,0.55,-0.13,-1.33,19.5124746,-99.1293989,19.5124737,-99.1293983,19.512476,-99.1294019,315.0,1,1,1,L,ATERRIZANDO,YC,aoa_orientado,2,,73,-55,-51.262,,0,ma0,D,5.0,45.0,1,15.0,2.0,3,1,315.0,-50.778,-52.512,75.0,-63.494,-64.246,120.0,-63.442,-64.406,,,,,,
2026-08-07T10:59:08.506,101.685,0.188,4722,LND,ATERRIZANDO,96.0,1,1,L,LAND,313.9,315.0,-1.1,,0,D,0.8,0.59,-0.14,-0.96,19.5124748,-99.129399,19.5124737,-99.1293983,19.512476,-99.1294019,315.0,1,1,1,L,ATERRIZANDO,YC,aoa_orientado,2,,75,-53,-51.436,,0,ma0,D,5.0,45.0,1,15.0,2.0,3,1,315.0,-50.778,-52.512,75.0,-63.494,-64.246,120.0,-63.442,-64.406,,,,,,
2026-08-07T10:59:08.602,101.781,0.282,4722,LND,ATERRIZANDO,96.0,1,1,L,LAND,313.9,315.0,-1.1,,0,D,0.8,0.59,-0.14,-0.96,19.5124748,-99.129399,19.5124737,-99.1293983,19.512476,-99.1294019,315.0,1,1,1,L,ATERRIZANDO,YC,aoa_orientado,2,,74,-54,-51.692,,0,ma0,D,5.0,45.0,1,15.0,2.0,3,1,315.0,-50.778,-52.512,75.0,-63.494,-64.246,120.0,-63.442,-64.406,,,,,,
2026-08-07T10:59:08.996,102.176,0.281,4722,LND,ATERRIZANDO,96.0,1,1,L,LAND,315.9,315.0,0.9,,0,D,0.5,0.6,-0.15,-0.78,19.512475,-99.1293992,19.5124737,-99.1293983,19.512476,-99.1294019,315.0,1,1,1,L,ATERRIZANDO,YC,aoa_orientado,2,,60,-68,-53.323,,0,ma0,D,5.0,45.0,1,15.0,2.0,3,1,315.0,-50.778,-52.512,75.0,-63.494,-64.246,120.0,-63.442,-64.406,,,,,,
2026-08-07T10:59:08.996,102.176,0.281,4722,LND,ATERRIZANDO,96.0,1,1,L,LAND,315.9,315.0,0.9,,0,D,0.5,0.6,-0.15,-0.78,19.512475,-99.1293992,19.5124737,-99.1293983,19.512476,-99.1294019,315.0,1,1,1,L,ATERRIZANDO,YC,aoa_orientado,2,,67,-61,-54.091,,0,ma0,D,5.0,45.0,1,15.0,2.0,3,1,315.0,-50.778,-52.512,75.0,-63.494,-64.246,120.0,-63.442,-64.406,,,,,,
2026-08-07T10:59:09.111,102.29,0.125,4722,LND,ATERRIZANDO,96.0,1,1,L,LAND,316.5,315.0,1.5,,0,D,0.5,0.61,-0.16,-0.6,19.512475,-99.1293992,19.5124737,-99.1293983,19.512476,-99.1294019,315.0,1,1,1,L,ATERRIZANDO,YC,aoa_orientado,2,,80,-48,-53.482,,0,ma0,D,5.0,45.0,1,15.0,2.0,3,1,315.0,-50.778,-52.512,75.0,-63.494,-64.246,120.0,-63.442,-64.406,,,,,,
2026-08-07T10:59:09.278,102.458,0.297,4722,LND,ATERRIZANDO,96.0,1,1,L,LAND,316.5,315.0,1.5,,0,D,0.5,0.61,-0.16,-0.6,19.512475,-99.1293992,19.5124737,-99.1293983,19.512476,-99.1294019,315.0,1,1,1,L,ATERRIZANDO,YC,aoa_orientado,2,,82,-46,-52.734,,0,ma0,D,5.0,45.0,1,15.0,2.0,3,1,315.0,-50.778,-52.512,75.0,-63.494,-64.246,120.0,-63.442,-64.406,,,,,,
2026-08-07T10:59:09.377,102.557,0.391,4722,LND,ATERRIZANDO,96.0,1,1,L,LAND,316.5,315.0,1.5,,0,D,0.5,0.61,-0.16,-0.6,19.512475,-99.1293992,19.5124737,-99.1293983,19.512476,-99.1294019,315.0,1,1,1,L,ATERRIZANDO,YC,aoa_orientado,2,,83,-45,-51.96,,0,ma0,D,5.0,45.0,1,15.0,2.0,3,1,315.0,-50.778,-52.512,75.0,-63.494,-64.246,120.0,-63.442,-64.406,,,,,,
2026-08-07T10:59:09.565,102.745,0.093,4722,LND,ATERRIZANDO,96.0,1,1,L,LAND,315.9,315.0,0.9,,0,D,0.2,0.64,-0.17,-0.42,19.5124754,-99.1293993,19.5124737,-99.1293983,19.512476,-99.1294019,315.0,1,1,1,L,ATERRIZANDO,YC,aoa_orientado,2,,82,-46,-51.364,,0,ma0,D,5.0,45.0,1,15.0,2.0,3,1,315.0,-50.778,-52.512,75.0,-63.494,-64.246,120.0,-63.442,-64.406,,,,,,
2026-08-07T10:59:09.788,102.968,0.187,4722,LND,ATERRIZANDO,96.0,1,1,L,LAND,315.4,315.0,0.4,,0,D,0.1,0.66,-0.18,-0.25,19.5124755,-99.1293993,19.5124737,-99.1293983,19.512476,-99.1294019,315.0,1,1,1,L,ATERRIZANDO,YC,aoa_orientado,2,,83,-45,-50.728,,0,ma0,D,5.0,45.0,1,15.0,2.0,3,1,315.0,-50.778,-52.512,75.0,-63.494,-64.246,120.0,-63.442,-64.406,,,,,,
2026-08-07T10:59:09.902,103.082,0.109,4722,LND,ATERRIZANDO,96.0,1,1,L,LAND,315.7,315.0,0.7,,0,D,-0.0,0.66,-0.18,-0.25,19.5124756,-99.1293994,19.5124737,-99.1293983,19.512476,-99.1294019,315.0,1,1,1,L,ATERRIZANDO,YC,aoa_orientado,2,,82,-46,-50.255,,0,ma0,D,5.0,45.0,1,15.0,2.0,3,1,315.0,-50.778,-52.512,75.0,-63.494,-64.246,120.0,-63.442,-64.406,,,,,,
2026-08-07T10:59:10.079,103.259,0.297,4722,LND,ATERRIZANDO,96.0,1,1,L,LAND,315.7,315.0,0.7,,0,D,-0.0,0.66,-0.18,-0.25,19.5124756,-99.1293994,19.5124737,-99.1293983,19.512476,-99.1294019,315.0,1,1,1,L,ATERRIZANDO,YC,aoa_orientado,2,,82,-46,-49.83,,0,ma0,D,5.0,45.0,1,15.0,2.0,3,1,315.0,-50.778,-52.512,75.0,-63.494,-64.246,120.0,-63.442,-64.406,,,,,,
2026-08-07T10:59:10.206,103.386,0.125,4722,LND,ATERRIZANDO,96.0,1,1,L,LAND,316.0,315.0,1.0,,0,D,-0.1,0.67,-0.18,-0.1,19.5124758,-99.1293991,19.5124737,-99.1293983,19.512476,-99.1294019,315.0,1,1,1,L,ATERRIZANDO,YC,aoa_orientado,2,,83,-45,-49.347,,0,ma0,D,5.0,45.0,1,15.0,2.0,3,1,315.0,-50.778,-52.512,75.0,-63.494,-64.246,120.0,-63.442,-64.406,,,,,,
2026-08-07T10:59:10.372,103.552,0.297,4722,LND,ATERRIZANDO,96.0,1,1,L,LAND,316.0,315.0,1.0,,0,D,-0.1,0.67,-0.18,-0.1,19.5124758,-99.1293991,19.5124737,-99.1293983,19.512476,-99.1294019,315.0,1,1,1,L,ATERRIZANDO,YC,aoa_orientado,2,,82,-46,-49.012,,0,ma0,D,5.0,45.0,1,15.0,2.0,3,1,315.0,-50.778,-52.512,75.0,-63.494,-64.246,120.0,-63.442,-64.406,,,,,,
2026-08-07T10:59:10.487,103.667,0.109,4722,LND,ATERRIZANDO,96.0,1,1,L,LAND,315.8,315.0,0.8,,0,D,-0.1,0.69,-0.15,-0.07,19.5124759,-99.1293991,19.5124737,-99.1293983,19.512476,-99.1294019,315.0,1,1,1,L,ATERRIZANDO,YC,aoa_orientado,2,,82,-46,-48.711,,0,ma0,D,5.0,45.0,1,15.0,2.0,3,1,315.0,-50.778,-52.512,75.0,-63.494,-64.246,120.0,-63.442,-64.406,,,,,,
2026-08-07T10:59:10.675,103.855,0.188,4722,LND,ATERRIZANDO,96.0,1,1,L,LAND,316.0,315.0,1.0,,0,D,-0.1,0.72,-0.16,-0.04,19.512476,-99.1293992,19.5124737,-99.1293983,19.512476,-99.1294019,315.0,1,1,1,L,ATERRIZANDO,YC,aoa_orientado,2,,82,-46,-48.44,,0,ma0,D,5.0,45.0,1,15.0,2.0,3,1,315.0,-50.778,-52.512,75.0,-63.494,-64.246,120.0,-63.442,-64.406,,,,,,
2026-08-07T10:59:10.788,103.968,0.109,4722,LND,ATERRIZANDO,96.0,1,1,L,LAND,316.0,315.0,1.0,,0,D,-0.1,0.74,-0.16,-0.0,19.5124762,-99.1293992,19.5124737,-99.1293983,19.512476,-99.1294019,315.0,1,1,1,L,ATERRIZANDO,YC,aoa_orientado,2,,81,-47,-48.296,,0,ma0,D,5.0,45.0,1,15.0,2.0,3,1,315.0,-50.778,-52.512,75.0,-63.494,-64.246,120.0,-63.442,-64.406,,,,,,
2026-08-07T10:59:10.959,104.138,0.281,4722,LND,ATERRIZANDO,96.0,1,1,L,LAND,316.0,315.0,1.0,,0,D,-0.1,0.74,-0.16,-0.0,19.5124762,-99.1293992,19.5124737,-99.1293983,19.512476,-99.1294019,315.0,1,1,1,L,ATERRIZANDO,YC,aoa_orientado,2,,82,-46,-48.066,,0,ma0,D,5.0,45.0,1,15.0,2.0,3,1,315.0,-50.778,-52.512,75.0,-63.494,-64.246,120.0,-63.442,-64.406,,,,,,
2026-08-07T10:59:11.067,104.246,0.39,4722,LND,ATERRIZANDO,96.0,1,1,L,LAND,316.0,315.0,1.0,,0,D,-0.1,0.74,-0.16,-0.0,19.5124762,-99.1293992,19.5124737,-99.1293983,19.512476,-99.1294019,315.0,1,1,1,L,ATERRIZANDO,YC,aoa_orientado,2,,82,-46,-47.86,,0,ma0,D,5.0,45.0,1,15.0,2.0,3,1,315.0,-50.778,-52.512,75.0,-63.494,-64.246,120.0,-63.442,-64.406,,,,,,
2026-08-07T10:59:11.282,104.462,0.219,4722,LND,ATERRIZANDO,96.0,1,1,L,LAND,316.0,315.0,1.0,,0,D,-0.2,0.74,-0.16,-0.0,19.5124764,-99.1293993,19.5124737,-99.1293983,19.512476,-99.1294019,315.0,1,1,1,L,ATERRIZANDO,YC,aoa_orientado,2,,82,-46,-47.674,,0,ma0,D,5.0,45.0,1,15.0,2.0,3,1,315.0,-50.778,-52.512,75.0,-63.494,-64.246,120.0,-63.442,-64.406,,,,,,
2026-08-07T10:59:11.490,104.67,0.422,4722,LND,ATERRIZANDO,96.0,1,1,L,LAND,316.0,315.0,1.0,,0,D,-0.2,0.74,-0.16,-0.0,19.5124764,-99.1293993,19.5124737,-99.1293983,19.512476,-99.1294019,315.0,1,1,1,L,ATERRIZANDO,YC,aoa_orientado,2,,82,-46,-47.506,,0,ma0,D,5.0,45.0,1,15.0,2.0,3,1,315.0,-50.778,-52.512,75.0,-63.494,-64.246,120.0,-63.442,-64.406,,,,,,
2026-08-07T10:59:11.604,104.784,0.532,4722,LND,ATERRIZANDO,96.0,1,1,L,LAND,316.0,315.0,1.0,,0,D,-0.2,0.74,-0.16,-0.0,19.5124764,-99.1293993,19.5124737,-99.1293983,19.512476,-99.1294019,315.0,1,1,1,L,ATERRIZANDO,YC,aoa_orientado,2,,83,-45,-47.256,,0,ma0,D,5.0,45.0,1,15.0,2.0,3,1,315.0,-50.778,-52.512,75.0,-63.494,-64.246,120.0,-63.442,-64.406,,,,,,
2026-08-07T10:59:11.785,104.965,0.719,4722,LND,ATERRIZANDO,96.0,1,1,L,LAND,316.0,315.0,1.0,,0,D,-0.2,0.74,-0.16,-0.0,19.5124764,-99.1293993,19.5124737,-99.1293983,19.512476,-99.1294019,315.0,1,1,1,L,ATERRIZANDO,YC,aoa_orientado,2,,82,-46,-47.13,,0,ma0,D,5.0,45.0,1,15.0,2.0,3,1,315.0,-50.778,-52.512,75.0,-63.494,-64.246,120.0,-63.442,-64.406,,,,,,
2026-08-07T10:59:11.883,105.063,0.813,4722,LND,ATERRIZANDO,96.0,1,1,L,LAND,316.0,315.0,1.0,,0,D,-0.2,0.74,-0.16,-0.0,19.5124764,-99.1293993,19.5124737,-99.1293983,19.512476,-99.1294019,315.0,1,1,1,L,ATERRIZANDO,YC,aoa_orientado,2,,82,-46,-47.017,,0,ma0,D,5.0,45.0,1,15.0,2.0,3,1,315.0,-50.778,-52.512,75.0,-63.494,-64.246,120.0,-63.442,-64.406,,,,,,
2026-08-07T10:59:12.078,105.258,0.094,4722,LND,ATERRIZANDO,96.0,1,1,L,LAND,316.1,315.0,1.1,,0,D,-0.3,0.82,-0.21,0.16,19.5124769,-99.1293996,19.5124737,-99.1293983,19.512476,-99.1294019,315.0,1,1,1,L,ATERRIZANDO,YC,aoa_orientado,2,,83,-45,-46.815,,0,ma0,D,5.0,45.0,1,15.0,2.0,3,1,315.0,-50.778,-52.512,75.0,-63.494,-64.246,120.0,-63.442,-64.406,,,,,,
2026-08-07T10:59:12.290,105.47,0.297,4722,LND,ATERRIZANDO,96.0,1,1,L,LAND,316.1,315.0,1.1,,0,D,-0.3,0.82,-0.21,0.16,19.5124769,-99.1293996,19.5124737,-99.1293983,19.512476,-99.1294019,315.0,1,1,1,L,ATERRIZANDO,YC,aoa_orientado,2,,83,-45,-46.634,,0,ma0,D,5.0,45.0,1,15.0,2.0,3,1,315.0,-50.778,-52.512,75.0,-63.494,-64.246,120.0,-63.442,-64.406,,,,,,
2026-08-07T10:59:12.412,105.591,0.125,4722,LND,ATERRIZANDO,96.0,1,1,L,LAND,316.0,315.0,1.0,,0,D,-0.3,0.82,-0.21,0.16,19.512477,-99.1293998,19.5124737,-99.1293983,19.512476,-99.1294019,315.0,1,1,1,L,ATERRIZANDO,YC,aoa_orientado,2,,82,-46,-46.57,,0,ma0,D,5.0,45.0,1,15.0,2.0,3,1,315.0,-50.778,-52.512,75.0,-63.494,-64.246,120.0,-63.442,-64.406,,,,,,
2026-08-07T10:59:12.581,105.761,0.297,4722,LND,ATERRIZANDO,96.0,1,1,L,LAND,316.0,315.0,1.0,,0,D,-0.3,0.82,-0.21,0.16,19.512477,-99.1293998,19.5124737,-99.1293983,19.512476,-99.1294019,315.0,1,1,1,L,ATERRIZANDO,YC,aoa_orientado,2,,82,-46,-46.513,,0,ma0,D,5.0,45.0,1,15.0,2.0,3,1,315.0,-50.778,-52.512,75.0,-63.494,-64.246,120.0,-63.442,-64.406,,,,,,
2026-08-07T10:59:12.687,105.867,0.406,4722,LND,ATERRIZANDO,96.0,1,1,L,LAND,316.0,315.0,1.0,,0,D,-0.3,0.82,-0.21,0.16,19.512477,-99.1293998,19.5124737,-99.1293983,19.512476,-99.1294019,315.0,1,1,1,L,ATERRIZANDO,YC,aoa_orientado,2,,82,-46,-46.462,,0,ma0,D,5.0,45.0,1,15.0,2.0,3,1,315.0,-50.778,-52.512,75.0,-63.494,-64.246,120.0,-63.442,-64.406,,,,,,
2026-08-07T10:59:12.862,106.041,0.578,4722,LND,ATERRIZANDO,96.0,1,1,L,LAND,316.0,315.0,1.0,,0,D,-0.3,0.82,-0.21,0.16,19.512477,-99.1293998,19.5124737,-99.1293983,19.512476,-99.1294019,315.0,1,1,1,L,ATERRIZANDO,YC,aoa_orientado,2,,82,-46,-46.416,,0,ma0,D,5.0,45.0,1,15.0,2.0,3,1,315.0,-50.778,-52.512,75.0,-63.494,-64.246,120.0,-63.442,-64.406,,,,,,
2026-08-07T10:59:12.966,106.145,0.688,4722,LND,ATERRIZANDO,96.0,1,1,L,LAND,316.0,315.0,1.0,,0,D,-0.3,0.82,-0.21,0.16,19.512477,-99.1293998,19.5124737,-99.1293983,19.512476,-99.1294019,315.0,1,1,1,L,ATERRIZANDO,YC,aoa_orientado,2,,82,-46,-46.374,,0,ma0,D,5.0,45.0,1,15.0,2.0,3,1,315.0,-50.778,-52.512,75.0,-63.494,-64.246,120.0,-63.442,-64.406,,,,,,
2026-08-07T10:59:13.159,106.339,0.187,4722,LND,ATERRIZANDO,96.0,1,1,L,LAND,315.9,315.0,0.9,,0,D,-0.4,0.88,-0.29,0.29,19.5124775,-99.1294003,19.5124737,-99.1293983,19.512476,-99.1294019,315.0,1,1,1,L,ATERRIZANDO,YC,aoa_orientado,2,,83,-45,-46.237,,0,ma0,D,5.0,45.0,1,15.0,2.0,3,1,315.0,-50.778,-52.512,75.0,-63.494,-64.246,120.0,-63.442,-64.406,,,,,,
2026-08-07T10:59:13.263,106.443,0.296,4722,LND,ATERRIZANDO,96.0,1,1,L,LAND,315.9,315.0,0.9,,0,D,-0.4,0.88,-0.29,0.29,19.5124775,-99.1294003,19.5124737,-99.1293983,19.512476,-99.1294019,315.0,1,1,1,L,ATERRIZANDO,YC,aoa_orientado,2,,82,-46,-46.213,,0,ma0,D,5.0,45.0,1,15.0,2.0,3,1,315.0,-50.778,-52.512,75.0,-63.494,-64.246,120.0,-63.442,-64.406,,,,,,
2026-08-07T10:59:13.452,106.631,0.188,4722,LND,ATERRIZANDO,96.0,1,1,L,LAND,315.9,315.0,0.9,,0,D,-0.5,0.88,-0.29,0.29,19.5124775,-99.1294005,19.5124737,-99.1293983,19.512476,-99.1294019,315.0,1,1,1,L,ATERRIZANDO,YC,aoa_orientado,2,,82,-46,-46.192,,0,ma0,D,5.0,45.0,1,15.0,2.0,3,1,315.0,-50.778,-52.512,75.0,-63.494,-64.246,120.0,-63.442,-64.406,,,,,,
2026-08-07T10:59:13.547,106.726,0.282,4722,LND,ATERRIZANDO,96.0,1,1,L,LAND,315.9,315.0,0.9,,0,D,-0.5,0.88,-0.29,0.29,19.5124775,-99.1294005,19.5124737,-99.1293983,19.512476,-99.1294019,315.0,1,1,1,L,ATERRIZANDO,YC,aoa_orientado,2,,82,-46,-46.173,,0,ma0,D,5.0,45.0,1,15.0,2.0,3,1,315.0,-50.778,-52.512,75.0,-63.494,-64.246,120.0,-63.442,-64.406,,,,,,
2026-08-07T10:59:13.733,106.913,0.094,4722,LND,ATERRIZANDO,96.0,1,0,H,HOLD,316.0,315.0,1.0,,0,D,-0.5,0.9,-0.31,0.32,19.5124777,-99.1294008,19.5124737,-99.1293983,19.512476,-99.1294019,315.0,1,1,1,L,ATERRIZANDO,YC,aoa_orientado,2,,82,-46,-46.155,,0,ma0,D,5.0,45.0,1,15.0,2.0,3,1,315.0,-50.778,-52.512,75.0,-63.494,-64.246,120.0,-63.442,-64.406,,,,,,
2026-08-07T10:59:13.939,107.118,0.297,4722,LND,ATERRIZANDO,96.0,1,0,H,HOLD,316.0,315.0,1.0,,0,D,-0.5,0.9,-0.31,0.32,19.5124777,-99.1294008,19.5124737,-99.1293983,19.512476,-99.1294019,315.0,1,1,1,L,ATERRIZANDO,YC,aoa_orientado,2,,82,-46,-46.14,,0,ma0,D,5.0,45.0,1,15.0,2.0,3,1,315.0,-50.778,-52.512,75.0,-63.494,-64.246,120.0,-63.442,-64.406,,,,,,
2026-08-07T10:59:14.058,107.238,0.11,4722,LND,ATERRIZANDO,96.0,1,0,H,HOLD,316.0,315.0,1.0,,0,D,-0.5,0.93,-0.37,0.39,19.5124779,-99.1294011,19.5124737,-99.1293983,19.512476,-99.1294019,315.0,1,1,1,L,ATERRIZANDO,YC,aoa_orientado,2,,82,-46,-46.126,,0,ma0,D,5.0,45.0,1,15.0,2.0,3,1,315.0,-50.778,-52.512,75.0,-63.494,-64.246,120.0,-63.442,-64.406,,,,,,
2026-08-07T10:59:14.233,107.412,0.297,4722,LND,ATERRIZANDO,96.0,1,0,H,HOLD,316.0,315.0,1.0,,0,D,-0.5,0.93,-0.37,0.39,19.5124779,-99.1294011,19.5124737,-99.1293983,19.512476,-99.1294019,315.0,1,1,1,L,ATERRIZANDO,YC,aoa_orientado,2,,82,-46,-46.113,,0,ma0,D,5.0,45.0,1,15.0,2.0,3,1,315.0,-50.778,-52.512,75.0,-63.494,-64.246,120.0,-63.442,-64.406,,,,,,
2026-08-07T10:59:14.362,107.541,0.125,4722,LND,ATERRIZANDO,96.0,1,0,H,HOLD,316.0,315.0,1.0,,0,D,-0.6,0.95,-0.39,0.43,19.5124781,-99.1294014,19.5124737,-99.1293983,19.512476,-99.1294019,315.0,1,1,1,L,ATERRIZANDO,YC,aoa_orientado,2,,82,-46,-46.102,,0,ma0,D,5.0,45.0,1,15.0,2.0,3,1,315.0,-50.778,-52.512,75.0,-63.494,-64.246,120.0,-63.442,-64.406,,,,,,
2026-08-07T10:59:14.543,107.722,0.297,4722,LND,ATERRIZANDO,96.0,1,0,H,HOLD,316.0,315.0,1.0,,0,D,-0.6,0.95,-0.39,0.43,19.5124781,-99.1294014,19.5124737,-99.1293983,19.512476,-99.1294019,315.0,1,1,1,L,ATERRIZANDO,YC,aoa_orientado,2,,83,-45,-45.992,,0,ma0,D,5.0,45.0,1,15.0,2.0,3,1,315.0,-50.778,-52.512,75.0,-63.494,-64.246,120.0,-63.442,-64.406,,,,,,
2026-08-07T10:59:14.668,107.848,0.125,4722,LND,ATERRIZANDO,96.0,1,0,H,HOLD,316.1,315.0,1.1,,0,D,-0.6,0.95,-0.39,0.43,19.5124782,-99.1294016,19.5124737,-99.1293983,19.512476,-99.1294019,315.0,1,1,1,L,ATERRIZANDO,YC,aoa_orientado,2,,82,-46,-45.993,,0,ma0,D,5.0,45.0,1,15.0,2.0,3,1,315.0,-50.778,-52.512,75.0,-63.494,-64.246,120.0,-63.442,-64.406,,,,,,
2026-08-07T10:59:14.843,108.022,0.313,4722,LND,ATERRIZANDO,96.0,1,0,H,HOLD,316.1,315.0,1.1,,0,D,-0.6,0.95,-0.39,0.43,19.5124782,-99.1294016,19.5124737,-99.1293983,19.512476,-99.1294019,315.0,1,1,1,L,ATERRIZANDO,YC,aoa_orientado,2,,82,-46,-45.993,,0,ma0,D,5.0,45.0,1,15.0,2.0,3,1,315.0,-50.778,-52.512,75.0,-63.494,-64.246,120.0,-63.442,-64.406,,,,,,
2026-08-07T10:59:14.959,108.139,0.109,4722,LND,ATERRIZANDO,96.0,1,0,H,HOLD,316.1,315.0,1.1,,0,D,-0.6,0.97,-0.41,0.47,19.5124784,-99.1294017,19.5124737,-99.1293983,19.512476,-99.1294019,315.0,1,1,1,L,ATERRIZANDO,YC,aoa_orientado,2,,83,-45,-45.894,,0,ma0,D,5.0,45.0,1,15.0,2.0,3,1,315.0,-50.778,-52.512,75.0,-63.494,-64.246,120.0,-63.442,-64.406,,,,,,
2026-08-07T10:59:15.142,108.321,0.187,4722,LND,ATERRIZANDO,96.0,1,0,H,HOLD,316.1,315.0,1.1,,0,D,-0.7,0.99,-0.44,0.5,19.5124786,-99.1294019,19.5124737,-99.1293983,19.512476,-99.1294019,315.0,1,1,1,L,ATERRIZANDO,YC,aoa_orientado,2,,82,-46,-45.905,,0,ma0,D,5.0,45.0,1,15.0,2.0,3,1,315.0,-50.778,-52.512,75.0,-63.494,-64.246,120.0,-63.442,-64.406,,,,,,
2026-08-07T10:59:15.237,108.417,0.281,4722,LND,ATERRIZANDO,96.0,1,0,H,HOLD,316.1,315.0,1.1,,0,D,-0.7,0.99,-0.44,0.5,19.5124786,-99.1294019,19.5124737,-99.1293983,19.512476,-99.1294019,315.0,1,1,1,L,ATERRIZANDO,YC,aoa_orientado,2,,82,-46,-45.914,,0,ma0,D,5.0,45.0,1,15.0,2.0,3,1,315.0,-50.778,-52.512,75.0,-63.494,-64.246,120.0,-63.442,-64.406,,,,,,
2026-08-07T10:59:15.427,108.606,0.094,4722,LND,ATERRIZANDO,96.0,1,0,H,HOLD,316.2,315.0,1.2,,0,D,-0.7,1.01,-0.46,0.54,19.5124787,-99.129402,19.5124737,-99.1293983,19.512476,-99.1294019,315.0,1,1,1,L,ATERRIZANDO,YC,aoa_orientado,2,,82,-46,-45.923,,0,ma0,D,5.0,45.0,1,15.0,2.0,3,1,315.0,-50.778,-52.512,75.0,-63.494,-64.246,120.0,-63.442,-64.406,,,,,,
2026-08-07T10:59:15.659,108.837,0.219,4722,LND,ATERRIZANDO,96.0,1,0,H,HOLD,316.2,315.0,1.2,,0,D,-0.7,1.01,-0.46,0.54,19.5124788,-99.1294021,19.5124737,-99.1293983,19.512476,-99.1294019,315.0,1,1,1,L,ATERRIZANDO,YC,aoa_orientado,2,,82,-46,-45.93,,0,ma0,D,5.0,45.0,1,15.0,2.0,3,1,315.0,-50.778,-52.512,75.0,-63.494,-64.246,120.0,-63.442,-64.406,,,,,,
2026-08-07T10:59:15.780,108.96,0.125,4722,LND,ATERRIZANDO,96.0,1,0,H,HOLD,316.2,315.0,1.2,,0,D,-0.7,1.03,-0.47,0.57,19.5124789,-99.1294023,19.5124737,-99.1293983,19.512476,-99.1294019,315.0,1,1,1,L,ATERRIZANDO,YC,aoa_orientado,2,,82,-46,-45.937,,0,ma0,D,5.0,45.0,1,15.0,2.0,3,1,315.0,-50.778,-52.512,75.0,-63.494,-64.246,120.0,-63.442,-64.406,,,,,,
2026-08-07T10:59:15.960,109.14,0.297,4722,LND,ATERRIZANDO,96.0,1,0,H,HOLD,316.2,315.0,1.2,,0,D,-0.7,1.03,-0.47,0.57,19.5124789,-99.1294023,19.5124737,-99.1293983,19.512476,-99.1294019,315.0,1,1,1,L,ATERRIZANDO,YC,aoa_orientado,2,,82,-46,-45.944,,0,ma0,D,5.0,45.0,1,15.0,2.0,3,1,315.0,-50.778,-52.512,75.0,-63.494,-64.246,120.0,-63.442,-64.406,,,,,,
2026-08-07T10:59:16.088,109.267,0.125,4722,LND,ATERRIZANDO,96.0,1,0,H,HOLD,316.2,315.0,1.2,,0,D,-0.8,1.04,-0.49,0.6,19.512479,-99.1294024,19.5124737,-99.1293983,19.512476,-99.1294019,315.0,1,1,1,L,ATERRIZANDO,YC,aoa_orientado,2,,82,-46,-45.949,,0,ma0,D,5.0,45.0,1,15.0,2.0,3,1,315.0,-50.778,-52.512,75.0,-63.494,-64.246,120.0,-63.442,-64.406,,,,,,
2026-08-07T10:59:16.257,109.436,0.297,4722,LND,ATERRIZANDO,96.0,1,0,H,HOLD,316.2,315.0,1.2,,0,D,-0.8,1.04,-0.49,0.6,19.512479,-99.1294024,19.5124737,-99.1293983,19.512476,-99.1294019,315.0,1,1,1,L,ATERRIZANDO,YC,aoa_orientado,2,,82,-46,-45.954,,0,ma0,D,5.0,45.0,1,15.0,2.0,3,1,315.0,-50.778,-52.512,75.0,-63.494,-64.246,120.0,-63.442,-64.406,,,,,,
2026-08-07T10:59:16.376,109.556,0.125,4722,LND,ATERRIZANDO,96.0,1,0,H,HOLD,316.2,315.0,1.2,,0,D,-0.8,1.06,-0.5,0.65,19.5124791,-99.1294025,19.5124737,-99.1293983,19.512476,-99.1294019,315.0,1,1,1,L,ATERRIZANDO,YC,aoa_orientado,2,,82,-46,-45.959,,0,ma0,D,5.0,45.0,1,15.0,2.0,3,1,315.0,-50.778,-52.512,75.0,-63.494,-64.246,120.0,-63.442,-64.406,,,,,,
2026-08-07T10:59:16.542,109.722,0.281,4722,LND,ATERRIZANDO,96.0,1,0,H,HOLD,316.2,315.0,1.2,,0,D,-0.8,1.06,-0.5,0.65,19.5124791,-99.1294025,19.5124737,-99.1293983,19.512476,-99.1294019,315.0,1,1,1,L,ATERRIZANDO,YC,aoa_orientado,2,,82,-46,-45.963,,0,ma0,D,5.0,45.0,1,15.0,2.0,3,1,315.0,-50.778,-52.512,75.0,-63.494,-64.246,120.0,-63.442,-64.406,,,,,,
2026-08-07T10:59:16.657,109.836,0.125,4722,LND,ATERRIZANDO,96.0,1,0,H,HOLD,316.2,315.0,1.2,,0,D,0.2,1.08,-0.53,0.69,19.5124793,-99.1294026,19.5124737,-99.1293983,19.512476,-99.1294019,315.0,1,1,1,L,ATERRIZANDO,YC,aoa_orientado,2,,82,-46,-45.967,,0,ma0,D,5.0,45.0,1,15.0,2.0,3,1,315.0,-50.778,-52.512,75.0,-63.494,-64.246,120.0,-63.442,-64.406,,,,,,
2026-08-07T10:59:16.830,110.009,0.297,4722,LND,ATERRIZANDO,96.0,1,0,H,HOLD,316.2,315.0,1.2,,0,D,0.2,1.08,-0.53,0.69,19.5124793,-99.1294026,19.5124737,-99.1293983,19.512476,-99.1294019,315.0,1,1,1,L,ATERRIZANDO,YC,aoa_orientado,2,,82,-46,-45.97,,0,ma0,D,5.0,45.0,1,15.0,2.0,3,1,315.0,-50.778,-52.512,75.0,-63.494,-64.246,120.0,-63.442,-64.406,,,,,,
2026-08-07T10:59:16.947,110.127,0.109,4722,LND,ATERRIZANDO,96.0,1,0,H,HOLD,316.2,315.0,1.2,,0,D,0.1,1.08,-0.53,0.69,19.5124794,-99.1294028,19.5124737,-99.1293983,19.512476,-99.1294019,315.0,1,1,1,L,ATERRIZANDO,YC,aoa_orientado,2,,82,-46,-45.973,,0,ma0,D,5.0,45.0,1,15.0,2.0,3,1,315.0,-50.778,-52.512,75.0,-63.494,-64.246,120.0,-63.442,-64.406,,,,,,
2026-08-07T10:59:17.135,110.314,0.188,4722,LND,ATERRIZANDO,96.0,1,0,H,HOLD,316.2,315.0,1.2,,0,D,0.1,1.1,-0.56,0.74,19.5124796,-99.1294031,19.5124737,-99.1293983,19.512476,-99.1294019,315.0,1,1,1,L,ATERRIZANDO,YC,aoa_orientado,2,,82,-46,-45.976,,0,ma0,D,5.0,45.0,1,15.0,2.0,3,1,315.0,-50.778,-52.512,75.0,-63.494,-64.246,120.0,-63.442,-64.406,,,,,,
2026-08-07T10:59:17.337,110.516,0.0,4722,LND,ATERRIZANDO,96.0,1,0,H,HOLD,316.1,315.0,1.1,,0,D,0.0,1.12,-0.58,0.8,19.5124797,-99.1294032,19.5124737,-99.1293983,19.512476,-99.1294019,315.0,1,1,1,L,ATERRIZANDO,YC,aoa_orientado,2,,82,-46,-45.978,,0,ma0,D,5.0,45.0,1,15.0,2.0,3,1,315.0,-50.778,-52.512,75.0,-63.494,-64.246,120.0,-63.442,-64.406,,,,,,
2026-08-07T10:59:17.421,110.601,0.094,4722,LND,ATERRIZANDO,96.0,1,0,H,HOLD,316.1,315.0,1.1,,0,D,0.0,1.12,-0.58,0.8,19.5124797,-99.1294032,19.5124737,-99.1293983,19.512476,-99.1294019,315.0,1,1,1,L,ATERRIZANDO,YC,aoa_orientado,2,,82,-46,-45.98,,0,ma0,D,5.0,45.0,1,15.0,2.0,3,1,315.0,-50.778,-52.512,75.0,-63.494,-64.246,120.0,-63.442,-64.406,,,,,,
2026-08-07T10:59:17.630,110.809,0.297,4722,LND,ATERRIZANDO,96.0,1,0,H,HOLD,316.1,315.0,1.1,,0,D,0.0,1.12,-0.58,0.8,19.5124797,-99.1294032,19.5124737,-99.1293983,19.512476,-99.1294019,315.0,1,1,1,L,ATERRIZANDO,YC,aoa_orientado,2,,82,-46,-45.982,,0,ma0,D,5.0,45.0,1,15.0,2.0,3,1,315.0,-50.778,-52.512,75.0,-63.494,-64.246,120.0,-63.442,-64.406,,,,,,
2026-08-07T10:59:17.753,110.933,0.125,4722,LND,ATERRIZANDO,96.0,1,0,H,HOLD,315.9,315.0,0.9,,0,D,-0.0,1.14,-0.61,0.86,19.5124799,-99.1294037,19.5124737,-99.1293983,19.512476,-99.1294019,315.0,1,1,1,L,ATERRIZANDO,YC,aoa_orientado,2,,82,-46,-45.984,,0,ma0,D,5.0,45.0,1,15.0,2.0,3,1,315.0,-50.778,-52.512,75.0,-63.494,-64.246,120.0,-63.442,-64.406,,,,,,
2026-08-07T10:59:17.927,111.107,0.297,4722,LND,ATERRIZANDO,96.0,1,0,H,HOLD,315.9,315.0,0.9,,0,D,-0.0,1.14,-0.61,0.86,19.5124799,-99.1294037,19.5124737,-99.1293983,19.512476,-99.1294019,315.0,1,1,1,L,ATERRIZANDO,YC,aoa_orientado,2,,82,-46,-45.986,,0,ma0,D,5.0,45.0,1,15.0,2.0,3,1,315.0,-50.778,-52.512,75.0,-63.494,-64.246,120.0,-63.442,-64.406,,,,,,
2026-08-07T10:59:18.031,111.211,0.406,4722,LND,ATERRIZANDO,96.0,1,0,H,HOLD,315.9,315.0,0.9,,0,D,-0.0,1.14,-0.61,0.86,19.5124799,-99.1294037,19.5124737,-99.1293983,19.512476,-99.1294019,315.0,1,1,1,L,ATERRIZANDO,YC,aoa_orientado,2,,82,-46,-45.987,,0,ma0,D,5.0,45.0,1,15.0,2.0,3,1,315.0,-50.778,-52.512,75.0,-63.494,-64.246,120.0,-63.442,-64.406,,,,,,
2026-08-07T10:59:18.219,111.399,0.188,4722,LND,ATERRIZANDO,96.0,1,0,H,HOLD,315.8,315.0,0.8,,0,D,-0.1,1.15,-0.64,0.91,19.51248,-99.1294039,19.5124737,-99.1293983,19.512476,-99.1294019,315.0,1,1,1,L,ATERRIZANDO,YC,aoa_orientado,2,,83,-45,-45.888,,0,ma0,D,5.0,45.0,1,15.0,2.0,3,1,315.0,-50.778,-52.512,75.0,-63.494,-64.246,120.0,-63.442,-64.406,,,,,,
2026-08-07T10:59:18.333,111.513,0.109,4722,LND,ATERRIZANDO,96.0,1,0,H,HOLD,315.7,315.0,0.7,,0,D,-0.1,1.16,-0.67,0.96,19.51248,-99.1294041,19.5124737,-99.1293983,19.512476,-99.1294019,315.0,1,1,1,L,ATERRIZANDO,YC,aoa_orientado,2,,83,-45,-45.8,,0,ma0,D,5.0,45.0,1,15.0,2.0,3,1,315.0,-50.778,-52.512,75.0,-63.494,-64.246,120.0,-63.442,-64.406,,,,,,
2026-08-07T10:59:18.504,111.683,0.281,4722,LND,ATERRIZANDO,96.0,1,0,H,HOLD,315.7,315.0,0.7,,0,D,-0.1,1.16,-0.67,0.96,19.51248,-99.1294041,19.5124737,-99.1293983,19.512476,-99.1294019,315.0,1,1,1,L,ATERRIZANDO,YC,aoa_orientado,2,,82,-46,-45.82,,0,ma0,D,5.0,45.0,1,15.0,2.0,3,1,315.0,-50.778,-52.512,75.0,-63.494,-64.246,120.0,-63.442,-64.406,,,,,,
2026-08-07T10:59:18.623,111.803,0.125,4722,LND,ATERRIZANDO,96.0,1,0,H,HOLD,315.6,315.0,0.6,,0,D,-0.1,1.17,-0.68,1.01,19.51248,-99.1294041,19.5124737,-99.1293983,19.512476,-99.1294019,315.0,1,1,1,L,ATERRIZANDO,YC,aoa_orientado,2,,83,-45,-45.738,,0,ma0,D,5.0,45.0,1,15.0,2.0,3,1,315.0,-50.778,-52.512,75.0,-63.494,-64.246,120.0,-63.442,-64.406,,,,,,
2026-08-07T10:59:18.795,111.974,0.297,4722,LND,ATERRIZANDO,96.0,1,0,H,HOLD,315.6,315.0,0.6,,0,D,-0.1,1.17,-0.68,1.01,19.51248,-99.1294041,19.5124737,-99.1293983,19.512476,-99.1294019,315.0,1,1,1,L,ATERRIZANDO,YC,aoa_orientado,2,,82,-46,-45.764,,0,ma0,D,5.0,45.0,1,15.0,2.0,3,1,315.0,-50.778,-52.512,75.0,-63.494,-64.246,120.0,-63.442,-64.406,,,,,,
2026-08-07T10:59:18.922,112.102,0.125,4722,LND,ATERRIZANDO,96.0,1,0,H,HOLD,315.5,315.0,0.5,,0,D,-0.2,1.18,-0.7,1.05,19.5124801,-99.1294043,19.5124737,-99.1293983,19.512476,-99.1294019,315.0,1,1,1,L,ATERRIZANDO,YC,aoa_orientado,2,,82,-46,-45.787,,0,ma0,D,5.0,45.0,1,15.0,2.0,3,1,315.0,-50.778,-52.512,75.0,-63.494,-64.246,120.0,-63.442,-64.406,,,,,,
2026-08-07T10:59:19.112,112.292,0.187,4722,LND,ATERRIZANDO,96.0,1,0,H,HOLD,315.5,315.0,0.5,,0,D,-0.2,1.18,-0.7,1.05,19.5124801,-99.1294044,19.5124737,-99.1293983,19.512476,-99.1294019,315.0,1,1,1,L,ATERRIZANDO,YC,aoa_orientado,2,,82,-46,-45.809,,0,ma0,D,5.0,45.0,1,15.0,2.0,3,1,315.0,-50.778,-52.512,75.0,-63.494,-64.246,120.0,-63.442,-64.406,,,,,,
2026-08-07T10:59:19.228,112.407,0.11,4722,LND,ATERRIZANDO,96.0,1,0,H,HOLD,315.4,315.0,0.4,,0,D,-0.3,1.18,-0.71,1.1,19.5124802,-99.1294045,19.5124737,-99.1293983,19.512476,-99.1294019,315.0,1,1,1,L,ATERRIZANDO,YC,aoa_orientado,2,,82,-46,-45.828,,0,ma0,D,5.0,45.0,1,15.0,2.0,3,1,315.0,-50.778,-52.512,75.0,-63.494,-64.246,120.0,-63.442,-64.406,,,,,,
2026-08-07T10:59:19.396,112.575,0.281,4722,LND,ATERRIZANDO,96.0,1,0,H,HOLD,315.4,315.0,0.4,,0,D,-0.3,1.18,-0.71,1.1,19.5124802,-99.1294045,19.5124737,-99.1293983,19.512476,-99.1294019,315.0,1,1,1,L,ATERRIZANDO,YC,aoa_orientado,2,,82,-46,-45.845,,0,ma0,D,5.0,45.0,1,15.0,2.0,3,1,315.0,-50.778,-52.512,75.0,-63.494,-64.246,120.0,-63.442,-64.406,,,,,,
2026-08-07T10:59:19.588,112.768,0.188,4722,LND,ATERRIZANDO,96.0,1,0,H,HOLD,315.3,315.0,0.3,,0,D,-0.3,1.18,-0.72,1.14,19.5124802,-99.1294045,19.5124737,-99.1293983,19.512476,-99.1294019,315.0,1,1,1,L,ATERRIZANDO,YC,aoa_orientado,2,,82,-46,-45.861,,0,ma0,D,5.0,45.0,1,15.0,2.0,3,1,315.0,-50.778,-52.512,75.0,-63.494,-64.246,120.0,-63.442,-64.406,,,,,,
2026-08-07T10:59:19.754,112.934,0.36,4722,LND,ATERRIZANDO,96.0,1,0,H,HOLD,315.3,315.0,0.3,,0,D,-0.3,1.18,-0.72,1.14,19.5124802,-99.1294045,19.5124737,-99.1293983,19.512476,-99.1294019,315.0,1,1,1,L,ATERRIZANDO,YC,aoa_orientado,2,,82,-46,-45.875,,0,ma0,D,5.0,45.0,1,15.0,2.0,3,1,315.0,-50.778,-52.512,75.0,-63.494,-64.246,120.0,-63.442,-64.406,,,,,,
2026-08-07T10:59:19.869,113.049,0.109,4722,LND,ATERRIZANDO,96.0,1,0,H,HOLD,315.2,315.0,0.2,,0,D,-0.3,1.18,-0.73,1.17,19.5124802,-99.1294046,19.5124737,-99.1293983,19.512476,-99.1294019,315.0,1,1,1,L,ATERRIZANDO,YC,aoa_orientado,2,,82,-46,-45.887,,0,ma0,D,5.0,45.0,1,15.0,2.0,3,1,315.0,-50.778,-52.512,75.0,-63.494,-64.246,120.0,-63.442,-64.406,,,,,,
